customer_id,reference_date,first_purchase_date,last_purchase_date,recency_days,tenure_days,total_transactions,churn
C10001,2026-08-31,2025-08-10,2026-03-04,180,386,7,1
C10002,2026-08-31,2025-11-09,2026-08-27,4,295,8,0
C10003,2026-08-31,2025-07-16,2026-03-30,154,411,4,1
C10004,2026-08-31,2025-11-18,2026-08-21,10,286,6,0
C10005,2026-08-31,2025-03-29,2026-08-27,4,520,12,0
C10006,2026-08-31,2025-01-03,2026-06-11,81,605,12,0
C10007,2026-08-31,2026-02-21,2026-08-30,1,191,5,0
C10008,2026-08-31,2026-06-05,2026-07-04,58,87,2,0
C10009,2026-08-31,2026-02-05,2026-07-28,34,207,4,0
C10010,2026-08-31,2025-05-28,2026-05-04,119,460,15,1
C10011,2026-08-31,2025-03-15,2026-08-18,13,534,18,0
C10012,2026-08-31,2025-10-07,2026-07-03,59,328,8,0
C10013,2026-08-31,2024-12-22,2026-04-27,126,617,21,1
C10014,2026-08-31,2025-09-09,2026-08-28,3,356,32,0
C10015,2026-08-31,2025-04-18,2026-06-12,80,500,16,0
C10016,2026-08-31,2024-11-06,2026-04-07,146,663,24,1
C10017,2026-08-31,2026-04-18,2026-08-19,12,135,6,0
C10018,2026-08-31,2024-09-01,2026-08-31,0,729,105,0
C10019,2026-08-31,2026-04-19,2026-05-13,110,134,3,1
C10020,2026-08-31,2024-12-29,2026-07-15,47,610,12,0
C10021,2026-08-31,2024-09-30,2026-07-05,57,700,40,0
C10022,2026-08-31,2025-07-17,2026-07-25,37,410,15,0
C10023,2026-08-31,2025-06-22,2026-08-31,0,435,59,0
C10024,2026-08-31,2024-10-25,2026-05-08,115,675,22,1
C10025,2026-08-31,2025-01-05,2026-05-20,103,603,25,1
C10026,2026-08-31,2025-06-01,2026-08-28,3,456,12,0
C10027,2026-08-31,2025-10-16,2026-07-17,45,319,8,0
C10028,2026-08-31,2025-04-09,2025-12-03,271,509,6,1
C10029,2026-08-31,2025-04-05,2026-01-02,241,513,5,1
C10030,2026-08-31,2025-01-01,2026-07-26,36,607,19,0
C10031,2026-08-31,2026-06-15,2026-07-23,39,77,3,0
C10032,2026-08-31,2024-09-08,2026-08-15,16,722,34,0
C10033,2026-08-31,2025-04-09,2026-08-14,17,509,46,0
C10034,2026-08-31,2025-08-08,2025-09-25,340,388,4,1
C10035,2026-08-31,2026-06-16,2026-08-17,14,76,7,0
C10036,2026-08-31,2025-04-15,2026-08-27,4,503,10,0
C10037,2026-08-31,2024-12-07,2026-05-07,116,632,22,1
C10038,2026-08-31,2025-02-08,2026-04-06,147,569,19,1
C10039,2026-08-31,2025-10-07,2026-08-01,30,328,5,0
C10040,2026-08-31,2025-10-30,2026-04-12,141,305,3,1
C10041,2026-08-31,2024-10-22,2025-12-13,261,678,4,1
C10042,2026-08-31,2025-09-23,2026-08-23,8,342,13,0
C10043,2026-08-31,2025-02-20,2026-04-18,135,557,10,1
C10044,2026-08-31,2024-11-20,2026-08-30,1,649,88,0
C10045,2026-08-31,2024-09-13,2026-05-15,108,717,33,1
C10046,2026-08-31,2025-12-29,2026-08-10,21,245,4,0
C10047,2026-08-31,2025-05-06,2026-08-30,1,482,24,0
C10048,2026-08-31,2025-07-22,2025-12-08,266,405,9,1
C10049,2026-08-31,2026-02-21,2026-08-27,4,191,12,0
C10050,2026-08-31,2024-12-24,2026-08-22,9,615,71,0
C10051,2026-08-31,2025-05-10,2026-05-17,106,478,15,1
C10052,2026-08-31,2025-01-28,2026-08-12,19,580,69,0
C10053,2026-08-31,2025-05-10,2026-08-23,8,478,7,0
C10054,2026-08-31,2025-02-26,2026-07-25,37,551,9,0
C10055,2026-08-31,2025-02-21,2026-08-16,15,556,63,0
C10056,2026-08-31,2025-10-31,2026-08-27,4,304,8,0
C10057,2026-08-31,2026-04-19,2026-08-24,7,134,6,0
C10058,2026-08-31,2025-02-18,2026-08-28,3,559,39,0
C10059,2026-08-31,2025-05-16,2026-08-25,6,472,65,0
C10060,2026-08-31,2025-05-09,2026-08-27,4,479,52,0
C10061,2026-08-31,2026-03-06,2026-05-06,117,178,3,1
C10062,2026-08-31,2025-05-28,2026-06-29,63,460,11,0
C10063,2026-08-31,2025-08-20,2025-12-31,243,376,6,1
C10064,2026-08-31,2025-11-27,2026-06-14,78,277,9,0
C10065,2026-08-31,2025-02-11,2026-08-18,13,566,19,0
C10066,2026-08-31,2024-10-02,2026-08-26,5,698,95,0
C10067,2026-08-31,2024-09-15,2026-08-21,10,715,43,0
C10068,2026-08-31,2025-03-22,2026-08-25,6,527,66,0
C10069,2026-08-31,2024-11-02,2026-01-31,212,667,21,1
C10070,2026-08-31,2025-01-31,2026-07-14,48,577,6,0
C10071,2026-08-31,2025-04-25,2026-08-21,10,493,7,0
C10072,2026-08-31,2026-04-26,2026-08-07,24,127,6,0
C10073,2026-08-31,2024-11-17,2026-06-06,86,652,17,0
C10074,2026-08-31,2024-12-05,2026-05-24,99,634,16,1
C10075,2026-08-31,2025-01-10,2025-12-25,249,598,18,1
C10076,2026-08-31,2026-01-11,2026-07-17,45,232,7,0
C10077,2026-08-31,2024-09-07,2026-08-11,20,723,39,0
C10078,2026-08-31,2025-02-28,2026-08-11,20,549,32,0
C10079,2026-08-31,2024-12-13,2026-02-23,189,626,21,1
C10080,2026-08-31,2025-03-04,2026-08-21,10,545,15,0
C10081,2026-08-31,2025-09-06,2026-08-30,1,359,18,0
C10082,2026-08-31,2025-04-05,2026-06-27,65,513,15,0
C10083,2026-08-31,2024-11-22,2026-01-30,213,647,6,1
C10084,2026-08-31,2024-12-01,2026-08-19,12,638,76,0
C10085,2026-08-31,2025-11-13,2026-08-28,3,291,6,0
C10086,2026-08-31,2025-11-21,2025-12-28,246,283,3,1
C10087,2026-08-31,2025-07-12,2026-07-13,49,415,18,0
C10088,2026-08-31,2025-08-18,2026-08-02,29,378,15,0
C10089,2026-08-31,2026-02-13,2026-08-18,13,199,10,0
C10090,2026-08-31,2026-06-09,2026-07-10,52,83,3,0
C10091,2026-08-31,2025-09-05,2026-08-09,22,360,18,0
C10092,2026-08-31,2025-04-29,2026-08-31,0,489,46,0
C10093,2026-08-31,2025-06-27,2026-08-14,17,430,25,0
C10094,2026-08-31,2026-05-10,2026-08-20,11,113,7,0
C10095,2026-08-31,2025-05-20,2026-01-18,225,468,3,1
C10096,2026-08-31,2025-12-11,2026-08-28,3,263,6,0
C10097,2026-08-31,2025-09-07,2026-08-28,3,358,18,0
C10098,2026-08-31,2025-12-08,2026-06-12,80,266,4,0
C10099,2026-08-31,2026-04-24,2026-08-29,2,129,5,0
C10100,2026-08-31,2025-09-05,2026-08-30,1,360,21,0
C10101,2026-08-31,2025-04-20,2026-08-29,2,498,26,0
C10102,2026-08-31,2025-05-02,2026-08-08,23,486,25,0
C10103,2026-08-31,2024-09-09,2026-08-28,3,721,106,0
C10104,2026-08-31,2025-10-26,2026-07-13,49,309,6,0
C10105,2026-08-31,2025-02-06,2026-07-26,36,571,16,0
C10106,2026-08-31,2025-05-03,2026-08-27,4,485,37,0
C10107,2026-08-31,2026-01-30,2026-08-20,11,213,6,0
C10108,2026-08-31,2025-01-07,2026-06-10,82,601,13,0
C10109,2026-08-31,2025-01-17,2026-03-17,167,591,16,1
C10110,2026-08-31,2026-07-26,2026-08-26,5,36,4,0
C10111,2026-08-31,2025-02-20,2026-08-21,10,557,75,0
C10112,2026-08-31,2026-03-06,2026-08-22,9,178,11,0
C10113,2026-08-31,2025-07-03,2026-07-31,31,424,21,0
C10114,2026-08-31,2026-05-24,2026-08-31,0,99,5,0
C10115,2026-08-31,2024-11-08,2026-06-29,63,661,16,0
C10116,2026-08-31,2025-06-08,2026-02-26,186,449,13,1
C10117,2026-08-31,2025-03-07,2026-08-05,26,542,16,0
C10118,2026-08-31,2025-04-13,2026-08-02,29,505,8,0
C10119,2026-08-31,2024-10-01,2026-08-24,7,699,63,0
C10120,2026-08-31,2025-06-08,2026-08-24,7,449,66,0
C10121,2026-08-31,2026-05-08,2026-05-30,93,115,3,1
C10122,2026-08-31,2025-07-11,2026-08-14,17,416,14,0
C10123,2026-08-31,2024-10-29,2026-08-23,8,671,45,0
C10124,2026-08-31,2025-03-21,2026-08-18,13,528,83,0
C10125,2026-08-31,2025-01-01,2026-08-29,2,607,21,0
C10126,2026-08-31,2025-08-15,2025-12-27,247,381,3,1
C10127,2026-08-31,2025-01-20,2026-07-28,34,588,72,0
C10128,2026-08-31,2025-01-09,2026-08-21,10,599,15,0
C10129,2026-08-31,2025-09-26,2026-08-18,13,339,21,0
C10130,2026-08-31,2025-02-04,2026-01-26,217,573,5,1
C10131,2026-08-31,2024-10-25,2026-08-23,8,675,44,0
C10132,2026-08-31,2025-03-24,2026-08-28,3,525,30,0
C10133,2026-08-31,2024-11-27,2026-08-01,30,642,33,0
C10134,2026-08-31,2025-08-03,2026-08-31,0,393,8,0
C10135,2026-08-31,2026-06-18,2026-08-07,24,74,4,0
C10136,2026-08-31,2024-12-15,2026-07-01,61,624,10,0
C10137,2026-08-31,2025-07-14,2026-06-04,88,413,16,0
C10138,2026-08-31,2025-06-02,2026-03-16,168,455,22,1
C10139,2026-08-31,2026-07-05,2026-08-22,9,57,5,0
C10140,2026-08-31,2025-01-11,2026-04-04,149,597,10,1
C10141,2026-08-31,2025-02-13,2026-02-11,201,564,16,1
C10142,2026-08-31,2025-02-19,2026-03-27,157,558,22,1
C10143,2026-08-31,2026-04-11,2026-05-14,109,142,3,1
C10144,2026-08-31,2024-12-21,2026-06-10,82,618,22,0
C10145,2026-08-31,2025-06-17,2026-03-17,167,440,15,1
C10146,2026-08-31,2026-06-18,2026-08-31,0,74,5,0
C10147,2026-08-31,2024-12-10,2026-05-10,113,629,16,1
C10148,2026-08-31,2025-02-20,2026-03-05,179,557,16,1
C10149,2026-08-31,2024-10-06,2026-08-30,1,694,95,0
C10150,2026-08-31,2025-04-13,2026-08-28,3,505,63,0
C10151,2026-08-31,2025-11-22,2026-07-07,55,282,5,0
C10152,2026-08-31,2025-11-27,2026-08-08,23,277,6,0
C10153,2026-08-31,2025-05-14,2026-07-26,36,474,14,0
C10154,2026-08-31,2025-04-10,2026-08-31,0,508,76,0
C10155,2026-08-31,2026-02-26,2026-07-25,37,186,5,0
C10156,2026-08-31,2025-03-02,2026-08-04,27,547,77,0
C10157,2026-08-31,2025-10-02,2026-08-10,21,333,26,0
C10158,2026-08-31,2024-10-13,2026-08-25,6,687,35,0
C10159,2026-08-31,2025-03-19,2025-09-15,350,530,6,1
C10160,2026-08-31,2025-03-10,2026-08-14,17,539,66,0
C10161,2026-08-31,2025-01-27,2026-08-15,16,581,38,0
C10162,2026-08-31,2026-05-17,2026-08-08,23,106,5,0
C10163,2026-08-31,2025-08-13,2026-08-29,2,383,19,0
C10164,2026-08-31,2024-09-01,2026-04-26,127,729,33,1
C10165,2026-08-31,2026-06-28,2026-08-30,1,64,7,0
C10166,2026-08-31,2025-04-10,2026-02-22,190,508,13,1
C10167,2026-08-31,2024-11-23,2026-07-13,49,646,13,0
C10168,2026-08-31,2026-07-15,2026-08-01,30,47,3,0
C10169,2026-08-31,2025-05-07,2026-08-25,6,481,10,0
C10170,2026-08-31,2025-08-28,2026-08-19,12,368,17,0
C10171,2026-08-31,2026-03-21,2026-06-21,71,163,6,0
C10172,2026-08-31,2024-09-14,2026-08-22,9,716,100,0
C10173,2026-08-31,2025-06-23,2026-05-07,116,434,11,1
C10174,2026-08-31,2025-07-12,2026-08-08,23,415,19,0
C10175,2026-08-31,2026-02-05,2026-08-23,8,207,12,0
C10176,2026-08-31,2024-09-25,2026-08-06,25,705,27,0
C10177,2026-08-31,2025-01-04,2026-06-11,81,604,10,0
C10178,2026-08-31,2025-03-18,2026-07-24,38,531,12,0
C10179,2026-08-31,2024-10-18,2026-06-24,68,682,24,0
C10180,2026-08-31,2025-07-21,2026-04-14,139,406,9,1
C10181,2026-08-31,2026-05-11,2026-07-20,42,112,6,0
C10182,2026-08-31,2025-07-28,2026-04-26,127,399,11,1
C10183,2026-08-31,2024-12-11,2026-08-21,10,628,21,0
C10184,2026-08-31,2025-07-09,2026-08-25,6,418,21,0
C10185,2026-08-31,2026-02-27,2026-05-05,118,185,7,1
C10186,2026-08-31,2025-07-19,2026-08-29,2,408,27,0
C10187,2026-08-31,2025-03-30,2026-08-22,9,519,72,0
C10188,2026-08-31,2025-04-07,2026-06-27,65,511,19,0
C10189,2026-08-31,2026-01-04,2026-07-17,45,239,4,0
C10190,2026-08-31,2024-09-06,2026-08-19,12,724,35,0
C10191,2026-08-31,2026-03-01,2026-07-06,56,183,8,0
C10192,2026-08-31,2025-03-07,2026-08-26,5,542,58,0
C10193,2026-08-31,2024-10-30,2025-12-18,256,670,11,1
C10194,2026-08-31,2026-04-19,2026-08-26,5,134,6,0
C10195,2026-08-31,2024-12-08,2026-08-16,15,631,9,0
C10196,2026-08-31,2026-01-14,2026-08-02,29,229,9,0
C10197,2026-08-31,2025-02-17,2026-07-28,34,560,8,0
C10198,2026-08-31,2025-07-29,2026-07-25,37,398,17,0
C10199,2026-08-31,2025-03-08,2025-07-01,426,541,7,1
C10200,2026-08-31,2024-12-22,2026-07-13,49,617,28,0
C10201,2026-08-31,2025-01-10,2026-03-25,159,598,15,1
C10202,2026-08-31,2025-02-02,2026-08-30,1,575,91,0
C10203,2026-08-31,2025-12-17,2026-08-02,29,257,8,0
C10204,2026-08-31,2025-01-27,2026-07-30,32,581,69,0
C10205,2026-08-31,2026-01-25,2026-08-26,5,218,6,0
C10206,2026-08-31,2025-05-24,2026-08-27,4,464,62,0
C10207,2026-08-31,2024-12-02,2026-08-08,23,637,12,0
C10208,2026-08-31,2025-09-16,2026-07-29,33,349,15,0
C10209,2026-08-31,2024-09-07,2026-08-12,19,723,82,0
C10210,2026-08-31,2026-05-21,2026-05-30,93,102,3,1
C10211,2026-08-31,2025-07-29,2026-05-17,106,398,7,1
C10212,2026-08-31,2025-02-18,2026-03-07,177,559,5,1
C10213,2026-08-31,2024-09-12,2026-08-30,1,718,49,0
C10214,2026-08-31,2024-10-05,2026-07-27,35,695,38,0
C10215,2026-08-31,2024-10-11,2026-08-23,8,689,68,0
C10216,2026-08-31,2025-07-06,2026-08-03,28,421,30,0
C10217,2026-08-31,2025-05-30,2026-08-13,18,458,14,0
C10218,2026-08-31,2025-06-09,2026-08-29,2,448,22,0
C10219,2026-08-31,2025-05-30,2026-08-29,2,458,63,0
C10220,2026-08-31,2025-03-11,2026-08-31,0,538,22,0
C10221,2026-08-31,2024-09-26,2025-12-20,254,704,17,1
C10222,2026-08-31,2024-09-29,2026-08-09,22,701,22,0
C10223,2026-08-31,2026-04-28,2026-08-17,14,125,9,0
C10224,2026-08-31,2026-02-12,2026-04-13,140,200,4,1
C10225,2026-08-31,2025-09-07,2026-06-29,63,358,5,0
C10226,2026-08-31,2025-01-02,2026-08-01,30,606,65,0
C10227,2026-08-31,2026-04-29,2026-05-07,116,124,3,1
C10228,2026-08-31,2026-02-28,2026-06-11,81,184,5,0
C10229,2026-08-31,2025-07-14,2026-04-19,134,413,12,1
C10230,2026-08-31,2025-08-15,2026-08-29,2,381,30,0
C10231,2026-08-31,2025-02-14,2026-08-24,7,563,25,0
C10232,2026-08-31,2025-07-18,2026-07-05,57,409,5,0
C10233,2026-08-31,2025-03-22,2026-03-07,177,527,15,1
C10234,2026-08-31,2025-06-04,2026-07-25,37,453,29,0
C10235,2026-08-31,2024-10-27,2026-08-15,16,673,17,0
C10236,2026-08-31,2025-01-25,2026-08-31,0,583,84,0
C10237,2026-08-31,2025-02-17,2026-08-13,18,560,17,0
C10238,2026-08-31,2024-11-16,2026-08-21,10,653,83,0
C10239,2026-08-31,2025-05-12,2026-08-31,0,476,55,0
C10240,2026-08-31,2026-04-25,2026-08-28,3,128,5,0
C10241,2026-08-31,2026-06-28,2026-08-23,8,64,4,0
C10242,2026-08-31,2026-05-27,2026-08-27,4,96,7,0
C10243,2026-08-31,2024-10-05,2026-06-06,86,695,12,0
C10244,2026-08-31,2026-04-26,2026-05-10,113,127,3,1
C10245,2026-08-31,2024-12-29,2026-08-11,20,610,29,0
C10246,2026-08-31,2024-10-27,2026-07-23,39,673,11,0
C10247,2026-08-31,2024-09-25,2026-08-09,22,705,88,0
C10248,2026-08-31,2026-06-17,2026-07-04,58,75,3,0
C10249,2026-08-31,2026-03-01,2026-04-11,142,183,3,1
C10250,2026-08-31,2025-08-09,2026-06-18,74,387,7,0
C10251,2026-08-31,2024-10-25,2026-07-23,39,675,20,0
C10252,2026-08-31,2025-01-12,2026-07-16,46,596,11,0
C10253,2026-08-31,2024-11-17,2026-07-10,52,652,35,0
C10254,2026-08-31,2026-01-13,2026-06-09,83,230,7,0
C10255,2026-08-31,2025-04-26,2026-06-07,85,492,15,0
C10256,2026-08-31,2026-01-24,2026-04-10,143,219,3,1
C10257,2026-08-31,2026-04-25,2026-08-23,8,128,6,0
C10258,2026-08-31,2025-09-10,2026-08-06,25,355,4,0
C10259,2026-08-31,2026-02-08,2026-03-06,178,204,3,1
C10260,2026-08-31,2024-09-22,2026-08-23,8,708,11,0
C10261,2026-08-31,2026-01-08,2026-08-24,7,235,6,0
C10262,2026-08-31,2025-06-18,2026-04-18,135,439,12,1
C10263,2026-08-31,2025-01-28,2026-07-02,60,580,53,0
C10264,2026-08-31,2025-03-05,2026-06-11,81,544,19,0
C10265,2026-08-31,2026-04-09,2026-08-29,2,144,9,0
C10266,2026-08-31,2025-01-16,2026-08-15,16,592,11,0
C10267,2026-08-31,2025-04-04,2026-06-05,87,514,6,0
C10268,2026-08-31,2024-11-09,2026-08-27,4,660,36,0
C10269,2026-08-31,2025-04-03,2026-07-07,55,515,19,0
C10270,2026-08-31,2025-07-27,2026-07-05,57,400,6,0
C10271,2026-08-31,2025-05-16,2026-08-27,4,472,66,0
C10272,2026-08-31,2025-03-05,2026-02-09,203,544,13,1
C10273,2026-08-31,2025-04-28,2026-07-27,35,490,25,0
C10274,2026-08-31,2025-12-13,2026-08-06,25,261,8,0
C10275,2026-08-31,2025-05-05,2026-08-28,3,483,64,0
C10276,2026-08-31,2025-08-21,2026-07-26,36,375,5,0
C10277,2026-08-31,2025-01-23,2026-08-23,8,585,59,0
C10278,2026-08-31,2025-03-16,2026-08-15,16,533,71,0
C10279,2026-08-31,2025-09-22,2026-08-03,28,343,13,0
C10280,2026-08-31,2025-08-27,2026-08-11,20,369,18,0
C10281,2026-08-31,2025-06-03,2026-05-28,95,454,9,1
C10282,2026-08-31,2025-08-16,2026-08-31,0,380,27,0
C10283,2026-08-31,2025-10-16,2026-05-23,100,319,3,1
C10284,2026-08-31,2025-04-21,2026-04-15,138,497,7,1
C10285,2026-08-31,2026-05-18,2026-08-14,17,105,6,0
C10286,2026-08-31,2024-09-02,2026-07-09,53,728,45,0
C10287,2026-08-31,2024-09-08,2026-08-06,25,722,29,0
C10288,2026-08-31,2024-09-03,2026-08-30,1,727,79,0
C10289,2026-08-31,2025-10-08,2026-04-21,132,327,12,1
C10290,2026-08-31,2025-03-12,2026-08-29,2,537,70,0
C10291,2026-08-31,2025-02-13,2026-08-30,1,564,31,0
C10292,2026-08-31,2026-02-21,2026-07-05,57,191,5,0
C10293,2026-08-31,2025-02-12,2026-07-27,35,565,8,0
C10294,2026-08-31,2024-09-16,2026-03-30,154,714,26,1
C10295,2026-08-31,2026-05-02,2026-08-09,22,121,4,0
C10296,2026-08-31,2025-04-30,2026-02-21,191,488,13,1
C10297,2026-08-31,2024-11-27,2026-05-08,115,642,17,1
C10298,2026-08-31,2025-04-25,2026-08-27,4,493,83,0
C10299,2026-08-31,2024-10-09,2026-08-18,13,691,76,0
C10300,2026-08-31,2025-08-08,2026-08-07,24,388,6,0
C10301,2026-08-31,2025-04-07,2026-07-19,43,511,29,0
C10302,2026-08-31,2024-11-08,2026-08-19,12,661,86,0
C10303,2026-08-31,2025-08-09,2026-03-11,173,387,13,1
C10304,2026-08-31,2026-04-25,2026-08-30,1,128,7,0
C10305,2026-08-31,2024-09-08,2026-05-29,94,722,25,1
C10306,2026-08-31,2026-06-22,2026-07-23,39,70,3,0
C10307,2026-08-31,2024-09-06,2026-08-25,6,724,37,0
C10308,2026-08-31,2024-11-01,2026-08-21,10,668,88,0
C10309,2026-08-31,2025-10-25,2026-07-19,43,310,11,0
C10310,2026-08-31,2024-12-04,2026-08-12,19,635,35,0
C10311,2026-08-31,2024-10-08,2025-12-08,266,692,10,1
C10312,2026-08-31,2024-12-18,2026-08-29,2,621,10,0
C10313,2026-08-31,2025-07-11,2026-08-19,12,416,9,0
C10314,2026-08-31,2025-02-17,2026-08-10,21,560,19,0
C10315,2026-08-31,2025-04-13,2025-12-19,255,505,14,1
C10316,2026-08-31,2026-05-20,2026-08-14,17,103,5,0
C10317,2026-08-31,2025-03-27,2026-08-22,9,522,5,0
C10318,2026-08-31,2025-06-05,2026-08-17,14,452,27,0
C10319,2026-08-31,2025-03-28,2026-05-11,112,521,21,1
C10320,2026-08-31,2025-04-10,2026-01-03,240,508,19,1
C10321,2026-08-31,2025-06-27,2026-06-30,62,430,22,0
C10322,2026-08-31,2024-11-01,2026-08-17,14,668,30,0
C10323,2026-08-31,2025-07-28,2026-07-12,50,399,7,0
C10324,2026-08-31,2024-12-10,2026-07-27,35,629,27,0
C10325,2026-08-31,2024-10-03,2026-02-24,188,697,17,1
C10326,2026-08-31,2026-03-02,2026-08-28,3,182,12,0
C10327,2026-08-31,2025-02-21,2026-07-05,57,556,9,0
C10328,2026-08-31,2025-02-07,2026-04-11,142,570,15,1
C10329,2026-08-31,2025-01-28,2026-08-28,3,580,40,0
C10330,2026-08-31,2025-08-29,2025-11-07,297,367,3,1
C10331,2026-08-31,2026-04-03,2026-07-15,47,150,6,0
C10332,2026-08-31,2025-03-26,2026-07-19,43,523,12,0
C10333,2026-08-31,2026-02-07,2026-06-04,88,205,4,0
C10334,2026-08-31,2024-12-16,2026-05-16,107,623,23,1
C10335,2026-08-31,2024-12-31,2025-12-05,269,608,8,1
C10336,2026-08-31,2024-09-25,2026-08-29,2,705,50,0
C10337,2026-08-31,2024-12-18,2026-07-25,37,621,15,0
C10338,2026-08-31,2024-12-22,2026-04-19,134,617,26,1
C10339,2026-08-31,2024-11-21,2026-08-21,10,648,14,0
C10340,2026-08-31,2024-11-17,2026-08-20,11,652,30,0
C10341,2026-08-31,2026-04-22,2026-08-08,23,131,7,0
C10342,2026-08-31,2025-05-30,2026-08-18,13,458,58,0
C10343,2026-08-31,2026-03-01,2026-08-18,13,183,7,0
C10344,2026-08-31,2025-07-20,2026-07-23,39,407,12,0
C10345,2026-08-31,2026-02-02,2026-08-30,1,210,13,0
C10346,2026-08-31,2025-08-09,2026-03-12,172,387,12,1
C10347,2026-08-31,2025-02-07,2026-08-25,6,570,96,0
C10348,2026-08-31,2024-10-04,2026-04-29,124,696,26,1
C10349,2026-08-31,2025-04-03,2026-08-28,3,515,36,0
C10350,2026-08-31,2025-01-25,2026-08-28,3,583,30,0
C10351,2026-08-31,2025-12-16,2026-06-14,78,258,6,0
C10352,2026-08-31,2026-06-09,2026-08-27,4,83,7,0
C10353,2026-08-31,2025-05-06,2026-08-22,9,482,20,0
C10354,2026-08-31,2025-12-28,2026-04-01,152,246,3,1
C10355,2026-08-31,2025-07-04,2026-06-05,87,423,9,0
C10356,2026-08-31,2026-03-20,2026-08-25,6,164,14,0
C10357,2026-08-31,2025-04-01,2026-08-29,2,517,26,0
C10358,2026-08-31,2025-03-18,2026-08-28,3,531,29,0
C10359,2026-08-31,2024-11-29,2026-07-02,60,640,15,0
C10360,2026-08-31,2025-03-27,2026-08-21,10,522,75,0
C10361,2026-08-31,2025-10-28,2026-08-05,26,307,7,0
C10362,2026-08-31,2025-05-12,2026-08-01,30,476,11,0
C10363,2026-08-31,2024-11-29,2026-08-28,3,640,13,0
C10364,2026-08-31,2026-02-27,2026-03-24,160,185,3,1
C10365,2026-08-31,2025-04-03,2025-08-20,376,515,6,1
C10366,2026-08-31,2025-02-17,2026-03-24,160,560,23,1
C10367,2026-08-31,2025-05-24,2026-08-29,2,464,19,0
C10368,2026-08-31,2025-05-24,2026-08-19,12,464,31,0
C10369,2026-08-31,2024-11-04,2026-07-26,36,665,32,0
C10370,2026-08-31,2025-04-27,2026-08-29,2,491,62,0
C10371,2026-08-31,2024-09-04,2026-08-09,22,726,37,0
C10372,2026-08-31,2025-10-25,2026-08-24,7,310,11,0
C10373,2026-08-31,2025-10-01,2026-07-12,50,334,6,0
C10374,2026-08-31,2024-09-15,2026-04-12,141,715,20,1
C10375,2026-08-31,2025-05-17,2026-07-31,31,471,4,0
C10376,2026-08-31,2024-10-20,2026-07-25,37,680,16,0
C10377,2026-08-31,2025-01-20,2026-08-08,23,588,11,0
C10378,2026-08-31,2025-07-12,2026-08-26,5,415,29,0
C10379,2026-08-31,2025-03-09,2026-06-14,78,540,9,0
C10380,2026-08-31,2025-03-17,2026-08-07,24,532,19,0
C10381,2026-08-31,2026-01-13,2026-05-12,111,230,3,1
C10382,2026-08-31,2025-01-16,2026-08-14,17,592,26,0
C10383,2026-08-31,2026-05-21,2026-07-27,35,102,6,0
C10384,2026-08-31,2026-05-25,2026-08-26,5,98,7,0
C10385,2026-08-31,2026-04-27,2026-05-11,112,126,3,1
C10386,2026-08-31,2024-12-15,2026-08-29,2,624,76,0
C10387,2026-08-31,2025-12-18,2026-04-13,140,256,3,1
C10388,2026-08-31,2025-06-30,2026-08-16,15,427,20,0
C10389,2026-08-31,2026-05-04,2026-08-23,8,119,6,0
C10390,2026-08-31,2025-04-18,2026-04-09,144,500,23,1
C10391,2026-08-31,2024-12-18,2026-04-05,148,621,4,1
C10392,2026-08-31,2025-04-09,2026-07-28,34,509,28,0
C10393,2026-08-31,2025-08-11,2026-08-04,27,385,14,0
C10394,2026-08-31,2025-12-04,2026-08-24,7,270,7,0
C10395,2026-08-31,2024-12-30,2026-07-14,48,609,10,0
C10396,2026-08-31,2025-03-05,2026-07-11,51,544,10,0
C10397,2026-08-31,2026-03-24,2026-08-21,10,160,10,0
C10398,2026-08-31,2026-05-10,2026-08-28,3,113,7,0
C10399,2026-08-31,2025-08-17,2026-07-16,46,379,5,0
C10400,2026-08-31,2025-04-23,2026-08-26,5,495,49,0
C10401,2026-08-31,2024-12-21,2026-08-28,3,618,32,0
C10402,2026-08-31,2025-01-15,2026-08-29,2,593,93,0
C10403,2026-08-31,2024-11-02,2026-07-01,61,667,28,0
C10404,2026-08-31,2026-06-09,2026-08-20,11,83,7,0
C10405,2026-08-31,2025-12-01,2026-07-17,45,273,7,0
C10406,2026-08-31,2025-01-22,2026-08-31,0,586,43,0
C10407,2026-08-31,2025-08-24,2026-06-20,72,372,6,0
C10408,2026-08-31,2024-09-06,2026-08-01,30,724,9,0
C10409,2026-08-31,2025-06-08,2026-06-02,90,449,15,0
C10410,2026-08-31,2025-06-27,2026-08-07,24,430,7,0
C10411,2026-08-31,2025-08-24,2026-03-19,165,372,8,1
C10412,2026-08-31,2025-04-03,2026-07-23,39,515,39,0
C10413,2026-08-31,2024-11-09,2026-04-14,139,660,18,1
C10414,2026-08-31,2026-06-16,2026-08-17,14,76,6,0
C10415,2026-08-31,2025-05-17,2026-04-01,152,471,8,1
C10416,2026-08-31,2025-06-06,2026-03-20,164,451,14,1
C10417,2026-08-31,2025-02-01,2026-08-08,23,576,35,0
C10418,2026-08-31,2025-06-27,2026-08-25,6,430,25,0
C10419,2026-08-31,2025-01-17,2026-08-07,24,591,8,0
C10420,2026-08-31,2025-04-18,2026-02-14,198,500,18,1
C10421,2026-08-31,2025-04-14,2026-05-21,102,504,23,1
C10422,2026-08-31,2026-02-14,2026-08-09,22,198,7,0
C10423,2026-08-31,2026-03-28,2026-08-03,28,156,7,0
C10424,2026-08-31,2026-03-11,2026-03-27,157,173,3,1
C10425,2026-08-31,2026-04-23,2026-06-01,91,130,3,1
C10426,2026-08-31,2026-05-10,2026-05-30,93,113,3,1
C10427,2026-08-31,2024-11-15,2026-08-29,2,654,8,0
C10428,2026-08-31,2025-06-19,2026-07-04,58,438,16,0
C10429,2026-08-31,2025-09-01,2026-07-12,50,364,8,0
C10430,2026-08-31,2025-07-23,2026-06-25,67,404,12,0
C10431,2026-08-31,2025-01-22,2026-08-27,4,586,82,0
C10432,2026-08-31,2025-08-10,2026-07-17,45,386,11,0
C10433,2026-08-31,2026-03-13,2026-08-07,24,171,13,0
C10434,2026-08-31,2026-04-04,2026-07-30,32,149,7,0
C10435,2026-08-31,2025-06-28,2026-01-09,234,429,3,1
C10436,2026-08-31,2026-01-22,2026-07-29,33,221,14,0
C10437,2026-08-31,2024-11-10,2026-08-23,8,659,33,0
C10438,2026-08-31,2025-05-20,2026-08-18,13,468,28,0
C10439,2026-08-31,2025-07-25,2025-08-20,376,402,3,1
C10440,2026-08-31,2025-05-27,2026-08-20,11,461,23,0
C10441,2026-08-31,2025-07-18,2026-08-12,19,409,7,0
C10442,2026-08-31,2024-11-30,2026-08-27,4,639,86,0
C10443,2026-08-31,2026-02-24,2026-08-31,0,188,8,0
C10444,2026-08-31,2024-12-31,2025-12-15,259,608,14,1
C10445,2026-08-31,2024-10-31,2026-08-29,2,669,39,0
C10446,2026-08-31,2026-05-08,2026-08-28,3,115,7,0
C10447,2026-08-31,2025-05-14,2026-07-12,50,474,12,0
C10448,2026-08-31,2025-07-28,2026-08-13,18,399,24,0
C10449,2026-08-31,2026-06-08,2026-08-14,17,84,6,0
C10450,2026-08-31,2024-11-08,2026-07-31,31,661,29,0
C10451,2026-08-31,2025-08-07,2026-03-02,182,389,15,1
C10452,2026-08-31,2026-05-27,2026-07-31,31,96,4,0
C10453,2026-08-31,2024-11-19,2026-07-06,56,650,12,0
C10454,2026-08-31,2025-06-30,2026-08-18,13,427,25,0
C10455,2026-08-31,2024-11-04,2026-06-28,64,665,12,0
C10456,2026-08-31,2026-03-15,2026-05-01,122,169,3,1
C10457,2026-08-31,2025-04-15,2026-08-28,3,503,19,0
C10458,2026-08-31,2025-10-31,2026-06-04,88,304,7,0
C10459,2026-08-31,2025-07-02,2026-08-04,27,425,18,0
C10460,2026-08-31,2025-06-12,2026-03-07,177,445,15,1
C10461,2026-08-31,2025-10-05,2026-08-18,13,330,7,0
C10462,2026-08-31,2026-01-27,2026-05-15,108,216,3,1
C10463,2026-08-31,2025-03-04,2026-06-25,67,545,23,0
C10464,2026-08-31,2025-04-19,2026-08-25,6,499,9,0
C10465,2026-08-31,2026-04-24,2026-07-28,34,129,4,0
C10466,2026-08-31,2026-01-21,2026-07-14,48,222,7,0
C10467,2026-08-31,2025-03-09,2026-08-29,2,540,29,0
C10468,2026-08-31,2024-09-25,2026-04-15,138,705,20,1
C10469,2026-08-31,2024-12-02,2025-10-24,311,637,16,1
C10470,2026-08-31,2025-06-29,2026-08-29,2,428,27,0
C10471,2026-08-31,2025-03-12,2026-08-30,1,537,14,0
C10472,2026-08-31,2025-02-19,2026-02-12,200,558,11,1
C10473,2026-08-31,2025-02-19,2026-08-16,15,558,30,0
C10474,2026-08-31,2025-01-17,2026-08-31,0,591,48,0
C10475,2026-08-31,2025-08-14,2026-06-19,73,382,11,0
C10476,2026-08-31,2026-06-10,2026-07-31,31,82,6,0
C10477,2026-08-31,2025-06-28,2026-03-29,155,429,17,1
C10478,2026-08-31,2025-02-09,2026-08-16,15,568,66,0
C10479,2026-08-31,2025-04-25,2026-04-10,143,493,10,1
C10480,2026-08-31,2025-05-01,2026-07-28,34,487,16,0
C10481,2026-08-31,2025-10-27,2026-07-01,61,308,4,0
C10482,2026-08-31,2024-09-28,2026-08-17,14,702,14,0
C10483,2026-08-31,2025-01-14,2026-08-15,16,594,7,0
C10484,2026-08-31,2025-04-29,2026-08-18,13,489,22,0
C10485,2026-08-31,2025-03-25,2026-08-11,20,524,26,0
C10486,2026-08-31,2025-05-07,2026-07-26,36,481,16,0
C10487,2026-08-31,2025-03-17,2026-07-24,38,532,6,0
C10488,2026-08-31,2025-02-24,2026-08-18,13,553,15,0
C10489,2026-08-31,2025-05-15,2026-08-27,4,473,4,0
C10490,2026-08-31,2025-03-28,2026-06-09,83,521,9,0
C10491,2026-08-31,2024-12-22,2026-07-30,32,617,12,0
C10492,2026-08-31,2024-11-08,2026-08-29,2,661,74,0
C10493,2026-08-31,2024-11-28,2026-06-05,87,641,26,0
C10494,2026-08-31,2024-12-31,2026-05-10,113,608,14,1
C10495,2026-08-31,2025-01-18,2026-07-29,33,590,6,0
C10496,2026-08-31,2025-07-22,2026-07-12,50,405,11,0
C10497,2026-08-31,2025-05-01,2026-08-22,9,487,73,0
C10498,2026-08-31,2025-02-02,2026-08-21,10,575,80,0
C10499,2026-08-31,2024-09-24,2025-12-27,247,706,19,1
C10500,2026-08-31,2026-07-01,2026-08-31,0,61,5,0
C10501,2026-08-31,2025-09-27,2026-08-02,29,338,6,0
C10502,2026-08-31,2024-10-10,2026-04-18,135,690,27,1
C10503,2026-08-31,2025-03-18,2026-01-02,241,531,17,1
C10504,2026-08-31,2026-01-11,2026-07-06,56,232,5,0
C10505,2026-08-31,2026-04-13,2026-08-31,0,140,6,0
C10506,2026-08-31,2024-10-27,2026-06-13,79,673,23,0
C10507,2026-08-31,2025-03-05,2026-04-12,141,544,12,1
C10508,2026-08-31,2024-12-21,2026-05-18,105,618,17,1
C10509,2026-08-31,2024-09-18,2026-07-17,45,712,17,0
C10510,2026-08-31,2025-03-10,2026-08-11,20,539,66,0
C10511,2026-08-31,2025-02-01,2026-08-19,12,576,4,0
C10512,2026-08-31,2026-03-12,2026-08-16,15,172,7,0
C10513,2026-08-31,2025-12-27,2026-08-23,8,247,7,0
C10514,2026-08-31,2025-02-06,2026-08-26,5,571,25,0
C10515,2026-08-31,2024-11-07,2026-04-30,123,662,22,1
C10516,2026-08-31,2025-09-05,2026-06-17,75,360,8,0
C10517,2026-08-31,2025-01-21,2026-04-29,124,587,19,1
C10518,2026-08-31,2024-11-02,2026-04-20,133,667,15,1
C10519,2026-08-31,2025-01-03,2026-08-14,17,605,23,0
C10520,2026-08-31,2026-04-03,2026-08-31,0,150,7,0
C10521,2026-08-31,2026-02-07,2026-08-08,23,205,5,0
C10522,2026-08-31,2026-01-19,2026-08-06,25,224,9,0
C10523,2026-08-31,2025-10-05,2026-05-21,102,330,6,1
C10524,2026-08-31,2026-05-30,2026-08-25,6,93,5,0
C10525,2026-08-31,2025-07-07,2026-03-16,168,420,15,1
C10526,2026-08-31,2025-04-14,2026-05-13,110,504,8,1
C10527,2026-08-31,2025-12-22,2026-08-04,27,252,5,0
C10528,2026-08-31,2025-07-15,2026-05-20,103,412,13,1
C10529,2026-08-31,2025-01-12,2026-07-25,37,596,17,0
C10530,2026-08-31,2025-02-09,2026-08-21,10,568,64,0
C10531,2026-08-31,2025-08-31,2026-08-31,0,365,13,0
C10532,2026-08-31,2024-09-14,2026-08-22,9,716,38,0
C10533,2026-08-31,2024-11-30,2026-07-13,49,639,15,0
C10534,2026-08-31,2026-05-17,2026-05-27,96,106,3,1
C10535,2026-08-31,2026-02-25,2026-05-01,122,187,3,1
C10536,2026-08-31,2024-10-23,2025-12-26,248,677,17,1
C10537,2026-08-31,2025-08-17,2026-07-22,40,379,16,0
C10538,2026-08-31,2025-08-18,2026-07-13,49,378,4,0
C10539,2026-08-31,2026-04-28,2026-08-29,2,125,6,0
C10540,2026-08-31,2025-01-25,2026-05-04,119,583,26,1
C10541,2026-08-31,2024-09-14,2026-08-19,12,716,50,0
C10542,2026-08-31,2025-03-09,2026-08-02,29,540,7,0
C10543,2026-08-31,2024-11-25,2026-04-03,150,644,18,1
C10544,2026-08-31,2025-06-24,2026-06-19,73,433,8,0
C10545,2026-08-31,2024-10-19,2026-07-12,50,681,8,0
C10546,2026-08-31,2024-10-31,2026-05-01,122,669,33,1
C10547,2026-08-31,2025-12-27,2026-07-04,58,247,7,0
C10548,2026-08-31,2026-02-08,2026-03-20,164,204,3,1
C10549,2026-08-31,2025-09-03,2026-08-18,13,362,26,0
C10550,2026-08-31,2024-10-25,2026-06-30,62,675,15,0
C10551,2026-08-31,2025-04-28,2026-07-26,36,490,16,0
C10552,2026-08-31,2025-03-29,2026-07-28,34,520,15,0
C10553,2026-08-31,2026-06-11,2026-08-15,16,81,6,0
C10554,2026-08-31,2025-04-14,2026-08-17,14,504,26,0
C10555,2026-08-31,2024-10-03,2026-05-29,94,697,15,1
C10556,2026-08-31,2024-12-01,2026-08-03,28,638,72,0
C10557,2026-08-31,2025-02-07,2026-08-27,4,570,13,0
C10558,2026-08-31,2025-08-03,2026-08-28,3,393,4,0
C10559,2026-08-31,2024-09-05,2026-08-17,14,725,77,0
C10560,2026-08-31,2025-12-03,2026-08-27,4,271,7,0
C10561,2026-08-31,2025-09-01,2026-05-02,121,364,14,1
C10562,2026-08-31,2025-06-29,2026-08-18,13,428,5,0
C10563,2026-08-31,2025-04-05,2026-01-21,222,513,6,1
C10564,2026-08-31,2025-03-20,2026-07-19,43,529,18,0
C10565,2026-08-31,2025-12-09,2026-08-07,24,265,5,0
C10566,2026-08-31,2026-01-02,2026-06-17,75,241,5,0
C10567,2026-08-31,2025-03-03,2026-03-18,166,546,18,1
C10568,2026-08-31,2025-10-01,2026-08-17,14,334,8,0
C10569,2026-08-31,2024-12-22,2026-08-13,18,617,36,0
C10570,2026-08-31,2025-09-27,2026-08-15,16,338,15,0
C10571,2026-08-31,2025-08-10,2026-02-16,196,386,9,1
C10572,2026-08-31,2025-10-21,2026-08-05,26,314,7,0
C10573,2026-08-31,2026-01-25,2026-02-22,190,218,3,1
C10574,2026-08-31,2024-12-01,2026-08-09,22,638,60,0
C10575,2026-08-31,2024-12-16,2026-08-23,8,623,101,0
C10576,2026-08-31,2024-12-15,2026-08-11,20,624,19,0
C10577,2026-08-31,2025-01-14,2026-08-25,6,594,34,0
C10578,2026-08-31,2026-02-15,2026-07-22,40,197,6,0
C10579,2026-08-31,2025-06-08,2026-04-11,142,449,14,1
C10580,2026-08-31,2026-03-29,2026-05-07,116,155,3,1
C10581,2026-08-31,2025-05-28,2026-05-16,107,460,15,1
C10582,2026-08-31,2024-11-04,2026-08-26,5,665,69,0
C10583,2026-08-31,2025-01-17,2026-08-25,6,591,11,0
C10584,2026-08-31,2025-01-03,2026-08-26,5,605,37,0
C10585,2026-08-31,2025-10-05,2025-12-06,268,330,3,1
C10586,2026-08-31,2026-05-19,2026-08-08,23,104,5,0
C10587,2026-08-31,2026-04-16,2026-08-15,16,137,7,0
C10588,2026-08-31,2025-09-22,2026-08-02,29,343,15,0
C10589,2026-08-31,2025-08-20,2026-03-02,182,376,9,1
C10590,2026-08-31,2025-09-01,2026-07-31,31,364,15,0
C10591,2026-08-31,2024-10-01,2026-08-28,3,699,43,0
C10592,2026-08-31,2024-11-06,2026-08-28,3,663,42,0
C10593,2026-08-31,2024-10-31,2026-08-29,2,669,64,0
C10594,2026-08-31,2026-05-29,2026-08-21,10,94,6,0
C10595,2026-08-31,2025-04-10,2026-08-07,24,508,11,0
C10596,2026-08-31,2025-03-21,2026-08-22,9,528,74,0
C10597,2026-08-31,2024-11-13,2026-06-29,63,656,11,0
C10598,2026-08-31,2024-09-10,2026-08-22,9,720,96,0
C10599,2026-08-31,2025-04-25,2026-05-02,121,493,17,1
C10600,2026-08-31,2024-12-10,2026-08-24,7,629,86,0
C10601,2026-08-31,2025-06-03,2026-08-31,0,454,32,0
C10602,2026-08-31,2025-04-17,2026-08-18,13,501,24,0
C10603,2026-08-31,2026-02-13,2026-08-09,22,199,4,0
C10604,2026-08-31,2024-10-27,2026-05-08,115,673,13,1
C10605,2026-08-31,2026-04-21,2026-08-28,3,132,6,0
C10606,2026-08-31,2025-03-01,2026-08-22,9,548,16,0
C10607,2026-08-31,2025-03-10,2026-08-28,3,539,58,0
C10608,2026-08-31,2025-01-05,2026-02-23,189,603,17,1
C10609,2026-08-31,2025-03-07,2026-07-16,46,542,16,0
C10610,2026-08-31,2025-01-04,2026-08-24,7,604,14,0
C10611,2026-08-31,2024-10-20,2026-07-12,50,680,26,0
C10612,2026-08-31,2024-11-14,2026-08-23,8,655,12,0
C10613,2026-08-31,2024-12-23,2026-04-19,134,616,19,1
C10614,2026-08-31,2024-11-14,2026-07-22,40,655,11,0
C10615,2026-08-31,2026-02-18,2026-08-29,2,194,10,0
C10616,2026-08-31,2025-08-03,2026-08-16,15,393,19,0
C10617,2026-08-31,2024-12-07,2026-04-05,148,632,26,1
C10618,2026-08-31,2026-04-21,2026-08-30,1,132,9,0
C10619,2026-08-31,2024-09-13,2026-08-18,13,717,54,0
C10620,2026-08-31,2024-11-18,2026-07-03,59,651,19,0
C10621,2026-08-31,2025-02-07,2026-08-13,18,570,34,0
C10622,2026-08-31,2026-07-02,2026-08-17,14,60,6,0
C10623,2026-08-31,2025-12-11,2026-07-29,33,263,6,0
C10624,2026-08-31,2024-11-08,2026-08-31,0,661,32,0
C10625,2026-08-31,2025-08-24,2026-08-02,29,372,24,0
C10626,2026-08-31,2026-05-25,2026-05-31,92,98,3,1
C10627,2026-08-31,2024-10-19,2026-08-18,13,681,85,0
C10628,2026-08-31,2025-04-07,2026-08-25,6,511,18,0
C10629,2026-08-31,2025-01-02,2026-03-18,166,606,19,1
C10630,2026-08-31,2025-10-25,2026-07-26,36,310,9,0
C10631,2026-08-31,2025-08-26,2026-04-19,134,370,7,1
C10632,2026-08-31,2024-09-13,2026-08-12,19,717,81,0
C10633,2026-08-31,2025-01-03,2026-03-23,161,605,13,1
C10634,2026-08-31,2025-03-29,2026-08-28,3,520,69,0
C10635,2026-08-31,2026-05-29,2026-08-27,4,94,7,0
C10636,2026-08-31,2025-03-05,2025-11-30,274,544,11,1
C10637,2026-08-31,2024-09-25,2026-04-29,124,705,35,1
C10638,2026-08-31,2025-11-16,2026-07-20,42,288,4,0
C10639,2026-08-31,2026-04-16,2026-08-13,18,137,7,0
C10640,2026-08-31,2025-06-24,2026-07-17,45,433,10,0
C10641,2026-08-31,2024-10-31,2026-07-23,39,669,16,0
C10642,2026-08-31,2025-10-25,2026-07-26,36,310,11,0
C10643,2026-08-31,2026-05-27,2026-08-21,10,96,6,0
C10644,2026-08-31,2024-09-29,2026-08-24,7,701,56,0
C10645,2026-08-31,2024-09-22,2026-05-16,107,708,18,1
C10646,2026-08-31,2026-01-06,2026-08-16,15,237,5,0
C10647,2026-08-31,2025-12-25,2026-02-26,186,249,3,1
C10648,2026-08-31,2024-11-15,2026-07-09,53,654,30,0
C10649,2026-08-31,2024-11-15,2026-08-11,20,654,6,0
C10650,2026-08-31,2025-06-01,2026-08-08,23,456,20,0
C10651,2026-08-31,2024-12-02,2026-08-05,26,637,13,0
C10652,2026-08-31,2025-08-27,2026-08-30,1,369,11,0
C10653,2026-08-31,2024-09-12,2026-08-14,17,718,51,0
C10654,2026-08-31,2025-08-27,2026-03-04,180,369,6,1
C10655,2026-08-31,2026-03-07,2026-07-13,49,177,5,0
C10656,2026-08-31,2025-02-22,2026-08-10,21,555,17,0
C10657,2026-08-31,2025-10-17,2026-08-07,24,318,16,0
C10658,2026-08-31,2025-07-15,2026-08-04,27,412,27,0
C10659,2026-08-31,2024-12-09,2025-12-13,261,630,8,1
C10660,2026-08-31,2025-05-25,2026-08-29,2,463,35,0
C10661,2026-08-31,2025-12-26,2026-07-29,33,248,7,0
C10662,2026-08-31,2024-09-05,2026-08-28,3,725,82,0
C10663,2026-08-31,2025-05-03,2026-08-07,24,485,58,0
C10664,2026-08-31,2024-10-02,2026-05-01,122,698,22,1
C10665,2026-08-31,2026-04-17,2026-05-16,107,136,3,1
C10666,2026-08-31,2025-02-08,2026-08-26,5,569,48,0
C10667,2026-08-31,2025-10-10,2026-08-06,25,325,14,0
C10668,2026-08-31,2025-01-18,2026-06-02,90,590,8,0
C10669,2026-08-31,2024-12-18,2026-01-19,224,621,12,1
C10670,2026-08-31,2024-10-19,2025-09-07,358,681,15,1
C10671,2026-08-31,2024-09-15,2026-07-29,33,715,39,0
C10672,2026-08-31,2024-12-23,2026-08-27,4,616,92,0
C10673,2026-08-31,2024-11-18,2026-03-29,155,651,25,1
C10674,2026-08-31,2025-05-24,2026-06-22,70,464,12,0
C10675,2026-08-31,2024-11-02,2026-06-05,87,667,31,0
C10676,2026-08-31,2025-01-26,2026-08-19,12,582,22,0
C10677,2026-08-31,2024-10-13,2026-06-14,78,687,12,0
C10678,2026-08-31,2025-01-04,2026-05-25,98,604,27,1
C10679,2026-08-31,2025-08-14,2026-08-20,11,382,27,0
C10680,2026-08-31,2025-09-05,2026-07-02,60,360,6,0
C10681,2026-08-31,2025-03-04,2026-08-10,21,545,11,0
C10682,2026-08-31,2025-11-09,2026-08-10,21,295,8,0
C10683,2026-08-31,2026-06-17,2026-07-28,34,75,7,0
C10684,2026-08-31,2025-07-14,2026-04-14,139,413,17,1
C10685,2026-08-31,2026-02-10,2026-04-29,124,202,4,1
C10686,2026-08-31,2025-04-13,2026-07-21,41,505,14,0
C10687,2026-08-31,2024-10-01,2026-08-29,2,699,35,0
C10688,2026-08-31,2025-04-22,2026-08-07,24,496,23,0
C10689,2026-08-31,2025-06-04,2026-08-31,0,453,67,0
C10690,2026-08-31,2025-03-31,2026-08-23,8,518,22,0
C10691,2026-08-31,2025-04-04,2026-08-28,3,514,23,0
C10692,2026-08-31,2024-09-01,2026-08-20,11,729,93,0
C10693,2026-08-31,2026-04-26,2026-05-30,93,127,3,1
C10694,2026-08-31,2024-10-07,2026-08-20,11,693,46,0
C10695,2026-08-31,2025-09-25,2026-08-01,30,340,14,0
C10696,2026-08-31,2025-05-01,2026-04-24,129,487,21,1
C10697,2026-08-31,2025-12-17,2026-08-07,24,257,7,0
C10698,2026-08-31,2025-02-01,2026-05-02,121,576,23,1
C10699,2026-08-31,2025-05-03,2026-07-22,40,485,9,0
C10700,2026-08-31,2025-08-17,2026-04-22,131,379,7,1
C10701,2026-08-31,2025-09-22,2026-08-25,6,343,23,0
C10702,2026-08-31,2026-05-07,2026-07-21,41,116,7,0
C10703,2026-08-31,2025-05-06,2025-08-28,368,482,4,1
C10704,2026-08-31,2024-09-09,2026-06-24,68,721,9,0
C10705,2026-08-31,2025-03-08,2026-08-27,4,541,53,0
C10706,2026-08-31,2024-11-29,2026-07-14,48,640,26,0
C10707,2026-08-31,2024-11-23,2026-03-30,154,646,23,1
C10708,2026-08-31,2024-09-27,2026-07-24,38,703,10,0
C10709,2026-08-31,2025-04-09,2026-05-05,118,509,18,1
C10710,2026-08-31,2025-03-02,2026-03-22,162,547,8,1
C10711,2026-08-31,2026-06-20,2026-07-20,42,72,3,0
C10712,2026-08-31,2025-05-03,2026-08-23,8,485,36,0
C10713,2026-08-31,2025-08-08,2026-07-04,58,388,9,0
C10714,2026-08-31,2025-08-17,2026-05-12,111,379,7,1
C10715,2026-08-31,2025-09-04,2026-08-16,15,361,8,0
C10716,2026-08-31,2024-09-03,2026-08-30,1,727,91,0
C10717,2026-08-31,2025-06-23,2026-08-29,2,434,24,0
C10718,2026-08-31,2024-09-15,2026-02-01,211,715,27,1
C10719,2026-08-31,2025-05-06,2026-07-25,37,482,29,0
C10720,2026-08-31,2025-06-10,2026-08-27,4,447,22,0
C10721,2026-08-31,2024-12-01,2026-08-28,3,638,15,0
C10722,2026-08-31,2025-03-01,2026-08-28,3,548,13,0
C10723,2026-08-31,2026-06-20,2026-07-29,33,72,3,0
C10724,2026-08-31,2025-07-26,2026-08-26,5,401,14,0
C10725,2026-08-31,2025-12-26,2026-06-28,64,248,10,0
C10726,2026-08-31,2025-05-12,2026-08-28,3,476,85,0
C10727,2026-08-31,2025-06-07,2026-08-30,1,450,61,0
C10728,2026-08-31,2025-06-15,2026-08-10,21,442,26,0
C10729,2026-08-31,2024-10-08,2026-08-01,30,692,17,0
C10730,2026-08-31,2026-01-19,2026-08-27,4,224,5,0
C10731,2026-08-31,2026-05-28,2026-08-25,6,95,5,0
C10732,2026-08-31,2024-10-12,2026-08-28,3,688,20,0
C10733,2026-08-31,2025-02-18,2026-08-14,17,559,37,0
C10734,2026-08-31,2025-04-20,2026-08-30,1,498,60,0
C10735,2026-08-31,2026-06-28,2026-08-26,5,64,6,0
C10736,2026-08-31,2025-05-01,2026-08-14,17,487,11,0
C10737,2026-08-31,2025-11-02,2026-08-13,18,302,4,0
C10738,2026-08-31,2025-03-28,2026-06-21,71,521,13,0
C10739,2026-08-31,2025-05-08,2026-08-28,3,480,26,0
C10740,2026-08-31,2025-12-21,2026-03-06,178,253,4,1
C10741,2026-08-31,2025-09-27,2026-07-22,40,338,9,0
C10742,2026-08-31,2024-09-12,2025-08-29,367,718,8,1
C10743,2026-08-31,2026-05-19,2026-08-30,1,104,7,0
C10744,2026-08-31,2025-08-25,2026-02-14,198,371,4,1
C10745,2026-08-31,2025-02-22,2026-03-20,164,555,22,1
C10746,2026-08-31,2024-10-05,2026-08-31,0,695,43,0
C10747,2026-08-31,2024-09-16,2026-08-29,2,714,48,0
C10748,2026-08-31,2026-05-11,2026-05-29,94,112,3,1
C10749,2026-08-31,2025-02-24,2026-08-29,2,553,27,0
C10750,2026-08-31,2025-01-25,2025-04-16,502,583,3,1
C10751,2026-08-31,2025-04-17,2026-08-31,0,501,14,0
C10752,2026-08-31,2026-05-08,2026-08-27,4,115,5,0
C10753,2026-08-31,2025-05-03,2026-08-19,12,485,23,0
C10754,2026-08-31,2025-12-19,2026-03-21,163,255,3,1
C10755,2026-08-31,2026-01-22,2026-08-16,15,221,6,0
C10756,2026-08-31,2025-02-08,2026-08-27,4,569,58,0
C10757,2026-08-31,2026-06-16,2026-08-27,4,76,5,0
C10758,2026-08-31,2026-07-12,2026-08-09,22,50,4,0
C10759,2026-08-31,2025-12-10,2026-01-17,226,264,4,1
C10760,2026-08-31,2025-06-07,2026-08-31,0,450,21,0
C10761,2026-08-31,2025-06-21,2026-06-09,83,436,6,0
C10762,2026-08-31,2025-12-12,2026-02-05,207,262,6,1
C10763,2026-08-31,2026-05-17,2026-07-27,35,106,5,0
C10764,2026-08-31,2025-05-27,2026-08-22,9,461,61,0
C10765,2026-08-31,2025-02-15,2026-08-28,3,562,87,0
C10766,2026-08-31,2026-02-05,2026-06-13,79,207,4,0
C10767,2026-08-31,2024-10-05,2026-08-21,10,695,40,0
C10768,2026-08-31,2025-09-08,2026-07-26,36,357,8,0
C10769,2026-08-31,2025-03-02,2026-08-21,10,547,63,0
C10770,2026-08-31,2025-12-04,2026-07-03,59,270,6,0
C10771,2026-08-31,2024-10-24,2025-09-13,352,676,13,1
C10772,2026-08-31,2024-09-26,2026-08-25,6,704,52,0
C10773,2026-08-31,2025-03-23,2026-06-24,68,526,11,0
C10774,2026-08-31,2025-07-01,2026-08-28,3,426,49,0
C10775,2026-08-31,2025-04-18,2026-07-28,34,500,19,0
C10776,2026-08-31,2025-08-09,2026-07-26,36,387,19,0
C10777,2026-08-31,2026-04-04,2026-07-16,46,149,4,0
C10778,2026-08-31,2026-02-07,2026-03-27,157,205,3,1
C10779,2026-08-31,2024-11-02,2026-03-09,175,667,16,1
C10780,2026-08-31,2025-04-16,2026-03-06,178,502,14,1
C10781,2026-08-31,2026-06-19,2026-08-28,3,73,6,0
C10782,2026-08-31,2024-10-17,2025-08-14,382,683,5,1
C10783,2026-08-31,2026-04-02,2026-08-02,29,151,5,0
C10784,2026-08-31,2024-09-04,2026-08-08,23,726,25,0
C10785,2026-08-31,2025-12-07,2026-06-06,86,267,6,0
C10786,2026-08-31,2025-05-26,2026-08-29,2,462,36,0
C10787,2026-08-31,2026-04-05,2026-06-21,71,148,5,0
C10788,2026-08-31,2025-07-19,2026-08-04,27,408,26,0
C10789,2026-08-31,2026-02-04,2026-08-16,15,208,9,0
C10790,2026-08-31,2025-10-05,2026-08-15,16,330,6,0
C10791,2026-08-31,2025-04-06,2025-12-12,262,512,6,1
C10792,2026-08-31,2025-04-02,2026-04-16,137,516,7,1
C10793,2026-08-31,2025-04-12,2025-05-13,475,506,3,1
C10794,2026-08-31,2024-12-19,2026-03-01,183,620,24,1
C10795,2026-08-31,2025-04-19,2026-07-13,49,499,27,0
C10796,2026-08-31,2024-12-20,2026-07-01,61,619,10,0
C10797,2026-08-31,2026-05-09,2026-08-03,28,114,7,0
C10798,2026-08-31,2025-02-17,2026-08-02,29,560,22,0
C10799,2026-08-31,2025-01-26,2026-08-22,9,582,26,0
C10800,2026-08-31,2024-10-18,2026-06-26,66,682,13,0
C10801,2026-08-31,2026-04-01,2026-04-17,136,152,3,1
C10802,2026-08-31,2024-09-25,2026-08-22,9,705,72,0
C10803,2026-08-31,2024-10-30,2026-08-17,14,670,79,0
C10804,2026-08-31,2025-10-03,2025-10-13,322,332,2,1
C10805,2026-08-31,2025-03-27,2026-08-22,9,522,86,0
C10806,2026-08-31,2025-04-25,2026-08-28,3,493,67,0
C10807,2026-08-31,2026-06-28,2026-07-09,53,64,3,0
C10808,2026-08-31,2024-12-17,2026-08-20,11,622,19,0
C10809,2026-08-31,2025-08-02,2026-08-02,29,394,8,0
C10810,2026-08-31,2024-12-01,2026-03-15,169,638,15,1
C10811,2026-08-31,2025-03-14,2026-08-20,11,535,77,0
C10812,2026-08-31,2025-03-09,2026-08-30,1,540,62,0
C10813,2026-08-31,2025-03-22,2026-08-20,11,527,67,0
C10814,2026-08-31,2025-09-23,2026-08-25,6,342,25,0
C10815,2026-08-31,2025-04-05,2026-02-04,208,513,8,1
C10816,2026-08-31,2025-05-19,2025-06-12,445,469,3,1
C10817,2026-08-31,2025-08-11,2026-06-12,80,385,8,0
C10818,2026-08-31,2024-09-11,2026-07-11,51,719,41,0
C10819,2026-08-31,2025-01-14,2026-08-31,0,594,22,0
C10820,2026-08-31,2025-07-22,2026-07-02,60,405,13,0
C10821,2026-08-31,2025-05-07,2026-07-07,55,481,12,0
C10822,2026-08-31,2025-09-14,2026-08-10,21,351,19,0
C10823,2026-08-31,2026-03-17,2026-05-09,114,167,4,1
C10824,2026-08-31,2024-09-17,2026-08-28,3,713,103,0
C10825,2026-08-31,2025-03-12,2026-08-27,4,537,49,0
C10826,2026-08-31,2025-05-30,2026-08-16,15,458,57,0
C10827,2026-08-31,2025-06-16,2026-08-21,10,441,20,0
C10828,2026-08-31,2025-01-08,2026-07-17,45,600,40,0
C10829,2026-08-31,2025-03-11,2026-08-31,0,538,87,0
C10830,2026-08-31,2026-05-16,2026-05-28,95,107,3,1
C10831,2026-08-31,2025-03-01,2025-12-03,271,548,12,1
C10832,2026-08-31,2026-02-01,2026-08-30,1,211,8,0
C10833,2026-08-31,2025-04-11,2026-08-04,27,507,31,0
C10834,2026-08-31,2025-06-27,2026-02-20,192,430,8,1
C10835,2026-08-31,2025-01-20,2025-05-07,481,588,6,1
C10836,2026-08-31,2024-12-21,2026-07-03,59,618,52,0
C10837,2026-08-31,2026-03-05,2026-07-15,47,179,9,0
C10838,2026-08-31,2024-11-25,2026-08-23,8,644,20,0
C10839,2026-08-31,2026-05-26,2026-06-01,91,97,3,1
C10840,2026-08-31,2025-11-13,2026-08-22,9,291,14,0
C10841,2026-08-31,2025-07-21,2026-08-24,7,406,13,0
C10842,2026-08-31,2025-01-12,2026-07-25,37,596,37,0
C10843,2026-08-31,2025-03-14,2026-08-26,5,535,26,0
C10844,2026-08-31,2024-10-14,2026-08-13,18,686,37,0
C10845,2026-08-31,2025-04-14,2026-07-14,48,504,9,0
C10846,2026-08-31,2024-09-08,2026-08-21,10,722,90,0
C10847,2026-08-31,2025-06-24,2026-07-23,39,433,14,0
C10848,2026-08-31,2026-03-20,2026-08-01,30,164,10,0
C10849,2026-08-31,2025-12-05,2026-02-22,190,269,5,1
C10850,2026-08-31,2024-11-11,2026-08-30,1,658,13,0
C10851,2026-08-31,2025-04-08,2026-07-14,48,510,7,0
C10852,2026-08-31,2024-11-15,2026-08-09,22,654,35,0
C10853,2026-08-31,2025-07-26,2026-02-27,185,401,7,1
C10854,2026-08-31,2025-08-15,2026-08-08,23,381,10,0
C10855,2026-08-31,2026-01-20,2026-08-30,1,223,6,0
C10856,2026-08-31,2024-09-01,2026-08-22,9,729,100,0
C10857,2026-08-31,2024-12-05,2026-04-17,136,634,28,1
C10858,2026-08-31,2025-02-06,2026-08-07,24,571,23,0
C10859,2026-08-31,2026-03-11,2026-08-12,19,173,6,0
C10860,2026-08-31,2025-01-11,2026-08-08,23,597,89,0
C10861,2026-08-31,2025-09-18,2026-08-20,11,347,18,0
C10862,2026-08-31,2026-02-26,2026-07-11,51,186,4,0
C10863,2026-08-31,2026-04-08,2026-08-22,9,145,8,0
C10864,2026-08-31,2026-05-11,2026-08-27,4,112,10,0
C10865,2026-08-31,2025-03-16,2026-04-09,144,533,17,1
C10866,2026-08-31,2026-06-29,2026-08-14,17,63,4,0
C10867,2026-08-31,2025-07-28,2026-07-25,37,399,19,0
C10868,2026-08-31,2025-04-26,2025-12-03,271,492,17,1
C10869,2026-08-31,2026-04-27,2026-05-27,96,126,3,1
C10870,2026-08-31,2025-10-25,2025-10-30,305,310,3,1
C10871,2026-08-31,2025-02-22,2026-08-30,1,555,76,0
C10872,2026-08-31,2024-12-26,2026-01-31,212,613,15,1
C10873,2026-08-31,2025-08-01,2026-05-02,121,395,17,1
C10874,2026-08-31,2025-01-29,2026-08-15,16,579,38,0
C10875,2026-08-31,2024-11-23,2026-08-23,8,646,31,0
C10876,2026-08-31,2024-10-26,2026-08-14,17,674,36,0
C10877,2026-08-31,2025-04-06,2026-08-23,8,512,18,0
C10878,2026-08-31,2026-03-28,2026-04-28,125,156,3,1
C10879,2026-08-31,2025-07-03,2026-06-26,66,424,15,0
C10880,2026-08-31,2025-12-17,2026-05-05,118,257,4,1
C10881,2026-08-31,2025-12-31,2026-08-02,29,243,5,0
C10882,2026-08-31,2024-12-14,2026-08-31,0,625,96,0
C10883,2026-08-31,2025-03-12,2026-01-17,226,537,14,1
C10884,2026-08-31,2025-03-15,2026-03-02,182,534,13,1
C10885,2026-08-31,2024-12-11,2026-04-17,136,628,21,1
C10886,2026-08-31,2024-10-04,2026-08-23,8,696,39,0
C10887,2026-08-31,2025-08-25,2026-07-09,53,371,6,0
C10888,2026-08-31,2025-07-16,2026-03-22,162,411,17,1
C10889,2026-08-31,2024-12-01,2026-08-19,12,638,23,0
C10890,2026-08-31,2024-11-27,2026-07-29,33,642,29,0
C10891,2026-08-31,2026-04-19,2026-08-29,2,134,5,0
C10892,2026-08-31,2025-05-04,2026-02-14,198,484,9,1
C10893,2026-08-31,2025-06-15,2026-07-14,48,442,9,0
C10894,2026-08-31,2024-10-12,2026-08-07,24,688,32,0
C10895,2026-08-31,2026-07-03,2026-07-15,47,59,3,0
C10896,2026-08-31,2024-09-14,2026-03-06,178,716,18,1
C10897,2026-08-31,2024-09-26,2026-04-16,137,704,20,1
C10898,2026-08-31,2025-01-27,2026-08-27,4,581,63,0
C10899,2026-08-31,2024-09-25,2026-08-07,24,705,83,0
C10900,2026-08-31,2025-03-18,2026-01-25,218,531,12,1
C10901,2026-08-31,2024-12-14,2026-08-21,10,625,24,0
C10902,2026-08-31,2026-03-03,2026-08-22,9,181,7,0
C10903,2026-08-31,2025-04-17,2026-04-19,134,501,15,1
C10904,2026-08-31,2024-10-02,2026-08-24,7,698,10,0
C10905,2026-08-31,2024-10-13,2026-08-29,2,687,31,0
C10906,2026-08-31,2025-07-15,2026-08-14,17,412,21,0
C10907,2026-08-31,2025-10-03,2026-08-11,20,332,16,0
C10908,2026-08-31,2025-04-28,2025-05-13,475,490,3,1
C10909,2026-08-31,2025-03-26,2026-06-11,81,523,21,0
C10910,2026-08-31,2025-11-21,2026-08-13,18,283,9,0
C10911,2026-08-31,2025-05-22,2026-05-04,119,466,25,1
C10912,2026-08-31,2025-06-02,2026-07-11,51,455,6,0
C10913,2026-08-31,2025-02-01,2026-07-01,61,576,30,0
C10914,2026-08-31,2025-03-24,2026-07-15,47,525,29,0
C10915,2026-08-31,2025-06-07,2025-12-27,247,450,9,1
C10916,2026-08-31,2025-04-16,2026-08-28,3,502,21,0
C10917,2026-08-31,2025-01-30,2026-08-07,24,578,37,0
C10918,2026-08-31,2025-03-23,2026-08-29,2,526,13,0
C10919,2026-08-31,2025-03-21,2026-08-31,0,528,37,0
C10920,2026-08-31,2024-10-17,2026-03-04,180,683,23,1
C10921,2026-08-31,2026-01-12,2026-08-16,15,231,8,0
C10922,2026-08-31,2026-07-14,2026-08-05,26,48,4,0
C10923,2026-08-31,2024-09-07,2026-07-31,31,723,43,0
C10924,2026-08-31,2025-09-02,2026-08-10,21,363,20,0
C10925,2026-08-31,2025-04-13,2026-04-17,136,505,13,1
C10926,2026-08-31,2026-07-12,2026-08-15,16,50,4,0
C10927,2026-08-31,2025-01-21,2026-08-04,27,587,33,0
C10928,2026-08-31,2025-02-14,2025-12-12,262,563,12,1
C10929,2026-08-31,2024-09-03,2026-07-24,38,727,44,0
C10930,2026-08-31,2024-09-22,2026-08-10,21,708,10,0
C10931,2026-08-31,2026-04-25,2026-05-24,99,128,3,1
C10932,2026-08-31,2025-04-25,2026-08-06,25,493,6,0
C10933,2026-08-31,2025-09-04,2026-07-17,45,361,11,0
C10934,2026-08-31,2025-09-04,2026-07-17,45,361,8,0
C10935,2026-08-31,2025-07-06,2026-03-28,156,421,12,1
C10936,2026-08-31,2024-09-27,2026-07-31,31,703,45,0
C10937,2026-08-31,2025-06-26,2026-03-27,157,431,10,1
C10938,2026-08-31,2025-03-04,2026-07-18,44,545,9,0
C10939,2026-08-31,2025-02-03,2026-05-08,115,574,14,1
C10940,2026-08-31,2025-03-01,2026-08-20,11,548,56,0
C10941,2026-08-31,2026-05-24,2026-08-29,2,99,5,0
C10942,2026-08-31,2026-05-09,2026-08-26,5,114,9,0
C10943,2026-08-31,2025-02-28,2026-08-11,20,549,6,0
C10944,2026-08-31,2025-08-08,2026-07-31,31,388,16,0
C10945,2026-08-31,2026-06-26,2026-08-30,1,66,4,0
C10946,2026-08-31,2024-09-02,2026-08-15,16,728,76,0
C10947,2026-08-31,2024-09-03,2026-08-30,1,727,82,0
C10948,2026-08-31,2025-03-20,2026-08-01,30,529,25,0
C10949,2026-08-31,2025-07-08,2026-08-14,17,419,28,0
C10950,2026-08-31,2024-11-12,2026-08-29,2,657,44,0
C10951,2026-08-31,2025-05-18,2026-05-09,114,470,10,1
C10952,2026-08-31,2025-07-10,2026-08-26,5,417,27,0
C10953,2026-08-31,2024-10-25,2026-03-21,163,675,18,1
C10954,2026-08-31,2024-09-02,2026-08-14,17,728,31,0
C10955,2026-08-31,2026-03-10,2026-06-25,67,174,5,0
C10956,2026-08-31,2025-03-29,2026-07-30,32,520,25,0
C10957,2026-08-31,2025-06-11,2026-02-04,208,446,5,1
C10958,2026-08-31,2026-03-08,2026-06-04,88,176,4,0
C10959,2026-08-31,2024-09-12,2026-05-05,118,718,31,1
C10960,2026-08-31,2025-05-25,2026-03-26,158,463,11,1
C10961,2026-08-31,2025-06-19,2026-08-29,2,438,26,0
C10962,2026-08-31,2025-02-18,2025-11-26,278,559,15,1
C10963,2026-08-31,2024-12-15,2026-08-28,3,624,38,0
C10964,2026-08-31,2024-11-01,2026-03-14,170,668,20,1
C10965,2026-08-31,2025-09-13,2026-08-28,3,352,28,0
C10966,2026-08-31,2025-02-08,2026-06-26,66,569,14,0
C10967,2026-08-31,2025-08-21,2025-10-12,323,375,3,1
C10968,2026-08-31,2025-10-07,2026-07-25,37,328,7,0
C10969,2026-08-31,2025-03-21,2026-08-15,16,528,31,0
C10970,2026-08-31,2025-04-17,2026-08-30,1,501,62,0
C10971,2026-08-31,2024-10-01,2026-08-10,21,699,22,0
C10972,2026-08-31,2024-11-11,2026-03-03,181,658,20,1
C10973,2026-08-31,2025-07-22,2026-08-24,7,405,26,0
C10974,2026-08-31,2025-12-06,2026-07-11,51,268,4,0
C10975,2026-08-31,2024-11-27,2026-03-12,172,642,13,1
C10976,2026-08-31,2026-04-15,2026-05-05,118,138,3,1
C10977,2026-08-31,2026-02-28,2026-08-04,27,184,5,0
C10978,2026-08-31,2025-04-14,2026-02-20,192,504,3,1
C10979,2026-08-31,2025-04-12,2026-08-28,3,506,61,0
C10980,2026-08-31,2025-03-23,2025-11-19,285,526,10,1
C10981,2026-08-31,2026-01-25,2026-03-18,166,218,3,1
C10982,2026-08-31,2024-10-14,2026-08-06,25,686,17,0
C10983,2026-08-31,2024-12-13,2026-04-21,132,626,21,1
C10984,2026-08-31,2025-02-03,2026-08-25,6,574,13,0
C10985,2026-08-31,2025-02-14,2026-07-05,57,563,8,0
C10986,2026-08-31,2025-01-20,2026-08-11,20,588,26,0
C10987,2026-08-31,2025-04-06,2026-07-21,41,512,22,0
C10988,2026-08-31,2025-01-12,2026-08-30,1,596,81,0
C10989,2026-08-31,2025-05-08,2026-02-27,185,480,14,1
C10990,2026-08-31,2025-04-23,2026-08-22,9,495,51,0
C10991,2026-08-31,2025-05-16,2026-04-19,134,472,24,1
C10992,2026-08-31,2026-07-10,2026-08-18,13,52,4,0
C10993,2026-08-31,2026-06-13,2026-08-14,17,79,6,0
C10994,2026-08-31,2024-09-09,2026-07-20,42,721,12,0
C10995,2026-08-31,2025-05-16,2026-04-03,150,472,16,1
C10996,2026-08-31,2026-06-28,2026-08-06,25,64,5,0
C10997,2026-08-31,2024-11-13,2026-08-12,19,656,15,0
C10998,2026-08-31,2025-03-23,2026-08-25,6,526,9,0
C10999,2026-08-31,2024-12-28,2026-04-30,123,611,23,1
C11000,2026-08-31,2026-01-18,2026-08-06,25,225,12,0
C11001,2026-08-31,2024-09-17,2026-03-14,170,713,15,1
C11002,2026-08-31,2025-06-18,2026-08-23,8,439,25,0
C11003,2026-08-31,2024-12-17,2026-08-07,24,622,15,0
C11004,2026-08-31,2026-03-28,2026-08-29,2,156,10,0
C11005,2026-08-31,2025-08-21,2026-07-17,45,375,8,0
C11006,2026-08-31,2025-04-28,2026-07-01,61,490,5,0
C11007,2026-08-31,2025-05-02,2026-08-19,12,486,26,0
C11008,2026-08-31,2024-12-20,2026-08-26,5,619,78,0
C11009,2026-08-31,2025-05-11,2026-08-20,11,477,18,0
C11010,2026-08-31,2026-07-05,2026-08-30,1,57,5,0
C11011,2026-08-31,2025-03-23,2026-08-30,1,526,76,0
C11012,2026-08-31,2024-09-21,2026-07-25,37,709,28,0
C11013,2026-08-31,2025-03-23,2026-08-27,4,526,63,0
C11014,2026-08-31,2025-04-17,2026-08-26,5,501,18,0
C11015,2026-08-31,2025-02-05,2026-07-30,32,572,21,0
C11016,2026-08-31,2025-02-13,2026-08-14,17,564,34,0
C11017,2026-08-31,2025-05-06,2026-05-12,111,482,15,1
C11018,2026-08-31,2026-04-22,2026-08-16,15,131,7,0
C11019,2026-08-31,2025-09-12,2026-03-16,168,353,7,1
C11020,2026-08-31,2025-08-27,2026-07-07,55,369,4,0
C11021,2026-08-31,2025-05-09,2026-04-17,136,479,11,1
C11022,2026-08-31,2026-04-03,2026-05-26,97,150,4,1
C11023,2026-08-31,2025-09-17,2026-08-19,12,348,5,0
C11024,2026-08-31,2025-05-09,2026-08-21,10,479,24,0
C11025,2026-08-31,2025-06-12,2026-07-30,32,445,7,0
C11026,2026-08-31,2025-04-14,2026-05-04,119,504,10,1
C11027,2026-08-31,2025-03-17,2026-08-31,0,532,12,0
C11028,2026-08-31,2025-03-20,2026-08-30,1,529,58,0
C11029,2026-08-31,2025-07-17,2025-12-31,243,410,5,1
C11030,2026-08-31,2026-02-01,2026-06-06,86,211,6,0
C11031,2026-08-31,2024-12-01,2026-08-24,7,638,44,0
C11032,2026-08-31,2025-07-25,2026-02-11,201,402,10,1
C11033,2026-08-31,2025-01-29,2026-03-01,183,579,13,1
C11034,2026-08-31,2025-07-11,2026-07-25,37,416,26,0
C11035,2026-08-31,2025-06-05,2026-07-26,36,452,7,0
C11036,2026-08-31,2025-02-12,2026-04-28,125,565,18,1
C11037,2026-08-31,2025-04-06,2026-08-16,15,512,36,0
C11038,2026-08-31,2026-01-31,2026-08-11,20,212,12,0
C11039,2026-08-31,2025-11-01,2026-08-11,20,303,10,0
C11040,2026-08-31,2025-06-08,2026-07-27,35,449,24,0
C11041,2026-08-31,2025-09-05,2026-08-24,7,360,30,0
C11042,2026-08-31,2025-07-24,2025-09-19,346,403,3,1
C11043,2026-08-31,2025-02-19,2026-08-31,0,558,24,0
C11044,2026-08-31,2024-11-02,2026-08-27,4,667,34,0
C11045,2026-08-31,2025-10-02,2026-08-28,3,333,24,0
C11046,2026-08-31,2025-04-27,2026-08-26,5,491,24,0
C11047,2026-08-31,2025-05-05,2026-08-28,3,483,26,0
C11048,2026-08-31,2025-07-05,2026-02-27,185,422,10,1
C11049,2026-08-31,2025-01-10,2026-06-28,64,598,13,0
C11050,2026-08-31,2025-08-01,2026-07-18,44,395,13,0
C11051,2026-08-31,2026-05-29,2026-08-28,3,94,5,0
C11052,2026-08-31,2025-03-29,2026-05-04,119,520,47,1
C11053,2026-08-31,2024-09-28,2026-08-11,20,702,48,0
C11054,2026-08-31,2025-09-16,2026-08-30,1,349,20,0
C11055,2026-08-31,2026-06-14,2026-08-18,13,78,5,0
C11056,2026-08-31,2026-05-18,2026-05-29,94,105,3,1
C11057,2026-08-31,2025-01-13,2026-08-06,25,595,17,0
C11058,2026-08-31,2025-05-31,2026-04-26,127,457,17,1
C11059,2026-08-31,2024-12-13,2026-03-04,180,626,22,1
C11060,2026-08-31,2025-12-22,2026-04-15,138,252,3,1
C11061,2026-08-31,2025-02-24,2026-08-24,7,553,34,0
C11062,2026-08-31,2025-10-24,2026-06-12,80,311,5,0
C11063,2026-08-31,2024-12-01,2026-07-11,51,638,20,0
C11064,2026-08-31,2024-12-10,2026-08-14,17,629,35,0
C11065,2026-08-31,2025-02-01,2025-12-06,268,576,14,1
C11066,2026-08-31,2025-12-22,2026-06-26,66,252,6,0
C11067,2026-08-31,2025-11-29,2026-08-30,1,275,7,0
C11068,2026-08-31,2025-04-24,2026-08-30,1,494,13,0
C11069,2026-08-31,2025-11-25,2026-07-27,35,279,7,0
C11070,2026-08-31,2025-09-21,2025-12-10,264,344,3,1
C11071,2026-08-31,2025-01-21,2026-08-31,0,587,68,0
C11072,2026-08-31,2024-11-16,2026-03-25,159,653,18,1
C11073,2026-08-31,2024-11-01,2026-05-09,114,668,13,1
C11074,2026-08-31,2025-05-16,2026-08-21,10,472,9,0
C11075,2026-08-31,2024-11-29,2026-08-30,1,640,91,0
C11076,2026-08-31,2025-05-02,2026-08-27,4,486,32,0
C11077,2026-08-31,2025-02-02,2026-07-23,39,575,8,0
C11078,2026-08-31,2025-03-14,2026-07-17,45,535,29,0
C11079,2026-08-31,2025-04-06,2026-06-22,70,512,10,0
C11080,2026-08-31,2025-08-29,2026-08-10,21,367,8,0
C11081,2026-08-31,2025-08-06,2026-08-29,2,390,18,0
C11082,2026-08-31,2026-01-23,2026-07-03,59,220,5,0
C11083,2026-08-31,2026-07-02,2026-08-30,1,60,5,0
C11084,2026-08-31,2025-03-22,2026-08-02,29,527,30,0
C11085,2026-08-31,2026-06-15,2026-08-28,3,77,5,0
C11086,2026-08-31,2024-12-15,2026-08-29,2,624,87,0
C11087,2026-08-31,2025-01-24,2026-04-14,139,584,16,1
C11088,2026-08-31,2025-09-12,2026-08-25,6,353,9,0
C11089,2026-08-31,2025-04-27,2026-07-21,41,491,28,0
C11090,2026-08-31,2025-04-10,2026-08-26,5,508,20,0
C11091,2026-08-31,2026-01-08,2026-06-21,71,235,5,0
C11092,2026-08-31,2024-11-22,2026-08-15,16,647,12,0
C11093,2026-08-31,2025-06-17,2026-08-31,0,440,33,0
C11094,2026-08-31,2025-07-17,2026-08-01,30,410,23,0
C11095,2026-08-31,2025-02-09,2026-08-21,10,568,28,0
C11096,2026-08-31,2026-05-17,2026-08-30,1,106,4,0
C11097,2026-08-31,2025-10-21,2026-02-21,191,314,8,1
C11098,2026-08-31,2025-03-29,2026-07-26,36,520,10,0
C11099,2026-08-31,2025-06-14,2026-08-08,23,443,25,0
C11100,2026-08-31,2026-04-05,2026-05-15,108,148,3,1
C11101,2026-08-31,2025-04-08,2026-02-08,204,510,13,1
C11102,2026-08-31,2026-06-08,2026-08-30,1,84,7,0
C11103,2026-08-31,2025-06-03,2026-08-28,3,454,64,0
C11104,2026-08-31,2024-10-16,2026-08-29,2,684,31,0
C11105,2026-08-31,2024-11-29,2026-08-28,3,640,83,0
C11106,2026-08-31,2025-05-17,2026-08-24,7,471,11,0
C11107,2026-08-31,2024-12-07,2025-12-14,260,632,13,1
C11108,2026-08-31,2025-01-27,2026-08-16,15,581,29,0
C11109,2026-08-31,2024-12-01,2026-08-29,2,638,83,0
C11110,2026-08-31,2025-03-13,2026-06-29,63,536,4,0
C11111,2026-08-31,2025-08-09,2026-08-31,0,387,19,0
C11112,2026-08-31,2025-04-24,2026-05-28,95,494,15,1
C11113,2026-08-31,2024-09-13,2026-07-12,50,717,28,0
C11114,2026-08-31,2026-06-12,2026-08-23,8,80,6,0
C11115,2026-08-31,2024-11-28,2026-08-24,7,641,34,0
C11116,2026-08-31,2025-04-08,2025-12-23,251,510,8,1
C11117,2026-08-31,2025-11-20,2026-07-27,35,284,7,0
C11118,2026-08-31,2025-09-21,2025-12-07,267,344,3,1
C11119,2026-08-31,2026-04-26,2026-08-23,8,127,11,0
C11120,2026-08-31,2025-04-15,2026-04-24,129,503,12,1
C11121,2026-08-31,2024-11-15,2026-08-25,6,654,28,0
C11122,2026-08-31,2025-08-16,2026-06-21,71,380,7,0
C11123,2026-08-31,2025-03-29,2026-08-28,3,520,31,0
C11124,2026-08-31,2024-12-21,2026-08-23,8,618,77,0
C11125,2026-08-31,2025-03-12,2026-08-21,10,537,31,0
C11126,2026-08-31,2025-12-24,2026-08-30,1,250,8,0
C11127,2026-08-31,2024-12-05,2026-08-29,2,634,47,0
C11128,2026-08-31,2025-09-05,2026-06-25,67,360,11,0
C11129,2026-08-31,2024-09-29,2026-06-16,76,701,16,0
C11130,2026-08-31,2025-01-11,2026-08-24,7,597,35,0
C11131,2026-08-31,2024-09-27,2026-08-30,1,703,25,0
C11132,2026-08-31,2026-05-16,2026-07-15,47,107,4,0
C11133,2026-08-31,2025-05-23,2026-07-11,51,465,6,0
C11134,2026-08-31,2025-06-15,2026-08-16,15,442,27,0
C11135,2026-08-31,2024-10-02,2026-05-21,102,698,20,1
C11136,2026-08-31,2025-06-06,2026-08-03,28,451,8,0
C11137,2026-08-31,2025-02-27,2026-03-08,176,550,7,1
C11138,2026-08-31,2025-05-01,2026-08-24,7,487,37,0
C11139,2026-08-31,2025-03-06,2026-07-30,32,543,25,0
C11140,2026-08-31,2025-11-17,2026-03-06,178,287,4,1
C11141,2026-08-31,2024-12-14,2026-08-03,28,625,94,0
C11142,2026-08-31,2026-04-26,2026-05-22,101,127,3,1
C11143,2026-08-31,2025-05-11,2026-05-06,117,477,10,1
C11144,2026-08-31,2025-06-02,2026-08-16,15,455,22,0
C11145,2026-08-31,2026-02-20,2026-07-02,60,192,5,0
C11146,2026-08-31,2025-11-27,2025-12-14,260,277,3,1
C11147,2026-08-31,2024-10-01,2026-08-27,4,699,34,0
C11148,2026-08-31,2024-10-24,2025-06-22,435,676,9,1
C11149,2026-08-31,2024-10-26,2026-04-30,123,674,20,1
C11150,2026-08-31,2026-04-24,2026-05-31,92,129,4,1
C11151,2026-08-31,2025-03-26,2026-08-01,30,523,26,0
C11152,2026-08-31,2025-09-07,2026-06-04,88,358,6,0
C11153,2026-08-31,2024-09-02,2026-08-31,0,728,108,0
C11154,2026-08-31,2025-12-22,2026-06-27,65,252,4,0
C11155,2026-08-31,2024-11-22,2026-04-06,147,647,25,1
C11156,2026-08-31,2026-03-11,2026-05-10,113,173,3,1
C11157,2026-08-31,2025-01-15,2026-08-26,5,593,70,0
C11158,2026-08-31,2025-07-11,2026-07-31,31,416,17,0
C11159,2026-08-31,2025-02-04,2026-08-26,5,573,30,0
C11160,2026-08-31,2025-04-17,2026-03-31,153,501,9,1
C11161,2026-08-31,2026-07-02,2026-08-10,21,60,3,0
C11162,2026-08-31,2024-12-26,2026-04-04,149,613,10,1
C11163,2026-08-31,2025-02-24,2026-08-24,7,553,12,0
C11164,2026-08-31,2025-08-12,2026-07-28,34,384,10,0
C11165,2026-08-31,2024-09-03,2026-08-22,9,727,80,0
C11166,2026-08-31,2026-02-13,2026-08-28,3,199,7,0
C11167,2026-08-31,2026-05-03,2026-05-30,93,120,3,1
C11168,2026-08-31,2026-05-22,2026-08-27,4,101,14,0
C11169,2026-08-31,2024-10-12,2026-08-31,0,688,91,0
C11170,2026-08-31,2025-03-25,2026-08-04,27,524,22,0
C11171,2026-08-31,2026-04-19,2026-08-23,8,134,7,0
C11172,2026-08-31,2025-12-31,2026-04-14,139,243,3,1
C11173,2026-08-31,2025-01-28,2025-12-26,248,580,16,1
C11174,2026-08-31,2024-09-25,2026-08-29,2,705,90,0
C11175,2026-08-31,2025-02-20,2026-08-31,0,557,40,0
C11176,2026-08-31,2025-01-19,2026-08-23,8,589,35,0
C11177,2026-08-31,2026-04-01,2026-08-31,0,152,10,0
C11178,2026-08-31,2025-04-26,2026-08-30,1,492,29,0
C11179,2026-08-31,2024-10-28,2026-06-23,69,672,15,0
C11180,2026-08-31,2024-11-23,2026-08-14,17,646,66,0
C11181,2026-08-31,2025-09-25,2026-06-29,63,340,19,0
C11182,2026-08-31,2025-10-01,2026-06-04,88,334,14,0
C11183,2026-08-31,2026-04-25,2026-08-14,17,128,4,0
C11184,2026-08-31,2024-11-09,2026-08-10,21,660,71,0
C11185,2026-08-31,2024-11-30,2026-07-15,47,639,79,0
C11186,2026-08-31,2024-11-08,2026-08-03,28,661,34,0
C11187,2026-08-31,2024-12-08,2026-07-09,53,631,37,0
C11188,2026-08-31,2024-10-16,2026-07-26,36,684,34,0
C11189,2026-08-31,2025-04-01,2026-08-07,24,517,21,0
C11190,2026-08-31,2025-05-30,2026-08-20,11,458,23,0
C11191,2026-08-31,2025-10-04,2026-07-12,50,331,7,0
C11192,2026-08-31,2025-10-26,2026-08-18,13,309,8,0
C11193,2026-08-31,2024-11-28,2026-08-29,2,641,68,0
C11194,2026-08-31,2024-11-16,2025-12-14,260,653,13,1
C11195,2026-08-31,2025-04-09,2026-07-08,54,509,12,0
C11196,2026-08-31,2025-06-10,2026-06-26,66,447,11,0
C11197,2026-08-31,2024-11-11,2026-08-02,29,658,14,0
C11198,2026-08-31,2025-04-12,2026-06-21,71,506,9,0
C11199,2026-08-31,2025-01-26,2026-08-31,0,582,14,0
C11200,2026-08-31,2025-04-17,2026-08-02,29,501,82,0
C11201,2026-08-31,2025-12-03,2026-07-05,57,271,10,0
C11202,2026-08-31,2024-12-18,2026-08-31,0,621,31,0
C11203,2026-08-31,2024-09-21,2026-08-20,11,709,93,0
C11204,2026-08-31,2024-09-07,2026-08-29,2,723,42,0
C11205,2026-08-31,2025-08-21,2026-07-21,41,375,18,0
C11206,2026-08-31,2025-05-17,2026-07-15,47,471,22,0
C11207,2026-08-31,2024-10-19,2026-04-03,150,681,14,1
C11208,2026-08-31,2025-02-09,2026-08-11,20,568,7,0
C11209,2026-08-31,2025-03-29,2026-08-24,7,520,29,0
C11210,2026-08-31,2025-04-06,2026-08-23,8,512,28,0
C11211,2026-08-31,2025-05-02,2026-08-29,2,486,39,0
C11212,2026-08-31,2024-12-04,2025-09-23,342,635,37,1
C11213,2026-08-31,2025-10-12,2026-08-15,16,323,11,0
C11214,2026-08-31,2026-04-15,2026-08-08,23,138,4,0
C11215,2026-08-31,2025-04-13,2026-07-26,36,505,8,0
C11216,2026-08-31,2025-05-17,2026-07-11,51,471,23,0
C11217,2026-08-31,2024-09-07,2026-08-29,2,723,37,0
C11218,2026-08-31,2025-10-29,2026-07-24,38,306,14,0
C11219,2026-08-31,2026-05-21,2026-05-29,94,102,3,1
C11220,2026-08-31,2025-09-17,2026-07-08,54,348,8,0
C11221,2026-08-31,2025-01-17,2025-12-07,267,591,12,1
C11222,2026-08-31,2026-02-13,2026-04-22,131,199,3,1
C11223,2026-08-31,2024-09-14,2026-04-06,147,716,27,1
C11224,2026-08-31,2025-07-19,2026-06-28,64,408,20,0
C11225,2026-08-31,2026-03-04,2026-08-02,29,180,4,0
C11226,2026-08-31,2025-01-16,2026-08-21,10,592,73,0
C11227,2026-08-31,2024-09-18,2026-02-05,207,712,49,1
C11228,2026-08-31,2025-04-28,2026-08-20,11,490,18,0
C11229,2026-08-31,2026-05-30,2026-07-26,36,93,4,0
C11230,2026-08-31,2025-08-22,2026-08-06,25,374,24,0
C11231,2026-08-31,2024-09-03,2026-08-27,4,727,80,0
C11232,2026-08-31,2025-04-27,2026-03-01,183,491,6,1
C11233,2026-08-31,2025-01-24,2026-05-02,121,584,11,1
C11234,2026-08-31,2025-06-27,2026-03-24,160,430,14,1
C11235,2026-08-31,2025-09-12,2026-08-17,14,353,13,0
C11236,2026-08-31,2025-01-04,2026-04-29,124,604,22,1
C11237,2026-08-31,2025-04-18,2026-03-14,170,500,19,1
C11238,2026-08-31,2024-10-25,2026-08-30,1,675,29,0
C11239,2026-08-31,2025-07-03,2026-05-14,109,424,12,1
C11240,2026-08-31,2025-04-14,2025-08-14,382,504,3,1
C11241,2026-08-31,2026-03-04,2026-07-30,32,180,8,0
C11242,2026-08-31,2026-02-28,2026-07-26,36,184,6,0
C11243,2026-08-31,2025-03-02,2026-08-15,16,547,32,0
C11244,2026-08-31,2025-06-28,2026-08-01,30,429,10,0
C11245,2026-08-31,2024-09-17,2026-08-20,11,713,37,0
C11246,2026-08-31,2025-03-23,2026-08-28,3,526,25,0
C11247,2026-08-31,2026-06-28,2026-08-27,4,64,6,0
C11248,2026-08-31,2024-09-17,2026-07-30,32,713,28,0
C11249,2026-08-31,2025-04-29,2026-07-20,42,489,18,0
C11250,2026-08-31,2024-09-14,2026-08-16,15,716,39,0
C11251,2026-08-31,2025-01-28,2026-04-19,134,580,24,1
C11252,2026-08-31,2026-01-26,2026-08-26,5,217,9,0
C11253,2026-08-31,2025-09-20,2026-08-21,10,345,24,0
C11254,2026-08-31,2024-10-08,2026-04-22,131,692,12,1
C11255,2026-08-31,2025-08-14,2026-03-10,174,382,4,1
C11256,2026-08-31,2025-06-28,2026-08-29,2,429,27,0
C11257,2026-08-31,2024-10-23,2026-08-26,5,677,40,0
C11258,2026-08-31,2025-04-20,2026-08-29,2,498,76,0
C11259,2026-08-31,2024-11-15,2026-08-01,30,654,8,0
C11260,2026-08-31,2026-03-19,2026-03-28,156,165,3,1
C11261,2026-08-31,2025-01-10,2026-08-24,7,598,29,0
C11262,2026-08-31,2025-10-03,2026-08-25,6,332,9,0
C11263,2026-08-31,2024-11-05,2026-08-03,28,664,8,0
C11264,2026-08-31,2024-12-11,2026-07-18,44,628,68,0
C11265,2026-08-31,2025-02-22,2026-07-26,36,555,31,0
C11266,2026-08-31,2024-11-16,2026-08-16,15,653,7,0
C11267,2026-08-31,2025-01-13,2026-08-21,10,595,19,0
C11268,2026-08-31,2025-08-03,2026-08-18,13,393,25,0
C11269,2026-08-31,2025-03-14,2026-01-10,233,535,8,1
C11270,2026-08-31,2026-03-20,2026-07-25,37,164,6,0
C11271,2026-08-31,2025-02-07,2026-08-02,29,570,59,0
C11272,2026-08-31,2025-04-27,2026-08-16,15,491,58,0
C11273,2026-08-31,2025-05-19,2026-07-06,56,469,10,0
C11274,2026-08-31,2025-02-02,2026-08-07,24,575,32,0
C11275,2026-08-31,2025-08-03,2026-08-25,6,393,4,0
C11276,2026-08-31,2025-11-25,2025-12-20,254,279,3,1
C11277,2026-08-31,2024-10-26,2026-05-02,121,674,32,1
C11278,2026-08-31,2025-06-22,2026-08-14,17,435,24,0
C11279,2026-08-31,2025-06-18,2026-02-04,208,439,5,1
C11280,2026-08-31,2025-03-26,2025-09-20,345,523,4,1
C11281,2026-08-31,2025-12-21,2026-08-12,19,253,5,0
C11282,2026-08-31,2025-06-27,2026-06-15,77,430,10,0
C11283,2026-08-31,2024-12-28,2026-08-31,0,611,28,0
C11284,2026-08-31,2025-04-19,2026-03-17,167,499,19,1
C11285,2026-08-31,2025-04-04,2026-08-27,4,514,32,0
C11286,2026-08-31,2025-12-20,2026-08-22,9,254,7,0
C11287,2026-08-31,2025-01-19,2026-07-12,50,589,7,0
C11288,2026-08-31,2025-12-12,2026-01-15,228,262,3,1
C11289,2026-08-31,2025-03-11,2026-04-04,149,538,18,1
C11290,2026-08-31,2026-01-07,2026-06-14,78,236,7,0
C11291,2026-08-31,2025-10-08,2026-08-12,19,327,17,0
C11292,2026-08-31,2024-11-08,2026-08-17,14,661,38,0
C11293,2026-08-31,2026-04-24,2026-05-29,94,129,3,1
C11294,2026-08-31,2025-05-12,2026-08-29,2,476,65,0
C11295,2026-08-31,2025-08-27,2026-06-11,81,369,19,0
C11296,2026-08-31,2025-05-29,2026-08-27,4,459,51,0
C11297,2026-08-31,2024-11-13,2026-08-12,19,656,39,0
C11298,2026-08-31,2025-11-15,2026-04-13,140,289,4,1
C11299,2026-08-31,2025-01-25,2026-08-08,23,583,34,0
C11300,2026-08-31,2024-09-08,2026-04-06,147,722,16,1
C11301,2026-08-31,2024-10-03,2026-08-31,0,697,81,0
C11302,2026-08-31,2026-02-14,2026-08-18,13,198,9,0
C11303,2026-08-31,2025-08-12,2026-03-31,153,384,7,1
C11304,2026-08-31,2025-04-01,2025-12-06,268,517,11,1
C11305,2026-08-31,2025-07-29,2026-05-15,108,398,8,1
C11306,2026-08-31,2026-06-29,2026-07-26,36,63,3,0
C11307,2026-08-31,2024-09-03,2026-03-17,167,727,17,1
C11308,2026-08-31,2026-04-18,2026-07-29,33,135,8,0
C11309,2026-08-31,2026-06-06,2026-06-21,71,86,3,0
C11310,2026-08-31,2025-07-07,2026-03-29,155,420,10,1
C11311,2026-08-31,2025-06-03,2026-08-29,2,454,52,0
C11312,2026-08-31,2025-01-03,2026-08-10,21,605,31,0
C11313,2026-08-31,2026-06-27,2026-08-30,1,65,5,0
C11314,2026-08-31,2024-11-02,2026-08-09,22,667,16,0
C11315,2026-08-31,2025-03-22,2026-08-02,29,527,26,0
C11316,2026-08-31,2024-11-16,2026-08-08,23,653,12,0
C11317,2026-08-31,2026-01-20,2026-07-27,35,223,6,0
C11318,2026-08-31,2026-04-17,2026-07-25,37,136,5,0
C11319,2026-08-31,2025-09-03,2026-08-15,16,362,16,0
C11320,2026-08-31,2024-12-31,2026-02-25,187,608,17,1
C11321,2026-08-31,2024-09-06,2026-07-12,50,724,35,0
C11322,2026-08-31,2024-12-05,2026-08-18,13,634,38,0
C11323,2026-08-31,2025-08-26,2026-08-27,4,370,23,0
C11324,2026-08-31,2024-11-10,2026-08-31,0,659,13,0
C11325,2026-08-31,2025-11-08,2026-02-09,203,296,3,1
C11326,2026-08-31,2025-01-30,2026-08-22,9,578,28,0
C11327,2026-08-31,2025-10-30,2026-08-19,12,305,4,0
C11328,2026-08-31,2025-04-07,2026-07-02,60,511,16,0
C11329,2026-08-31,2025-05-09,2026-08-21,10,479,61,0
C11330,2026-08-31,2025-08-28,2025-10-19,316,368,3,1
C11331,2026-08-31,2024-10-25,2026-08-22,9,675,9,0
C11332,2026-08-31,2024-09-10,2026-08-10,21,720,33,0
C11333,2026-08-31,2025-03-22,2026-08-31,0,527,32,0
C11334,2026-08-31,2025-05-13,2026-04-26,127,475,15,1
C11335,2026-08-31,2024-11-01,2026-08-14,17,668,34,0
C11336,2026-08-31,2025-01-26,2026-07-18,44,582,24,0
C11337,2026-08-31,2025-08-23,2026-03-03,181,373,8,1
C11338,2026-08-31,2025-11-19,2026-08-18,13,285,6,0
C11339,2026-08-31,2024-09-28,2026-08-09,22,702,105,0
C11340,2026-08-31,2024-12-08,2026-07-18,44,631,13,0
C11341,2026-08-31,2026-05-05,2026-08-29,2,118,6,0
C11342,2026-08-31,2026-02-09,2026-06-25,67,203,7,0
C11343,2026-08-31,2024-12-18,2026-08-25,6,621,79,0
C11344,2026-08-31,2025-10-31,2026-05-04,119,304,12,1
C11345,2026-08-31,2026-05-03,2026-05-27,96,120,3,1
C11346,2026-08-31,2025-04-01,2026-02-20,192,517,15,1
C11347,2026-08-31,2024-10-09,2026-08-26,5,691,36,0
C11348,2026-08-31,2026-03-10,2026-07-28,34,174,7,0
C11349,2026-08-31,2025-11-29,2026-08-19,12,275,14,0
C11350,2026-08-31,2025-09-25,2026-07-29,33,340,9,0
C11351,2026-08-31,2026-03-22,2026-05-29,94,162,3,1
C11352,2026-08-31,2025-01-08,2026-08-28,3,600,24,0
C11353,2026-08-31,2025-03-18,2026-07-31,31,531,17,0
C11354,2026-08-31,2024-12-14,2026-08-03,28,625,14,0
C11355,2026-08-31,2025-01-17,2026-05-04,119,591,16,1
C11356,2026-08-31,2026-05-12,2026-08-31,0,111,8,0
C11357,2026-08-31,2026-04-09,2026-05-09,114,144,3,1
C11358,2026-08-31,2024-12-11,2026-03-20,164,628,18,1
C11359,2026-08-31,2025-06-11,2026-01-22,221,446,17,1
C11360,2026-08-31,2025-05-03,2025-10-29,306,485,4,1
C11361,2026-08-31,2025-06-10,2026-08-14,17,447,25,0
C11362,2026-08-31,2025-08-02,2026-08-24,7,394,7,0
C11363,2026-08-31,2025-02-06,2026-04-27,126,571,20,1
C11364,2026-08-31,2024-11-23,2026-08-26,5,646,34,0
C11365,2026-08-31,2025-02-17,2026-08-09,22,560,32,0
C11366,2026-08-31,2025-03-15,2026-07-30,32,534,47,0
C11367,2026-08-31,2024-12-25,2026-08-12,19,614,25,0
C11368,2026-08-31,2025-08-30,2026-08-07,24,366,6,0
C11369,2026-08-31,2025-02-10,2026-08-19,12,567,74,0
C11370,2026-08-31,2025-09-27,2026-08-23,8,338,12,0
C11371,2026-08-31,2024-09-15,2025-10-30,305,715,20,1
C11372,2026-08-31,2025-07-20,2026-08-29,2,407,23,0
C11373,2026-08-31,2024-09-07,2025-11-16,288,723,25,1
C11374,2026-08-31,2024-09-14,2026-08-29,2,716,102,0
C11375,2026-08-31,2025-05-18,2026-08-29,2,470,60,0
C11376,2026-08-31,2024-12-14,2026-08-11,20,625,30,0
C11377,2026-08-31,2024-11-18,2026-07-15,47,651,10,0
C11378,2026-08-31,2025-12-02,2026-08-26,5,272,5,0
C11379,2026-08-31,2025-04-04,2026-06-05,87,514,5,0
C11380,2026-08-31,2026-04-26,2026-08-14,17,127,4,0
C11381,2026-08-31,2025-07-30,2026-07-10,52,397,18,0
C11382,2026-08-31,2025-12-09,2026-05-20,103,265,3,1
C11383,2026-08-31,2025-09-10,2026-06-07,85,355,8,0
C11384,2026-08-31,2024-09-01,2026-08-08,23,729,40,0
C11385,2026-08-31,2025-01-03,2026-08-27,4,605,44,0
C11386,2026-08-31,2025-06-07,2025-12-20,254,450,10,1
C11387,2026-08-31,2025-01-25,2026-08-23,8,583,18,0
C11388,2026-08-31,2025-02-06,2026-08-28,3,571,18,0
C11389,2026-08-31,2025-08-05,2026-07-26,36,391,9,0
C11390,2026-08-31,2025-02-16,2026-08-30,1,561,26,0
C11391,2026-08-31,2026-06-02,2026-08-06,25,90,6,0
C11392,2026-08-31,2025-03-01,2026-05-02,121,548,21,1
C11393,2026-08-31,2024-11-08,2026-08-30,1,661,66,0
C11394,2026-08-31,2025-12-30,2026-01-14,229,244,3,1
C11395,2026-08-31,2026-01-12,2026-08-17,14,231,6,0
C11396,2026-08-31,2024-12-16,2026-08-29,2,623,67,0
C11397,2026-08-31,2026-05-04,2026-08-28,3,119,5,0
C11398,2026-08-31,2025-09-22,2026-08-18,13,343,23,0
C11399,2026-08-31,2026-01-09,2026-08-19,12,234,8,0
C11400,2026-08-31,2024-11-08,2026-05-01,122,661,20,1
C11401,2026-08-31,2026-04-18,2026-08-20,11,135,4,0
C11402,2026-08-31,2024-12-31,2026-02-19,193,608,8,1
C11403,2026-08-31,2025-05-11,2026-08-23,8,477,61,0
C11404,2026-08-31,2025-06-16,2026-07-07,55,441,18,0
C11405,2026-08-31,2024-11-29,2026-08-28,3,640,34,0
C11406,2026-08-31,2024-10-27,2026-07-07,55,673,18,0
C11407,2026-08-31,2024-10-30,2026-07-10,52,670,18,0
C11408,2026-08-31,2025-07-30,2026-05-22,101,397,13,1
C11409,2026-08-31,2025-06-08,2026-05-01,122,449,11,1
C11410,2026-08-31,2025-01-29,2025-03-23,526,579,3,1
C11411,2026-08-31,2024-10-28,2026-01-04,239,672,22,1
C11412,2026-08-31,2026-05-05,2026-05-22,101,118,3,1
C11413,2026-08-31,2025-05-30,2026-05-10,113,458,14,1
C11414,2026-08-31,2026-05-09,2026-08-27,4,114,7,0
C11415,2026-08-31,2026-04-18,2026-05-03,120,135,3,1
C11416,2026-08-31,2026-03-25,2026-08-21,10,159,6,0
C11417,2026-08-31,2026-05-20,2026-08-02,29,103,7,0
C11418,2026-08-31,2025-04-08,2025-08-19,377,510,3,1
C11419,2026-08-31,2025-05-23,2026-08-27,4,465,19,0
C11420,2026-08-31,2025-03-16,2026-07-28,34,533,22,0
C11421,2026-08-31,2025-03-06,2026-08-28,3,543,74,0
C11422,2026-08-31,2025-03-20,2026-07-31,31,529,27,0
C11423,2026-08-31,2026-04-08,2026-07-12,50,145,8,0
C11424,2026-08-31,2025-05-05,2026-08-22,9,483,26,0
C11425,2026-08-31,2024-09-12,2026-06-21,71,718,14,0
C11426,2026-08-31,2026-04-25,2026-07-26,36,128,6,0
C11427,2026-08-31,2024-09-22,2026-05-09,114,708,20,1
C11428,2026-08-31,2025-05-12,2026-08-13,18,476,10,0
C11429,2026-08-31,2024-11-03,2026-05-03,120,666,17,1
C11430,2026-08-31,2024-11-08,2026-08-26,5,661,33,0
C11431,2026-08-31,2024-10-20,2026-08-15,16,680,19,0
C11432,2026-08-31,2025-04-17,2026-08-30,1,501,44,0
C11433,2026-08-31,2025-12-08,2026-08-09,22,266,4,0
C11434,2026-08-31,2026-01-18,2026-07-23,39,225,5,0
C11435,2026-08-31,2024-09-03,2026-08-24,7,727,30,0
C11436,2026-08-31,2025-01-16,2026-08-24,7,592,25,0
C11437,2026-08-31,2026-04-29,2026-08-29,2,124,8,0
C11438,2026-08-31,2026-03-08,2026-07-25,37,176,4,0
C11439,2026-08-31,2026-04-12,2026-08-30,1,141,5,0
C11440,2026-08-31,2024-11-17,2026-08-31,0,652,78,0
C11441,2026-08-31,2024-12-15,2026-04-22,131,624,23,1
C11442,2026-08-31,2025-09-17,2026-08-12,19,348,7,0
C11443,2026-08-31,2026-05-20,2026-07-31,31,103,7,0
C11444,2026-08-31,2025-05-30,2026-08-12,19,458,53,0
C11445,2026-08-31,2025-08-16,2026-07-31,31,380,9,0
C11446,2026-08-31,2026-06-24,2026-06-28,64,68,3,0
C11447,2026-08-31,2025-02-07,2026-07-12,50,570,26,0
C11448,2026-08-31,2024-09-14,2026-08-14,17,716,35,0
C11449,2026-08-31,2025-06-04,2026-08-01,30,453,64,0
C11450,2026-08-31,2024-11-01,2026-07-17,45,668,41,0
C11451,2026-08-31,2025-03-26,2026-06-15,77,523,14,0
C11452,2026-08-31,2026-07-04,2026-08-30,1,58,6,0
C11453,2026-08-31,2025-01-14,2026-08-19,12,594,74,0
C11454,2026-08-31,2024-12-14,2026-07-04,58,625,25,0
C11455,2026-08-31,2024-11-09,2026-02-03,209,660,18,1
C11456,2026-08-31,2025-12-02,2026-08-25,6,272,8,0
C11457,2026-08-31,2025-10-03,2025-12-09,265,332,3,1
C11458,2026-08-31,2024-09-10,2026-08-31,0,720,80,0
C11459,2026-08-31,2024-11-02,2026-08-04,27,667,25,0
C11460,2026-08-31,2026-06-17,2026-08-22,9,75,6,0
C11461,2026-08-31,2024-09-12,2026-08-31,0,718,40,0
C11462,2026-08-31,2025-04-21,2026-04-17,136,497,10,1
C11463,2026-08-31,2024-11-15,2026-08-28,3,654,89,0
C11464,2026-08-31,2024-12-27,2026-03-19,165,612,16,1
C11465,2026-08-31,2025-04-23,2026-07-05,57,495,10,0
C11466,2026-08-31,2025-06-01,2026-03-19,165,456,17,1
C11467,2026-08-31,2025-05-31,2026-08-21,10,457,7,0
C11468,2026-08-31,2025-12-24,2026-08-19,12,250,8,0
C11469,2026-08-31,2024-12-29,2026-06-26,66,610,12,0
C11470,2026-08-31,2025-05-24,2026-02-18,194,464,12,1
C11471,2026-08-31,2026-05-07,2026-05-29,94,116,3,1
C11472,2026-08-31,2024-12-08,2026-08-28,3,631,71,0
C11473,2026-08-31,2024-10-26,2026-06-18,74,674,16,0
C11474,2026-08-31,2025-11-07,2026-08-21,10,297,8,0
C11475,2026-08-31,2024-11-01,2026-08-21,10,668,86,0
C11476,2026-08-31,2024-09-02,2026-08-28,3,728,102,0
C11477,2026-08-31,2025-01-15,2026-05-06,117,593,15,1
C11478,2026-08-31,2024-10-11,2026-08-21,10,689,39,0
C11479,2026-08-31,2026-04-19,2026-08-09,22,134,5,0
C11480,2026-08-31,2025-06-17,2026-05-07,116,440,13,1
C11481,2026-08-31,2025-11-16,2026-06-24,68,288,6,0
C11482,2026-08-31,2024-09-01,2026-08-20,11,729,42,0
C11483,2026-08-31,2024-10-20,2026-07-26,36,680,15,0
C11484,2026-08-31,2025-07-23,2026-08-01,30,404,9,0
C11485,2026-08-31,2024-12-02,2026-08-01,30,637,27,0
C11486,2026-08-31,2025-02-18,2026-08-28,3,559,72,0
C11487,2026-08-31,2026-03-01,2026-07-14,48,183,7,0
C11488,2026-08-31,2024-12-07,2026-01-02,241,632,12,1
C11489,2026-08-31,2025-03-22,2026-08-22,9,527,14,0
C11490,2026-08-31,2025-03-04,2026-08-31,0,545,25,0
C11491,2026-08-31,2025-12-27,2026-07-26,36,247,7,0
C11492,2026-08-31,2024-10-25,2026-07-09,53,675,47,0
C11493,2026-08-31,2024-11-29,2026-07-21,41,640,80,0
C11494,2026-08-31,2026-05-22,2026-08-31,0,101,4,0
C11495,2026-08-31,2026-06-25,2026-08-10,21,67,3,0
C11496,2026-08-31,2026-07-01,2026-07-22,40,61,5,0
C11497,2026-08-31,2024-09-06,2026-07-09,53,724,28,0
C11498,2026-08-31,2024-12-29,2026-08-03,28,610,17,0
C11499,2026-08-31,2025-03-09,2026-08-27,4,540,28,0
C11500,2026-08-31,2025-04-11,2026-05-04,119,507,22,1
C11501,2026-08-31,2024-11-04,2026-08-27,4,665,73,0
C11502,2026-08-31,2026-03-06,2026-04-06,147,178,3,1
C11503,2026-08-31,2025-09-13,2026-07-01,61,352,6,0
C11504,2026-08-31,2024-11-05,2026-08-31,0,664,39,0
C11505,2026-08-31,2026-06-02,2026-07-28,34,90,6,0
C11506,2026-08-31,2026-05-07,2026-08-30,1,116,7,0
C11507,2026-08-31,2024-11-27,2026-04-25,128,642,23,1
C11508,2026-08-31,2024-12-14,2026-02-16,196,625,16,1
C11509,2026-08-31,2025-09-30,2026-08-28,3,335,16,0
C11510,2026-08-31,2025-03-02,2026-04-27,126,547,16,1
C11511,2026-08-31,2024-11-16,2026-05-12,111,653,8,1
C11512,2026-08-31,2026-04-04,2026-08-06,25,149,4,0
C11513,2026-08-31,2025-11-26,2026-01-22,221,278,3,1
C11514,2026-08-31,2025-04-30,2026-08-16,15,488,12,0
C11515,2026-08-31,2025-07-05,2026-08-31,0,422,70,0
C11516,2026-08-31,2024-09-09,2026-08-29,2,721,101,0
C11517,2026-08-31,2024-09-06,2026-02-27,185,724,20,1
C11518,2026-08-31,2024-09-28,2026-03-18,166,702,26,1
C11519,2026-08-31,2025-10-05,2026-07-28,34,330,20,0
C11520,2026-08-31,2025-10-21,2026-07-10,52,314,11,0
C11521,2026-08-31,2026-02-16,2026-03-26,158,196,3,1
C11522,2026-08-31,2025-05-23,2026-08-17,14,465,25,0
C11523,2026-08-31,2025-09-21,2026-08-19,12,344,17,0
C11524,2026-08-31,2025-01-03,2026-07-12,50,605,8,0
C11525,2026-08-31,2026-04-07,2026-08-01,30,146,6,0
C11526,2026-08-31,2026-04-05,2026-07-17,45,148,5,0
C11527,2026-08-31,2024-09-16,2026-04-21,132,714,30,1
C11528,2026-08-31,2024-09-08,2026-08-29,2,722,38,0
C11529,2026-08-31,2025-12-15,2026-08-08,23,259,5,0
C11530,2026-08-31,2026-01-03,2026-08-18,13,240,6,0
C11531,2026-08-31,2026-04-11,2026-08-22,9,142,8,0
C11532,2026-08-31,2024-09-05,2026-08-27,4,725,104,0
C11533,2026-08-31,2025-07-30,2026-08-21,10,397,23,0
C11534,2026-08-31,2024-12-28,2026-08-30,1,611,28,0
C11535,2026-08-31,2026-03-14,2026-05-01,122,170,3,1
C11536,2026-08-31,2025-03-31,2026-08-10,21,518,11,0
C11537,2026-08-31,2025-09-17,2026-07-15,47,348,8,0
C11538,2026-08-31,2025-03-20,2026-07-02,60,529,26,0
C11539,2026-08-31,2024-10-10,2026-01-05,238,690,19,1
C11540,2026-08-31,2025-12-27,2026-07-24,38,247,7,0
C11541,2026-08-31,2024-11-16,2026-08-22,9,653,28,0
C11542,2026-08-31,2025-08-28,2026-08-24,7,368,23,0
C11543,2026-08-31,2025-07-19,2026-07-02,60,408,14,0
C11544,2026-08-31,2024-12-05,2026-08-31,0,634,34,0
C11545,2026-08-31,2025-02-12,2026-08-19,12,565,58,0
C11546,2026-08-31,2025-02-17,2026-08-16,15,560,24,0
C11547,2026-08-31,2025-07-23,2026-08-26,5,404,11,0
C11548,2026-08-31,2025-05-26,2026-08-07,24,462,19,0
C11549,2026-08-31,2025-02-07,2026-07-31,31,570,30,0
C11550,2026-08-31,2026-06-05,2026-08-26,5,87,6,0
C11551,2026-08-31,2025-07-03,2026-08-26,5,424,24,0
C11552,2026-08-31,2025-09-29,2026-08-16,15,336,18,0
C11553,2026-08-31,2024-11-27,2026-03-20,164,642,13,1
C11554,2026-08-31,2026-01-04,2026-08-30,1,239,7,0
C11555,2026-08-31,2024-09-13,2026-08-14,17,717,13,0
C11556,2026-08-31,2025-01-25,2026-08-29,2,583,39,0
C11557,2026-08-31,2025-03-26,2026-03-01,183,523,4,1
C11558,2026-08-31,2026-04-12,2026-08-15,16,141,8,0
C11559,2026-08-31,2026-01-05,2026-08-31,0,238,7,0
C11560,2026-08-31,2025-05-03,2026-08-29,2,485,8,0
C11561,2026-08-31,2026-04-18,2026-08-01,30,135,5,0
C11562,2026-08-31,2026-03-03,2026-08-04,27,181,8,0
C11563,2026-08-31,2025-04-25,2026-08-30,1,493,12,0
C11564,2026-08-31,2025-10-19,2026-06-22,70,316,6,0
C11565,2026-08-31,2026-04-12,2026-07-18,44,141,4,0
C11566,2026-08-31,2024-09-05,2026-08-29,2,725,90,0
C11567,2026-08-31,2026-05-12,2026-05-30,93,111,3,1
C11568,2026-08-31,2026-05-15,2026-08-25,6,108,10,0
C11569,2026-08-31,2024-10-13,2026-06-27,65,687,15,0
C11570,2026-08-31,2025-05-23,2026-02-26,186,465,18,1
C11571,2026-08-31,2024-09-27,2026-08-19,12,703,33,0
C11572,2026-08-31,2025-05-26,2026-08-26,5,462,55,0
C11573,2026-08-31,2025-10-23,2026-06-02,90,312,5,0
C11574,2026-08-31,2026-04-09,2026-05-15,108,144,3,1
C11575,2026-08-31,2025-12-03,2026-07-12,50,271,4,0
C11576,2026-08-31,2026-06-22,2026-08-28,3,70,7,0
C11577,2026-08-31,2025-05-21,2026-07-31,31,467,9,0
C11578,2026-08-31,2025-02-15,2026-07-05,57,562,5,0
C11579,2026-08-31,2026-03-09,2026-04-16,137,175,3,1
C11580,2026-08-31,2024-12-28,2026-08-08,23,611,75,0
C11581,2026-08-31,2024-09-02,2026-05-25,98,728,34,1
C11582,2026-08-31,2025-01-13,2026-01-13,230,595,17,1
C11583,2026-08-31,2026-03-07,2026-06-25,67,177,5,0
C11584,2026-08-31,2024-11-03,2026-08-18,13,666,40,0
C11585,2026-08-31,2025-09-04,2026-06-05,87,361,6,0
C11586,2026-08-31,2026-05-15,2026-08-27,4,108,6,0
C11587,2026-08-31,2025-10-25,2026-08-23,8,310,16,0
C11588,2026-08-31,2025-06-06,2026-08-12,19,451,5,0
C11589,2026-08-31,2025-05-29,2026-08-30,1,459,71,0
C11590,2026-08-31,2025-10-24,2026-07-29,33,311,7,0
C11591,2026-08-31,2025-06-02,2026-04-26,127,455,10,1
C11592,2026-08-31,2024-12-01,2026-08-25,6,638,9,0
C11593,2026-08-31,2024-10-13,2026-08-22,9,687,48,0
C11594,2026-08-31,2025-08-20,2026-03-01,183,376,9,1
C11595,2026-08-31,2024-11-23,2026-05-20,103,646,30,1
C11596,2026-08-31,2025-04-16,2026-05-03,120,502,18,1
C11597,2026-08-31,2024-11-01,2025-07-31,396,668,10,1
C11598,2026-08-31,2026-02-16,2026-08-21,10,196,14,0
C11599,2026-08-31,2024-11-22,2026-04-26,127,647,19,1
C11600,2026-08-31,2026-06-20,2026-08-25,6,72,6,0
C11601,2026-08-31,2024-09-22,2026-07-25,37,708,31,0
C11602,2026-08-31,2025-03-15,2025-05-17,471,534,3,1
C11603,2026-08-31,2024-09-30,2026-08-22,9,700,35,0
C11604,2026-08-31,2024-11-14,2026-08-14,17,655,19,0
C11605,2026-08-31,2025-06-06,2026-08-07,24,451,38,0
C11606,2026-08-31,2025-05-31,2026-08-22,9,457,10,0
C11607,2026-08-31,2026-04-05,2026-08-26,5,148,7,0
C11608,2026-08-31,2026-01-26,2026-03-22,162,217,3,1
C11609,2026-08-31,2024-10-21,2026-04-08,145,679,30,1
C11610,2026-08-31,2025-01-05,2026-02-08,204,603,18,1
C11611,2026-08-31,2025-04-12,2026-01-17,226,506,7,1
C11612,2026-08-31,2025-02-17,2026-06-09,83,560,35,0
C11613,2026-08-31,2026-05-08,2026-08-27,4,115,7,0
C11614,2026-08-31,2025-03-14,2026-08-17,14,535,35,0
C11615,2026-08-31,2024-09-07,2026-08-20,11,723,51,0
C11616,2026-08-31,2025-06-26,2026-08-13,18,431,13,0
C11617,2026-08-31,2026-04-11,2026-07-09,53,142,5,0
C11618,2026-08-31,2024-12-02,2026-01-26,217,637,19,1
C11619,2026-08-31,2025-07-04,2026-07-15,47,423,13,0
C11620,2026-08-31,2025-09-26,2026-07-28,34,339,22,0
C11621,2026-08-31,2025-05-23,2026-05-04,119,465,16,1
C11622,2026-08-31,2025-06-20,2026-07-31,31,437,6,0
C11623,2026-08-31,2026-04-20,2026-08-30,1,133,9,0
C11624,2026-08-31,2026-02-27,2026-08-27,4,185,12,0
C11625,2026-08-31,2024-12-21,2026-08-10,21,618,12,0
C11626,2026-08-31,2024-10-23,2026-08-03,28,677,105,0
C11627,2026-08-31,2024-09-22,2026-08-21,10,708,88,0
C11628,2026-08-31,2024-10-29,2026-08-10,21,671,43,0
C11629,2026-08-31,2025-03-06,2026-08-29,2,543,54,0
C11630,2026-08-31,2025-03-23,2026-08-29,2,526,58,0
C11631,2026-08-31,2025-07-28,2025-09-18,347,399,3,1
C11632,2026-08-31,2025-03-28,2026-08-31,0,521,73,0
C11633,2026-08-31,2025-06-20,2026-07-19,43,437,4,0
C11634,2026-08-31,2025-09-06,2026-04-19,134,359,8,1
C11635,2026-08-31,2026-06-15,2026-08-21,10,77,4,0
C11636,2026-08-31,2025-01-04,2026-03-21,163,604,11,1
C11637,2026-08-31,2024-09-27,2026-08-26,5,703,29,0
C11638,2026-08-31,2024-10-05,2026-08-28,3,695,118,0
C11639,2026-08-31,2025-11-13,2026-01-18,225,291,3,1
C11640,2026-08-31,2025-07-26,2026-08-18,13,401,6,0
C11641,2026-08-31,2025-09-03,2026-07-30,32,362,9,0
C11642,2026-08-31,2024-09-22,2026-03-12,172,708,28,1
C11643,2026-08-31,2025-10-22,2026-08-28,3,313,6,0
C11644,2026-08-31,2024-09-04,2026-04-10,143,726,23,1
C11645,2026-08-31,2025-04-18,2026-08-22,9,500,30,0
C11646,2026-08-31,2025-02-07,2026-01-07,236,570,22,1
C11647,2026-08-31,2024-09-01,2026-08-20,11,729,52,0
C11648,2026-08-31,2024-10-28,2026-08-23,8,672,31,0
C11649,2026-08-31,2025-04-10,2026-08-04,27,508,35,0
C11650,2026-08-31,2025-07-14,2026-02-03,209,413,6,1
C11651,2026-08-31,2026-06-13,2026-08-30,1,79,7,0
C11652,2026-08-31,2025-03-16,2026-08-24,7,533,39,0
C11653,2026-08-31,2026-06-18,2026-07-26,36,74,3,0
C11654,2026-08-31,2025-01-27,2026-02-27,185,581,7,1
C11655,2026-08-31,2025-02-04,2026-07-26,36,573,17,0
C11656,2026-08-31,2026-05-08,2026-08-01,30,115,5,0
C11657,2026-08-31,2026-04-06,2026-08-03,28,147,4,0
C11658,2026-08-31,2026-01-26,2026-04-18,135,217,3,1
C11659,2026-08-31,2024-10-27,2026-08-24,7,673,34,0
C11660,2026-08-31,2024-11-13,2026-07-06,56,656,13,0
C11661,2026-08-31,2025-01-02,2026-07-26,36,606,30,0
C11662,2026-08-31,2025-12-14,2026-08-26,5,260,7,0
C11663,2026-08-31,2025-07-23,2026-04-24,129,404,14,1
C11664,2026-08-31,2026-04-04,2026-08-22,9,149,4,0
C11665,2026-08-31,2025-12-15,2026-06-18,74,259,8,0
C11666,2026-08-31,2026-04-03,2026-07-17,45,150,12,0
C11667,2026-08-31,2026-01-04,2026-07-26,36,239,5,0
C11668,2026-08-31,2025-01-31,2026-08-30,1,577,39,0
C11669,2026-08-31,2025-05-26,2025-10-11,324,462,6,1
C11670,2026-08-31,2024-09-19,2026-02-27,185,711,19,1
C11671,2026-08-31,2026-02-17,2026-08-18,13,195,6,0
C11672,2026-08-31,2025-04-21,2026-03-25,159,497,22,1
C11673,2026-08-31,2024-12-02,2026-08-30,1,637,13,0
C11674,2026-08-31,2025-05-31,2026-08-28,3,457,47,0
C11675,2026-08-31,2024-10-02,2026-07-29,33,698,12,0
C11676,2026-08-31,2026-02-21,2026-08-31,0,191,10,0
C11677,2026-08-31,2025-05-10,2026-08-30,1,478,78,0
C11678,2026-08-31,2025-10-03,2026-07-19,43,332,10,0
C11679,2026-08-31,2024-09-27,2026-03-31,153,703,22,1
C11680,2026-08-31,2025-07-16,2026-08-15,16,411,23,0
C11681,2026-08-31,2025-06-28,2025-08-01,395,429,4,1
C11682,2026-08-31,2026-03-16,2026-08-16,15,168,12,0
C11683,2026-08-31,2026-02-07,2026-05-05,118,205,3,1
C11684,2026-08-31,2026-03-16,2026-04-13,140,168,3,1
C11685,2026-08-31,2025-05-04,2026-08-29,2,484,66,0
C11686,2026-08-31,2026-04-06,2026-05-12,111,147,3,1
C11687,2026-08-31,2025-11-21,2026-07-24,38,283,7,0
C11688,2026-08-31,2025-05-02,2026-05-19,104,486,14,1
C11689,2026-08-31,2025-04-01,2026-08-10,21,517,69,0
C11690,2026-08-31,2025-07-22,2026-07-27,35,405,9,0
C11691,2026-08-31,2026-02-12,2026-04-02,151,200,3,1
C11692,2026-08-31,2026-01-15,2026-08-06,25,228,4,0
C11693,2026-08-31,2025-02-01,2026-08-21,10,576,82,0
C11694,2026-08-31,2024-10-16,2026-07-31,31,684,33,0
C11695,2026-08-31,2025-08-05,2026-01-11,232,391,8,1
C11696,2026-08-31,2026-07-11,2026-08-09,22,51,4,0
C11697,2026-08-31,2025-03-29,2026-07-17,45,520,19,0
C11698,2026-08-31,2025-04-14,2026-01-09,234,504,8,1
C11699,2026-08-31,2025-06-03,2026-04-09,144,454,11,1
C11700,2026-08-31,2024-12-06,2026-06-21,71,633,15,0
C11701,2026-08-31,2026-01-19,2026-06-20,72,224,5,0
C11702,2026-08-31,2024-11-19,2026-08-01,30,650,33,0
C11703,2026-08-31,2025-09-06,2026-07-29,33,359,5,0
C11704,2026-08-31,2025-06-28,2026-08-26,5,429,43,0
C11705,2026-08-31,2025-09-17,2026-08-14,17,348,20,0
C11706,2026-08-31,2025-01-19,2026-08-29,2,589,79,0
C11707,2026-08-31,2025-03-14,2026-05-07,116,535,19,1
C11708,2026-08-31,2026-02-03,2026-07-03,59,209,7,0
C11709,2026-08-31,2026-01-26,2026-08-23,8,217,7,0
C11710,2026-08-31,2026-05-04,2026-07-11,51,119,6,0
C11711,2026-08-31,2025-10-08,2025-12-30,244,327,5,1
C11712,2026-08-31,2026-07-06,2026-07-29,33,56,4,0
C11713,2026-08-31,2025-05-23,2026-08-31,0,465,14,0
C11714,2026-08-31,2024-11-20,2025-08-08,388,649,9,1
C11715,2026-08-31,2025-03-31,2026-08-29,2,518,26,0
C11716,2026-08-31,2025-05-24,2026-08-14,17,464,22,0
C11717,2026-08-31,2026-02-20,2026-06-26,66,192,4,0
C11718,2026-08-31,2024-09-16,2026-08-13,18,714,26,0
C11719,2026-08-31,2024-11-03,2026-08-28,3,666,90,0
C11720,2026-08-31,2025-11-25,2026-08-14,17,279,5,0
C11721,2026-08-31,2024-10-28,2026-08-11,20,672,28,0
C11722,2026-08-31,2026-02-05,2026-06-26,66,207,5,0
C11723,2026-08-31,2025-06-20,2026-04-29,124,437,6,1
C11724,2026-08-31,2025-09-28,2026-08-03,28,337,4,0
C11725,2026-08-31,2024-09-06,2026-08-31,0,724,34,0
C11726,2026-08-31,2024-09-18,2026-08-27,4,712,38,0
C11727,2026-08-31,2025-04-06,2026-08-07,24,512,26,0
C11728,2026-08-31,2025-07-06,2026-08-29,2,421,25,0
C11729,2026-08-31,2025-03-23,2026-08-25,6,526,34,0
C11730,2026-08-31,2025-05-29,2026-07-26,36,459,12,0
C11731,2026-08-31,2025-09-25,2026-08-01,30,340,17,0
C11732,2026-08-31,2025-07-04,2026-07-30,32,423,21,0
C11733,2026-08-31,2025-08-05,2026-07-29,33,391,18,0
C11734,2026-08-31,2025-08-28,2026-08-16,15,368,19,0
C11735,2026-08-31,2024-12-20,2026-04-21,132,619,23,1
C11736,2026-08-31,2025-05-04,2026-08-16,15,484,67,0
C11737,2026-08-31,2025-02-17,2025-05-01,487,560,3,1
C11738,2026-08-31,2025-03-27,2026-08-13,18,522,10,0
C11739,2026-08-31,2026-03-14,2026-04-20,133,170,3,1
C11740,2026-08-31,2026-05-05,2026-07-29,33,118,11,0
C11741,2026-08-31,2025-08-01,2026-08-19,12,395,23,0
C11742,2026-08-31,2025-01-22,2026-05-02,121,586,28,1
C11743,2026-08-31,2025-07-02,2025-07-20,407,425,3,1
C11744,2026-08-31,2025-03-03,2026-08-23,8,546,70,0
C11745,2026-08-31,2026-05-28,2026-08-30,1,95,5,0
C11746,2026-08-31,2025-07-13,2026-08-27,4,414,37,0
C11747,2026-08-31,2024-12-13,2026-08-26,5,626,50,0
C11748,2026-08-31,2025-04-12,2025-09-24,341,506,3,1
C11749,2026-08-31,2025-10-27,2026-04-29,124,308,3,1
C11750,2026-08-31,2024-12-11,2026-06-07,85,628,36,0
C11751,2026-08-31,2025-03-10,2025-12-26,248,539,8,1
C11752,2026-08-31,2026-03-16,2026-08-26,5,168,8,0
C11753,2026-08-31,2026-01-01,2026-08-26,5,242,4,0
C11754,2026-08-31,2025-02-27,2026-08-28,3,550,61,0
C11755,2026-08-31,2026-06-29,2026-08-18,13,63,4,0
C11756,2026-08-31,2026-06-11,2026-08-30,1,81,6,0
C11757,2026-08-31,2024-09-23,2026-04-16,137,707,23,1
C11758,2026-08-31,2025-09-27,2026-08-28,3,338,6,0
C11759,2026-08-31,2024-09-27,2026-08-22,9,703,74,0
C11760,2026-08-31,2024-10-31,2026-07-21,41,669,10,0
C11761,2026-08-31,2025-08-16,2026-07-09,53,380,7,0
C11762,2026-08-31,2024-09-14,2026-04-16,137,716,59,1
C11763,2026-08-31,2024-10-13,2026-08-09,22,687,88,0
C11764,2026-08-31,2025-04-02,2025-06-13,444,516,3,1
C11765,2026-08-31,2025-02-06,2026-08-09,22,571,25,0
C11766,2026-08-31,2025-04-25,2025-12-24,250,493,5,1
C11767,2026-08-31,2025-06-25,2026-08-20,11,432,11,0
C11768,2026-08-31,2025-02-08,2026-07-19,43,569,34,0
C11769,2026-08-31,2024-09-20,2026-08-24,7,710,16,0
C11770,2026-08-31,2024-12-20,2026-08-10,21,619,13,0
C11771,2026-08-31,2025-05-16,2025-12-13,261,472,11,1
C11772,2026-08-31,2024-10-12,2026-08-17,14,688,28,0
C11773,2026-08-31,2025-05-25,2026-08-17,14,463,9,0
C11774,2026-08-31,2025-11-11,2026-07-19,43,293,8,0
C11775,2026-08-31,2024-11-12,2025-12-11,263,657,8,1
C11776,2026-08-31,2025-03-26,2026-08-14,17,523,9,0
C11777,2026-08-31,2024-10-04,2026-08-12,19,696,37,0
C11778,2026-08-31,2025-11-18,2026-08-18,13,286,5,0
C11779,2026-08-31,2024-12-07,2025-04-24,494,632,3,1
C11780,2026-08-31,2025-01-10,2026-08-30,1,598,8,0
C11781,2026-08-31,2025-06-10,2026-05-25,98,447,16,1
C11782,2026-08-31,2025-11-29,2026-07-26,36,275,5,0
C11783,2026-08-31,2026-01-31,2026-08-03,28,212,13,0
C11784,2026-08-31,2026-04-27,2026-06-17,75,126,6,0
C11785,2026-08-31,2025-06-29,2026-05-23,100,428,18,1
C11786,2026-08-31,2025-05-08,2025-07-30,397,480,5,1
C11787,2026-08-31,2024-10-30,2026-07-31,31,670,17,0
C11788,2026-08-31,2026-05-15,2026-08-24,7,108,6,0
C11789,2026-08-31,2026-06-15,2026-08-26,5,77,7,0
C11790,2026-08-31,2024-09-01,2026-04-17,136,729,21,1
C11791,2026-08-31,2025-07-04,2026-08-17,14,423,13,0
C11792,2026-08-31,2024-10-03,2026-08-28,3,697,103,0
C11793,2026-08-31,2025-09-26,2026-07-31,31,339,6,0
C11794,2026-08-31,2025-06-02,2026-08-09,22,455,21,0
C11795,2026-08-31,2026-05-27,2026-07-10,52,96,4,0
C11796,2026-08-31,2026-06-17,2026-08-21,10,75,6,0
C11797,2026-08-31,2025-01-08,2026-06-08,84,600,5,0
C11798,2026-08-31,2025-03-25,2026-08-15,16,524,11,0
C11799,2026-08-31,2026-06-03,2026-08-28,3,89,6,0
C11800,2026-08-31,2025-12-31,2026-08-16,15,243,5,0
C11801,2026-08-31,2025-06-07,2026-08-07,24,450,7,0
C11802,2026-08-31,2026-01-12,2026-07-03,59,231,4,0
C11803,2026-08-31,2024-10-06,2026-03-25,159,694,23,1
C11804,2026-08-31,2026-04-06,2026-08-23,8,147,7,0
C11805,2026-08-31,2026-06-24,2026-08-26,5,68,5,0
C11806,2026-08-31,2025-01-10,2026-08-05,26,598,10,0
C11807,2026-08-31,2025-03-15,2026-08-06,25,534,67,0
C11808,2026-08-31,2026-05-12,2026-06-16,76,111,5,0
C11809,2026-08-31,2026-05-01,2026-08-25,6,122,10,0
C11810,2026-08-31,2024-10-10,2026-08-01,30,690,10,0
C11811,2026-08-31,2026-04-07,2026-07-05,57,146,4,0
C11812,2026-08-31,2025-09-06,2026-05-17,106,359,9,1
C11813,2026-08-31,2026-04-23,2026-08-27,4,130,7,0
C11814,2026-08-31,2026-05-05,2026-05-15,108,118,3,1
C11815,2026-08-31,2026-06-28,2026-08-29,2,64,7,0
C11816,2026-08-31,2025-04-23,2026-04-27,126,495,10,1
C11817,2026-08-31,2024-11-26,2026-07-04,58,643,42,0
C11818,2026-08-31,2025-01-16,2026-04-24,129,592,9,1
C11819,2026-08-31,2025-08-24,2026-08-15,16,372,10,0
C11820,2026-08-31,2025-04-28,2026-06-20,72,490,17,0
C11821,2026-08-31,2025-03-25,2026-08-31,0,524,65,0
C11822,2026-08-31,2026-04-26,2026-08-19,12,127,5,0
C11823,2026-08-31,2025-02-14,2026-08-09,22,563,14,0
C11824,2026-08-31,2025-08-20,2026-08-20,11,376,5,0
C11825,2026-08-31,2025-06-05,2026-07-19,43,452,22,0
C11826,2026-08-31,2024-11-10,2026-04-26,127,659,28,1
C11827,2026-08-31,2025-02-04,2026-08-17,14,573,39,0
C11828,2026-08-31,2024-11-26,2026-07-06,56,643,11,0
C11829,2026-08-31,2025-03-03,2026-08-22,9,546,5,0
C11830,2026-08-31,2026-05-02,2026-08-24,7,121,5,0
C11831,2026-08-31,2026-03-30,2026-06-27,65,154,5,0
C11832,2026-08-31,2024-09-01,2026-08-25,6,729,82,0
C11833,2026-08-31,2025-06-02,2026-06-29,63,455,15,0
C11834,2026-08-31,2025-01-17,2026-08-30,1,591,76,0
C11835,2026-08-31,2025-01-25,2026-02-23,189,583,22,1
C11836,2026-08-31,2025-07-25,2026-07-28,34,402,16,0
C11837,2026-08-31,2025-12-10,2026-06-03,89,264,4,0
C11838,2026-08-31,2025-05-18,2026-05-18,105,470,10,1
C11839,2026-08-31,2025-01-06,2026-08-15,16,602,77,0
C11840,2026-08-31,2024-11-02,2026-08-22,9,667,89,0
C11841,2026-08-31,2024-11-24,2026-07-29,33,645,36,0
C11842,2026-08-31,2025-02-06,2026-08-29,2,571,73,0
C11843,2026-08-31,2024-11-02,2026-06-28,64,667,33,0
C11844,2026-08-31,2025-04-12,2026-07-25,37,506,10,0
C11845,2026-08-31,2025-04-18,2026-08-25,6,500,23,0
C11846,2026-08-31,2025-08-26,2026-07-15,47,370,6,0
C11847,2026-08-31,2024-11-28,2026-08-28,3,641,34,0
C11848,2026-08-31,2026-06-23,2026-08-23,8,69,4,0
C11849,2026-08-31,2025-06-12,2026-07-24,38,445,12,0
C11850,2026-08-31,2024-12-22,2026-08-28,3,617,27,0
C11851,2026-08-31,2025-03-27,2026-08-03,28,522,20,0
C11852,2026-08-31,2025-02-10,2026-08-02,29,567,16,0
C11853,2026-08-31,2026-02-27,2026-08-04,27,185,6,0
C11854,2026-08-31,2024-09-11,2026-07-14,48,719,11,0
C11855,2026-08-31,2024-12-23,2026-08-31,0,616,86,0
C11856,2026-08-31,2025-03-02,2026-05-10,113,547,8,1
C11857,2026-08-31,2026-07-07,2026-07-20,42,55,3,0
C11858,2026-08-31,2025-06-07,2026-08-27,4,450,28,0
C11859,2026-08-31,2025-11-01,2026-08-04,27,303,7,0
C11860,2026-08-31,2025-05-09,2026-08-30,1,479,28,0
C11861,2026-08-31,2024-11-14,2026-07-19,43,655,30,0
C11862,2026-08-31,2026-06-15,2026-08-06,25,77,3,0
C11863,2026-08-31,2026-04-24,2026-08-28,3,129,5,0
C11864,2026-08-31,2025-08-28,2026-08-28,3,368,5,0
C11865,2026-08-31,2024-12-24,2026-08-13,18,615,33,0
C11866,2026-08-31,2025-09-13,2026-08-21,10,352,7,0
C11867,2026-08-31,2026-01-19,2026-08-23,8,224,9,0
C11868,2026-08-31,2025-05-31,2026-08-19,12,457,51,0
C11869,2026-08-31,2026-02-03,2026-08-20,11,209,7,0
C11870,2026-08-31,2025-01-28,2026-08-26,5,580,72,0
C11871,2026-08-31,2024-09-12,2026-08-30,1,718,96,0
C11872,2026-08-31,2025-05-27,2026-03-08,176,461,12,1
C11873,2026-08-31,2024-09-27,2026-08-29,2,703,38,0
C11874,2026-08-31,2026-06-09,2026-08-30,1,83,6,0
C11875,2026-08-31,2026-02-28,2026-08-24,7,184,6,0
C11876,2026-08-31,2025-05-22,2026-08-05,26,466,10,0
C11877,2026-08-31,2025-01-26,2026-08-19,12,582,31,0
C11878,2026-08-31,2026-06-23,2026-08-30,1,69,5,0
C11879,2026-08-31,2025-06-29,2026-03-22,162,428,8,1
C11880,2026-08-31,2024-12-15,2026-08-30,1,624,77,0
C11881,2026-08-31,2025-12-20,2026-08-26,5,254,11,0
C11882,2026-08-31,2026-07-01,2026-08-29,2,61,6,0
C11883,2026-08-31,2025-08-05,2026-08-27,4,391,22,0
C11884,2026-08-31,2025-09-15,2026-07-19,43,350,17,0
C11885,2026-08-31,2025-07-26,2026-08-21,10,401,28,0
C11886,2026-08-31,2025-05-20,2026-08-08,23,468,26,0
C11887,2026-08-31,2025-03-22,2026-08-26,5,527,30,0
C11888,2026-08-31,2025-09-13,2026-06-13,79,352,7,0
C11889,2026-08-31,2025-03-21,2026-08-27,4,528,10,0
C11890,2026-08-31,2025-06-02,2026-08-15,16,455,13,0
C11891,2026-08-31,2024-10-18,2026-06-24,68,682,14,0
C11892,2026-08-31,2025-04-12,2026-08-29,2,506,49,0
C11893,2026-08-31,2025-07-25,2026-08-02,29,402,12,0
C11894,2026-08-31,2024-12-26,2026-08-19,12,613,81,0
C11895,2026-08-31,2025-05-17,2026-07-25,37,471,18,0
C11896,2026-08-31,2026-05-02,2026-05-15,108,121,3,1
C11897,2026-08-31,2024-12-20,2026-08-25,6,619,69,0
C11898,2026-08-31,2026-04-02,2026-05-11,112,151,3,1
C11899,2026-08-31,2024-12-08,2026-08-15,16,631,67,0
C11900,2026-08-31,2025-08-10,2026-07-28,34,386,13,0
C11901,2026-08-31,2025-04-02,2026-08-25,6,516,16,0
C11902,2026-08-31,2026-07-07,2026-08-25,6,55,7,0
C11903,2026-08-31,2026-06-07,2026-08-17,14,85,4,0
C11904,2026-08-31,2025-01-02,2026-05-06,117,606,15,1
C11905,2026-08-31,2025-02-25,2026-02-18,194,552,21,1
C11906,2026-08-31,2026-03-26,2026-08-25,6,158,7,0
C11907,2026-08-31,2024-10-26,2026-05-29,94,674,15,1
C11908,2026-08-31,2026-02-28,2026-05-08,115,184,3,1
C11909,2026-08-31,2025-02-12,2026-08-25,6,565,11,0
C11910,2026-08-31,2024-11-01,2026-08-28,3,668,22,0
C11911,2026-08-31,2025-04-09,2026-08-30,1,509,87,0
C11912,2026-08-31,2024-09-11,2026-08-21,10,719,47,0
C11913,2026-08-31,2025-02-09,2026-07-24,38,568,27,0
C11914,2026-08-31,2024-09-02,2026-08-16,15,728,83,0
C11915,2026-08-31,2024-11-24,2026-04-04,149,645,12,1
C11916,2026-08-31,2026-02-07,2026-08-03,28,205,9,0
C11917,2026-08-31,2025-12-06,2026-07-17,45,268,8,0
C11918,2026-08-31,2026-05-19,2026-08-24,7,104,5,0
C11919,2026-08-31,2024-09-08,2026-08-16,15,722,9,0
C11920,2026-08-31,2025-01-15,2026-06-05,87,593,14,0
C11921,2026-08-31,2026-02-07,2026-03-26,158,205,3,1
C11922,2026-08-31,2024-09-24,2026-02-18,194,706,20,1
C11923,2026-08-31,2024-11-17,2026-06-28,64,652,8,0
C11924,2026-08-31,2025-12-23,2026-07-28,34,251,9,0
C11925,2026-08-31,2025-10-21,2026-01-17,226,314,3,1
C11926,2026-08-31,2026-05-21,2026-06-01,91,102,3,1
C11927,2026-08-31,2024-12-29,2026-08-24,7,610,83,0
C11928,2026-08-31,2024-10-14,2026-08-17,14,686,26,0
C11929,2026-08-31,2024-11-25,2026-08-28,3,644,67,0
C11930,2026-08-31,2025-11-25,2026-03-19,165,279,4,1
C11931,2026-08-31,2025-04-30,2026-05-11,112,488,21,1
C11932,2026-08-31,2025-04-26,2026-08-26,5,492,6,0
C11933,2026-08-31,2026-01-21,2026-08-27,4,222,4,0
C11934,2026-08-31,2025-05-30,2026-08-24,7,458,15,0
C11935,2026-08-31,2025-07-12,2026-03-15,169,415,8,1
C11936,2026-08-31,2025-03-09,2026-08-27,4,540,22,0
C11937,2026-08-31,2024-09-07,2026-08-03,28,723,27,0
C11938,2026-08-31,2025-07-20,2026-02-01,211,407,12,1
C11939,2026-08-31,2025-08-08,2026-08-23,8,388,11,0
C11940,2026-08-31,2025-06-17,2026-08-13,18,440,23,0
C11941,2026-08-31,2026-07-07,2026-08-23,8,55,7,0
C11942,2026-08-31,2024-09-28,2026-08-24,7,702,48,0
C11943,2026-08-31,2025-03-15,2026-08-30,1,534,69,0
C11944,2026-08-31,2025-06-27,2026-08-17,14,430,35,0
C11945,2026-08-31,2025-06-17,2026-08-27,4,440,6,0
C11946,2026-08-31,2025-05-15,2026-08-21,10,473,19,0
C11947,2026-08-31,2025-01-10,2026-07-25,37,598,33,0
C11948,2026-08-31,2025-09-14,2026-08-12,19,351,7,0
C11949,2026-08-31,2024-09-28,2026-07-29,33,702,60,0
C11950,2026-08-31,2024-11-01,2026-08-25,6,668,33,0
C11951,2026-08-31,2025-04-02,2026-08-17,14,516,24,0
C11952,2026-08-31,2025-07-12,2026-08-18,13,415,24,0
C11953,2026-08-31,2024-11-20,2026-08-10,21,649,80,0
C11954,2026-08-31,2025-05-03,2026-08-19,12,485,20,0
C11955,2026-08-31,2025-08-23,2026-05-16,107,373,6,1
C11956,2026-08-31,2025-08-03,2026-08-22,9,393,7,0
C11957,2026-08-31,2025-05-21,2026-05-22,101,467,19,1
C11958,2026-08-31,2025-03-23,2025-12-23,251,526,15,1
C11959,2026-08-31,2024-12-14,2026-05-14,109,625,26,1
C11960,2026-08-31,2025-03-08,2026-08-23,8,541,7,0
C11961,2026-08-31,2026-02-01,2026-08-22,9,211,5,0
C11962,2026-08-31,2024-11-20,2026-08-19,12,649,18,0
C11963,2026-08-31,2026-04-13,2026-08-31,0,140,6,0
C11964,2026-08-31,2024-10-03,2025-02-08,569,697,7,1
C11965,2026-08-31,2024-11-18,2026-08-19,12,651,28,0
C11966,2026-08-31,2025-04-07,2026-08-23,8,511,35,0
C11967,2026-08-31,2025-03-03,2026-08-31,0,546,70,0
C11968,2026-08-31,2024-12-21,2026-07-26,36,618,32,0
C11969,2026-08-31,2025-01-20,2026-06-21,71,588,36,0
C11970,2026-08-31,2026-06-24,2026-08-24,7,68,5,0
C11971,2026-08-31,2026-02-07,2026-07-25,37,205,7,0
C11972,2026-08-31,2024-10-11,2026-07-03,59,689,12,0
C11973,2026-08-31,2024-12-15,2026-08-28,3,624,80,0
C11974,2026-08-31,2026-02-08,2026-08-06,25,204,8,0
C11975,2026-08-31,2024-09-01,2026-08-27,4,729,17,0
C11976,2026-08-31,2025-05-29,2026-05-28,95,459,14,1
C11977,2026-08-31,2026-03-14,2026-08-29,2,170,14,0
C11978,2026-08-31,2026-06-24,2026-08-23,8,68,7,0
C11979,2026-08-31,2025-07-18,2026-08-08,23,409,13,0
C11980,2026-08-31,2025-07-25,2025-11-16,288,402,9,1
C11981,2026-08-31,2025-02-28,2026-04-25,128,549,17,1
C11982,2026-08-31,2024-09-07,2026-08-22,9,723,113,0
C11983,2026-08-31,2025-12-25,2026-06-24,68,249,6,0
C11984,2026-08-31,2025-02-03,2026-08-19,12,574,19,0
C11985,2026-08-31,2024-09-01,2026-08-01,30,729,96,0
C11986,2026-08-31,2025-04-11,2026-08-30,1,507,78,0
C11987,2026-08-31,2025-08-04,2026-04-06,147,392,9,1
C11988,2026-08-31,2026-05-20,2026-05-29,94,103,3,1
C11989,2026-08-31,2025-01-12,2026-08-31,0,596,66,0
C11990,2026-08-31,2026-06-22,2026-08-30,1,70,4,0
C11991,2026-08-31,2025-01-01,2026-07-23,39,607,33,0
C11992,2026-08-31,2025-10-14,2026-04-04,149,321,7,1
C11993,2026-08-31,2024-10-26,2026-08-26,5,674,29,0
C11994,2026-08-31,2025-04-16,2026-04-03,150,502,8,1
C11995,2026-08-31,2025-05-17,2026-05-25,98,471,23,1
C11996,2026-08-31,2024-09-10,2026-04-08,145,720,32,1
C11997,2026-08-31,2026-05-31,2026-08-26,5,92,5,0
C11998,2026-08-31,2025-05-06,2026-08-10,21,482,12,0
C11999,2026-08-31,2026-01-18,2026-04-04,149,225,3,1
C12000,2026-08-31,2024-12-16,2026-04-13,140,623,29,1
C12001,2026-08-31,2025-02-28,2026-05-13,110,549,22,1
C12002,2026-08-31,2026-03-16,2026-08-26,5,168,7,0
C12003,2026-08-31,2026-02-19,2026-08-22,9,193,7,0
C12004,2026-08-31,2025-03-18,2026-04-14,139,531,16,1
C12005,2026-08-31,2025-10-06,2025-11-25,279,329,3,1
C12006,2026-08-31,2024-10-03,2026-08-25,6,697,62,0
C12007,2026-08-31,2026-01-15,2026-08-30,1,228,4,0
C12008,2026-08-31,2025-03-07,2026-08-29,2,542,76,0
C12009,2026-08-31,2024-12-20,2026-08-06,25,619,35,0
C12010,2026-08-31,2025-01-28,2026-07-02,60,580,17,0
C12011,2026-08-31,2025-03-02,2026-07-23,39,547,33,0
C12012,2026-08-31,2024-09-06,2026-08-28,3,724,100,0
C12013,2026-08-31,2025-10-11,2026-08-26,5,324,10,0
C12014,2026-08-31,2025-03-10,2026-08-03,28,539,34,0
C12015,2026-08-31,2025-05-14,2026-08-29,2,474,55,0
C12016,2026-08-31,2025-01-29,2026-08-26,5,579,66,0
C12017,2026-08-31,2025-07-17,2026-08-21,10,410,5,0
C12018,2026-08-31,2025-03-26,2025-11-22,282,523,11,1
C12019,2026-08-31,2026-06-01,2026-08-22,9,91,5,0
C12020,2026-08-31,2025-09-11,2026-08-16,15,354,12,0
C12021,2026-08-31,2025-04-01,2026-02-08,204,517,16,1
C12022,2026-08-31,2025-05-27,2026-08-18,13,461,22,0
C12023,2026-08-31,2024-11-12,2026-07-31,31,657,22,0
C12024,2026-08-31,2026-06-16,2026-08-28,3,76,5,0
C12025,2026-08-31,2026-02-02,2026-08-14,17,210,5,0
C12026,2026-08-31,2024-12-09,2026-08-22,9,630,11,0
C12027,2026-08-31,2024-09-28,2026-03-19,165,702,25,1
C12028,2026-08-31,2024-09-29,2026-08-28,3,701,21,0
C12029,2026-08-31,2024-12-14,2026-04-05,148,625,22,1
C12030,2026-08-31,2025-05-17,2026-08-30,1,471,60,0
C12031,2026-08-31,2026-06-11,2026-07-25,37,81,5,0
C12032,2026-08-31,2025-09-07,2026-08-01,30,358,18,0
C12033,2026-08-31,2025-09-06,2026-07-31,31,359,7,0
C12034,2026-08-31,2025-05-27,2026-08-23,8,461,7,0
C12035,2026-08-31,2025-04-06,2026-08-27,4,512,26,0
C12036,2026-08-31,2025-04-27,2026-03-08,176,491,13,1
C12037,2026-08-31,2024-12-03,2026-05-29,94,636,9,1
C12038,2026-08-31,2025-01-12,2026-08-28,3,596,68,0
C12039,2026-08-31,2025-03-22,2026-05-10,113,527,23,1
C12040,2026-08-31,2025-01-29,2026-08-02,29,579,18,0
C12041,2026-08-31,2025-01-22,2026-08-23,8,586,22,0
C12042,2026-08-31,2025-04-18,2026-08-16,15,500,25,0
C12043,2026-08-31,2024-12-24,2026-07-27,35,615,34,0
C12044,2026-08-31,2025-03-16,2026-08-14,17,533,35,0
C12045,2026-08-31,2026-02-05,2026-08-10,21,207,8,0
C12046,2026-08-31,2024-11-26,2026-08-20,11,643,35,0
C12047,2026-08-31,2025-07-15,2026-06-12,80,412,9,0
C12048,2026-08-31,2024-09-13,2026-08-21,10,717,18,0
C12049,2026-08-31,2024-11-20,2025-11-17,287,649,17,1
C12050,2026-08-31,2026-03-27,2026-08-21,10,157,5,0
C12051,2026-08-31,2025-03-14,2026-07-26,36,535,14,0
C12052,2026-08-31,2024-12-17,2026-07-07,55,622,15,0
C12053,2026-08-31,2024-09-09,2026-05-05,118,721,35,1
C12054,2026-08-31,2024-09-21,2026-08-29,2,709,99,0
C12055,2026-08-31,2024-09-05,2026-04-09,144,725,22,1
C12056,2026-08-31,2024-09-08,2026-08-17,14,722,34,0
C12057,2026-08-31,2026-04-04,2026-05-17,106,149,3,1
C12058,2026-08-31,2025-05-30,2026-08-25,6,458,25,0
C12059,2026-08-31,2025-05-02,2026-08-31,0,486,82,0
C12060,2026-08-31,2024-12-27,2026-08-07,24,612,35,0
C12061,2026-08-31,2024-11-11,2026-08-31,0,658,40,0
C12062,2026-08-31,2025-08-30,2026-08-30,1,366,12,0
C12063,2026-08-31,2024-11-23,2026-07-27,35,646,35,0
C12064,2026-08-31,2025-09-10,2026-07-07,55,355,11,0
C12065,2026-08-31,2024-12-02,2026-08-08,23,637,12,0
C12066,2026-08-31,2024-09-16,2026-05-05,118,714,23,1
C12067,2026-08-31,2026-02-25,2026-03-11,173,187,3,1
C12068,2026-08-31,2025-05-10,2026-06-18,74,478,16,0
C12069,2026-08-31,2025-03-30,2026-08-19,12,519,10,0
C12070,2026-08-31,2026-01-21,2026-07-11,51,222,7,0
C12071,2026-08-31,2025-07-27,2026-07-08,54,400,9,0
C12072,2026-08-31,2024-11-25,2026-02-21,191,644,22,1
C12073,2026-08-31,2025-05-14,2026-08-09,22,474,14,0
C12074,2026-08-31,2025-11-14,2026-08-21,10,290,5,0
C12075,2026-08-31,2026-06-28,2026-08-22,9,64,5,0
C12076,2026-08-31,2024-11-17,2026-05-04,119,652,59,1
C12077,2026-08-31,2024-12-10,2025-09-01,364,629,13,1
C12078,2026-08-31,2026-05-15,2026-08-10,21,108,5,0
C12079,2026-08-31,2025-05-15,2026-05-08,115,473,7,1
C12080,2026-08-31,2024-11-30,2026-04-07,146,639,24,1
C12081,2026-08-31,2024-09-01,2026-08-21,10,729,46,0
C12082,2026-08-31,2024-10-22,2026-03-20,164,678,13,1
C12083,2026-08-31,2025-06-16,2026-07-26,36,441,16,0
C12084,2026-08-31,2025-05-12,2026-07-29,33,476,61,0
C12085,2026-08-31,2025-04-05,2026-08-28,3,513,17,0
C12086,2026-08-31,2026-04-26,2026-07-30,32,127,5,0
C12087,2026-08-31,2024-11-26,2025-09-19,346,643,8,1
C12088,2026-08-31,2024-09-15,2026-01-14,229,715,20,1
C12089,2026-08-31,2025-03-09,2026-08-26,5,540,83,0
C12090,2026-08-31,2026-04-12,2026-05-07,116,141,4,1
C12091,2026-08-31,2024-09-08,2026-08-18,13,722,92,0
C12092,2026-08-31,2026-03-29,2026-06-20,72,155,5,0
C12093,2026-08-31,2024-11-25,2026-07-15,47,644,4,0
C12094,2026-08-31,2026-07-05,2026-08-30,1,57,4,0
C12095,2026-08-31,2025-06-30,2026-05-07,116,427,15,1
C12096,2026-08-31,2024-11-21,2025-12-26,248,648,19,1
C12097,2026-08-31,2024-11-07,2026-08-29,2,662,30,0
C12098,2026-08-31,2025-01-15,2026-08-26,5,593,86,0
C12099,2026-08-31,2026-02-21,2026-08-17,14,191,5,0
C12100,2026-08-31,2025-02-23,2026-08-02,29,554,9,0
C12101,2026-08-31,2025-10-01,2026-08-04,27,334,9,0
C12102,2026-08-31,2025-01-25,2026-08-06,25,583,8,0
C12103,2026-08-31,2026-04-20,2026-08-25,6,133,7,0
C12104,2026-08-31,2025-06-07,2026-07-07,55,450,25,0
C12105,2026-08-31,2024-11-15,2026-03-17,167,654,16,1
C12106,2026-08-31,2025-09-10,2026-06-22,70,355,10,0
C12107,2026-08-31,2025-08-03,2026-08-19,12,393,24,0
C12108,2026-08-31,2026-04-28,2026-05-16,107,125,3,1
C12109,2026-08-31,2024-12-08,2026-03-22,162,631,24,1
C12110,2026-08-31,2025-03-24,2026-08-27,4,525,38,0
C12111,2026-08-31,2025-02-17,2026-08-10,21,560,22,0
C12112,2026-08-31,2024-10-17,2026-08-12,19,683,39,0
C12113,2026-08-31,2024-09-04,2026-08-22,9,726,19,0
C12114,2026-08-31,2025-04-02,2026-08-20,11,516,54,0
C12115,2026-08-31,2025-09-06,2026-07-12,50,359,28,0
C12116,2026-08-31,2024-09-02,2026-08-28,3,728,36,0
C12117,2026-08-31,2024-11-21,2026-08-14,17,648,14,0
C12118,2026-08-31,2026-05-13,2026-05-28,95,110,3,1
C12119,2026-08-31,2025-09-15,2026-08-24,7,350,19,0
C12120,2026-08-31,2026-01-10,2026-08-14,17,233,5,0
C12121,2026-08-31,2024-09-17,2026-05-12,111,713,26,1
C12122,2026-08-31,2025-12-23,2026-08-28,3,251,6,0
C12123,2026-08-31,2025-04-08,2026-08-25,6,510,21,0
C12124,2026-08-31,2025-07-28,2026-08-05,26,399,21,0
C12125,2026-08-31,2025-04-16,2026-08-29,2,502,72,0
C12126,2026-08-31,2024-11-22,2026-08-26,5,647,81,0
C12127,2026-08-31,2026-04-15,2026-07-09,53,138,7,0
C12128,2026-08-31,2026-04-13,2026-07-28,34,140,5,0
C12129,2026-08-31,2025-03-12,2026-08-18,13,537,29,0
C12130,2026-08-31,2025-07-22,2026-02-04,208,405,7,1
C12131,2026-08-31,2025-02-27,2026-08-29,2,550,81,0
C12132,2026-08-31,2025-06-21,2026-08-21,10,436,18,0
C12133,2026-08-31,2026-01-06,2026-04-19,134,237,5,1
C12134,2026-08-31,2024-12-29,2026-08-10,21,610,31,0
C12135,2026-08-31,2025-03-17,2026-08-24,7,532,81,0
C12136,2026-08-31,2024-10-07,2026-08-30,1,693,27,0
C12137,2026-08-31,2025-08-21,2026-08-17,14,375,8,0
C12138,2026-08-31,2025-04-25,2026-08-22,9,493,7,0
C12139,2026-08-31,2025-07-10,2026-03-10,174,417,12,1
C12140,2026-08-31,2025-06-28,2026-08-18,13,429,6,0
C12141,2026-08-31,2025-05-14,2026-08-12,19,474,13,0
C12142,2026-08-31,2026-05-05,2026-08-06,25,118,6,0
C12143,2026-08-31,2026-03-17,2026-08-30,1,167,9,0
C12144,2026-08-31,2025-04-19,2025-10-17,318,499,9,1
C12145,2026-08-31,2025-06-22,2026-03-29,155,435,9,1
C12146,2026-08-31,2024-09-03,2026-08-12,19,727,27,0
C12147,2026-08-31,2025-01-20,2026-08-15,16,588,31,0
C12148,2026-08-31,2025-03-21,2026-08-20,11,528,77,0
C12149,2026-08-31,2025-04-06,2026-08-28,3,512,27,0
C12150,2026-08-31,2025-10-25,2026-05-25,98,310,4,1
C12151,2026-08-31,2025-06-02,2026-08-07,24,455,11,0
C12152,2026-08-31,2025-05-11,2026-08-07,24,477,11,0
C12153,2026-08-31,2026-05-21,2026-05-28,95,102,3,1
C12154,2026-08-31,2024-11-15,2026-07-30,32,654,21,0
C12155,2026-08-31,2025-01-27,2026-08-26,5,581,28,0
C12156,2026-08-31,2026-01-29,2026-04-27,126,214,3,1
C12157,2026-08-31,2025-07-31,2025-09-06,359,396,3,1
C12158,2026-08-31,2025-02-03,2026-08-31,0,574,34,0
C12159,2026-08-31,2026-04-15,2026-08-20,11,138,8,0
C12160,2026-08-31,2025-05-16,2025-12-23,251,472,13,1
C12161,2026-08-31,2025-05-19,2026-07-20,42,469,11,0
C12162,2026-08-31,2026-05-01,2026-08-22,9,122,8,0
C12163,2026-08-31,2026-05-01,2026-05-29,94,122,2,1
C12164,2026-08-31,2024-12-14,2026-08-31,0,625,34,0
C12165,2026-08-31,2025-01-03,2026-07-28,34,605,8,0
C12166,2026-08-31,2025-05-30,2026-08-05,26,458,18,0
C12167,2026-08-31,2025-05-18,2026-08-23,8,470,28,0
C12168,2026-08-31,2025-01-10,2026-08-23,8,598,33,0
C12169,2026-08-31,2025-01-28,2026-08-19,12,580,27,0
C12170,2026-08-31,2026-04-28,2026-06-17,75,125,4,0
C12171,2026-08-31,2026-05-29,2026-08-31,0,94,5,0
C12172,2026-08-31,2024-12-10,2026-08-21,10,629,25,0
C12173,2026-08-31,2025-09-30,2026-07-29,33,335,8,0
C12174,2026-08-31,2025-01-28,2025-12-01,273,580,14,1
C12175,2026-08-31,2025-04-11,2026-07-18,44,507,57,0
C12176,2026-08-31,2025-03-08,2026-08-22,9,541,20,0
C12177,2026-08-31,2024-12-01,2026-08-28,3,638,87,0
C12178,2026-08-31,2025-10-06,2026-08-15,16,329,9,0
C12179,2026-08-31,2025-07-22,2025-12-18,256,405,5,1
C12180,2026-08-31,2025-07-04,2026-07-05,57,423,30,0
C12181,2026-08-31,2024-12-02,2026-08-21,10,637,31,0
C12182,2026-08-31,2024-09-30,2026-08-24,7,700,30,0
C12183,2026-08-31,2025-02-08,2026-04-17,136,569,20,1
C12184,2026-08-31,2024-09-29,2026-04-27,126,701,21,1
C12185,2026-08-31,2025-08-12,2026-07-16,46,384,26,0
C12186,2026-08-31,2025-10-25,2026-07-26,36,310,8,0
C12187,2026-08-31,2025-07-19,2026-08-28,3,408,27,0
C12188,2026-08-31,2025-04-24,2026-07-16,46,494,17,0
C12189,2026-08-31,2025-02-27,2026-08-25,6,550,37,0
C12190,2026-08-31,2025-08-27,2026-08-28,3,369,5,0
C12191,2026-08-31,2025-08-02,2026-08-13,18,394,8,0
C12192,2026-08-31,2024-12-14,2026-08-14,17,625,32,0
C12193,2026-08-31,2026-03-22,2026-08-21,10,162,7,0
C12194,2026-08-31,2025-07-30,2026-08-26,5,397,11,0
C12195,2026-08-31,2024-12-09,2026-02-11,201,630,22,1
C12196,2026-08-31,2025-08-10,2026-08-23,8,386,9,0
C12197,2026-08-31,2025-11-30,2026-02-05,207,274,3,1
C12198,2026-08-31,2025-01-22,2026-08-28,3,586,37,0
C12199,2026-08-31,2024-09-27,2026-08-02,29,703,99,0
C12200,2026-08-31,2024-12-09,2025-12-20,254,630,20,1
C12201,2026-08-31,2024-09-01,2026-08-28,3,729,102,0
C12202,2026-08-31,2026-04-14,2026-08-01,30,139,7,0
C12203,2026-08-31,2024-10-25,2026-08-08,23,675,10,0
C12204,2026-08-31,2024-11-09,2026-08-27,4,660,35,0
C12205,2026-08-31,2024-11-02,2026-07-03,59,667,14,0
C12206,2026-08-31,2026-04-28,2026-08-24,7,125,7,0
C12207,2026-08-31,2026-01-15,2026-04-19,134,228,3,1
C12208,2026-08-31,2025-08-16,2026-06-02,90,380,9,0
C12209,2026-08-31,2025-02-25,2026-08-16,15,552,11,0
C12210,2026-08-31,2025-04-09,2026-01-12,231,509,5,1
C12211,2026-08-31,2025-11-12,2026-07-31,31,292,10,0
C12212,2026-08-31,2026-01-25,2026-05-15,108,218,4,1
C12213,2026-08-31,2025-01-19,2025-11-29,275,589,9,1
C12214,2026-08-31,2026-03-01,2026-07-31,31,183,4,0
C12215,2026-08-31,2025-10-25,2026-08-26,5,310,25,0
C12216,2026-08-31,2025-04-27,2026-08-09,22,491,24,0
C12217,2026-08-31,2025-04-04,2026-04-24,129,514,10,1
C12218,2026-08-31,2025-08-03,2026-08-01,30,393,14,0
C12219,2026-08-31,2025-03-21,2026-08-09,22,528,9,0
C12220,2026-08-31,2025-02-07,2026-08-12,19,570,27,0
C12221,2026-08-31,2024-11-19,2026-08-18,13,650,45,0
C12222,2026-08-31,2025-09-04,2026-08-15,16,361,20,0
C12223,2026-08-31,2024-09-30,2026-05-09,114,700,20,1
C12224,2026-08-31,2024-11-23,2025-11-11,293,646,26,1
C12225,2026-08-31,2025-12-13,2026-04-24,129,261,3,1
C12226,2026-08-31,2025-02-01,2025-10-20,315,576,5,1
C12227,2026-08-31,2025-07-28,2026-02-26,186,399,9,1
C12228,2026-08-31,2026-02-09,2026-08-29,2,203,9,0
C12229,2026-08-31,2025-01-17,2026-08-23,8,591,61,0
C12230,2026-08-31,2025-08-09,2026-06-07,85,387,9,0
C12231,2026-08-31,2024-12-30,2026-08-26,5,609,15,0
C12232,2026-08-31,2024-12-06,2026-08-24,7,633,61,0
C12233,2026-08-31,2026-01-08,2026-08-22,9,235,5,0
C12234,2026-08-31,2025-03-13,2026-08-06,25,536,9,0
C12235,2026-08-31,2026-03-19,2026-08-19,12,165,11,0
C12236,2026-08-31,2025-09-20,2026-08-22,9,345,7,0
C12237,2026-08-31,2026-06-14,2026-08-11,20,78,6,0
C12238,2026-08-31,2026-06-01,2026-07-11,51,91,4,0
C12239,2026-08-31,2025-07-11,2026-06-18,74,416,16,0
C12240,2026-08-31,2025-05-06,2026-07-02,60,482,9,0
C12241,2026-08-31,2024-10-08,2026-08-04,27,692,92,0
C12242,2026-08-31,2025-05-16,2026-07-24,38,472,12,0
C12243,2026-08-31,2025-07-25,2026-08-18,13,402,15,0
C12244,2026-08-31,2025-05-28,2026-08-21,10,460,32,0
C12245,2026-08-31,2026-06-16,2026-08-28,3,76,7,0
C12246,2026-08-31,2025-01-27,2026-05-02,121,581,54,1
C12247,2026-08-31,2025-04-25,2026-08-22,9,493,14,0
C12248,2026-08-31,2025-03-28,2026-07-03,59,521,10,0
C12249,2026-08-31,2026-03-30,2026-04-08,145,154,3,1
C12250,2026-08-31,2026-06-20,2026-08-17,14,72,6,0
C12251,2026-08-31,2024-12-28,2026-08-26,5,611,65,0
C12252,2026-08-31,2026-02-09,2026-07-04,58,203,11,0
C12253,2026-08-31,2026-05-25,2026-08-28,3,98,8,0
C12254,2026-08-31,2025-01-21,2026-07-19,43,587,22,0
C12255,2026-08-31,2025-08-08,2026-08-31,0,388,5,0
C12256,2026-08-31,2025-04-20,2026-03-08,176,498,11,1
C12257,2026-08-31,2025-11-07,2026-07-29,33,297,7,0
C12258,2026-08-31,2025-05-20,2026-08-29,2,468,29,0
C12259,2026-08-31,2025-05-18,2026-08-09,22,470,19,0
C12260,2026-08-31,2025-03-30,2026-08-28,3,519,42,0
C12261,2026-08-31,2025-10-07,2025-12-16,258,328,3,1
C12262,2026-08-31,2025-04-04,2026-08-31,0,514,15,0
C12263,2026-08-31,2025-09-09,2026-06-02,90,356,17,0
C12264,2026-08-31,2026-04-25,2026-07-31,31,128,4,0
C12265,2026-08-31,2025-07-01,2026-08-09,22,426,24,0
C12266,2026-08-31,2025-11-18,2026-07-29,33,286,6,0
C12267,2026-08-31,2025-07-22,2026-08-24,7,405,6,0
C12268,2026-08-31,2024-09-28,2026-07-01,61,702,29,0
C12269,2026-08-31,2024-11-29,2026-08-15,16,640,29,0
C12270,2026-08-31,2025-08-06,2026-06-24,68,390,16,0
C12271,2026-08-31,2025-03-01,2026-01-17,226,548,16,1
C12272,2026-08-31,2025-04-19,2026-08-24,7,499,18,0
C12273,2026-08-31,2026-04-14,2026-07-20,42,139,5,0
C12274,2026-08-31,2025-07-27,2026-08-31,0,400,24,0
C12275,2026-08-31,2025-10-25,2026-06-05,87,310,6,0
C12276,2026-08-31,2025-11-09,2026-08-02,29,295,15,0
C12277,2026-08-31,2024-12-31,2026-08-29,2,608,27,0
C12278,2026-08-31,2025-06-11,2026-06-03,89,446,18,0
C12279,2026-08-31,2024-12-10,2026-06-30,62,629,18,0
C12280,2026-08-31,2024-09-07,2026-08-24,7,723,70,0
C12281,2026-08-31,2025-10-06,2026-08-29,2,329,4,0
C12282,2026-08-31,2026-04-13,2026-08-18,13,140,8,0
C12283,2026-08-31,2024-10-28,2026-02-27,185,672,13,1
C12284,2026-08-31,2024-11-21,2026-08-30,1,648,76,0
C12285,2026-08-31,2025-04-14,2026-06-03,89,504,9,0
C12286,2026-08-31,2025-09-26,2026-03-07,177,339,3,1
C12287,2026-08-31,2025-01-09,2026-06-28,64,599,26,0
C12288,2026-08-31,2025-06-12,2026-03-24,160,445,14,1
C12289,2026-08-31,2025-07-30,2026-08-28,3,397,22,0
C12290,2026-08-31,2025-05-10,2026-08-23,8,478,7,0
C12291,2026-08-31,2024-12-03,2026-08-28,3,636,22,0
C12292,2026-08-31,2025-12-26,2026-07-27,35,248,7,0
C12293,2026-08-31,2024-10-22,2026-04-17,136,678,12,1
C12294,2026-08-31,2026-05-30,2026-08-29,2,93,5,0
C12295,2026-08-31,2025-02-27,2026-04-27,126,550,21,1
C12296,2026-08-31,2025-09-10,2026-06-11,81,355,6,0
C12297,2026-08-31,2026-01-06,2026-08-11,20,237,6,0
C12298,2026-08-31,2024-12-01,2026-08-04,27,638,26,0
C12299,2026-08-31,2026-03-08,2026-08-27,4,176,5,0
C12300,2026-08-31,2025-10-17,2026-08-17,14,318,8,0
C12301,2026-08-31,2025-05-02,2026-07-24,38,486,28,0
C12302,2026-08-31,2025-06-28,2026-08-28,3,429,12,0
C12303,2026-08-31,2024-09-06,2026-06-06,86,724,15,0
C12304,2026-08-31,2025-12-28,2026-07-31,31,246,6,0
C12305,2026-08-31,2026-04-14,2026-05-23,100,139,3,1
C12306,2026-08-31,2024-11-22,2026-06-02,90,647,15,0
C12307,2026-08-31,2024-12-20,2026-08-19,12,619,82,0
C12308,2026-08-31,2025-01-10,2026-06-28,64,598,31,0
C12309,2026-08-31,2026-03-30,2026-08-28,3,154,5,0
C12310,2026-08-31,2026-04-09,2026-08-06,25,144,8,0
C12311,2026-08-31,2025-03-29,2026-04-27,126,520,8,1
C12312,2026-08-31,2025-01-25,2026-08-23,8,583,58,0
C12313,2026-08-31,2025-03-21,2026-06-23,69,528,8,0
C12314,2026-08-31,2024-12-21,2026-04-26,127,618,9,1
C12315,2026-08-31,2025-07-16,2026-08-29,2,411,9,0
C12316,2026-08-31,2026-06-14,2026-08-17,14,78,4,0
C12317,2026-08-31,2026-05-09,2026-08-01,30,114,7,0
C12318,2026-08-31,2024-09-23,2026-05-05,118,707,76,1
C12319,2026-08-31,2026-04-29,2026-08-21,10,124,7,0
C12320,2026-08-31,2024-12-04,2026-07-30,32,635,32,0
C12321,2026-08-31,2024-09-16,2026-06-11,81,714,13,0
C12322,2026-08-31,2025-09-20,2026-08-14,17,345,16,0
C12323,2026-08-31,2024-12-31,2026-08-29,2,608,86,0
C12324,2026-08-31,2024-12-19,2026-08-28,3,620,91,0
C12325,2026-08-31,2024-10-01,2026-08-30,1,699,39,0
C12326,2026-08-31,2025-01-22,2026-08-09,22,586,54,0
C12327,2026-08-31,2025-04-30,2026-03-31,153,488,11,1
C12328,2026-08-31,2025-08-13,2026-07-20,42,383,4,0
C12329,2026-08-31,2024-11-08,2026-08-25,6,661,72,0
C12330,2026-08-31,2025-06-03,2026-08-31,0,454,69,0
C12331,2026-08-31,2026-03-17,2026-05-06,117,167,3,1
C12332,2026-08-31,2025-12-21,2026-07-05,57,253,4,0
C12333,2026-08-31,2025-12-11,2026-07-10,52,263,5,0
C12334,2026-08-31,2026-01-31,2026-08-12,19,212,8,0
C12335,2026-08-31,2026-04-14,2026-05-30,93,139,3,1
C12336,2026-08-31,2024-09-23,2026-08-13,18,707,33,0
C12337,2026-08-31,2026-02-06,2026-08-28,3,206,8,0
C12338,2026-08-31,2025-04-18,2026-07-27,35,500,25,0
C12339,2026-08-31,2025-08-09,2026-08-30,1,387,19,0
C12340,2026-08-31,2025-05-10,2026-08-15,16,478,24,0
C12341,2026-08-31,2024-12-01,2026-08-27,4,638,32,0
C12342,2026-08-31,2025-10-09,2026-08-14,17,326,8,0
C12343,2026-08-31,2025-05-16,2026-08-30,1,472,28,0
C12344,2026-08-31,2026-04-30,2026-05-29,94,123,3,1
C12345,2026-08-31,2025-05-26,2026-05-10,113,462,9,1
C12346,2026-08-31,2024-09-10,2026-08-26,5,720,93,0
C12347,2026-08-31,2025-05-09,2026-07-18,44,479,8,0
C12348,2026-08-31,2026-03-03,2026-08-15,16,181,11,0
C12349,2026-08-31,2025-11-26,2026-08-06,25,278,8,0
C12350,2026-08-31,2025-04-27,2026-08-17,14,491,69,0
C12351,2026-08-31,2024-10-26,2026-04-21,132,674,22,1
C12352,2026-08-31,2025-05-09,2026-06-30,62,479,11,0
C12353,2026-08-31,2026-05-29,2026-08-25,6,94,5,0
C12354,2026-08-31,2025-09-03,2026-02-23,189,362,7,1
C12355,2026-08-31,2024-09-16,2025-12-30,244,714,5,1
C12356,2026-08-31,2025-10-05,2025-11-24,280,330,3,1
C12357,2026-08-31,2024-09-20,2025-10-13,322,710,19,1
C12358,2026-08-31,2025-03-01,2026-08-02,29,548,16,0
C12359,2026-08-31,2025-09-19,2026-06-28,64,346,21,0
C12360,2026-08-31,2025-12-14,2026-01-13,230,260,3,1
C12361,2026-08-31,2025-03-28,2026-07-10,52,521,13,0
C12362,2026-08-31,2026-07-08,2026-08-31,0,54,5,0
C12363,2026-08-31,2025-06-16,2026-08-29,2,441,42,0
C12364,2026-08-31,2025-07-25,2026-08-22,9,402,17,0
C12365,2026-08-31,2024-11-17,2026-08-20,11,652,8,0
C12366,2026-08-31,2026-06-03,2026-08-22,9,89,4,0
C12367,2026-08-31,2025-01-13,2026-08-27,4,595,17,0
C12368,2026-08-31,2024-12-16,2026-08-28,3,623,64,0
C12369,2026-08-31,2026-05-02,2026-07-27,35,121,6,0
C12370,2026-08-31,2024-10-29,2025-11-27,277,671,10,1
C12371,2026-08-31,2025-03-22,2026-07-19,43,527,5,0
C12372,2026-08-31,2026-01-18,2026-08-24,7,225,9,0
C12373,2026-08-31,2024-09-12,2026-08-25,6,718,33,0
C12374,2026-08-31,2024-12-17,2026-03-14,170,622,21,1
C12375,2026-08-31,2025-05-01,2026-08-16,15,487,26,0
C12376,2026-08-31,2026-01-16,2026-08-25,6,227,8,0
C12377,2026-08-31,2024-10-06,2026-06-06,86,694,12,0
C12378,2026-08-31,2025-05-14,2026-08-26,5,474,65,0
C12379,2026-08-31,2025-01-18,2026-08-25,6,590,64,0
C12380,2026-08-31,2025-05-27,2026-08-29,2,461,28,0
C12381,2026-08-31,2025-07-27,2026-02-28,184,400,10,1
C12382,2026-08-31,2024-11-13,2025-12-29,245,656,10,1
C12383,2026-08-31,2025-02-26,2026-08-16,15,551,14,0
C12384,2026-08-31,2025-07-04,2026-08-20,11,423,32,0
C12385,2026-08-31,2026-06-03,2026-08-17,14,89,5,0
C12386,2026-08-31,2026-01-03,2026-08-12,19,240,4,0
C12387,2026-08-31,2025-06-11,2026-08-25,6,446,12,0
C12388,2026-08-31,2025-03-01,2026-08-16,15,548,28,0
C12389,2026-08-31,2026-06-19,2026-08-27,4,73,6,0
C12390,2026-08-31,2025-12-22,2026-07-27,35,252,7,0
C12391,2026-08-31,2026-06-16,2026-08-22,9,76,5,0
C12392,2026-08-31,2025-04-02,2026-08-12,19,516,59,0
C12393,2026-08-31,2025-05-09,2026-01-10,233,479,14,1
C12394,2026-08-31,2025-05-26,2025-07-07,420,462,3,1
C12395,2026-08-31,2025-08-30,2026-08-13,18,366,12,0
C12396,2026-08-31,2024-12-15,2026-08-15,16,624,36,0
C12397,2026-08-31,2025-04-13,2026-08-01,30,505,26,0
C12398,2026-08-31,2026-03-07,2026-08-08,23,177,5,0
C12399,2026-08-31,2024-12-23,2026-07-17,45,616,11,0
C12400,2026-08-31,2025-01-17,2026-06-19,73,591,13,0
C12401,2026-08-31,2024-12-15,2026-08-31,0,624,75,0
C12402,2026-08-31,2025-09-27,2026-08-19,12,338,23,0
C12403,2026-08-31,2025-07-01,2026-08-01,30,426,13,0
C12404,2026-08-31,2025-11-15,2026-08-26,5,289,7,0
C12405,2026-08-31,2025-02-07,2026-08-08,23,570,19,0
C12406,2026-08-31,2025-11-18,2026-07-26,36,286,6,0
C12407,2026-08-31,2024-09-21,2026-08-27,4,709,100,0
C12408,2026-08-31,2025-02-28,2026-05-02,121,549,22,1
C12409,2026-08-31,2024-10-24,2026-02-20,192,676,4,1
C12410,2026-08-31,2026-04-19,2026-08-30,1,134,6,0
C12411,2026-08-31,2024-10-27,2026-07-27,35,673,20,0
C12412,2026-08-31,2024-10-04,2026-08-28,3,696,40,0
C12413,2026-08-31,2025-03-17,2026-07-20,42,532,33,0
C12414,2026-08-31,2025-06-27,2026-07-19,43,430,25,0
C12415,2026-08-31,2024-10-26,2026-05-16,107,674,27,1
C12416,2026-08-31,2026-03-29,2026-08-28,3,155,9,0
C12417,2026-08-31,2025-05-26,2026-03-22,162,462,6,1
C12418,2026-08-31,2025-05-25,2026-01-22,221,463,3,1
C12419,2026-08-31,2026-05-16,2026-08-21,10,107,5,0
C12420,2026-08-31,2025-02-20,2026-03-22,162,557,12,1
C12421,2026-08-31,2025-05-09,2026-07-27,35,479,54,0
C12422,2026-08-31,2025-05-15,2026-06-17,75,473,7,0
C12423,2026-08-31,2024-11-10,2026-08-01,30,659,82,0
C12424,2026-08-31,2025-07-27,2026-04-25,128,400,15,1
C12425,2026-08-31,2025-04-08,2026-07-23,39,510,10,0
C12426,2026-08-31,2025-03-13,2026-03-21,163,536,13,1
C12427,2026-08-31,2024-10-03,2026-08-19,12,697,47,0
C12428,2026-08-31,2025-05-24,2026-07-16,46,464,10,0
C12429,2026-08-31,2026-06-29,2026-08-22,9,63,7,0
C12430,2026-08-31,2025-06-26,2026-08-16,15,431,11,0
C12431,2026-08-31,2024-11-25,2026-08-30,1,644,101,0
C12432,2026-08-31,2025-06-10,2026-08-28,3,447,46,0
C12433,2026-08-31,2026-06-13,2026-08-28,3,79,5,0
C12434,2026-08-31,2025-05-02,2026-03-11,173,486,38,1
C12435,2026-08-31,2024-11-26,2026-04-19,134,643,24,1
C12436,2026-08-31,2025-09-10,2026-06-12,80,355,10,0
C12437,2026-08-31,2024-10-04,2026-08-22,9,696,79,0
C12438,2026-08-31,2026-05-28,2026-08-31,0,95,4,0
C12439,2026-08-31,2026-02-13,2026-07-19,43,199,6,0
C12440,2026-08-31,2026-01-19,2026-07-31,31,224,10,0
C12441,2026-08-31,2025-08-29,2026-08-31,0,367,29,0
C12442,2026-08-31,2025-07-01,2026-08-05,26,426,11,0
C12443,2026-08-31,2025-01-28,2026-08-11,20,580,6,0
C12444,2026-08-31,2024-09-01,2026-07-24,38,729,42,0
C12445,2026-08-31,2025-02-06,2026-01-17,226,571,15,1
C12446,2026-08-31,2024-12-12,2026-07-31,31,627,19,0
C12447,2026-08-31,2025-08-01,2026-08-11,20,395,9,0
C12448,2026-08-31,2025-07-09,2026-07-26,36,418,18,0
C12449,2026-08-31,2026-06-17,2026-07-06,56,75,3,0
C12450,2026-08-31,2025-05-25,2026-08-21,10,463,19,0
C12451,2026-08-31,2025-06-10,2026-08-29,2,447,62,0
C12452,2026-08-31,2024-11-12,2026-02-04,208,657,21,1
C12453,2026-08-31,2025-01-29,2026-07-25,37,579,5,0
C12454,2026-08-31,2025-09-25,2026-08-30,1,340,19,0
C12455,2026-08-31,2026-03-21,2026-08-21,10,163,10,0
C12456,2026-08-31,2026-06-21,2026-08-16,15,71,5,0
C12457,2026-08-31,2025-04-01,2026-08-21,10,517,11,0
C12458,2026-08-31,2026-03-22,2026-04-11,142,162,3,1
C12459,2026-08-31,2024-12-08,2026-08-28,3,631,88,0
C12460,2026-08-31,2025-05-14,2025-09-30,335,474,3,1
C12461,2026-08-31,2025-01-05,2026-07-31,31,603,21,0
C12462,2026-08-31,2025-07-17,2025-10-16,319,410,3,1
C12463,2026-08-31,2024-11-28,2026-07-19,43,641,15,0
C12464,2026-08-31,2026-02-02,2026-07-16,46,210,9,0
C12465,2026-08-31,2025-09-03,2026-07-01,61,362,14,0
C12466,2026-08-31,2025-03-29,2026-07-25,37,520,9,0
C12467,2026-08-31,2026-02-17,2026-05-17,106,195,3,1
C12468,2026-08-31,2025-07-06,2026-08-27,4,421,6,0
C12469,2026-08-31,2025-04-15,2026-08-29,2,503,79,0
C12470,2026-08-31,2025-05-16,2026-04-16,137,472,13,1
C12471,2026-08-31,2025-07-11,2026-08-30,1,416,21,0
C12472,2026-08-31,2025-08-24,2026-08-14,17,372,8,0
C12473,2026-08-31,2026-07-01,2026-08-15,16,61,5,0
C12474,2026-08-31,2025-12-20,2026-03-15,169,254,3,1
C12475,2026-08-31,2025-07-23,2026-03-30,154,404,11,1
C12476,2026-08-31,2025-12-12,2026-07-28,34,262,6,0
C12477,2026-08-31,2025-09-22,2026-06-12,80,343,6,0
C12478,2026-08-31,2024-10-18,2026-08-29,2,682,92,0
C12479,2026-08-31,2025-05-05,2026-08-17,14,483,33,0
C12480,2026-08-31,2026-06-26,2026-08-08,23,66,7,0
C12481,2026-08-31,2025-01-21,2026-08-01,30,587,17,0
C12482,2026-08-31,2025-08-01,2026-08-30,1,395,19,0
C12483,2026-08-31,2024-11-15,2026-08-21,10,654,95,0
C12484,2026-08-31,2025-06-28,2026-07-13,49,429,9,0
C12485,2026-08-31,2026-05-11,2026-08-18,13,112,4,0
C12486,2026-08-31,2026-01-22,2026-02-22,190,221,3,1
C12487,2026-08-31,2025-05-07,2026-07-11,51,481,6,0
C12488,2026-08-31,2026-05-01,2026-06-12,80,122,4,0
C12489,2026-08-31,2025-02-07,2026-04-29,124,570,20,1
C12490,2026-08-31,2025-02-02,2026-08-31,0,575,55,0
C12491,2026-08-31,2024-09-29,2026-05-18,105,701,32,1
C12492,2026-08-31,2024-10-02,2026-06-30,62,698,18,0
C12493,2026-08-31,2025-10-07,2026-07-30,32,328,11,0
C12494,2026-08-31,2024-09-30,2026-04-29,124,700,33,1
C12495,2026-08-31,2025-06-07,2026-05-23,100,450,18,1
C12496,2026-08-31,2025-03-07,2026-03-11,173,542,15,1
C12497,2026-08-31,2024-10-30,2026-08-24,7,670,82,0
C12498,2026-08-31,2024-10-26,2026-08-25,6,674,31,0
C12499,2026-08-31,2025-08-18,2026-08-15,16,378,24,0
C12500,2026-08-31,2024-10-06,2026-08-10,21,694,33,0
C12501,2026-08-31,2025-07-25,2026-08-31,0,402,31,0
C12502,2026-08-31,2024-10-29,2026-08-27,4,671,31,0
C12503,2026-08-31,2025-03-06,2026-06-26,66,543,13,0
C12504,2026-08-31,2025-04-28,2026-06-12,80,490,10,0
C12505,2026-08-31,2025-07-27,2026-02-05,207,400,10,1
C12506,2026-08-31,2025-04-26,2025-11-17,287,492,8,1
C12507,2026-08-31,2025-02-08,2026-05-11,112,569,22,1
C12508,2026-08-31,2025-05-28,2026-07-31,31,460,60,0
C12509,2026-08-31,2025-08-06,2026-08-25,6,390,30,0
C12510,2026-08-31,2025-11-29,2026-08-29,2,275,4,0
C12511,2026-08-31,2025-05-09,2026-03-18,166,479,9,1
C12512,2026-08-31,2025-02-05,2026-02-12,200,572,25,1
C12513,2026-08-31,2025-05-14,2026-08-15,16,474,25,0
C12514,2026-08-31,2025-11-30,2026-07-02,60,274,8,0
C12515,2026-08-31,2024-09-11,2026-08-29,2,719,52,0
C12516,2026-08-31,2025-03-29,2026-07-27,35,520,31,0
C12517,2026-08-31,2025-12-28,2026-04-06,147,246,3,1
C12518,2026-08-31,2024-10-31,2026-06-20,72,669,9,0
C12519,2026-08-31,2025-06-21,2026-08-21,10,436,19,0
C12520,2026-08-31,2024-11-06,2026-07-31,31,663,25,0
C12521,2026-08-31,2025-11-01,2026-02-22,190,303,4,1
C12522,2026-08-31,2026-05-07,2026-07-28,34,116,7,0
C12523,2026-08-31,2026-03-11,2026-04-20,133,173,3,1
C12524,2026-08-31,2025-07-02,2026-05-15,108,425,8,1
C12525,2026-08-31,2026-01-05,2026-04-02,151,238,6,1
C12526,2026-08-31,2026-01-12,2026-08-30,1,231,9,0
C12527,2026-08-31,2024-11-05,2026-08-06,25,664,40,0
C12528,2026-08-31,2025-05-23,2026-02-13,199,465,15,1
C12529,2026-08-31,2025-04-05,2026-06-29,63,513,7,0
C12530,2026-08-31,2025-01-25,2026-08-25,6,583,32,0
C12531,2026-08-31,2024-09-01,2026-03-24,160,729,29,1
C12532,2026-08-31,2024-09-05,2026-06-04,88,725,10,0
C12533,2026-08-31,2025-03-28,2026-06-24,68,521,15,0
C12534,2026-08-31,2025-07-11,2026-08-23,8,416,23,0
C12535,2026-08-31,2025-04-19,2026-08-22,9,499,25,0
C12536,2026-08-31,2025-06-05,2026-08-31,0,452,77,0
C12537,2026-08-31,2025-08-30,2026-08-24,7,366,28,0
C12538,2026-08-31,2026-06-13,2026-08-21,10,79,5,0
C12539,2026-08-31,2025-10-09,2026-08-31,0,326,9,0
C12540,2026-08-31,2025-07-08,2026-08-30,1,419,34,0
C12541,2026-08-31,2025-05-31,2025-07-19,408,457,3,1
C12542,2026-08-31,2026-04-27,2026-05-23,100,126,4,1
C12543,2026-08-31,2025-03-26,2026-07-12,50,523,7,0
C12544,2026-08-31,2025-06-07,2026-08-29,2,450,10,0
C12545,2026-08-31,2024-12-07,2026-07-10,52,632,20,0
C12546,2026-08-31,2024-10-07,2025-04-09,509,693,14,1
C12547,2026-08-31,2025-05-14,2026-08-26,5,474,33,0
C12548,2026-08-31,2025-08-01,2026-08-25,6,395,13,0
C12549,2026-08-31,2025-03-02,2026-06-10,82,547,19,0
C12550,2026-08-31,2025-06-22,2026-06-08,84,435,25,0
C12551,2026-08-31,2025-01-22,2026-08-29,2,586,97,0
C12552,2026-08-31,2026-05-26,2026-07-22,40,97,3,0
C12553,2026-08-31,2025-02-26,2026-07-21,41,551,11,0
C12554,2026-08-31,2025-09-05,2026-08-05,26,360,6,0
C12555,2026-08-31,2026-07-01,2026-08-31,0,61,8,0
C12556,2026-08-31,2024-11-02,2026-03-17,167,667,18,1
C12557,2026-08-31,2026-05-19,2026-07-05,57,104,5,0
C12558,2026-08-31,2025-03-11,2026-08-13,18,538,26,0
C12559,2026-08-31,2025-11-07,2026-05-04,119,297,3,1
C12560,2026-08-31,2024-12-15,2026-08-30,1,624,79,0
C12561,2026-08-31,2025-04-16,2026-06-15,77,502,13,0
C12562,2026-08-31,2024-09-15,2026-08-15,16,715,99,0
C12563,2026-08-31,2024-10-07,2026-08-22,9,693,24,0
C12564,2026-08-31,2025-10-30,2026-08-17,14,305,24,0
C12565,2026-08-31,2026-03-29,2026-08-30,1,155,11,0
C12566,2026-08-31,2026-04-04,2026-07-27,35,149,7,0
C12567,2026-08-31,2026-04-18,2026-05-20,103,135,3,1
C12568,2026-08-31,2025-05-09,2026-08-26,5,479,62,0
C12569,2026-08-31,2024-11-08,2026-04-16,137,661,27,1
C12570,2026-08-31,2025-06-29,2026-04-03,150,428,7,1
C12571,2026-08-31,2024-09-27,2026-08-27,4,703,10,0
C12572,2026-08-31,2025-11-24,2026-02-11,201,280,3,1
C12573,2026-08-31,2026-01-06,2026-06-10,82,237,6,0
C12574,2026-08-31,2026-06-29,2026-07-23,39,63,4,0
C12575,2026-08-31,2025-05-17,2026-08-13,18,471,31,0
C12576,2026-08-31,2025-03-20,2026-07-15,47,529,18,0
C12577,2026-08-31,2026-05-23,2026-08-27,4,100,5,0
C12578,2026-08-31,2024-10-29,2026-07-27,35,671,14,0
C12579,2026-08-31,2025-10-22,2026-08-24,7,313,10,0
C12580,2026-08-31,2024-12-29,2026-08-31,0,610,63,0
C12581,2026-08-31,2024-10-21,2026-04-25,128,679,17,1
C12582,2026-08-31,2025-02-24,2026-04-03,150,553,21,1
C12583,2026-08-31,2024-10-15,2026-08-30,1,685,98,0
C12584,2026-08-31,2025-01-19,2026-07-16,46,589,24,0
C12585,2026-08-31,2024-09-12,2026-06-29,63,718,36,0
C12586,2026-08-31,2024-11-16,2026-08-24,7,653,69,0
C12587,2026-08-31,2025-02-21,2026-08-28,3,556,70,0
C12588,2026-08-31,2024-09-05,2026-08-29,2,725,100,0
C12589,2026-08-31,2026-02-10,2026-08-07,24,202,5,0
C12590,2026-08-31,2025-02-14,2026-08-26,5,563,16,0
C12591,2026-08-31,2025-09-06,2026-08-12,19,359,14,0
C12592,2026-08-31,2026-06-29,2026-08-30,1,63,5,0
C12593,2026-08-31,2025-04-12,2026-08-23,8,506,72,0
C12594,2026-08-31,2025-08-14,2026-08-17,14,382,6,0
C12595,2026-08-31,2025-03-13,2026-03-22,162,536,17,1
C12596,2026-08-31,2025-07-06,2026-08-27,4,421,9,0
C12597,2026-08-31,2025-03-11,2026-01-22,221,538,9,1
C12598,2026-08-31,2025-10-16,2026-07-15,47,319,5,0
C12599,2026-08-31,2025-06-28,2026-06-16,76,429,10,0
C12600,2026-08-31,2026-04-25,2026-08-31,0,128,6,0
C12601,2026-08-31,2025-05-03,2026-07-09,53,485,26,0
C12602,2026-08-31,2025-11-11,2026-08-31,0,293,7,0
C12603,2026-08-31,2026-03-31,2026-08-31,0,153,13,0
C12604,2026-08-31,2025-05-13,2026-08-14,17,475,52,0
C12605,2026-08-31,2025-11-30,2026-08-24,7,274,12,0
C12606,2026-08-31,2024-11-22,2026-08-15,16,647,68,0
C12607,2026-08-31,2025-05-30,2026-06-25,67,458,14,0
C12608,2026-08-31,2025-04-25,2026-08-29,2,493,53,0
C12609,2026-08-31,2024-09-10,2026-05-18,105,720,26,1
C12610,2026-08-31,2025-02-07,2026-08-17,14,570,77,0
C12611,2026-08-31,2025-12-02,2026-07-23,39,272,13,0
C12612,2026-08-31,2025-07-31,2026-04-20,133,396,17,1
C12613,2026-08-31,2025-08-24,2026-08-12,19,372,15,0
C12614,2026-08-31,2025-02-07,2026-08-27,4,570,34,0
C12615,2026-08-31,2025-11-28,2026-08-18,13,276,7,0
C12616,2026-08-31,2024-09-09,2026-08-31,0,721,49,0
C12617,2026-08-31,2025-03-03,2026-07-02,60,546,13,0
C12618,2026-08-31,2024-10-31,2026-08-30,1,669,115,0
C12619,2026-08-31,2026-02-26,2026-07-17,45,186,7,0
C12620,2026-08-31,2024-10-13,2026-08-25,6,687,36,0
C12621,2026-08-31,2025-10-06,2026-08-19,12,329,11,0
C12622,2026-08-31,2026-06-23,2026-07-12,50,69,3,0
C12623,2026-08-31,2026-01-29,2026-08-25,6,214,5,0
C12624,2026-08-31,2024-12-22,2026-05-17,106,617,22,1
C12625,2026-08-31,2025-05-31,2026-08-15,16,457,11,0
C12626,2026-08-31,2025-11-04,2026-08-25,6,300,11,0
C12627,2026-08-31,2025-01-05,2026-04-01,152,603,12,1
C12628,2026-08-31,2024-09-01,2026-08-31,0,729,61,0
C12629,2026-08-31,2025-10-27,2026-08-25,6,308,23,0
C12630,2026-08-31,2024-12-21,2026-08-23,8,618,96,0
C12631,2026-08-31,2026-03-25,2026-05-29,94,159,5,1
C12632,2026-08-31,2025-02-11,2026-04-17,136,566,22,1
C12633,2026-08-31,2025-05-13,2026-08-27,4,475,8,0
C12634,2026-08-31,2024-12-13,2026-03-29,155,626,23,1
C12635,2026-08-31,2025-01-24,2026-08-29,2,584,27,0
C12636,2026-08-31,2026-05-29,2026-08-27,4,94,5,0
C12637,2026-08-31,2024-10-25,2026-07-15,47,675,28,0
C12638,2026-08-31,2025-04-02,2026-08-30,1,516,25,0
C12639,2026-08-31,2024-09-13,2026-08-13,18,717,72,0
C12640,2026-08-31,2026-06-24,2026-08-30,1,68,4,0
C12641,2026-08-31,2025-02-27,2026-06-02,90,550,19,0
C12642,2026-08-31,2025-04-21,2026-03-13,171,497,9,1
C12643,2026-08-31,2025-05-31,2026-07-16,46,457,9,0
C12644,2026-08-31,2025-07-06,2025-12-24,250,421,4,1
C12645,2026-08-31,2024-12-06,2026-08-21,10,633,63,0
C12646,2026-08-31,2026-01-16,2026-08-24,7,227,7,0
C12647,2026-08-31,2024-11-08,2026-05-21,102,661,29,1
C12648,2026-08-31,2025-08-20,2026-08-17,14,376,28,0
C12649,2026-08-31,2025-11-26,2026-08-27,4,278,7,0
C12650,2026-08-31,2026-05-05,2026-08-28,3,118,9,0
C12651,2026-08-31,2025-02-13,2026-06-02,90,564,19,0
C12652,2026-08-31,2025-03-20,2026-08-20,11,529,21,0
C12653,2026-08-31,2024-11-22,2026-07-31,31,647,39,0
C12654,2026-08-31,2025-09-18,2026-08-28,3,347,10,0
C12655,2026-08-31,2025-06-02,2026-07-28,34,455,8,0
C12656,2026-08-31,2024-09-01,2026-08-01,30,729,28,0
C12657,2026-08-31,2026-03-21,2026-08-06,25,163,4,0
C12658,2026-08-31,2025-09-29,2026-07-29,33,336,19,0
C12659,2026-08-31,2025-10-20,2026-07-18,44,315,6,0
C12660,2026-08-31,2025-02-14,2026-08-31,0,563,11,0
C12661,2026-08-31,2025-06-26,2026-08-30,1,431,31,0
C12662,2026-08-31,2026-06-17,2026-07-26,36,75,5,0
C12663,2026-08-31,2025-03-08,2026-08-09,22,541,37,0
C12664,2026-08-31,2026-05-27,2026-08-24,7,96,7,0
C12665,2026-08-31,2024-12-15,2026-08-09,22,624,40,0
C12666,2026-08-31,2025-01-23,2026-08-31,0,585,81,0
C12667,2026-08-31,2026-05-09,2026-08-28,3,114,6,0
C12668,2026-08-31,2025-04-24,2026-06-28,64,494,14,0
C12669,2026-08-31,2024-12-26,2026-08-28,3,613,12,0
C12670,2026-08-31,2026-05-03,2026-06-27,65,120,4,0
C12671,2026-08-31,2025-10-31,2026-07-13,49,304,5,0
C12672,2026-08-31,2026-05-28,2026-07-20,42,95,5,0
C12673,2026-08-31,2024-12-13,2026-07-19,43,626,30,0
C12674,2026-08-31,2025-04-16,2026-04-17,136,502,21,1
C12675,2026-08-31,2025-04-03,2026-08-21,10,515,8,0
C12676,2026-08-31,2026-05-15,2026-08-17,14,108,7,0
C12677,2026-08-31,2024-11-13,2026-07-26,36,656,42,0
C12678,2026-08-31,2025-08-07,2026-04-24,129,389,17,1
C12679,2026-08-31,2025-06-21,2026-08-18,13,436,23,0
C12680,2026-08-31,2024-11-03,2026-08-24,7,666,34,0
C12681,2026-08-31,2025-01-18,2026-08-25,6,590,75,0
C12682,2026-08-31,2026-01-03,2026-03-30,154,240,2,1
C12683,2026-08-31,2025-12-12,2026-07-25,37,262,11,0
C12684,2026-08-31,2025-02-04,2026-08-26,5,573,14,0
C12685,2026-08-31,2026-03-16,2026-08-03,28,168,5,0
C12686,2026-08-31,2026-02-09,2026-06-20,72,203,5,0
C12687,2026-08-31,2025-02-16,2026-08-03,28,561,9,0
C12688,2026-08-31,2025-01-25,2026-07-21,41,583,30,0
C12689,2026-08-31,2025-04-28,2025-12-08,266,490,6,1
C12690,2026-08-31,2026-06-08,2026-08-28,3,84,5,0
C12691,2026-08-31,2026-03-31,2026-08-29,2,153,10,0
C12692,2026-08-31,2025-04-26,2026-05-12,111,492,14,1
C12693,2026-08-31,2026-04-20,2026-08-30,1,133,7,0
C12694,2026-08-31,2024-09-02,2026-08-14,17,728,61,0
C12695,2026-08-31,2025-03-08,2026-04-18,135,541,23,1
C12696,2026-08-31,2025-02-03,2026-08-28,3,574,15,0
C12697,2026-08-31,2025-01-21,2026-08-10,21,587,23,0
C12698,2026-08-31,2025-01-25,2026-05-20,103,583,20,1
C12699,2026-08-31,2025-07-22,2026-07-22,40,405,6,0
C12700,2026-08-31,2025-01-02,2026-02-11,201,606,22,1
C12701,2026-08-31,2025-04-26,2026-02-14,198,492,15,1
C12702,2026-08-31,2025-04-05,2026-03-28,156,513,16,1
C12703,2026-08-31,2025-01-25,2026-08-26,5,583,74,0
C12704,2026-08-31,2025-08-04,2026-08-07,24,392,6,0
C12705,2026-08-31,2024-10-14,2026-08-31,0,686,25,0
C12706,2026-08-31,2024-10-04,2026-08-05,26,696,48,0
C12707,2026-08-31,2025-08-04,2026-08-23,8,392,17,0
C12708,2026-08-31,2025-07-08,2026-06-19,73,419,18,0
C12709,2026-08-31,2024-11-07,2026-08-31,0,662,34,0
C12710,2026-08-31,2025-04-14,2026-08-26,5,504,13,0
C12711,2026-08-31,2025-07-11,2026-06-09,83,416,9,0
C12712,2026-08-31,2025-01-03,2026-08-29,2,605,99,0
C12713,2026-08-31,2024-12-21,2026-08-22,9,618,17,0
C12714,2026-08-31,2024-09-16,2026-08-31,0,714,59,0
C12715,2026-08-31,2025-01-04,2026-08-23,8,604,14,0
C12716,2026-08-31,2024-09-15,2026-03-04,180,715,19,1
C12717,2026-08-31,2025-08-01,2026-08-31,0,395,20,0
C12718,2026-08-31,2026-06-23,2026-08-30,1,69,4,0
C12719,2026-08-31,2025-02-11,2026-08-17,14,566,62,0
C12720,2026-08-31,2025-07-25,2025-08-14,382,402,2,1
C12721,2026-08-31,2025-02-01,2026-08-26,5,576,74,0
C12722,2026-08-31,2024-12-07,2026-08-31,0,632,29,0
C12723,2026-08-31,2026-03-17,2026-07-07,55,167,6,0
C12724,2026-08-31,2025-04-18,2026-03-25,159,500,12,1
C12725,2026-08-31,2024-12-22,2026-08-19,12,617,24,0
C12726,2026-08-31,2024-10-01,2026-04-03,150,699,30,1
C12727,2026-08-31,2025-02-22,2026-07-05,57,555,10,0
C12728,2026-08-31,2025-04-30,2026-06-19,73,488,19,0
C12729,2026-08-31,2026-03-10,2026-08-16,15,174,7,0
C12730,2026-08-31,2026-06-17,2026-07-08,54,75,3,0
C12731,2026-08-31,2026-06-21,2026-08-15,16,71,4,0
C12732,2026-08-31,2025-04-06,2026-04-25,128,512,18,1
C12733,2026-08-31,2026-06-29,2026-07-30,32,63,6,0
C12734,2026-08-31,2025-05-27,2026-07-23,39,461,21,0
C12735,2026-08-31,2025-06-12,2026-08-21,10,445,13,0
C12736,2026-08-31,2025-04-13,2026-02-02,210,505,10,1
C12737,2026-08-31,2024-10-10,2026-08-25,6,690,38,0
C12738,2026-08-31,2024-10-18,2026-08-14,17,682,68,0
C12739,2026-08-31,2026-04-10,2026-05-19,104,143,4,1
C12740,2026-08-31,2025-04-03,2025-11-07,297,515,4,1
C12741,2026-08-31,2025-01-16,2026-07-19,43,592,78,0
C12742,2026-08-31,2024-09-06,2026-08-02,29,724,38,0
C12743,2026-08-31,2025-08-22,2026-05-14,109,374,12,1
C12744,2026-08-31,2025-06-20,2026-08-08,23,437,34,0
C12745,2026-08-31,2025-09-08,2026-08-16,15,357,15,0
C12746,2026-08-31,2025-03-09,2026-06-19,73,540,12,0
C12747,2026-08-31,2025-07-18,2026-08-01,30,409,24,0
C12748,2026-08-31,2024-12-13,2026-08-23,8,626,34,0
C12749,2026-08-31,2024-09-27,2026-08-02,29,703,27,0
C12750,2026-08-31,2026-02-04,2026-08-15,16,208,5,0
C12751,2026-08-31,2025-02-25,2026-07-20,42,552,34,0
C12752,2026-08-31,2025-04-04,2026-08-26,5,514,18,0
C12753,2026-08-31,2024-12-30,2026-08-25,6,609,35,0
C12754,2026-08-31,2025-06-16,2026-05-12,111,441,25,1
C12755,2026-08-31,2025-08-25,2026-03-30,154,371,7,1
C12756,2026-08-31,2025-01-30,2026-08-05,26,578,31,0
C12757,2026-08-31,2024-12-05,2026-08-10,21,634,62,0
C12758,2026-08-31,2025-03-12,2026-08-25,6,537,72,0
C12759,2026-08-31,2024-12-21,2026-03-10,174,618,21,1
C12760,2026-08-31,2026-02-06,2026-06-20,72,206,5,0
C12761,2026-08-31,2026-03-12,2026-04-10,143,172,3,1
C12762,2026-08-31,2026-05-02,2026-08-16,15,121,6,0
C12763,2026-08-31,2024-12-05,2026-08-16,15,634,28,0
C12764,2026-08-31,2025-03-20,2026-08-26,5,529,57,0
C12765,2026-08-31,2026-06-22,2026-08-22,9,70,7,0
C12766,2026-08-31,2025-02-19,2026-08-24,7,558,53,0
C12767,2026-08-31,2026-01-24,2026-08-28,3,219,8,0
C12768,2026-08-31,2026-01-16,2026-05-03,120,227,8,1
C12769,2026-08-31,2024-11-29,2026-04-05,148,640,17,1
C12770,2026-08-31,2025-03-03,2026-05-13,110,546,23,1
C12771,2026-08-31,2024-09-06,2026-08-30,1,724,89,0
C12772,2026-08-31,2024-10-30,2026-07-24,38,670,32,0
C12773,2026-08-31,2025-02-13,2026-05-08,115,564,27,1
C12774,2026-08-31,2024-12-16,2026-08-30,1,623,12,0
C12775,2026-08-31,2026-05-06,2026-08-31,0,117,9,0
C12776,2026-08-31,2025-05-28,2026-08-29,2,460,18,0
C12777,2026-08-31,2026-02-22,2026-07-17,45,190,4,0
C12778,2026-08-31,2026-05-16,2026-07-15,47,107,5,0
C12779,2026-08-31,2026-05-14,2026-08-26,5,109,6,0
C12780,2026-08-31,2025-06-23,2026-08-13,18,434,27,0
C12781,2026-08-31,2025-06-14,2026-07-23,39,443,35,0
C12782,2026-08-31,2025-04-28,2025-12-20,254,490,9,1
C12783,2026-08-31,2025-08-03,2025-09-23,342,393,3,1
C12784,2026-08-31,2024-12-28,2026-08-31,0,611,92,0
C12785,2026-08-31,2025-08-02,2026-08-23,8,394,16,0
C12786,2026-08-31,2026-05-12,2026-06-01,91,111,3,1
C12787,2026-08-31,2026-04-16,2026-07-24,38,137,5,0
C12788,2026-08-31,2025-03-13,2026-08-30,1,536,5,0
C12789,2026-08-31,2025-07-24,2026-03-20,164,403,6,1
C12790,2026-08-31,2026-03-13,2026-08-07,24,171,6,0
C12791,2026-08-31,2026-05-22,2026-05-26,97,101,3,1
C12792,2026-08-31,2025-07-12,2026-08-09,22,415,11,0
C12793,2026-08-31,2026-04-12,2026-05-27,96,141,4,1
C12794,2026-08-31,2026-03-24,2026-08-17,14,160,8,0
C12795,2026-08-31,2024-12-29,2026-08-14,17,610,28,0
C12796,2026-08-31,2025-11-07,2026-08-10,21,297,6,0
C12797,2026-08-31,2024-12-30,2026-08-31,0,609,62,0
C12798,2026-08-31,2024-11-24,2026-08-24,7,645,40,0
C12799,2026-08-31,2024-10-08,2026-08-19,12,692,42,0
C12800,2026-08-31,2025-03-10,2026-08-21,10,539,65,0
C12801,2026-08-31,2025-11-20,2026-08-16,15,284,7,0
C12802,2026-08-31,2026-01-09,2026-08-22,9,234,5,0
C12803,2026-08-31,2025-10-09,2026-04-16,137,326,3,1
C12804,2026-08-31,2025-05-06,2026-07-19,43,482,24,0
C12805,2026-08-31,2024-09-19,2026-08-02,29,711,12,0
C12806,2026-08-31,2026-05-10,2026-08-02,29,113,4,0
C12807,2026-08-31,2025-04-25,2026-08-28,3,493,55,0
C12808,2026-08-31,2024-12-15,2026-08-29,2,624,32,0
C12809,2026-08-31,2026-04-14,2026-08-31,0,139,10,0
C12810,2026-08-31,2025-01-19,2026-07-21,41,589,12,0
C12811,2026-08-31,2025-09-30,2026-07-31,31,335,12,0
C12812,2026-08-31,2024-10-20,2026-08-31,0,680,79,0
C12813,2026-08-31,2025-08-15,2026-05-27,96,381,5,1
C12814,2026-08-31,2025-04-09,2025-09-14,351,509,5,1
C12815,2026-08-31,2024-09-08,2026-08-31,0,722,46,0
C12816,2026-08-31,2024-11-16,2026-06-03,89,653,9,0
C12817,2026-08-31,2025-08-30,2026-08-12,19,366,16,0
C12818,2026-08-31,2024-09-22,2026-08-22,9,708,30,0
C12819,2026-08-31,2024-10-17,2026-08-22,9,683,17,0
C12820,2026-08-31,2025-02-04,2026-06-29,63,573,30,0
C12821,2026-08-31,2025-11-09,2026-08-07,24,295,5,0
C12822,2026-08-31,2024-11-28,2026-08-18,13,641,16,0
C12823,2026-08-31,2025-03-21,2026-03-20,164,528,15,1
C12824,2026-08-31,2026-04-28,2026-07-28,34,125,5,0
C12825,2026-08-31,2026-04-15,2026-08-28,3,138,6,0
C12826,2026-08-31,2025-04-12,2026-07-19,43,506,8,0
C12827,2026-08-31,2025-05-23,2026-07-14,48,465,17,0
C12828,2026-08-31,2026-03-08,2026-08-27,4,176,7,0
C12829,2026-08-31,2025-06-09,2026-06-17,75,448,7,0
C12830,2026-08-31,2024-12-13,2026-08-05,26,626,33,0
C12831,2026-08-31,2024-11-04,2026-04-18,135,665,23,1
C12832,2026-08-31,2025-07-19,2025-11-03,301,408,3,1
C12833,2026-08-31,2025-01-19,2026-08-12,19,589,14,0
C12834,2026-08-31,2024-11-05,2026-08-30,1,664,83,0
C12835,2026-08-31,2026-07-17,2026-08-18,13,45,5,0
C12836,2026-08-31,2026-02-18,2026-05-23,100,194,7,1
C12837,2026-08-31,2026-06-16,2026-08-07,24,76,5,0
C12838,2026-08-31,2025-02-27,2026-08-26,5,550,9,0
C12839,2026-08-31,2024-12-14,2026-08-28,3,625,80,0
C12840,2026-08-31,2025-09-13,2026-08-09,22,352,8,0
C12841,2026-08-31,2025-07-10,2026-07-31,31,417,12,0
C12842,2026-08-31,2026-02-12,2026-04-26,127,200,3,1
C12843,2026-08-31,2026-01-18,2026-04-28,125,225,3,1
C12844,2026-08-31,2026-02-09,2026-06-10,82,203,5,0
C12845,2026-08-31,2024-11-15,2026-08-27,4,654,43,0
C12846,2026-08-31,2025-02-16,2026-07-20,42,561,34,0
C12847,2026-08-31,2026-04-25,2026-08-21,10,128,8,0
C12848,2026-08-31,2026-05-01,2026-07-18,44,122,7,0
C12849,2026-08-31,2026-05-19,2026-08-27,4,104,9,0
C12850,2026-08-31,2026-06-04,2026-06-16,76,88,3,0
C12851,2026-08-31,2026-01-28,2026-08-21,10,215,5,0
C12852,2026-08-31,2024-09-26,2026-08-02,29,704,14,0
C12853,2026-08-31,2025-04-13,2026-03-28,156,505,19,1
C12854,2026-08-31,2024-09-08,2026-08-30,1,722,94,0
C12855,2026-08-31,2025-08-21,2026-08-29,2,375,19,0
C12856,2026-08-31,2026-05-20,2026-07-28,34,103,6,0
C12857,2026-08-31,2025-07-26,2026-07-16,46,401,7,0
C12858,2026-08-31,2025-07-05,2026-05-13,110,422,12,1
C12859,2026-08-31,2025-01-09,2026-08-31,0,599,34,0
C12860,2026-08-31,2026-03-01,2026-03-20,164,183,2,1
C12861,2026-08-31,2024-12-12,2026-08-27,4,627,18,0
C12862,2026-08-31,2024-09-01,2026-08-05,26,729,33,0
C12863,2026-08-31,2025-10-27,2026-07-17,45,308,6,0
C12864,2026-08-31,2025-04-11,2026-07-30,32,507,14,0
C12865,2026-08-31,2025-10-22,2026-08-26,5,313,7,0
C12866,2026-08-31,2025-03-30,2026-08-16,15,519,34,0
C12867,2026-08-31,2025-02-01,2026-06-05,87,576,7,0
C12868,2026-08-31,2024-11-08,2026-04-30,123,661,23,1
C12869,2026-08-31,2025-07-19,2026-05-16,107,408,19,1
C12870,2026-08-31,2024-09-27,2026-08-15,16,703,31,0
C12871,2026-08-31,2025-12-25,2026-03-01,183,249,3,1
C12872,2026-08-31,2024-09-03,2026-07-02,60,727,41,0
C12873,2026-08-31,2026-02-15,2026-03-12,172,197,3,1
C12874,2026-08-31,2025-06-18,2026-07-12,50,439,11,0
C12875,2026-08-31,2026-05-05,2026-07-18,44,118,6,0
C12876,2026-08-31,2026-02-22,2026-08-09,22,190,12,0
C12877,2026-08-31,2024-11-10,2026-04-25,128,659,19,1
C12878,2026-08-31,2026-01-20,2026-02-11,201,223,3,1
C12879,2026-08-31,2026-05-24,2026-08-22,9,99,6,0
C12880,2026-08-31,2025-04-29,2025-07-20,407,489,5,1
C12881,2026-08-31,2025-04-16,2026-05-17,106,502,8,1
C12882,2026-08-31,2025-12-17,2026-07-23,39,257,4,0
C12883,2026-08-31,2025-03-26,2026-08-27,4,523,35,0
C12884,2026-08-31,2024-10-13,2025-12-25,249,687,19,1
C12885,2026-08-31,2025-02-09,2026-08-12,19,568,25,0
C12886,2026-08-31,2024-10-23,2026-08-26,5,677,86,0
C12887,2026-08-31,2024-11-17,2026-08-10,21,652,17,0
C12888,2026-08-31,2024-10-06,2025-11-30,274,694,10,1
C12889,2026-08-31,2026-01-30,2026-08-05,26,213,7,0
C12890,2026-08-31,2024-10-27,2026-07-17,45,673,28,0
C12891,2026-08-31,2025-02-06,2026-06-06,86,571,9,0
C12892,2026-08-31,2025-06-13,2026-04-09,144,444,18,1
C12893,2026-08-31,2024-09-06,2026-08-12,19,724,16,0
C12894,2026-08-31,2024-09-12,2026-08-24,7,718,46,0
C12895,2026-08-31,2025-02-01,2026-08-04,27,576,13,0
C12896,2026-08-31,2025-02-03,2026-08-09,22,574,22,0
C12897,2026-08-31,2024-12-20,2025-08-02,394,619,4,1
C12898,2026-08-31,2025-04-18,2025-10-30,305,500,7,1
C12899,2026-08-31,2025-03-15,2026-05-26,97,534,17,1
C12900,2026-08-31,2025-02-08,2026-07-31,31,569,68,0
C12901,2026-08-31,2025-09-01,2026-08-15,16,364,24,0
C12902,2026-08-31,2026-04-12,2026-05-11,112,141,4,1
C12903,2026-08-31,2024-09-02,2026-03-22,162,728,28,1
C12904,2026-08-31,2025-06-16,2026-01-29,214,441,8,1
C12905,2026-08-31,2025-08-31,2026-08-02,29,365,10,0
C12906,2026-08-31,2026-07-17,2026-08-29,2,45,5,0
C12907,2026-08-31,2026-03-20,2026-08-24,7,164,5,0
C12908,2026-08-31,2025-09-20,2026-08-21,10,345,14,0
C12909,2026-08-31,2024-09-28,2026-07-08,54,702,13,0
C12910,2026-08-31,2026-04-18,2026-08-28,3,135,4,0
C12911,2026-08-31,2024-09-22,2026-07-23,39,708,39,0
C12912,2026-08-31,2025-02-28,2026-08-03,28,549,48,0
C12913,2026-08-31,2025-07-31,2026-05-23,100,396,20,1
C12914,2026-08-31,2025-06-08,2026-08-05,26,449,22,0
C12915,2026-08-31,2024-10-19,2026-08-31,0,681,38,0
C12916,2026-08-31,2025-03-08,2026-08-30,1,541,76,0
C12917,2026-08-31,2026-06-09,2026-08-31,0,83,6,0
C12918,2026-08-31,2026-01-17,2026-08-08,23,226,9,0
C12919,2026-08-31,2026-02-26,2026-04-11,142,186,3,1
C12920,2026-08-31,2024-12-02,2026-08-15,16,637,91,0
C12921,2026-08-31,2024-10-13,2026-06-09,83,687,11,0
C12922,2026-08-31,2025-05-07,2026-08-03,28,481,58,0
C12923,2026-08-31,2025-08-14,2026-08-11,20,382,13,0
C12924,2026-08-31,2026-06-12,2026-08-15,16,80,4,0
C12925,2026-08-31,2026-01-27,2026-08-23,8,216,4,0
C12926,2026-08-31,2026-01-06,2026-06-17,75,237,5,0
C12927,2026-08-31,2024-09-10,2026-04-27,126,720,65,1
C12928,2026-08-31,2026-05-23,2026-08-22,9,100,6,0
C12929,2026-08-31,2026-01-26,2026-08-16,15,217,7,0
C12930,2026-08-31,2026-06-06,2026-06-21,71,86,3,0
C12931,2026-08-31,2025-02-14,2026-08-29,2,563,77,0
C12932,2026-08-31,2024-10-12,2026-08-29,2,688,79,0
C12933,2026-08-31,2025-06-14,2026-07-16,46,443,16,0
C12934,2026-08-31,2024-12-17,2026-06-14,78,622,13,0
C12935,2026-08-31,2025-06-09,2026-03-21,163,448,10,1
C12936,2026-08-31,2025-07-20,2026-08-06,25,407,22,0
C12937,2026-08-31,2025-01-17,2025-06-07,450,591,4,1
C12938,2026-08-31,2026-03-22,2026-04-27,126,162,3,1
C12939,2026-08-31,2026-02-22,2026-08-30,1,190,13,0
C12940,2026-08-31,2025-07-15,2026-06-05,87,412,11,0
C12941,2026-08-31,2025-07-27,2025-11-10,294,400,4,1
C12942,2026-08-31,2026-05-15,2026-08-30,1,108,5,0
C12943,2026-08-31,2024-10-25,2026-07-10,52,675,45,0
C12944,2026-08-31,2024-11-04,2026-08-30,1,665,18,0
C12945,2026-08-31,2026-07-05,2026-08-23,8,57,7,0
C12946,2026-08-31,2025-10-17,2026-07-17,45,318,9,0
C12947,2026-08-31,2024-11-05,2026-03-31,153,664,15,1
C12948,2026-08-31,2025-07-06,2026-07-10,52,421,11,0
C12949,2026-08-31,2025-08-12,2026-04-18,135,384,7,1
C12950,2026-08-31,2025-05-31,2026-06-21,71,457,34,0
C12951,2026-08-31,2026-04-12,2026-08-01,30,141,6,0
C12952,2026-08-31,2024-11-18,2026-07-29,33,651,10,0
C12953,2026-08-31,2025-03-19,2026-08-28,3,530,77,0
C12954,2026-08-31,2024-11-04,2026-07-28,34,665,20,0
C12955,2026-08-31,2025-07-15,2026-06-27,65,412,24,0
C12956,2026-08-31,2025-03-25,2026-06-23,69,524,29,0
C12957,2026-08-31,2025-08-15,2026-08-31,0,381,21,0
C12958,2026-08-31,2025-06-08,2026-08-27,4,449,55,0
C12959,2026-08-31,2025-03-08,2026-01-27,216,541,9,1
C12960,2026-08-31,2025-04-26,2026-07-03,59,492,12,0
C12961,2026-08-31,2025-06-07,2025-11-23,281,450,11,1
C12962,2026-08-31,2025-01-07,2026-03-26,158,601,11,1
C12963,2026-08-31,2026-01-18,2026-08-31,0,225,13,0
C12964,2026-08-31,2026-04-23,2026-08-06,25,130,6,0
C12965,2026-08-31,2025-05-08,2026-08-02,29,480,7,0
C12966,2026-08-31,2024-11-01,2026-08-30,1,668,20,0
C12967,2026-08-31,2025-08-20,2026-08-22,9,376,18,0
C12968,2026-08-31,2025-03-14,2026-04-02,151,535,10,1
C12969,2026-08-31,2026-04-05,2026-05-08,115,148,3,1
C12970,2026-08-31,2025-01-30,2026-07-08,54,578,24,0
C12971,2026-08-31,2026-03-26,2026-04-21,132,158,3,1
C12972,2026-08-31,2025-05-14,2026-08-15,16,474,53,0
C12973,2026-08-31,2026-05-16,2026-08-14,17,107,6,0
C12974,2026-08-31,2024-12-10,2026-05-03,120,629,20,1
C12975,2026-08-31,2025-03-20,2026-08-28,3,529,12,0
C12976,2026-08-31,2025-04-12,2026-08-25,6,506,53,0
C12977,2026-08-31,2024-11-27,2026-07-07,55,642,15,0
C12978,2026-08-31,2024-09-14,2026-05-18,105,716,26,1
C12979,2026-08-31,2024-12-01,2026-08-27,4,638,45,0
C12980,2026-08-31,2024-10-05,2026-06-14,78,695,37,0
C12981,2026-08-31,2024-11-03,2026-08-11,20,666,27,0
C12982,2026-08-31,2025-07-26,2026-04-03,150,401,10,1
C12983,2026-08-31,2025-11-29,2026-06-08,84,275,4,0
C12984,2026-08-31,2025-01-08,2026-02-22,190,600,36,1
C12985,2026-08-31,2024-12-24,2026-08-02,29,615,11,0
C12986,2026-08-31,2025-01-08,2026-04-02,151,600,24,1
C12987,2026-08-31,2024-09-09,2026-08-22,9,721,48,0
C12988,2026-08-31,2024-10-30,2026-08-02,29,670,21,0
C12989,2026-08-31,2025-03-24,2026-06-19,73,525,7,0
C12990,2026-08-31,2026-06-24,2026-07-15,47,68,3,0
C12991,2026-08-31,2024-09-02,2026-08-12,19,728,37,0
C12992,2026-08-31,2025-07-20,2026-08-16,15,407,13,0
C12993,2026-08-31,2025-03-17,2026-03-30,154,532,20,1
C12994,2026-08-31,2026-02-24,2026-07-30,32,188,7,0
C12995,2026-08-31,2026-02-18,2026-08-21,10,194,8,0
C12996,2026-08-31,2026-06-13,2026-08-04,27,79,5,0
C12997,2026-08-31,2024-09-03,2026-08-01,30,727,90,0
C12998,2026-08-31,2026-05-14,2026-06-01,91,109,3,1
C12999,2026-08-31,2025-06-27,2026-04-10,143,430,17,1
C13000,2026-08-31,2024-11-04,2026-08-28,3,665,33,0
