customer_id,recency,frequency,monetary,avg_order_value,tenure_days,basket_depth,items_per_basket,discount_ratio,category_breadth,channel_diversity
C10001,180,7,7401.33,1057.3328571428572,386,9.714285714285714,5.0,0.039532985464516474,11,1
C10002,4,8,3282.67,410.33375,295,6.125,3.125,0.09318508287292818,10,1
C10003,154,4,3110.29,777.5725,411,3.25,1.75,0.0,5,2
C10004,10,6,2507.13,417.855,286,4.666666666666667,2.0,0.11306664213900113,6,3
C10005,4,12,6843.47,570.2891666666667,520,7.25,3.75,0.07718706343684094,13,2
C10006,81,12,7232.42,602.7016666666667,605,5.666666666666667,2.8333333333333335,0.06902845785899277,11,1
C10007,1,5,9399.24,1879.848,191,10.4,4.6,0.0981200038764785,12,2
C10008,58,2,3039.52,1519.76,87,6.0,4.0,0.02133756628748241,6,1
C10009,34,4,1905.1,476.275,207,4.0,2.0,0.09960110405323656,7,1
C10010,119,15,11237.07,749.138,460,7.8,4.666666666666667,0.0869389284010846,13,2
C10011,13,18,18344.87,1019.1594444444444,534,7.611111111111111,3.6666666666666665,0.01977927912523831,13,3
C10012,59,8,4474.58,559.3225,328,5.5,3.125,0.036060121026202235,10,2
C10013,126,21,38023.81,1810.657619047619,617,10.0,5.285714285714286,0.027575522216598765,14,3
C10014,3,32,45342.68,1416.95875,356,9.5,4.71875,0.04250142803294665,14,3
C10015,80,16,7963.99,497.749375,500,5.0625,2.6875,0.03905908756349771,10,2
C10016,146,24,29553.61,1231.4004166666666,663,9.291666666666666,4.75,0.10925311180808271,14,3
C10017,12,6,8475.89,1412.6483333333333,135,8.333333333333334,4.833333333333333,0.012022338189748726,10,2
C10018,0,105,279107.85,2658.1699999999996,729,15.81904761904762,8.266666666666667,0.02276850334570705,14,3
C10019,110,3,1333.16,444.3866666666667,134,7.666666666666667,3.6666666666666665,0.004354028036057028,7,1
C10020,47,12,7060.72,588.3933333333333,610,6.5,3.5,0.014291318411467677,12,3
C10021,57,40,48212.19,1205.30475,700,8.95,4.8,0.0,14,3
C10022,37,15,30265.18,2017.6786666666667,410,12.866666666666667,6.466666666666667,0.027161527191420943,13,3
C10023,0,59,143527.77,2432.67406779661,435,15.016949152542374,8.016949152542374,0.04019205551819233,14,3
C10024,115,22,25318.21,1150.8277272727273,675,7.818181818181818,4.454545454545454,0.023698954104051283,14,3
C10025,103,25,29982.52,1199.3008,603,8.88,4.88,0.05343297444894256,13,3
C10026,3,12,10139.85,844.9875000000001,456,9.166666666666666,4.833333333333333,0.054169643806585094,12,2
C10027,45,8,6023.389999999999,752.9237499999999,319,7.125,4.25,0.019593832451410127,11,2
C10028,271,6,2247.54,374.59,509,7.166666666666667,3.1666666666666665,0.048124446778503874,8,2
C10029,241,5,7628.9,1525.78,513,11.0,5.4,0.08639101156965807,11,1
C10030,36,19,31665.52,1666.6063157894737,607,13.157894736842104,7.315789473684211,0.047453857244661515,14,2
C10031,39,3,1629.8899999999999,543.2966666666666,77,6.666666666666667,4.666666666666667,0.06944254133552571,8,2
C10032,16,34,53955.32,1586.9211764705883,722,12.088235294117647,6.205882352941177,0.01757770749462407,14,3
C10033,17,46,124023.26,2696.1578260869564,509,11.195652173913043,6.1521739130434785,0.015353476587353445,14,3
C10034,340,4,7447.43,1861.8575,388,11.75,5.5,0.10685678993098238,11,2
C10035,14,7,5522.29,788.8985714285715,76,6.428571428571429,3.5714285714285716,0.03659255692563206,9,1
C10036,4,10,3870.42,387.04200000000003,503,3.3,2.1,0.04057886230454225,7,1
C10037,116,22,33497.38,1522.6081818181817,632,10.5,5.909090909090909,0.044241389296663575,13,3
C10038,147,19,23848.579999999998,1255.1884210526314,569,8.631578947368421,4.684210526315789,0.00573622216468907,12,2
C10039,30,5,1101.6100000000001,220.32200000000003,328,3.4,2.2,0.041661591996520225,6,1
C10040,141,3,1691.1399999999999,563.7133333333333,305,4.666666666666667,2.0,0.04920023613414668,4,1
C10041,261,4,2030.66,507.665,678,8.0,4.0,0.024621503227789734,8,1
C10042,8,13,13572.07,1044.0053846153846,342,8.538461538461538,4.538461538461538,0.035305147500456685,13,1
C10043,135,10,6192.11,619.211,557,6.3,3.7,0.06634952466394758,11,3
C10044,1,88,272611.74,3097.8606818181815,649,15.693181818181818,8.5,0.018132786527200944,14,3
C10045,108,33,22193.04,672.5163636363636,717,6.2727272727272725,3.4545454545454546,0.024914224855877104,14,3
C10046,21,4,2943.4300000000003,735.8575000000001,245,5.5,2.5,0.07870981877367053,7,1
C10047,1,24,16187.699999999999,674.4875,482,6.166666666666667,3.125,0.009921155529296491,12,1
C10048,266,9,7250.71,805.6344444444444,405,6.333333333333333,3.3333333333333335,0.06694676969997233,12,2
C10049,4,12,12128.52,1010.71,191,5.916666666666667,3.5,0.015181693948028053,14,3
C10050,9,71,137909.39,1942.3857746478875,615,9.690140845070422,5.183098591549296,0.0,14,2
C10051,106,15,21077.239999999998,1405.1493333333333,478,9.466666666666667,5.266666666666667,0.03223030792237912,13,3
C10052,19,69,206574.56,2993.8342028985508,580,15.0,8.18840579710145,0.010537445399823953,14,3
C10053,8,7,3672.84,524.6914285714286,478,4.857142857142857,2.4285714285714284,0.06839822447685479,7,1
C10054,37,9,4717.91,524.2122222222222,551,3.888888888888889,2.111111111111111,0.10171321295019917,9,3
C10055,15,63,134374.63,2132.930634920635,556,11.238095238095237,5.904761904761905,0.007065574567567091,14,3
C10056,4,8,2745.06,343.1325,304,5.625,3.0,0.04427902960755369,8,1
C10057,7,6,9796.55,1632.7583333333332,134,13.0,6.833333333333333,0.011218547190568952,13,2
C10058,3,39,74855.47,1919.3710256410257,559,14.282051282051283,7.871794871794871,0.014564553613907622,14,3
C10059,6,65,151011.47,2323.2533846153847,472,13.246153846153845,7.184615384615385,0.02648871286505754,14,3
C10060,4,52,128674.38,2474.5073076923077,479,12.423076923076923,6.865384615384615,0.00155375821864693,14,3
C10061,117,3,3162.63,1054.21,178,9.666666666666666,5.0,0.04941058364542443,10,1
C10062,63,11,5005.1,455.00909090909096,460,3.1818181818181817,1.9090909090909092,0.024529522740383867,11,3
C10063,243,6,7914.48,1319.08,376,6.666666666666667,3.0,0.00811357501109131,8,1
C10064,78,9,4269.52,474.3911111111112,277,4.666666666666667,2.2222222222222223,0.06185014282575259,6,3
C10065,13,19,12189.94,641.5757894736843,566,7.947368421052632,4.368421052631579,0.08176753463538684,14,3
C10066,5,95,183408.79,1930.6188421052632,698,11.810526315789474,6.431578947368421,0.007197473357466913,14,3
C10067,10,43,83776.93,1948.3006976744184,715,15.162790697674419,8.093023255813954,0.0,14,3
C10068,6,66,157844.1,2391.577272727273,527,13.106060606060606,6.803030303030303,0.006491375443728173,14,3
C10069,212,21,22817.28,1086.5371428571427,667,9.380952380952381,5.0,0.04314175435418208,12,3
C10070,48,6,4160.04,693.34,577,5.333333333333333,2.5,0.09575552594569803,8,1
C10071,10,7,3027.46,432.4942857142857,493,5.714285714285714,3.2857142857142856,0.06941016269783941,8,1
C10072,24,6,5605.549999999999,934.2583333333332,127,5.333333333333333,3.1666666666666665,0.006668226071115931,10,1
C10073,86,17,9496.37,558.61,652,4.352941176470588,2.235294117647059,0.04614313723914598,12,2
C10074,99,16,13181.01,823.813125,634,6.4375,3.5,0.03414384291897762,14,2
C10075,249,18,17706.01,983.6672222222221,598,9.38888888888889,4.833333333333333,0.044927644113033544,14,3
C10076,45,7,11397.1,1628.1571428571428,232,7.0,4.142857142857143,0.04063038204411192,10,2
C10077,20,39,58383.45,1497.0115384615383,723,11.256410256410257,6.282051282051282,0.02999107637878753,14,2
C10078,20,32,40821.07,1275.6584375,549,8.625,4.9375,0.023561405422369185,14,2
C10079,189,21,25320.58,1205.7419047619048,626,8.523809523809524,4.666666666666667,0.042574221485473324,14,3
C10080,10,15,5037.8,335.85333333333335,545,3.466666666666667,2.066666666666667,0.06147770036141436,11,3
C10081,1,18,21970.79,1220.5994444444445,359,8.277777777777779,4.333333333333333,0.03707162842557011,14,3
C10082,65,15,6052.25,403.48333333333335,513,4.066666666666666,2.2666666666666666,0.025750858791221173,11,3
C10083,213,6,2544.54,424.09,647,6.5,3.8333333333333335,0.050218731803454916,8,1
C10084,12,76,189930.59,2499.0867105263155,638,13.407894736842104,7.144736842105263,0.0251072722572867,14,3
C10085,3,6,3895.15,649.1916666666667,291,4.666666666666667,2.3333333333333335,0.011719364480100676,5,2
C10086,246,3,1109.51,369.83666666666664,283,5.0,2.6666666666666665,0.0599842414280994,6,1
C10087,49,18,31471.53,1748.4183333333333,415,11.666666666666666,6.555555555555555,0.0157632842823443,14,3
C10088,29,15,17794.46,1186.2973333333332,378,7.133333333333334,4.133333333333334,0.029646970547160482,13,1
C10089,13,10,12014.08,1201.408,199,8.4,4.2,0.03962883588346125,13,3
C10090,52,3,2092.99,697.6633333333333,83,5.0,2.6666666666666665,0.03042614202263431,7,1
C10091,22,18,22849.43,1269.4127777777778,360,9.222222222222221,5.111111111111111,0.006123043731676976,13,1
C10092,0,46,143021.18,3109.1560869565214,489,15.543478260869565,8.282608695652174,0.019157475430104334,14,3
C10093,17,25,42745.03,1709.8011999999999,430,14.44,7.28,0.04355047597566957,14,3
C10094,11,7,2844.26,406.3228571428572,113,4.857142857142857,2.142857142857143,0.09346005883684091,8,2
C10095,225,3,1709.1399999999999,569.7133333333333,468,9.666666666666666,5.0,0.0600599444551379,10,2
C10096,3,6,3878.72,646.4533333333333,263,6.666666666666667,3.3333333333333335,0.02870522243229369,10,2
C10097,3,18,18798.77,1044.3761111111112,358,8.0,4.055555555555555,0.02362362175197275,13,3
C10098,80,4,1276.66,319.165,266,3.75,2.5,0.019883920894239036,6,1
C10099,2,5,8562.34,1712.468,129,6.6,4.0,0.04272890805889187,10,1
C10100,1,21,17830.95,849.0928571428572,360,6.095238095238095,3.238095238095238,0.03894258055231716,11,3
C10101,2,26,32436.4,1247.5538461538463,498,9.576923076923077,5.038461538461538,0.008981263878551901,13,3
C10102,23,25,20442.09,817.6836,486,7.04,3.44,0.0,13,3
C10103,3,106,260148.52,2454.2313207547168,721,14.547169811320755,7.6415094339622645,0.016723766180683924,14,3
C10104,49,6,6148.16,1024.6933333333334,309,6.333333333333333,3.1666666666666665,0.02409694014415942,10,3
C10105,36,16,16304.15,1019.009375,571,8.3125,4.4375,0.031504907772838195,13,3
C10106,4,37,64817.77,1751.8316216216215,485,15.81081081081081,8.432432432432432,0.008948363546515131,14,3
C10107,11,6,3533.7200000000003,588.9533333333334,213,7.0,3.6666666666666665,0.023445790590732225,11,1
C10108,82,13,4331.03,333.1561538461538,601,5.076923076923077,2.6153846153846154,0.05485553421787709,9,3
C10109,167,16,27012.2,1688.2625,591,9.6875,5.5,0.023800205053925137,14,2
C10110,5,4,3512.31,878.0775,36,4.0,2.0,0.06770487712946398,3,2
C10111,10,75,255590.71,3407.876133333333,557,17.586666666666666,9.2,0.0,14,3
C10112,9,11,9839.03,894.4572727272728,178,5.818181818181818,3.6363636363636362,0.013722042678770478,12,2
C10113,31,21,39438.6,1878.0285714285715,424,12.761904761904763,6.666666666666667,0.04321293901503233,14,2
C10114,0,5,9659.06,1931.812,99,12.4,6.4,0.023387396022595718,12,3
C10115,63,16,6912.13,432.008125,661,5.5,2.25,0.057248696444426865,11,3
C10116,186,13,11132.93,856.3792307692308,449,5.384615384615385,3.1538461538461537,0.03387741890133998,13,2
C10117,26,16,13855.91,865.994375,542,8.6875,4.0,0.03879329481821865,12,3
C10118,29,8,7782.3,972.7875,505,9.375,4.875,0.05063800717300608,10,3
C10119,7,63,185754.14,2948.4784126984127,699,14.571428571428571,7.857142857142857,0.02102243561027284,14,3
C10120,7,66,220944.82,3347.648787878788,449,16.575757575757574,8.530303030303031,0.02792556608219697,14,3
C10121,93,3,2544.06,848.02,115,8.0,4.333333333333333,0.022834557962135734,7,1
C10122,17,14,5250.09,375.00642857142856,416,4.0,2.142857142857143,0.09639960138997176,9,3
C10123,8,45,57095.479999999996,1268.7884444444444,671,9.28888888888889,5.155555555555556,0.0245116405818198,14,3
C10124,13,83,266640.5,3212.5361445783133,528,17.397590361445783,9.55421686746988,0.0,14,3
C10125,2,21,34052.17,1621.5319047619046,607,9.285714285714286,5.190476190476191,0.008774623685836801,14,3
C10126,247,3,761.0799999999999,253.6933333333333,381,3.3333333333333335,2.0,0.11529072605956339,5,2
C10127,34,72,229197.23,3183.2948611111115,588,16.88888888888889,8.930555555555555,0.0,14,3
C10128,10,15,10706.62,713.7746666666667,599,5.333333333333333,2.6,0.02561236980173916,10,3
C10129,13,21,17169.3,817.5857142857143,339,7.333333333333333,3.761904761904762,0.05922623271319368,12,2
C10130,217,5,1280.8899999999999,256.178,573,5.0,2.2,0.04959450335007753,5,1
C10131,8,44,80249.17,1823.8447727272726,675,12.409090909090908,6.5,0.01838783487999499,14,2
C10132,3,30,52112.92,1737.0973333333334,525,14.733333333333333,7.933333333333334,0.031520917585765806,14,3
C10133,30,33,38660.15,1171.519696969697,642,10.151515151515152,5.2727272727272725,0.024344109923133957,14,2
C10134,0,8,5933.009999999999,741.6262499999999,393,7.625,4.0,0.053408235158972264,12,2
C10135,24,4,2788.3500000000004,697.0875000000001,74,5.0,3.25,0.013162085831380904,9,2
C10136,61,10,6262.0,626.2,624,6.5,3.9,0.06306295522691771,12,3
C10137,88,16,17870.95,1116.934375,413,8.25,4.25,0.021670462259399566,13,2
C10138,168,22,25775.87,1171.6304545454545,455,7.409090909090909,4.045454545454546,0.056697259994737445,13,3
C10139,9,5,1522.51,304.502,57,3.6,2.2,0.07301941014588051,6,1
C10140,149,10,5986.95,598.6949999999999,597,5.0,2.7,0.09542602360342854,11,2
C10141,201,16,25349.7,1584.35625,564,14.0625,7.0625,0.04682100703518344,13,2
C10142,157,22,22324.28,1014.7399999999999,558,6.0,3.1363636363636362,0.04174849089299044,11,2
C10143,109,3,1918.73,639.5766666666667,142,5.333333333333333,3.0,0.027555623131113472,6,1
C10144,82,22,26681.420000000002,1212.7918181818184,618,8.090909090909092,4.136363636363637,0.010032717642073892,13,3
C10145,167,15,14768.89,984.5926666666667,440,8.466666666666667,5.066666666666666,0.058630022079557795,13,2
C10146,0,5,5101.99,1020.3979999999999,74,6.6,3.6,0.07474588105147667,8,2
C10147,113,16,23066.77,1441.673125,629,12.25,6.125,0.03810945987308106,13,2
C10148,179,16,13189.87,824.366875,557,6.6875,3.25,0.023848236877882137,13,1
C10149,1,95,286970.07,3020.7375789473685,694,14.83157894736842,8.031578947368422,0.017200780143138573,14,3
C10150,3,63,119745.6,1900.7238095238097,505,10.841269841269842,5.714285714285714,0.003977001878081806,14,3
C10151,55,5,4301.93,860.3860000000001,282,9.0,4.8,0.045360536488591625,10,3
C10152,23,6,4512.78,752.13,277,6.5,3.8333333333333335,0.022543460273865785,9,2
C10153,36,14,6474.22,462.44428571428574,474,6.142857142857143,3.357142857142857,0.09955841753534399,10,2
C10154,0,76,191378.1,2518.132894736842,508,13.25,7.144736842105263,0.00492793819157038,14,3
C10155,37,5,4319.51,863.902,186,5.0,2.4,0.09375458943684725,8,1
C10156,27,77,179935.4,2336.8233766233766,547,13.779220779220779,7.233766233766234,0.0,14,3
C10157,21,26,26137.59,1005.2919230769231,333,5.769230769230769,2.923076923076923,0.02079265414384511,12,3
C10158,6,35,57069.12,1630.546285714286,687,11.228571428571428,5.8,0.009374203685663877,14,2
C10159,350,6,3135.25,522.5416666666666,530,6.5,3.6666666666666665,0.08435525935358007,9,1
C10160,17,66,143377.08,2172.3799999999997,539,10.924242424242424,5.651515151515151,0.0,14,3
C10161,16,38,43944.46,1156.4331578947367,581,7.605263157894737,4.2631578947368425,0.022133934917312612,14,3
C10162,23,5,2794.9900000000002,558.998,106,4.6,2.0,0.004473651404249256,6,2
C10163,2,19,23911.03,1258.4752631578947,383,9.0,4.631578947368421,0.012577021662490981,13,2
C10164,127,33,35029.7,1061.5060606060606,729,7.666666666666667,3.9696969696969697,0.035259727490899194,13,3
C10165,1,7,10803.14,1543.3057142857142,64,10.857142857142858,5.285714285714286,0.04295188333076423,11,3
C10166,190,13,17843.1,1372.5461538461536,508,10.615384615384615,5.769230769230769,0.037893611893106124,14,1
C10167,49,13,10417.67,801.3592307692307,646,7.769230769230769,4.461538461538462,0.05112501445946204,14,2
C10168,30,3,1321.3600000000001,440.4533333333334,47,5.0,3.0,0.09044852556513121,6,1
C10169,6,10,4008.26,400.826,481,4.1,1.9,0.03190076177318771,9,1
C10170,12,17,21870.72,1286.5129411764706,368,9.823529411764707,5.411764705882353,0.040569795920516,14,1
C10171,71,6,5465.35,910.8916666666668,163,7.166666666666667,4.0,0.005183997320630599,10,2
C10172,9,100,221195.62,2211.9562,716,12.14,6.73,0.03288226074631401,14,3
C10173,116,11,7105.55,645.959090909091,434,6.636363636363637,3.6363636363636362,0.05509418405952247,10,2
C10174,23,19,33954.73,1787.091052631579,415,13.157894736842104,7.052631578947368,0.02575409614051518,13,3
C10175,8,12,11742.13,978.5108333333333,207,7.333333333333333,4.0,0.068341496429158,13,3
C10176,25,27,41627.02,1541.7414814814813,705,13.037037037037036,6.851851851851852,0.021834875880687738,14,3
C10177,81,10,5966.6,596.6600000000001,604,5.5,3.1,0.05568164192946971,8,1
C10178,38,12,5556.15,463.0125,531,3.25,2.0,0.05980468968131353,9,2
C10179,68,24,21610.53,900.4387499999999,682,7.791666666666667,4.541666666666667,0.059794064709467826,12,3
C10180,139,9,12668.41,1407.601111111111,406,8.88888888888889,5.0,0.08922541372832504,12,2
C10181,42,6,7041.67,1173.6116666666667,112,10.0,5.333333333333333,0.039314637154426284,10,2
C10182,127,11,6367.5,578.8636363636364,399,5.0,2.909090909090909,0.016956060599043123,11,3
C10183,10,21,16459.86,783.8028571428572,628,7.714285714285714,4.285714285714286,0.08503875555318383,12,3
C10184,6,21,25908.86,1233.7552380952382,418,8.333333333333334,4.476190476190476,0.051352952505512355,14,3
C10185,118,7,4788.9,684.1285714285714,185,7.571428571428571,4.0,0.02467189676662512,10,1
C10186,2,27,29725.22,1100.934074074074,408,6.7407407407407405,3.925925925925926,0.011319928848822373,13,3
C10187,9,72,226326.18,3143.4191666666666,519,15.944444444444445,8.708333333333334,0.023272891578353865,14,3
C10188,65,19,20536.13,1080.848947368421,511,8.789473684210526,4.631578947368421,0.009154742358221874,13,2
C10189,45,4,934.48,233.62,239,5.25,3.0,0.04356992989099842,7,2
C10190,12,35,39768.88,1136.2537142857143,724,8.542857142857143,4.771428571428571,0.04413885830383588,14,3
C10191,56,8,5728.9800000000005,716.1225000000001,183,4.875,2.5,0.021687232538362494,8,2
C10192,5,58,175156.93,3019.9470689655172,542,15.741379310344827,8.431034482758621,0.0,14,3
C10193,256,11,4427.75,402.52272727272725,670,5.181818181818182,3.090909090909091,0.08879221107957878,12,2
C10194,5,6,5848.38,974.73,134,8.0,4.666666666666667,0.004276836639141909,10,2
C10195,15,9,5035.84,559.5377777777778,631,5.888888888888889,3.2222222222222223,0.06933972027558473,11,2
C10196,29,9,6223.1,691.4555555555556,229,6.0,3.3333333333333335,0.08300154132247235,11,3
C10197,34,8,5230.3,653.7875,560,9.125,4.375,0.03526165412701721,11,1
C10198,37,17,35155.38,2067.9635294117647,398,14.647058823529411,7.647058823529412,0.012360044882279535,14,2
C10199,426,7,14643.18,2091.882857142857,541,10.714285714285714,5.857142857142857,0.011999840766802307,13,2
C10200,49,28,38179.97,1363.5703571428571,617,8.821428571428571,4.5,0.007433853135450809,14,3
C10201,159,15,15984.05,1065.6033333333332,598,7.266666666666667,4.066666666666666,0.07348347444928839,14,2
C10202,1,91,304550.36,3346.7072527472524,575,16.967032967032967,8.912087912087912,0.0,14,3
C10203,29,8,3264.8700000000003,408.10875000000004,257,4.625,2.5,0.014848766475160528,9,3
C10204,32,69,212470.6,3079.2840579710146,581,14.565217391304348,7.898550724637682,0.0104514512002626,14,2
C10205,5,6,4396.96,732.8266666666667,218,7.666666666666667,4.166666666666667,0.044423725977263295,11,2
C10206,4,62,180430.11,2910.163064516129,464,14.0,7.241935483870968,0.0,14,3
C10207,23,12,10007.67,833.9725,637,9.75,5.416666666666667,0.05603603178720495,13,1
C10208,33,15,32247.64,2149.8426666666664,349,16.866666666666667,8.6,0.009285745666114386,13,1
C10209,19,82,260432.01,3176.0001219512196,723,16.548780487804876,8.78048780487805,0.0,14,3
C10210,93,3,6320.55,2106.85,102,12.333333333333334,5.333333333333333,0.016273651346046993,8,1
C10211,106,7,15937.689999999999,2276.812857142857,398,12.857142857142858,6.857142857142857,0.01051833631234902,12,1
C10212,177,5,2261.73,452.346,559,4.2,2.6,0.13945400932179206,8,2
C10213,1,49,36387.29,742.5977551020409,718,6.346938775510204,3.3469387755102042,0.06319586508809807,14,3
C10214,35,38,44975.83,1183.5744736842105,695,7.105263157894737,3.6052631578947367,0.0034664767656320487,13,3
C10215,8,68,197677.59,2907.023382352941,689,15.558823529411764,8.352941176470589,0.0,14,3
C10216,28,30,50085.03,1669.501,421,13.2,7.233333333333333,0.01770984635214311,14,3
C10217,18,14,8846.35,631.8821428571429,458,6.0,3.142857142857143,0.10700928588805451,10,3
C10218,2,22,20548.66,934.03,448,8.045454545454545,4.045454545454546,0.03320578345314365,14,3
C10219,2,63,116149.81999999999,1843.6479365079365,458,9.317460317460318,4.873015873015873,0.0010722901410025415,14,3
C10220,0,22,20801.45,945.5204545454545,538,7.409090909090909,4.090909090909091,0.023219001574010426,13,3
C10221,254,17,21048.5,1238.1470588235295,704,8.294117647058824,4.0588235294117645,0.04705096716505756,14,2
C10222,22,22,12168.65,553.1204545454545,701,6.318181818181818,3.3181818181818183,0.03790687929412322,13,2
C10223,14,9,11782.029999999999,1309.1144444444444,125,8.555555555555555,4.666666666666667,0.04724849429741426,13,2
C10224,140,4,1266.4099999999999,316.60249999999996,200,5.0,2.25,0.1752404769812894,4,1
C10225,63,5,2408.66,481.73199999999997,358,5.2,2.4,0.05793224289927175,8,1
C10226,30,65,138681.88,2133.5673846153845,606,10.861538461538462,5.6923076923076925,0.022917584342318595,14,3
C10227,116,3,1601.3,533.7666666666667,124,4.666666666666667,3.0,0.08727670683188746,5,3
C10228,81,5,7018.03,1403.606,184,12.6,6.4,0.03640712380152104,11,1
C10229,134,12,23062.3,1921.8583333333333,413,14.083333333333334,7.0,0.04701239669421488,14,2
C10230,2,30,46580.51,1552.6836666666668,381,12.233333333333333,6.333333333333333,0.024765207152425143,14,3
C10231,7,25,36595.65,1463.826,563,11.64,5.92,0.04673358037850738,14,3
C10232,57,5,1492.38,298.476,409,3.6,2.0,0.08280325239227834,6,3
C10233,177,15,20063.44,1337.5626666666665,527,7.4,3.933333333333333,0.057930619987604,13,3
C10234,37,29,15296.369999999999,527.4610344827586,453,4.310344827586207,2.310344827586207,0.0013403495485378896,12,3
C10235,16,17,8623.05,507.2382352941176,673,4.0588235294117645,2.0,0.04069059196934856,13,3
C10236,0,84,203534.46,2423.029285714286,583,12.797619047619047,6.654761904761905,0.005503836395113712,14,3
C10237,18,17,12328.68,725.2164705882353,560,7.117647058823529,3.588235294117647,0.09689064174511422,13,3
C10238,10,83,240177.23,2893.7015662650606,653,15.204819277108435,8.228915662650602,0.01651458050943478,14,3
C10239,0,55,136413.57,2480.246727272727,476,13.418181818181818,7.163636363636364,0.012500542925892788,14,2
C10240,3,5,2268.18,453.63599999999997,128,3.6,2.4,0.0,7,1
C10241,8,4,4052.17,1013.0425,64,8.0,4.5,0.03398089498439702,6,3
C10242,4,7,7550.3,1078.6142857142856,96,8.571428571428571,4.714285714285714,0.01828006901671978,11,3
C10243,86,12,3452.19,287.6825,695,4.0,2.0833333333333335,0.10285889516344898,9,3
C10244,113,3,4779.889999999999,1593.2966666666664,127,11.666666666666666,6.0,0.009774045124682261,6,2
C10245,20,29,37622.13,1297.3148275862068,610,9.586206896551724,5.172413793103448,0.04385391972284008,13,3
C10246,39,11,4559.82,414.5290909090909,673,3.727272727272727,1.9090909090909092,0.13917421649490375,9,1
C10247,22,88,337850.16,3839.206363636363,705,19.40909090909091,10.511363636363637,0.0,14,2
C10248,58,3,2570.59,856.8633333333333,75,7.0,2.6666666666666665,0.0,5,2
C10249,142,3,3246.86,1082.2866666666666,183,5.666666666666667,3.6666666666666665,0.002460927778989637,5,1
C10250,74,7,5511.8099999999995,787.4014285714285,387,8.857142857142858,5.142857142857143,0.08204275843002583,10,2
C10251,39,20,22373.559999999998,1118.6779999999999,675,8.2,4.15,0.049621247036645146,14,2
C10252,46,11,4378.9400000000005,398.0854545454546,596,3.4545454545454546,1.9090909090909092,0.09323134203186055,11,2
C10253,52,35,32119.7,917.7057142857143,652,6.171428571428572,3.4857142857142858,0.03374639155657329,14,3
C10254,83,7,5121.31,731.6157142857144,230,8.142857142857142,4.0,0.07811183675232754,11,2
C10255,85,15,9278.49,618.566,492,6.2,3.3333333333333335,0.05187438561066979,14,2
C10256,143,3,3620.36,1206.7866666666666,219,3.6666666666666665,2.0,0.10606849994938185,5,2
C10257,8,6,2662.19,443.6983333333333,128,5.333333333333333,3.0,0.038958741710617986,8,1
C10258,25,4,1221.71,305.4275,355,3.5,2.0,0.0619836614354596,5,2
C10259,178,3,2362.99,787.6633333333333,204,6.0,3.0,0.029357639887285063,7,1
C10260,8,11,4144.44,376.7672727272727,708,3.3636363636363638,2.0,0.08642546803600124,11,1
C10261,7,6,8612.57,1435.4283333333333,235,10.0,5.666666666666667,0.03640432090132525,13,3
C10262,135,12,17961.29,1496.7741666666668,439,9.25,5.333333333333333,0.04491400057641362,14,2
C10263,60,53,117014.27,2207.81641509434,580,11.622641509433961,6.169811320754717,0.013594633125555944,14,1
C10264,81,19,5316.92,279.8378947368421,544,3.6842105263157894,2.0526315789473686,0.06992707292882044,10,2
C10265,2,9,6490.4,721.1555555555556,144,5.111111111111111,2.888888888888889,0.04599378831774533,10,2
C10266,16,11,6561.01,596.4554545454546,592,5.818181818181818,3.0,0.0369244454360769,12,2
C10267,87,6,3067.39,511.2316666666666,514,5.5,3.3333333333333335,0.05087257874868494,9,2
C10268,4,36,47453.42,1318.1505555555555,660,10.38888888888889,5.666666666666667,0.011363603218909784,14,2
C10269,55,19,9684.18,509.6936842105263,515,4.315789473684211,2.3157894736842106,0.03137568302048336,11,3
C10270,57,6,3931.62,655.27,400,7.0,4.0,0.060796154911947106,10,3
C10271,4,66,171878.9,2604.2257575757576,472,11.924242424242424,6.393939393939394,0.008565396830469195,14,3
C10272,203,13,14820.07,1140.0053846153846,544,9.846153846153847,5.461538461538462,0.020344609673291096,13,1
C10273,35,25,24971.43,998.8572,490,8.8,4.76,0.07719793174094731,14,2
C10274,25,8,3552.42,444.0525,261,4.75,2.25,0.08674392777080805,9,1
C10275,3,64,175155.58,2736.8059375,483,15.390625,7.953125,0.016848706171456347,14,3
C10276,36,5,3552.6,710.52,375,7.6,4.2,0.05530027442721297,8,3
C10277,8,59,136934.95,2320.9313559322036,585,11.898305084745763,6.898305084745763,0.0,14,3
C10278,16,71,136960.04,1929.0146478873241,533,10.422535211267606,5.704225352112676,0.017108239416459857,14,3
C10279,28,13,13746.84,1057.4492307692308,343,4.846153846153846,2.769230769230769,0.003854339447088158,11,1
C10280,20,18,33245.17,1846.9538888888887,369,12.0,6.111111111111111,0.004669303104415929,14,2
C10281,95,9,9686.42,1076.2688888888888,454,9.333333333333334,5.0,0.03882250443059202,13,3
C10282,0,27,42906.55,1589.1314814814816,380,10.481481481481481,5.592592592592593,0.02098111922880605,14,3
C10283,100,3,2683.27,894.4233333333333,319,8.333333333333334,4.333333333333333,0.0977299245774082,5,1
C10284,138,7,4850.599999999999,692.9428571428571,497,7.571428571428571,4.0,0.04744324151298361,10,3
C10285,17,6,6494.55,1082.425,105,8.0,4.166666666666667,0.05563488416730162,11,1
C10286,53,45,51283.020000000004,1139.6226666666666,728,7.355555555555555,3.6444444444444444,0.0017353753987810912,14,2
C10287,25,29,35180.59,1213.1237931034482,722,7.482758620689655,3.896551724137931,0.015023302511564463,13,3
C10288,1,79,160757.04,2034.8992405063293,727,12.189873417721518,6.253164556962025,0.03301535017146308,14,3
C10289,132,12,15891.85,1324.3208333333334,327,9.333333333333334,4.833333333333333,0.0596059917841973,13,2
C10290,2,70,170460.69,2435.1527142857144,537,13.82857142857143,7.6,0.02131251874934512,14,3
C10291,1,31,31568.06,1018.3245161290323,564,8.806451612903226,4.419354838709677,0.021798470664390564,12,3
C10292,57,5,3724.62,744.924,191,5.8,3.2,0.0734914404262623,8,2
C10293,35,8,4685.2,585.65,565,6.0,3.25,0.06673226817204858,8,3
C10294,154,26,22495.15,865.198076923077,714,7.730769230769231,4.346153846153846,0.09153377315271015,13,3
C10295,22,4,3178.5,794.625,121,7.25,4.0,0.0,8,1
C10296,191,13,14531.0,1117.7692307692307,488,7.3076923076923075,4.3076923076923075,0.02113344003793942,12,3
C10297,115,17,22612.26,1330.1329411764705,642,12.176470588235293,6.411764705882353,0.026497208293707566,14,3
C10298,4,83,188101.91,2266.288072289157,493,12.91566265060241,7.0602409638554215,0.013347059961453262,14,3
C10299,13,76,190739.19,2509.7261842105263,691,14.394736842105264,7.684210526315789,0.0011365955433870892,14,3
C10300,24,6,5668.3099999999995,944.7183333333332,388,9.166666666666666,4.166666666666667,0.06390466486217791,10,1
C10301,43,29,39376.76,1357.8193103448277,511,10.172413793103448,5.172413793103448,0.022537599901501015,14,3
C10302,12,86,188303.28,2189.573023255814,661,11.383720930232558,6.034883720930233,0.014889402204705032,14,3
C10303,173,13,19548.78,1503.7523076923076,387,7.769230769230769,4.538461538461538,0.022076928079399302,13,3
C10304,1,7,4684.0,669.1428571428571,128,5.714285714285714,3.0,0.01291180480773486,9,2
C10305,94,25,36076.1,1443.0439999999999,722,10.64,6.2,0.04081701021608412,14,3
C10306,39,3,1631.16,543.72,70,5.0,2.3333333333333335,0.020100683639509318,5,1
C10307,6,37,68461.23,1850.3035135135135,724,13.297297297297296,6.972972972972973,0.01789265297632283,14,3
C10308,10,88,201202.8,2286.3954545454544,668,13.454545454545455,7.170454545454546,0.01911002536530574,14,3
C10309,43,11,16742.940000000002,1522.0854545454547,310,11.636363636363637,6.454545454545454,0.023488159685891356,13,2
C10310,19,35,43406.96,1240.1988571428572,635,10.028571428571428,5.457142857142857,0.011847730573628305,13,3
C10311,266,10,5956.95,595.6949999999999,692,3.8,2.2,0.12756646558201046,11,3
C10312,2,10,5663.5,566.35,621,7.2,3.6,0.03914669236407069,10,1
C10313,12,9,6479.36,719.9288888888889,416,4.888888888888889,2.6666666666666665,0.0061706334294027694,12,2
C10314,21,19,11779.29,619.9626315789474,560,5.105263157894737,2.8421052631578947,0.06806391663020715,12,3
C10315,255,14,8171.03,583.645,505,5.142857142857143,2.642857142857143,0.06027079650699417,12,3
C10316,17,5,4157.62,831.524,103,7.2,4.0,0.08952507757701311,8,2
C10317,9,5,2630.95,526.1899999999999,522,3.4,1.6,0.1224433296420328,6,1
C10318,14,27,34676.69,1284.321851851852,452,10.444444444444445,5.666666666666667,0.01325292530994584,14,3
C10319,112,21,15512.17,738.6747619047619,521,4.904761904761905,2.619047619047619,0.08457713497972306,10,2
C10320,240,19,29881.97,1572.735263157895,508,12.31578947368421,6.684210526315789,0.052783848937225715,13,3
C10321,62,22,28083.32,1276.5145454545454,430,11.0,5.7272727272727275,0.04626656482939597,13,2
C10322,14,30,30703.93,1023.4643333333333,668,9.0,4.7,0.021630042501069056,13,3
C10323,50,7,3847.13,549.59,399,5.142857142857143,2.7142857142857144,0.08303420331307353,9,1
C10324,35,27,33315.65,1233.912962962963,629,8.88888888888889,4.481481481481482,0.01770253316645069,13,3
C10325,188,17,15352.220000000001,903.0717647058824,697,7.823529411764706,4.176470588235294,0.04102747012155015,11,3
C10326,3,12,10255.380000000001,854.6150000000001,182,5.5,3.0,0.033307474127440326,12,3
C10327,57,9,4591.38,510.15333333333336,556,6.0,2.6666666666666665,0.04890356419317819,8,3
C10328,142,15,19683.33,1312.2220000000002,570,8.866666666666667,4.733333333333333,0.0985447257758852,14,2
C10329,3,40,51772.67,1294.31675,580,10.2,5.55,0.03148982929695999,14,3
C10330,297,3,400.03999999999996,133.34666666666666,367,2.3333333333333335,1.6666666666666667,0.0,3,3
C10331,47,6,13633.76,2272.2933333333335,150,6.833333333333333,3.0,0.0,9,1
C10332,43,12,7286.08,607.1733333333333,523,6.75,3.75,0.03410553666474444,12,2
C10333,88,4,2464.5,616.125,205,7.5,3.75,0.14166901754275985,8,2
C10334,107,23,21416.94,931.171304347826,623,4.913043478260869,2.6956521739130435,0.07565398623986451,12,3
C10335,269,8,6265.58,783.1975,608,5.25,2.25,0.07510104305364065,9,2
C10336,2,50,63912.27,1278.2454,705,9.4,5.06,0.03256599312481741,14,3
C10337,37,15,8617.63,574.5086666666666,621,5.533333333333333,2.8666666666666667,0.0642358339875711,12,2
C10338,134,26,24675.21,949.0465384615384,617,7.884615384615385,4.230769230769231,0.02956431249690289,14,3
C10339,10,14,7278.64,519.9028571428572,648,4.357142857142857,2.357142857142857,0.08719654273796894,12,2
C10340,11,30,47443.47,1581.449,652,11.933333333333334,6.466666666666667,0.016644927624846803,14,3
C10341,23,7,10270.51,1467.2157142857143,131,6.714285714285714,4.714285714285714,0.011009317428097111,11,2
C10342,13,58,189834.38,3273.006551724138,458,15.258620689655173,8.224137931034482,0.008997021943712769,14,3
C10343,13,7,13524.61,1932.087142857143,183,7.142857142857143,3.857142857142857,0.07011948191957626,11,2
C10344,39,12,7246.070000000001,603.8391666666668,407,7.5,3.5,0.06759785881565741,10,2
C10345,1,13,20768.76,1597.5969230769228,210,10.307692307692308,5.3076923076923075,0.014643172307779895,14,3
C10346,172,12,13077.48,1089.79,387,8.833333333333334,5.0,0.050279524351080844,12,2
C10347,6,96,242695.5,2528.078125,570,12.541666666666666,7.041666666666667,0.006198170707362931,14,3
C10348,124,26,23355.2,898.2769230769231,696,7.8076923076923075,4.230769230769231,0.02707989832228437,13,2
C10349,3,36,69899.25,1941.6458333333333,515,11.833333333333334,6.0,0.021938750880649366,13,3
C10350,3,30,31265.68,1042.1893333333333,583,7.9,4.333333333333333,0.008640949705436581,14,3
C10351,78,6,1538.97,256.495,258,3.0,2.1666666666666665,0.03476542900150527,9,1
C10352,4,7,5899.41,842.7728571428571,83,4.571428571428571,2.4285714285714284,0.014406145374596531,9,1
C10353,9,20,18916.82,945.841,482,8.6,4.45,0.06571009326195582,12,3
C10354,152,3,247.75,82.58333333333333,246,1.0,1.0,0.0,2,2
C10355,87,9,3209.44,356.6044444444444,423,4.111111111111111,2.7777777777777777,0.08372136843397503,11,1
C10356,6,14,14167.4,1011.9571428571428,164,7.428571428571429,3.7857142857142856,0.04703096002513018,14,1
C10357,2,26,37320.85,1435.4173076923075,517,14.153846153846153,7.615384615384615,0.05636068451230356,14,3
C10358,3,29,44284.58,1527.0544827586207,531,11.517241379310345,6.103448275862069,0.002750484611338104,14,3
C10359,60,15,6141.860000000001,409.4573333333334,640,3.466666666666667,2.0,0.023607551873024758,11,3
C10360,10,75,188263.13999999998,2510.1751999999997,522,13.013333333333334,6.906666666666666,0.04584872306978786,14,3
C10361,26,7,2449.0899999999997,349.86999999999995,307,4.142857142857143,2.4285714285714284,0.07480960440025386,7,1
C10362,30,11,2825.46,256.86,476,4.181818181818182,2.4545454545454546,0.11625943024434185,9,3
C10363,3,13,6610.68,508.5138461538462,640,7.230769230769231,3.6153846153846154,0.07346096111879644,8,1
C10364,160,3,5862.34,1954.1133333333335,185,9.666666666666666,5.333333333333333,0.02285701903668157,8,1
C10365,376,6,12607.24,2101.2066666666665,515,16.5,8.666666666666666,0.04446159046708089,11,1
C10366,160,23,31308.43,1361.2360869565218,560,9.0,4.826086956521739,0.012754427140240361,14,2
C10367,2,19,6879.4,362.0736842105263,464,4.105263157894737,2.210526315789474,0.04830152658555312,11,2
C10368,12,31,59597.32,1922.494193548387,464,14.161290322580646,7.451612903225806,0.02097491299673178,14,2
C10369,36,32,46226.93,1444.5915625,665,10.1875,5.4375,0.0,13,2
C10370,2,62,170816.17,2755.0995161290325,491,16.177419354838708,8.612903225806452,0.04289454856214402,14,3
C10371,22,37,53825.21,1454.7354054054053,726,10.135135135135135,4.945945945945946,0.03408027842785312,14,2
C10372,7,11,9343.75,849.4318181818181,310,8.0,3.909090909090909,0.05637654653256568,11,2
C10373,50,6,1361.79,226.965,334,3.6666666666666665,1.8333333333333333,0.005499079835246692,7,1
C10374,141,20,13216.85,660.8425,715,5.25,3.3,0.05222876131483328,12,3
C10375,31,4,1536.14,384.035,471,3.5,2.5,0.05441540374506013,5,3
C10376,37,16,8309.54,519.34625,680,6.875,3.8125,0.07705003976346293,12,2
C10377,23,11,7664.19,696.7445454545455,588,6.7272727272727275,3.3636363636363638,0.07016760589866002,9,3
C10378,5,29,49301.59,1700.0548275862068,415,12.827586206896552,7.172413793103448,0.025194836111471403,14,3
C10379,78,9,3654.28,406.03111111111116,540,3.7777777777777777,2.3333333333333335,0.07515615351130278,9,2
C10380,24,19,9074.08,477.5831578947368,532,5.105263157894737,2.789473684210526,0.027872619653426897,12,3
C10381,111,3,1298.33,432.77666666666664,230,3.0,2.0,0.0495944600609042,4,2
C10382,17,26,36430.97,1401.1911538461538,592,12.346153846153847,6.538461538461538,0.05902783607218767,14,3
C10383,35,6,7746.89,1291.1483333333333,102,12.833333333333334,6.666666666666667,0.04446796202486367,13,2
C10384,5,7,7228.57,1032.652857142857,98,6.857142857142857,4.428571428571429,0.04039501597002997,11,2
C10385,112,3,1918.3400000000001,639.4466666666667,126,4.333333333333333,2.3333333333333335,0.06353460353723964,5,1
C10386,2,76,228373.79,3004.918289473684,624,14.013157894736842,7.671052631578948,0.02326370437248718,14,3
C10387,140,3,1008.99,336.33,256,5.666666666666667,2.6666666666666665,0.06161415125925375,6,1
C10388,15,20,25920.1,1296.0049999999999,427,11.1,5.7,0.015074769672019643,13,3
C10389,8,6,5664.82,944.1366666666667,119,6.166666666666667,3.1666666666666665,0.0,9,2
C10390,144,23,17341.079999999998,753.9599999999999,500,6.869565217391305,3.6956521739130435,0.03927853979432755,14,3
C10391,148,4,2214.99,553.7475,621,8.25,5.0,0.1074095416940355,9,1
C10392,34,28,20301.27,725.0453571428571,509,6.214285714285714,3.392857142857143,0.041372347825019376,13,3
C10393,27,14,25597.06,1828.3614285714286,385,13.428571428571429,7.571428571428571,0.04185479288585309,14,3
C10394,7,7,3267.6,466.8,270,8.0,3.857142857142857,0.10878127011487984,10,2
C10395,48,10,3089.29,308.929,609,3.9,2.0,0.10944265395192768,9,2
C10396,51,10,3850.88,385.088,544,3.9,1.9,0.026599361493992838,10,1
C10397,10,10,8591.04,859.104,160,5.7,3.9,0.0524748478518378,13,1
C10398,3,7,10988.02,1569.717142857143,113,7.0,3.857142857142857,0.08741392613115867,12,2
C10399,46,5,1246.1499999999999,249.22999999999996,379,3.8,2.0,0.030489987085129226,6,2
C10400,5,49,126498.94,2581.6110204081633,495,14.510204081632653,8.040816326530612,0.0030483333311003527,14,3
C10401,3,32,48377.78,1511.805625,618,10.875,5.375,0.03359461568840766,14,3
C10402,2,93,175241.66,1884.3189247311827,593,11.35483870967742,6.172043010752688,0.0,14,3
C10403,61,28,32057.77,1144.9203571428573,667,7.142857142857143,4.0,0.0035784775385495245,13,3
C10404,11,7,9080.35,1297.1928571428573,83,9.428571428571429,5.0,0.02517171561017819,13,3
C10405,45,7,3041.04,434.4342857142857,273,4.714285714285714,2.2857142857142856,0.060450458800630276,9,1
C10406,0,43,33677.79,783.2044186046512,586,5.627906976744186,3.1627906976744184,0.01750576538493517,14,3
C10407,72,6,2622.2200000000003,437.0366666666667,372,5.833333333333333,4.0,0.061054953396855405,9,2
C10408,30,9,4053.8999999999996,450.4333333333333,724,5.111111111111111,3.0,0.036517688441016743,7,2
C10409,90,15,5589.15,372.60999999999996,449,3.533333333333333,2.066666666666667,0.049514396349852295,7,2
C10410,24,7,3408.39,486.91285714285715,430,7.0,3.857142857142857,0.12094178453158366,11,1
C10411,165,8,7667.97,958.49625,372,6.25,3.25,0.16307815557769986,10,2
C10412,39,39,50220.32,1287.7005128205128,515,9.564102564102564,5.051282051282051,0.028071748826852146,14,3
C10413,139,18,19470.73,1081.7072222222223,660,8.0,4.555555555555555,0.03830817733386742,13,2
C10414,14,6,10462.09,1743.6816666666666,76,11.666666666666666,5.333333333333333,0.04230324911069166,13,1
C10415,152,8,5033.45,629.18125,471,3.75,2.125,0.05806254818740502,8,1
C10416,164,14,19035.86,1359.7042857142858,451,11.214285714285714,5.5,0.017758495605267693,12,3
C10417,23,35,47930.91,1369.4545714285716,576,10.685714285714285,5.771428571428571,0.0022839001070552156,13,3
C10418,6,25,49555.65,1982.226,430,15.0,7.6,0.007302853894244435,13,2
C10419,24,8,6062.46,757.8075,591,8.0,4.0,0.11753942896236509,11,2
C10420,198,18,18948.03,1052.6683333333333,500,10.61111111111111,5.611111111111111,0.04310417967069262,13,2
C10421,102,23,16570.16,720.4417391304348,504,5.260869565217392,3.0434782608695654,0.057231256606998376,13,3
C10422,22,7,10052.82,1436.1171428571429,198,7.285714285714286,4.571428571428571,0.012069031598043562,11,2
C10423,28,7,4238.95,605.5642857142857,156,5.142857142857143,2.7142857142857144,0.017410513530178067,8,1
C10424,157,3,2058.7,686.2333333333332,173,9.0,5.666666666666667,0.026099050556562135,10,2
C10425,91,3,2704.7799999999997,901.5933333333332,130,5.333333333333333,2.6666666666666665,0.030746296468834436,7,1
C10426,93,3,2038.52,679.5066666666667,113,6.666666666666667,3.6666666666666665,0.037257781912808575,6,1
C10427,2,8,5522.26,690.2825,654,6.625,3.625,0.11969201830036184,10,3
C10428,58,16,14679.18,917.44875,438,6.9375,3.625,0.022787368488324716,13,1
C10429,50,8,5586.5,698.3125,364,6.625,3.625,0.04241879886252414,11,1
C10430,67,12,5214.07,434.5058333333333,404,6.333333333333333,3.5,0.08260975897276193,11,1
C10431,4,82,151693.95,1849.9262195121953,586,9.646341463414634,5.2073170731707314,0.028323295689875058,14,3
C10432,45,11,8651.36,786.4872727272727,386,5.636363636363637,3.090909090909091,0.007631433752892042,10,3
C10433,24,13,8480.36,652.3353846153847,171,5.769230769230769,2.923076923076923,0.03193342541751806,11,2
C10434,32,7,1985.62,283.65999999999997,149,3.142857142857143,2.0,0.04755920317349156,8,1
C10435,234,3,1010.82,336.94,429,3.6666666666666665,2.0,0.042521146905873775,4,1
C10436,33,14,10121.93,722.995,221,5.142857142857143,2.5714285714285716,0.052523439021102604,10,2
C10437,8,33,19216.05,582.3045454545454,659,5.424242424242424,2.909090909090909,0.011623271849698824,13,3
C10438,13,28,50056.78,1787.7421428571429,468,11.607142857142858,6.285714285714286,0.0012436374069691183,14,2
C10439,376,3,2870.34,956.7800000000001,402,7.0,4.333333333333333,0.009763199293461762,7,2
C10440,11,23,50102.63,2178.3752173913044,461,10.652173913043478,5.391304347826087,0.004799158751825432,13,2
C10441,19,7,2958.8,422.6857142857143,409,5.142857142857143,2.5714285714285716,0.05737078193495768,6,2
C10442,4,86,210380.77,2446.2880232558136,639,12.476744186046512,7.069767441860465,0.028611035682553392,14,3
C10443,0,8,7331.3099999999995,916.4137499999999,188,7.5,4.5,0.04196063723715797,12,1
C10444,259,14,16171.36,1155.097142857143,608,10.714285714285714,5.785714285714286,0.07946765030681831,14,1
C10445,2,39,32046.1,821.6948717948718,669,5.282051282051282,2.8205128205128207,0.0029156986304523886,13,3
C10446,3,7,13872.369999999999,1981.7671428571427,115,12.142857142857142,5.714285714285714,0.036359910529459985,13,2
C10447,50,12,3840.44,320.0366666666667,474,3.8333333333333335,2.0,0.07516327277631148,9,3
C10448,18,24,30487.98,1270.3325,399,8.833333333333334,4.833333333333333,0.018115029535794316,14,3
C10449,17,6,4189.57,698.2616666666667,84,5.833333333333333,2.6666666666666665,0.025690458693407504,7,2
C10450,31,29,41101.56,1417.2951724137931,661,9.241379310344827,4.9655172413793105,0.0032065942050425646,14,3
C10451,182,15,25579.89,1705.326,389,10.466666666666667,5.333333333333333,0.04596221725599949,14,3
C10452,31,4,3247.01,811.7525,96,6.75,4.0,0.038751772545745744,9,1
C10453,56,12,8350.130000000001,695.8441666666668,650,5.666666666666667,2.6666666666666665,0.039614425571851825,12,2
C10454,13,25,44262.8,1770.5120000000002,427,11.68,5.84,0.016900643282997656,13,2
C10455,64,12,5731.64,477.6366666666667,665,7.916666666666667,4.25,0.10465648485302916,11,3
C10456,122,3,1881.95,627.3166666666667,169,5.333333333333333,3.0,0.026837655454145876,6,1
C10457,3,19,27786.739999999998,1462.4599999999998,503,11.368421052631579,6.368421052631579,0.03623274362864352,14,3
C10458,88,7,3344.1600000000003,477.7371428571429,304,5.142857142857143,3.2857142857142856,0.06273542600896861,9,3
C10459,27,18,18609.4,1033.8555555555556,425,7.111111111111111,3.7222222222222223,0.04192843731482134,13,3
C10460,177,15,10745.03,716.3353333333333,445,5.8,3.6,0.0678696565310968,12,2
C10461,13,7,4430.18,632.8828571428572,330,8.0,3.4285714285714284,0.07782583897786455,9,2
C10462,108,3,6478.77,2159.59,216,9.0,5.0,0.009277552817978298,10,1
C10463,67,23,29168.670000000002,1268.203043478261,545,8.608695652173912,5.173913043478261,0.013217133253223344,14,2
C10464,6,9,4434.83,492.75888888888886,499,3.6666666666666665,2.3333333333333335,0.05495533507219693,7,3
C10465,34,4,5799.05,1449.7625,129,5.0,3.0,0.0,9,2
C10466,48,7,5756.68,822.3828571428572,222,4.285714285714286,2.142857142857143,0.01685125568924146,8,1
C10467,2,29,34088.83,1175.4768965517242,540,9.172413793103448,5.206896551724138,0.021987811294836183,13,3
C10468,138,20,22131.69,1106.5845,705,9.4,5.05,0.06736144969762148,14,3
C10469,311,16,11777.82,736.11375,637,6.6875,3.875,0.03671545867128823,11,2
C10470,2,27,25050.940000000002,927.8125925925926,428,5.37037037037037,2.740740740740741,0.028101742484171844,13,3
C10471,1,14,6443.93,460.2807142857143,537,6.785714285714286,3.5714285714285716,0.10341454727090839,12,3
C10472,200,11,4521.5,411.04545454545456,558,4.363636363636363,2.090909090909091,0.021784046090705923,8,2
C10473,15,30,51915.07,1730.5023333333334,558,10.5,5.833333333333333,0.012141236877803472,13,2
C10474,0,48,117791.52,2453.9900000000002,591,13.020833333333334,6.458333333333333,0.022702074833388992,14,3
C10475,73,11,2847.1,258.8272727272727,382,4.181818181818182,1.8181818181818181,0.009687124993478147,8,3
C10476,31,6,4227.66,704.61,82,4.666666666666667,2.1666666666666665,0.04141866935127304,7,2
C10477,155,17,17257.57,1015.1511764705882,429,7.235294117647059,3.4705882352941178,0.03972888274584955,12,3
C10478,15,66,206753.34,3132.6263636363637,568,18.681818181818183,10.136363636363637,0.0007837981413863978,14,2
C10479,143,10,11295.45,1129.545,493,6.8,3.8,0.018361428485764417,13,3
C10480,34,16,19801.6,1237.6,487,9.5,5.0625,0.0,14,3
C10481,61,4,1146.29,286.5725,308,2.75,2.0,0.054473616919485615,5,2
C10482,14,14,4566.05,326.1464285714286,702,4.285714285714286,2.0714285714285716,0.0736694541485602,9,1
C10483,16,7,4401.49,628.7842857142857,594,9.714285714285714,5.142857142857143,0.10888204580010487,9,3
C10484,13,22,26172.05,1189.6386363636364,489,9.5,5.2272727272727275,0.05751889405966514,14,2
C10485,20,26,43370.57,1668.0988461538461,524,10.26923076923077,5.538461538461538,0.04137717168207471,14,2
C10486,36,16,5956.17,372.260625,481,5.0625,2.875,0.06912881007862792,10,2
C10487,38,6,7890.11,1315.0183333333332,532,5.666666666666667,3.5,0.013736250000000002,10,3
C10488,13,15,15809.64,1053.9759999999999,553,6.133333333333334,2.933333333333333,0.06724430790724623,11,3
C10489,4,4,3154.81,788.7025,473,10.5,5.0,0.09428605059097447,9,1
C10490,83,9,5381.04,597.8933333333333,521,5.444444444444445,3.0,0.044963243515701815,9,2
C10491,32,12,8187.86,682.3216666666666,617,6.75,3.3333333333333335,0.0030342953299613527,11,2
C10492,2,74,230333.78,3112.6186486486486,661,17.445945945945947,9.41891891891892,0.022021292097868107,14,2
C10493,87,26,30893.21,1188.2003846153846,641,7.730769230769231,4.153846153846154,0.013667380877352113,13,2
C10494,113,14,18943.59,1353.1135714285715,608,8.857142857142858,4.857142857142857,0.05086480693468893,14,2
C10495,33,6,2474.61,412.435,590,6.833333333333333,3.5,0.08234600451668168,6,3
C10496,50,11,10650.98,968.2709090909091,405,9.727272727272727,5.181818181818182,0.05772558539494032,9,2
C10497,9,73,210704.66,2886.365205479452,487,15.178082191780822,8.054794520547945,0.020302537090632563,14,3
C10498,10,80,237374.38,2967.1797500000002,575,15.4875,8.4375,0.024897978079854687,14,3
C10499,247,19,32264.13,1698.112105263158,706,14.0,7.578947368421052,0.05731277957791952,14,3
C10500,0,5,8129.639999999999,1625.9279999999999,61,5.2,2.8,0.024948276792621422,10,1
C10501,29,6,1767.4,294.56666666666666,338,4.333333333333333,2.3333333333333335,0.022698996378113852,7,1
C10502,135,27,42404.43,1570.5344444444445,690,12.62962962962963,6.703703703703703,0.03463565742525525,13,3
C10503,241,17,12735.88,749.1694117647058,531,6.647058823529412,3.764705882352941,0.041909338613313196,12,3
C10504,56,5,1474.91,294.982,232,3.4,2.2,0.04468553662801995,6,1
C10505,0,6,2009.46,334.91,140,4.333333333333333,2.6666666666666665,0.055096561225977246,7,2
C10506,79,23,50794.7,2208.465217391304,673,14.956521739130435,8.173913043478262,0.004396011053141399,14,3
C10507,141,12,6818.1,568.1750000000001,544,5.0,2.5833333333333335,0.02495216357910814,11,2
C10508,105,17,18833.56,1107.8564705882354,618,8.294117647058824,4.411764705882353,0.08298332932447684,14,2
C10509,45,17,9052.039999999999,532.4729411764705,712,7.647058823529412,3.7058823529411766,0.08354653370118201,13,3
C10510,20,66,231227.05,3503.4401515151512,539,18.863636363636363,10.181818181818182,0.0022513170403176646,14,3
C10511,12,4,2735.92,683.98,576,5.75,2.5,0.01924641795806582,6,1
C10512,15,7,6029.32,861.3314285714285,172,6.571428571428571,4.428571428571429,0.07293431698459023,12,2
C10513,8,7,6744.549999999999,963.5071428571428,247,5.571428571428571,3.0,0.02187548492543569,10,1
C10514,5,25,24823.2,992.928,571,7.08,3.84,0.010640027803728634,13,3
C10515,123,22,21873.35,994.2431818181817,662,6.681818181818182,3.727272727272727,0.04522796219908772,11,2
C10516,75,8,3721.04,465.13,360,6.625,3.625,0.046141541742714766,11,3
C10517,124,19,30026.26,1580.3294736842104,587,6.368421052631579,3.736842105263158,0.03662036542399919,14,3
C10518,133,15,22599.260000000002,1506.6173333333334,667,11.866666666666667,6.133333333333334,0.0641031640560778,14,2
C10519,17,23,13698.050000000001,595.5673913043479,605,6.391304347826087,3.3043478260869565,0.05050507150991878,13,3
C10520,0,7,4223.57,603.3671428571428,150,5.285714285714286,2.857142857142857,0.0270222328703693,9,3
C10521,23,5,2899.89,579.978,205,6.2,3.2,0.03753746278613603,8,2
C10522,25,9,16872.46,1874.7177777777777,224,8.222222222222221,4.666666666666667,0.010911798154596508,12,3
C10523,102,6,1649.97,274.995,330,3.6666666666666665,2.3333333333333335,0.073435762660467,7,2
C10524,6,5,4564.51,912.902,93,4.8,2.4,0.03157633440405318,8,1
C10525,168,15,22603.75,1506.9166666666667,420,9.6,5.2,0.031989163503309534,14,2
C10526,110,8,11169.58,1396.1975,504,10.375,5.375,0.014902258225258081,13,1
C10527,27,5,2539.54,507.908,252,6.2,3.4,0.06074806105503756,8,1
C10528,103,13,14880.09,1144.6223076923077,412,9.461538461538462,5.076923076923077,0.06417471148706017,12,3
C10529,37,17,17521.75,1030.6911764705883,596,8.823529411764707,4.411764705882353,0.028993723448235354,13,1
C10530,10,64,231529.73,3617.65203125,568,17.296875,9.34375,0.0,14,3
C10531,0,13,18304.81,1408.0623076923077,365,10.0,5.3076923076923075,0.009823968080353039,13,2
C10532,9,38,67559.66,1777.8857894736843,716,11.552631578947368,5.842105263157895,0.0396171299845522,14,3
C10533,49,15,5457.21,363.814,639,6.4,3.2666666666666666,0.08958037559828966,9,3
C10534,96,3,5807.63,1935.8766666666668,106,12.0,5.666666666666667,0.04556062095101613,9,1
C10535,122,3,4261.8099999999995,1420.6033333333332,187,9.0,4.333333333333333,0.034144141489913814,8,1
C10536,248,17,24722.06,1454.2388235294118,677,10.058823529411764,5.176470588235294,0.0036614004564559334,13,2
C10537,40,16,20951.23,1309.451875,379,8.8125,5.0625,0.02432932982578199,14,2
C10538,49,4,1819.1100000000001,454.77750000000003,378,6.25,3.5,0.08006816894570758,8,1
C10539,2,6,3851.95,641.9916666666667,125,5.5,3.1666666666666665,0.05560990200477104,7,3
C10540,119,26,39880.880000000005,1533.88,583,11.384615384615385,6.0,0.06931664425577079,14,2
C10541,12,50,56112.4,1122.248,716,9.38,4.74,0.04968313682266993,14,3
C10542,29,7,3336.9500000000003,476.7071428571429,540,7.714285714285714,4.0,0.1030258881843327,9,1
C10543,150,18,25694.95,1427.4972222222223,644,8.944444444444445,5.111111111111111,0.009512094615196916,13,3
C10544,73,8,3204.52,400.565,433,5.875,3.25,0.03661414600563386,10,1
C10545,50,8,3014.6,376.825,681,3.875,2.25,0.03670281773852358,7,2
C10546,122,33,23551.64,713.6860606060606,669,6.212121212121212,3.242424242424242,0.06524975541412902,13,3
C10547,58,7,3347.44,478.2057142857143,247,5.428571428571429,2.7142857142857144,0.06655140682078023,7,1
C10548,164,3,3591.24,1197.08,204,8.666666666666666,5.0,0.04973539373412362,7,2
C10549,13,26,40912.28,1573.5492307692307,362,10.961538461538462,5.730769230769231,0.049552250456321924,14,3
C10550,62,15,8465.289999999999,564.3526666666666,675,5.333333333333333,2.6666666666666665,0.07865402113200318,10,2
C10551,36,16,13723.58,857.72375,490,8.125,4.6875,0.04316554286538996,12,3
C10552,34,15,5817.61,387.84066666666666,520,4.133333333333334,1.9333333333333333,0.07557498387153158,11,3
C10553,16,6,3560.4,593.4,81,5.666666666666667,3.5,0.08265012187015289,10,1
C10554,14,26,29826.75,1147.1826923076924,504,9.153846153846153,4.923076923076923,0.014852152268993495,14,3
C10555,94,15,4979.26,331.9506666666667,697,4.066666666666666,2.1333333333333333,0.07962092491511105,10,2
C10556,28,72,181540.86,2521.400833333333,638,13.097222222222221,7.166666666666667,0.0020252403849457482,14,3
C10557,4,13,7928.6900000000005,609.8992307692308,570,6.3076923076923075,3.5384615384615383,0.12745738911485568,12,2
C10558,3,4,2256.4700000000003,564.1175000000001,393,5.5,3.0,0.1295859836985662,8,2
C10559,14,77,196823.94,2556.155064935065,725,13.155844155844155,7.1558441558441555,0.037578760538526546,14,3
C10560,4,7,6212.2300000000005,887.4614285714287,271,7.714285714285714,4.142857142857143,0.045960224218690005,12,2
C10561,121,14,31635.12,2259.6514285714284,364,8.857142857142858,4.714285714285714,0.0,13,3
C10562,13,5,3611.9,722.38,428,5.4,2.6,0.01706308169596691,5,2
C10563,222,6,1958.0,326.3333333333333,513,4.833333333333333,2.5,0.041098573891239616,7,2
C10564,43,18,9030.12,501.6733333333334,529,6.833333333333333,3.611111111111111,0.06690694612931691,12,2
C10565,24,5,4023.91,804.7819999999999,265,8.6,5.6,0.0424551200289364,11,1
C10566,75,5,1419.79,283.95799999999997,241,3.8,1.8,0.042371223720331044,5,1
C10567,166,18,16532.43,918.4683333333334,546,5.0,2.611111111111111,0.039928013895478454,12,3
C10568,14,8,4161.24,520.155,334,5.625,2.875,0.05365926876027644,10,3
C10569,18,36,41335.200000000004,1148.2,617,8.61111111111111,4.333333333333333,0.02711130065892972,14,2
C10570,16,15,24788.52,1652.568,338,11.6,6.133333333333334,0.05697375118598623,13,2
C10571,196,9,6732.53,748.0588888888889,386,6.888888888888889,3.0,0.04556460644689351,11,2
C10572,26,7,5998.78,856.9685714285714,314,8.571428571428571,4.428571428571429,0.14473462846845,11,1
C10573,190,3,1384.52,461.50666666666666,218,3.3333333333333335,1.6666666666666667,0.09130169398082214,4,3
C10574,22,60,160496.74,2674.9456666666665,638,13.55,7.05,0.015016425625141267,14,3
C10575,8,101,241023.12,2386.367524752475,623,12.722772277227723,6.930693069306931,0.020974164808591596,14,3
C10576,20,19,29611.34,1558.4915789473685,624,9.210526315789474,4.894736842105263,0.002520030384539592,13,2
C10577,6,34,36598.83,1076.4361764705882,594,6.411764705882353,3.264705882352941,0.010916212736563435,14,2
C10578,40,6,5759.44,959.9066666666666,197,6.833333333333333,3.8333333333333335,0.04439197675788411,9,1
C10579,142,14,13629.3,973.5214285714285,449,7.071428571428571,3.857142857142857,0.08690155650078418,13,1
C10580,116,3,3881.83,1293.9433333333334,155,10.0,5.666666666666667,0.0,9,2
C10581,107,15,14272.07,951.4713333333333,460,8.266666666666667,4.2,0.023853638952097793,11,3
C10582,5,69,143006.35,2072.5557971014496,665,10.115942028985508,5.391304347826087,0.001345749057291298,14,3
C10583,6,11,4660.9,423.7181818181818,591,4.090909090909091,2.3636363636363638,0.07835805401044457,10,3
C10584,5,37,34904.53,943.3656756756757,605,7.378378378378378,4.0,0.028976153469735665,13,3
C10585,268,3,675.6,225.20000000000002,330,2.6666666666666665,1.6666666666666667,0.05103029792254856,2,1
C10586,23,5,3592.8,718.5600000000001,104,7.0,3.2,0.08323551926511864,9,2
C10587,16,7,6774.900000000001,967.8428571428573,137,7.428571428571429,3.4285714285714284,0.0485025104455602,9,1
C10588,29,15,27824.37,1854.9579999999999,343,12.333333333333334,6.933333333333334,0.0,13,2
C10589,182,9,10560.66,1173.4066666666668,376,11.0,6.333333333333333,0.01651060025423847,12,2
C10590,31,15,29201.14,1946.7426666666665,364,14.866666666666667,8.133333333333333,0.007589266749251048,14,2
C10591,3,43,39956.479999999996,929.220465116279,699,7.1395348837209305,3.813953488372093,0.012359203677827712,14,3
C10592,3,42,30820.260000000002,733.8157142857143,663,5.261904761904762,3.142857142857143,0.06701370315847405,14,3
C10593,2,64,208126.78,3251.9809375,669,15.796875,8.625,0.010600801790368198,14,3
C10594,10,6,4899.610000000001,816.6016666666668,94,5.166666666666667,3.0,0.014620970937049381,9,1
C10595,24,11,8130.64,739.1490909090909,508,7.0,3.8181818181818183,0.044498424662927236,12,1
C10596,9,74,184000.92,2486.498918918919,528,12.432432432432432,6.756756756756757,0.0,14,3
C10597,63,11,5951.23,541.0209090909091,656,5.454545454545454,2.8181818181818183,0.08742501564090926,10,3
C10598,9,96,236992.5,2468.671875,720,16.072916666666668,8.666666666666666,0.008047957418211175,14,3
C10599,121,17,28962.02,1703.6482352941177,493,9.470588235294118,5.294117647058823,0.01816139134726932,13,1
C10600,7,86,241230.5,2805.0058139534885,629,12.94186046511628,7.116279069767442,0.00796194937643158,14,3
C10601,0,32,57740.1,1804.378125,454,13.09375,6.8125,0.030528396368467072,14,3
C10602,13,24,25143.96,1047.665,501,9.75,5.375,0.02159011315703457,12,3
C10603,22,4,3007.05,751.7625,199,10.5,4.75,0.021330538731168164,9,1
C10604,115,13,21437.68,1649.0523076923077,673,12.461538461538462,7.461538461538462,0.04575443856780016,13,3
C10605,3,6,6050.39,1008.3983333333334,132,5.0,2.8333333333333335,0.002547050367302797,8,3
C10606,9,16,6027.12,376.695,548,4.0,2.4375,0.05368321392739554,12,1
C10607,3,58,135032.15,2328.1405172413793,539,11.982758620689655,6.482758620689655,0.0,14,3
C10608,189,17,17435.43,1025.6135294117648,603,8.529411764705882,4.588235294117647,0.03237025978566711,12,3
C10609,46,16,6474.19,404.636875,542,4.875,2.625,0.0517355776202103,13,3
C10610,7,14,9838.9,702.7785714285714,604,9.142857142857142,5.0,0.0760051914780123,13,3
C10611,50,26,30824.54,1185.559230769231,680,7.576923076923077,4.0,0.012208737428506238,13,3
C10612,8,12,8274.59,689.5491666666667,655,6.166666666666667,2.8333333333333335,0.02476799524793924,11,3
C10613,134,19,15746.57,828.7668421052631,616,6.315789473684211,3.3157894736842106,0.05182041962623351,11,3
C10614,40,11,4678.97,425.3609090909091,655,7.181818181818182,3.3636363636363638,0.06271384043397088,10,1
C10615,2,10,8493.56,849.356,194,6.4,3.4,0.020633035456904005,11,1
C10616,15,19,23778.77,1251.5142105263158,393,7.7894736842105265,4.2105263157894735,0.05460363857273548,12,3
C10617,148,26,22770.7,875.7961538461539,632,6.846153846153846,3.3846153846153846,0.03601844251277755,14,3
C10618,1,9,9931.68,1103.52,132,7.666666666666667,4.444444444444445,0.03058366951325572,8,1
C10619,13,54,97545.44,1806.397037037037,717,12.62962962962963,6.87037037037037,0.005126261549693079,14,3
C10620,59,19,13128.14,690.9547368421053,651,7.0,3.9473684210526314,0.016671760024927495,12,2
C10621,18,34,50309.43,1479.6891176470588,570,10.352941176470589,5.647058823529412,0.030795469519511072,13,3
C10622,14,6,2824.6499999999996,470.7749999999999,60,3.1666666666666665,2.3333333333333335,0.0277227995415102,9,1
C10623,33,6,2752.0299999999997,458.6716666666666,263,4.5,2.5,0.06474338496672942,7,2
C10624,0,32,47172.77,1474.1490625,661,7.5,4.09375,0.03450386810259324,14,3
C10625,29,24,39393.37,1641.3904166666669,372,12.083333333333334,6.083333333333333,0.033761967179660256,13,3
C10626,92,3,2055.88,685.2933333333334,98,3.6666666666666665,2.0,0.005038014993055186,4,2
C10627,13,85,235208.09,2767.154,681,12.858823529411765,6.858823529411764,0.002676314254195241,14,3
C10628,6,18,23174.23,1287.4572222222223,511,9.88888888888889,5.222222222222222,0.009574643584608427,14,3
C10629,166,19,23261.9,1224.3105263157895,606,8.578947368421053,4.578947368421052,0.04853311824139434,13,3
C10630,36,9,10258.970000000001,1139.8855555555556,310,8.0,4.333333333333333,0.02410029375057076,12,2
C10631,134,7,2899.57,414.2242857142857,370,3.5714285714285716,2.142857142857143,0.023795976769632188,8,2
C10632,19,81,165832.07,2047.3095061728395,717,10.679012345679013,6.0,0.0,14,3
C10633,161,13,15692.47,1207.113076923077,605,5.461538461538462,3.0,0.036466667239742664,13,2
C10634,3,69,164439.01,2383.1740579710145,520,12.753623188405797,6.855072463768116,0.008786852446510094,14,3
C10635,4,7,9173.14,1310.4485714285713,94,11.714285714285714,5.857142857142857,0.040587959055391525,12,2
C10636,274,11,9985.91,907.81,544,7.090909090909091,4.090909090909091,0.07674648668639053,11,2
C10637,124,35,40712.76,1163.2217142857144,705,9.228571428571428,5.285714285714286,0.04823959639304689,14,3
C10638,42,4,3305.34,826.335,288,4.75,2.75,0.014014175257731958,6,2
C10639,18,7,12252.68,1750.3828571428571,137,7.571428571428571,4.0,0.06215948527261844,11,2
C10640,45,10,4396.26,439.62600000000003,433,4.9,2.4,0.10316830511690152,10,3
C10641,39,16,13468.890000000001,841.8056250000001,669,7.75,4.3125,0.02730768064175541,13,3
C10642,36,11,6573.610000000001,597.6009090909091,310,6.181818181818182,3.272727272727273,0.08213520249656163,10,3
C10643,10,6,8662.65,1443.7749999999999,96,6.333333333333333,2.8333333333333335,0.055106644298669474,12,1
C10644,7,56,85690.36,1530.185,701,11.517857142857142,6.017857142857143,0.00937832363794427,14,3
C10645,107,18,16683.579999999998,926.8655555555555,708,7.777777777777778,4.0,0.045680255940767085,14,3
C10646,15,5,3395.65,679.13,237,5.4,3.4,0.04625681816905127,8,2
C10647,186,3,1659.65,553.2166666666667,249,6.0,3.3333333333333335,0.056416583280269265,5,2
C10648,53,30,38666.86,1288.8953333333334,654,9.133333333333333,4.5,0.02928571769276092,13,3
C10649,20,6,2439.85,406.64166666666665,654,3.8333333333333335,2.1666666666666665,0.04612130642500255,6,1
C10650,23,20,31478.67,1573.9334999999999,456,10.95,6.25,0.016038192334526143,14,1
C10651,26,13,5803.7300000000005,446.44076923076926,637,6.384615384615385,3.5384615384615383,0.09715381767383396,11,3
C10652,1,11,11764.34,1069.4854545454546,369,7.090909090909091,4.090909090909091,0.009206933666620065,12,2
C10653,17,51,81297.23,1594.0633333333333,718,11.862745098039216,6.254901960784314,0.022818036388707625,14,3
C10654,180,6,5055.65,842.6083333333332,369,4.166666666666667,2.5,0.01924591550497977,8,1
C10655,49,5,5911.09,1182.218,177,6.0,2.8,0.015254903659377678,10,1
C10656,21,17,39470.56,2321.7976470588233,555,15.705882352941176,7.823529411764706,0.01827324000553162,14,2
C10657,24,16,22121.48,1382.5925,318,8.625,4.4375,0.01435549533565589,13,2
C10658,27,27,24513.420000000002,907.9044444444445,412,6.62962962962963,3.6296296296296298,0.00585091304173262,13,3
C10659,261,8,2807.52,350.94,630,3.5,2.0,0.027038266667590814,8,3
C10660,2,35,46321.16,1323.4617142857144,463,11.057142857142857,6.085714285714285,0.005337373726962498,14,3
C10661,33,7,2863.9700000000003,409.1385714285715,248,5.571428571428571,3.0,0.05657947182391056,9,1
C10662,3,82,198927.88,2425.949756097561,725,13.75609756097561,7.2317073170731705,0.028516539739556833,14,3
C10663,24,58,166319.14,2867.571379310345,485,14.982758620689655,7.810344827586207,0.012634156920148276,14,3
C10664,122,22,23297.27,1058.966818181818,698,7.681818181818182,4.136363636363637,0.02804360215040306,13,1
C10665,107,3,2677.69,892.5633333333334,136,10.666666666666666,5.0,0.09092791765121268,8,1
C10666,5,48,136870.45,2851.4677083333336,569,15.875,8.375,0.01799995078177695,14,3
C10667,25,14,24988.760000000002,1784.9114285714288,325,12.357142857142858,6.785714285714286,0.03288321533716664,13,2
C10668,90,8,4561.5199999999995,570.1899999999999,590,3.75,2.0,0.01839677556105969,9,2
C10669,224,12,6430.5199999999995,535.8766666666667,621,6.666666666666667,3.4166666666666665,0.04767884936919379,12,1
C10670,358,15,16331.27,1088.7513333333334,681,7.866666666666666,4.066666666666666,0.03664192293262799,13,2
C10671,33,39,85322.88,2187.766153846154,715,15.282051282051283,8.0,0.0027290779166998323,14,3
C10672,4,92,194374.22,2112.7632608695653,616,10.98913043478261,5.9021739130434785,0.013994511319768886,14,3
C10673,155,25,43323.39,1732.9356,651,10.68,5.4,0.07197162323282479,14,2
C10674,70,12,15865.51,1322.1258333333333,464,8.5,4.833333333333333,0.041548865240000774,14,3
C10675,87,31,45803.23,1477.523548387097,667,9.258064516129032,5.258064516129032,0.004944296017320569,14,1
C10676,12,22,24173.21,1098.7822727272726,582,8.090909090909092,4.363636363636363,0.03072479086363904,14,3
C10677,78,12,7529.34,627.445,687,7.0,3.6666666666666665,0.08542824658918646,13,3
C10678,98,27,40358.9,1494.7740740740742,604,10.148148148148149,5.333333333333333,0.07045095873297814,14,2
C10679,11,27,45386.01,1680.9633333333334,382,12.222222222222221,6.444444444444445,0.010501509886370997,14,2
C10680,60,6,3928.3700000000003,654.7283333333334,360,5.666666666666667,3.1666666666666665,0.019632946015013576,10,2
C10681,21,11,4050.0600000000004,368.1872727272728,545,4.545454545454546,2.5454545454545454,0.05711252555070797,12,3
C10682,21,8,6265.4400000000005,783.1800000000001,295,5.375,3.0,0.02774419907421058,8,1
C10683,34,7,7291.57,1041.652857142857,75,7.571428571428571,3.857142857142857,0.07089257931709382,11,3
C10684,139,17,25206.71,1482.7476470588235,413,10.411764705882353,5.764705882352941,0.05073595453783712,14,3
C10685,124,4,8987.18,2246.795,202,5.5,2.0,0.012885935526388049,5,2
C10686,41,14,14803.72,1057.4085714285713,505,10.5,4.857142857142857,0.06524763134548417,10,3
C10687,2,35,51055.29,1458.7225714285714,699,9.571428571428571,5.057142857142857,0.037627232572443325,14,2
C10688,24,23,35321.23,1535.7056521739132,496,11.391304347826088,5.913043478260869,0.01136803202473845,14,3
C10689,0,67,107055.34,1597.840895522388,453,9.149253731343284,5.029850746268656,0.00761323374673458,14,3
C10690,8,22,16036.63,728.9377272727272,518,7.0,3.409090909090909,0.025404961269330388,14,2
C10691,3,23,38435.53,1671.11,514,12.304347826086957,6.130434782608695,0.0,14,3
C10692,11,93,287819.52,3094.833548387097,729,17.666666666666668,9.526881720430108,0.023922286422618344,14,3
C10693,93,3,1824.23,608.0766666666667,127,6.333333333333333,3.0,0.002826063190116978,6,1
C10694,11,46,55004.68,1195.7539130434782,693,8.630434782608695,4.5,0.033497191406096256,14,3
C10695,30,14,9261.7,661.5500000000001,340,5.0,2.857142857142857,0.03973781152248271,12,3
C10696,129,21,12934.92,615.9485714285714,487,4.333333333333333,2.8095238095238093,0.09403784262706134,13,3
C10697,24,7,4058.54,579.7914285714286,257,5.714285714285714,3.4285714285714284,0.057825300687384944,9,2
C10698,121,23,20051.53,871.805652173913,576,5.826086956521739,3.3043478260869565,0.03871086821036483,14,3
C10699,40,9,4334.68,481.6311111111111,485,5.222222222222222,2.6666666666666665,0.10843175245687864,9,1
C10700,131,7,2897.52,413.93142857142857,379,4.571428571428571,2.7142857142857144,0.045405127596908415,8,1
C10701,6,23,26004.67,1130.6378260869565,343,8.521739130434783,4.608695652173913,0.029640285085264378,13,2
C10702,41,7,8687.880000000001,1241.1257142857144,116,8.857142857142858,4.571428571428571,0.04687784552800931,12,1
C10703,368,4,3333.1400000000003,833.2850000000001,482,7.25,3.75,0.03526783000819105,9,3
C10704,68,9,2697.31,299.7011111111111,721,3.7777777777777777,2.4444444444444446,0.05649203689647091,6,3
C10705,4,53,133440.03,2517.7364150943395,541,13.226415094339623,7.169811320754717,0.005807353313591045,14,3
C10706,48,26,19790.65,761.1788461538462,640,5.076923076923077,2.923076923076923,0.023179355457750562,13,3
C10707,154,23,24250.74,1054.38,646,8.695652173913043,4.608695652173913,0.03300521642875998,14,3
C10708,38,10,6259.12,625.912,703,5.6,3.3,0.06830326973286613,13,2
C10709,118,18,22647.78,1258.21,509,6.777777777777778,3.3333333333333335,0.12046807335665778,13,3
C10710,162,8,5267.54,658.4425,547,9.5,5.25,0.061459461770910544,11,1
C10711,42,3,3804.6200000000003,1268.2066666666667,72,7.0,3.3333333333333335,0.043745774341676986,5,2
C10712,8,36,35838.87,995.5241666666667,485,6.916666666666667,3.5555555555555554,0.05318724552283993,14,3
C10713,58,9,4094.88,454.9866666666667,388,5.0,2.2222222222222223,0.07213537477085943,8,3
C10714,111,7,14944.619999999999,2134.945714285714,379,13.142857142857142,7.142857142857143,0.04688160686645352,12,2
C10715,15,8,2361.67,295.20875,361,5.375,3.125,0.03418845362679786,10,2
C10716,1,91,186193.9,2046.086813186813,727,12.54945054945055,6.7032967032967035,0.026935434998673097,14,3
C10717,2,24,35997.16,1499.881666666667,434,9.875,5.125,0.017175932562028602,12,3
C10718,211,27,23901.16,885.2281481481482,715,6.222222222222222,3.1481481481481484,0.06522240760426176,13,3
C10719,37,29,52882.08,1823.52,482,12.448275862068966,6.758620689655173,0.0,14,3
C10720,4,22,21049.88,956.8127272727273,447,6.545454545454546,3.090909090909091,0.0014638954799499448,13,3
C10721,3,15,8049.1,536.6066666666667,638,5.266666666666667,3.2666666666666666,0.03079875928369826,13,3
C10722,3,13,5367.26,412.86615384615385,548,4.3076923076923075,2.769230769230769,0.06008377755518041,13,2
C10723,33,3,2034.2,678.0666666666667,72,5.333333333333333,3.0,0.1147530995826606,7,2
C10724,5,14,22211.37,1586.5264285714286,401,11.142857142857142,5.785714285714286,0.04417893106119288,14,2
C10725,64,10,6723.29,672.329,248,6.0,3.0,0.05551208479374021,10,1
C10726,3,85,204922.95,2410.858235294118,476,13.16470588235294,6.811764705882353,0.0,14,3
C10727,1,61,142493.61,2335.960819672131,450,11.360655737704919,6.409836065573771,0.005014532676264343,14,3
C10728,21,26,44711.89,1719.688076923077,442,11.615384615384615,6.346153846153846,0.019592842343554264,13,3
C10729,30,17,4806.82,282.7541176470588,692,3.4705882352941178,2.0,0.030120457617885028,10,3
C10730,4,5,3876.65,775.33,224,9.0,4.0,0.08707375659382066,8,2
C10731,6,5,5751.43,1150.286,95,6.6,3.2,0.02340196120049242,7,1
C10732,3,20,9447.51,472.3755,688,4.25,2.15,0.10591839284091943,11,3
C10733,17,37,51464.9,1390.9432432432434,559,11.621621621621621,5.972972972972973,0.0,13,3
C10734,1,60,158319.17,2638.6528333333335,498,15.5,8.5,0.025363340627756224,14,3
C10735,5,6,6729.629999999999,1121.6049999999998,64,9.333333333333334,5.0,0.011401096479630512,11,1
C10736,17,11,6541.4,594.6727272727272,487,7.7272727272727275,4.181818181818182,0.05569758763603923,10,2
C10737,18,4,3904.77,976.1925,302,8.25,3.75,0.04486815713516951,10,1
C10738,71,13,5324.19,409.5530769230769,521,6.076923076923077,3.076923076923077,0.018133635283963914,10,3
C10739,3,26,37598.38,1446.0915384615384,480,12.038461538461538,6.153846153846154,0.08023058829861013,14,3
C10740,178,4,1258.41,314.6025,253,3.0,2.25,0.02928176369400711,5,2
C10741,40,9,4355.59,483.95444444444445,338,4.777777777777778,2.6666666666666665,0.09852202474951414,11,1
C10742,367,8,7997.95,999.74375,718,8.5,4.125,0.035314140009383974,10,3
C10743,1,7,4049.56,578.5085714285714,104,5.428571428571429,2.5714285714285716,0.022379087744371425,11,3
C10744,198,4,1049.6399999999999,262.40999999999997,371,4.25,2.25,0.09566026519165653,7,1
C10745,164,22,34780.3,1580.9227272727273,555,10.681818181818182,5.409090909090909,0.04601367167464025,14,3
C10746,0,43,48613.79,1130.5532558139535,695,8.604651162790697,4.767441860465116,0.02079021970376631,14,3
C10747,2,48,68850.99,1434.395625,714,11.791666666666666,6.104166666666667,0.0,14,3
C10748,94,3,3036.27,1012.09,112,9.0,5.0,0.0,7,2
C10749,2,27,20545.010000000002,760.9262962962964,553,5.444444444444445,2.888888888888889,0.018881683253424,11,2
C10750,502,3,2187.46,729.1533333333333,583,5.333333333333333,2.6666666666666665,0.010892812733150957,6,1
C10751,0,14,6976.22,498.3014285714286,501,4.714285714285714,2.7142857142857144,0.06616049592595914,10,3
C10752,4,5,3379.97,675.9939999999999,115,4.4,2.8,0.0025526615554414484,8,1
C10753,12,23,30804.69,1339.334347826087,485,9.08695652173913,4.6521739130434785,0.04078532774457885,11,1
C10754,163,3,1377.95,459.31666666666666,255,6.666666666666667,3.0,0.16264075498757283,7,1
C10755,15,6,9562.269999999999,1593.7116666666664,221,9.833333333333334,4.833333333333333,0.028678666477053413,10,1
C10756,4,58,186787.79,3220.4791379310345,569,16.482758620689655,8.775862068965518,0.010503597594879201,14,2
C10757,4,5,4179.82,835.9639999999999,76,6.8,3.8,0.03337542262738949,10,1
C10758,22,4,11249.06,2812.265,50,11.75,5.75,0.08795891661545299,10,3
C10759,226,4,4215.93,1053.9825,264,7.0,2.75,0.07675580267298523,7,2
C10760,0,21,36982.91,1761.0909523809526,450,11.047619047619047,6.0,0.019312039742050036,14,2
C10761,83,6,3783.62,630.6033333333334,436,6.166666666666667,3.5,0.07555145082632109,10,2
C10762,207,6,2213.23,368.87166666666667,262,5.333333333333333,3.1666666666666665,0.03253120013988153,8,2
C10763,35,5,3581.95,716.39,106,5.6,3.6,0.0,10,2
C10764,9,61,177507.47,2909.958524590164,461,14.950819672131148,8.180327868852459,0.0,14,3
C10765,3,87,265942.71,3056.8127586206897,562,15.89655172413793,8.482758620689655,0.020575476202296356,14,3
C10766,79,4,1486.9,371.725,207,4.75,2.25,0.06312811497772654,6,2
C10767,10,40,31637.02,790.9255,695,5.7,3.0,0.03043180189034573,14,1
C10768,36,8,7293.87,911.73375,357,6.5,2.875,0.03499942448213314,8,1
C10769,10,63,179033.71,2841.8049206349206,547,16.38095238095238,8.698412698412698,0.009292634769350584,14,2
C10770,59,6,12783.51,2130.585,270,10.166666666666666,4.666666666666667,0.0,10,1
C10771,352,13,23823.71,1832.5930769230768,676,13.076923076923077,6.923076923076923,0.057639211926167125,14,3
C10772,6,52,66989.26,1288.2549999999999,704,11.307692307692308,6.076923076923077,0.03534056425496263,14,3
C10773,68,11,3491.47,317.4063636363636,526,5.454545454545454,3.1818181818181817,0.03058884286047467,10,1
C10774,3,49,118100.03,2410.204693877551,426,13.693877551020408,7.3061224489795915,0.0,14,3
C10775,34,19,35688.91,1878.3636842105266,500,15.210526315789474,7.894736842105263,0.0070794697325264715,12,3
C10776,36,19,27864.43,1466.548947368421,387,9.157894736842104,5.473684210526316,0.005739460943833569,12,3
C10777,46,4,6207.63,1551.9075,149,7.75,3.5,0.002208516773636675,8,2
C10778,157,3,3483.77,1161.2566666666667,205,7.666666666666667,3.3333333333333335,0.09315788788671533,4,3
C10779,175,16,19607.73,1225.483125,667,9.6875,5.3125,0.04060224469285442,14,2
C10780,178,14,26729.55,1909.2535714285714,502,15.428571428571429,7.714285714285714,0.015254056204777555,13,2
C10781,3,6,5304.08,884.0133333333333,73,5.333333333333333,3.0,0.020203382316267816,10,3
C10782,382,5,10775.86,2155.172,683,13.6,7.2,0.11040205792368314,13,1
C10783,29,5,4024.04,804.808,151,6.0,2.8,0.010400041314895742,7,1
C10784,23,25,54444.53,2177.7812,726,16.92,8.64,0.04619490762314869,14,2
C10785,86,6,3866.0299999999997,644.3383333333333,267,6.0,3.0,0.03272593530372821,6,2
C10786,2,36,57150.94,1587.5261111111113,462,11.666666666666666,6.083333333333333,0.022075072941048438,14,2
C10787,71,5,7113.47,1422.694,148,6.8,3.4,0.0,5,1
C10788,27,26,20223.31,777.8196153846154,408,6.076923076923077,3.423076923076923,0.0,14,3
C10789,15,9,23939.81,2659.978888888889,208,17.333333333333332,9.333333333333334,0.021107286102679874,13,2
C10790,16,6,2539.95,423.325,330,3.6666666666666665,2.5,0.03858965138725917,6,2
C10791,262,6,3220.13,536.6883333333334,512,5.333333333333333,2.8333333333333335,0.027101089784067462,10,2
C10792,137,7,2561.62,365.94571428571425,516,5.142857142857143,2.7142857142857144,0.1294379929923296,7,3
C10793,475,3,1876.98,625.66,506,8.333333333333334,4.333333333333333,0.048015621433824464,6,1
C10794,183,24,29687.14,1236.9641666666666,620,9.375,4.916666666666667,0.07451943010592459,13,2
C10795,49,27,38183.34,1414.1977777777777,499,12.0,6.222222222222222,0.017727970463415368,13,2
C10796,61,10,3952.42,395.242,619,4.1,2.2,0.02324972198195972,10,2
C10797,28,7,7757.88,1108.2685714285715,114,4.857142857142857,3.0,0.05584338295161214,9,1
C10798,29,22,22244.079999999998,1011.0945454545454,560,6.181818181818182,3.409090909090909,0.0443197075054832,14,1
C10799,9,26,32110.86,1235.033076923077,582,8.846153846153847,4.923076923076923,0.01833592983811995,14,1
C10800,66,13,7742.81,595.6007692307693,682,7.615384615384615,4.076923076923077,0.07260852171871669,10,2
C10801,136,3,4171.11,1390.37,152,7.666666666666667,4.0,0.029577222304943418,9,1
C10802,9,72,211689.7,2940.1347222222225,705,17.069444444444443,8.833333333333334,0.0169939233152014,14,3
C10803,14,79,248014.44,3139.4232911392405,670,17.063291139240505,9.215189873417721,0.014788670570471679,14,3
C10804,322,2,43.44,21.72,332,1.0,1.0,0.3000322268772156,2,1
C10805,9,86,243704.73,2833.775930232558,522,14.476744186046512,8.127906976744185,0.019933450872011062,14,3
C10806,3,67,220465.69,3290.532686567164,493,17.70149253731343,9.761194029850746,0.020967261689993546,14,3
C10807,53,3,2088.8500000000004,696.2833333333334,64,5.666666666666667,3.6666666666666665,0.07779892012167396,8,1
C10808,11,19,10901.3,573.7526315789473,622,5.473684210526316,3.1052631578947367,0.0843544923015155,13,2
C10809,29,8,4420.84,552.605,394,4.375,2.875,0.06458431635587286,9,2
C10810,169,15,18094.72,1206.3146666666667,638,10.8,6.066666666666666,0.04783374220021954,14,3
C10811,11,77,186195.13,2418.1185714285716,535,11.74025974025974,6.35064935064935,0.008929185446228798,14,3
C10812,1,62,140203.66,2261.3493548387096,540,11.838709677419354,6.145161290322581,0.03500493600673579,14,3
C10813,11,67,152059.54,2269.5453731343287,527,13.716417910447761,7.1940298507462686,0.01808223247163966,14,3
C10814,6,25,22932.39,917.2955999999999,342,6.6,3.8,0.011276226150548872,14,3
C10815,208,8,6746.58,843.3225,513,6.0,3.25,0.032143389990015266,7,1
C10816,445,3,793.39,264.4633333333333,469,1.3333333333333333,1.0,0.012398083027323085,3,3
C10817,80,8,9023.25,1127.90625,385,6.875,3.5,0.05551804807586629,8,2
C10818,51,41,72442.38,1766.8873170731708,719,10.975609756097562,5.560975609756097,0.01901602848605861,14,3
C10819,0,22,23957.19,1088.9631818181817,594,10.227272727272727,5.545454545454546,0.05763979523682527,14,3
C10820,60,13,10403.72,800.2861538461538,405,9.23076923076923,4.769230769230769,0.07526598817830318,12,1
C10821,55,12,8064.63,672.0525,481,6.416666666666667,3.4166666666666665,0.08432956564687448,13,2
C10822,21,19,25779.3,1356.8052631578946,351,8.368421052631579,4.631578947368421,0.010641837631094477,14,3
C10823,114,4,2817.01,704.2525,167,5.5,2.75,0.00970604158024622,6,1
C10824,3,103,366757.53,3560.752718446602,713,15.970873786407767,8.436893203883495,0.009564587606959765,14,3
C10825,4,49,123219.36,2514.6808163265305,537,13.408163265306122,7.326530612244898,0.029728556452696897,14,3
C10826,15,57,115961.52,2034.4126315789474,458,11.631578947368421,6.245614035087719,0.01735777952885482,14,3
C10827,10,20,26322.62,1316.1309999999999,441,7.45,4.0,0.02753767269924904,13,3
C10828,45,40,62067.76,1551.694,600,11.475,6.125,0.020532785009681406,14,3
C10829,0,87,300369.27,3452.5203448275865,538,19.724137931034484,10.310344827586206,0.019059750957420848,14,3
C10830,95,3,2895.71,965.2366666666667,107,6.666666666666667,4.0,0.044039338287483784,10,1
C10831,271,12,11105.29,925.4408333333334,548,7.916666666666667,4.083333333333333,0.05016421765681931,11,2
C10832,1,8,7914.18,989.2725,211,8.875,5.0,0.02216209203625109,12,2
C10833,27,31,47357.83,1527.671935483871,507,11.806451612903226,6.32258064516129,0.006601285897769638,13,3
C10834,192,8,5449.94,681.2425,430,5.625,3.25,0.1219206465313067,8,1
C10835,481,6,11309.37,1884.8950000000002,588,10.5,4.666666666666667,0.03282588784431306,11,1
C10836,59,52,47581.37,915.0263461538462,618,6.269230769230769,3.3846153846153846,0.010567368586314489,14,3
C10837,47,9,12101.96,1344.6622222222222,179,6.777777777777778,3.5555555555555554,0.04643653526431492,11,3
C10838,8,20,12459.04,622.952,644,6.85,3.7,0.06609638687876757,13,3
C10839,91,3,3701.5899999999997,1233.8633333333332,97,7.666666666666667,5.333333333333333,0.0,11,1
C10840,9,14,9556.65,682.6178571428571,291,7.428571428571429,4.285714285714286,0.030508106616565462,13,2
C10841,7,13,7270.52,559.2707692307692,406,5.769230769230769,2.8461538461538463,0.11773671360408505,12,3
C10842,37,37,49537.95,1338.8635135135135,596,11.864864864864865,6.108108108108108,0.007549666141037557,14,3
C10843,5,26,29038.12,1116.8507692307692,535,8.307692307692308,4.615384615384615,0.0,13,3
C10844,18,37,35405.17,956.8964864864864,686,7.972972972972973,3.972972972972973,0.011530460657258592,14,3
C10845,48,9,4374.03,486.00333333333333,504,6.444444444444445,2.6666666666666665,0.0584878652531884,8,3
C10846,10,90,258318.46,2870.205111111111,722,16.822222222222223,8.866666666666667,0.03307775670306596,14,3
C10847,39,14,7516.42,536.8871428571429,433,5.714285714285714,3.2142857142857144,0.0566611737862847,12,3
C10848,30,10,7012.1,701.21,164,5.7,3.4,0.022406807922128257,11,2
C10849,190,5,2784.64,556.928,269,5.2,3.0,0.02345415778251599,5,3
C10850,1,13,8314.73,639.5946153846154,658,5.769230769230769,3.230769230769231,0.036176714015129556,11,2
C10851,48,7,3044.12,434.8742857142857,510,3.857142857142857,2.2857142857142856,0.00316655696691652,8,1
C10852,22,35,58387.11,1668.203142857143,654,11.571428571428571,6.285714285714286,0.010536888685228393,14,3
C10853,185,7,7001.13,1000.1614285714286,401,9.285714285714286,5.428571428571429,0.04963885318068472,10,3
C10854,23,10,4060.02,406.002,381,5.4,2.8,0.04556129417489651,8,2
C10855,1,6,3693.27,615.545,223,3.6666666666666665,2.1666666666666665,0.030258552557299315,8,2
C10856,9,100,261381.0,2613.81,729,14.92,8.03,0.04012164533199699,14,3
C10857,136,28,16480.49,588.5889285714286,634,3.9642857142857144,2.357142857142857,0.02539630536832183,12,3
C10858,24,23,27331.69,1188.334347826087,571,9.173913043478262,4.782608695652174,0.029802703250510185,13,3
C10859,19,6,4666.67,777.7783333333333,173,8.333333333333334,3.8333333333333335,0.05867604224658904,10,3
C10860,23,89,190044.21,2135.328202247191,597,12.123595505617978,6.258426966292135,0.0,14,3
C10861,11,18,25661.0,1425.611111111111,347,9.277777777777779,4.944444444444445,0.004987277827280898,14,3
C10862,51,4,3627.74,906.935,186,10.5,5.75,0.08093797660125354,9,1
C10863,9,8,12455.04,1556.88,145,8.875,4.25,0.04539842129103413,12,2
C10864,4,10,10833.72,1083.3719999999998,112,7.1,3.5,0.04306580174679895,13,2
C10865,144,17,17654.31,1038.4888235294118,533,8.529411764705882,4.411764705882353,0.030069834404940658,14,2
C10866,17,4,5961.8,1490.45,63,10.0,5.75,0.032066903597967954,11,1
C10867,37,19,20605.37,1084.493157894737,399,7.842105263157895,4.0,0.02237420499645347,13,2
C10868,271,17,32159.14,1891.7141176470589,492,11.117647058823529,5.823529411764706,0.0,14,2
C10869,96,3,2286.94,762.3133333333334,126,6.0,3.6666666666666665,0.11156088900629735,9,1
C10870,305,3,1503.6599999999999,501.21999999999997,310,4.0,2.3333333333333335,0.05079759868192636,4,1
C10871,1,76,228237.66999999998,3003.127236842105,555,17.13157894736842,9.092105263157896,0.02757610815659116,14,3
C10872,212,15,13460.41,897.3606666666667,613,8.133333333333333,4.6,0.06421604410425401,12,3
C10873,121,17,19004.53,1117.9135294117646,395,7.764705882352941,5.0,0.012811176053806628,13,3
C10874,16,38,33371.64,878.2010526315789,579,6.7894736842105265,3.6842105263157894,0.010056759493881162,13,3
C10875,8,31,51484.68,1660.796129032258,646,10.612903225806452,5.612903225806452,0.01899131063080099,14,2
C10876,17,36,51287.73,1424.6591666666668,674,12.166666666666666,6.166666666666667,0.024900641552136376,14,3
C10877,8,18,5877.71,326.5394444444444,512,4.277777777777778,2.2777777777777777,0.030923602741510275,11,1
C10878,125,3,4732.08,1577.36,156,8.666666666666666,4.0,0.0077936782512973745,9,2
C10879,66,15,24106.88,1607.1253333333334,424,12.066666666666666,6.666666666666667,0.06222701478068599,12,2
C10880,118,4,2320.36,580.09,257,6.75,3.25,0.09284396209301599,8,1
C10881,29,5,2177.33,435.466,243,4.8,3.0,0.1510589684804816,7,2
C10882,0,96,188511.14,1963.6577083333334,625,10.395833333333334,5.541666666666667,0.012614065798757707,14,3
C10883,226,14,19910.47,1422.1764285714287,537,10.428571428571429,5.714285714285714,0.049286480322938926,14,3
C10884,182,13,34650.49,2665.4223076923076,534,15.615384615384615,7.769230769230769,0.0,13,1
C10885,136,21,27619.95,1315.2357142857143,628,11.714285714285714,6.380952380952381,0.08737281185505524,13,2
C10886,8,39,47268.29,1212.007435897436,696,9.897435897435898,5.487179487179487,0.04428688524921621,13,3
C10887,53,6,2590.51,431.7516666666667,371,3.6666666666666665,2.1666666666666665,0.0029213656133328203,9,1
C10888,162,17,26523.39,1560.199411764706,411,11.941176470588236,6.176470588235294,0.024710428969605153,13,2
C10889,12,23,34932.49,1518.8039130434781,638,10.652173913043478,5.565217391304348,0.021180009061775584,14,3
C10890,33,29,25870.920000000002,892.1006896551725,642,7.482758620689655,4.206896551724138,0.025467651535898014,13,3
C10891,2,5,8566.2,1713.2400000000002,134,10.0,5.0,0.0,11,1
C10892,198,9,13996.369999999999,1555.152222222222,484,11.444444444444445,5.555555555555555,0.036622651846998026,11,3
C10893,48,9,1701.71,189.07888888888888,442,2.888888888888889,1.6666666666666667,0.04429992305921071,7,1
C10894,24,32,40539.61,1266.8628125,688,10.375,5.1875,0.009776051884912103,14,3
C10895,47,3,2092.16,697.3866666666667,59,4.0,2.0,0.0,4,2
C10896,178,18,18889.02,1049.39,716,8.0,3.888888888888889,0.06395051217794684,13,2
C10897,137,20,18918.82,945.941,704,7.35,4.2,0.05944555530476958,14,2
C10898,4,63,144392.57,2291.9455555555555,581,11.206349206349206,6.26984126984127,0.0,14,3
C10899,24,83,170000.5,2048.1987951807228,705,11.674698795180722,6.337349397590361,0.003509219886591476,14,3
C10900,218,12,9270.73,772.5608333333333,531,5.666666666666667,3.5,0.02124171103460435,12,2
C10901,10,24,28315.89,1179.82875,625,9.833333333333334,5.25,0.06054118293440352,14,3
C10902,9,7,2823.34,403.3342857142857,181,4.142857142857143,2.2857142857142856,0.10147953192180026,7,1
C10903,134,15,11759.66,783.9773333333334,501,7.0,3.933333333333333,0.03455585411848542,11,1
C10904,7,10,5059.63,505.963,698,5.4,3.1,0.0452393397705765,10,3
C10905,2,31,30331.85,978.4467741935483,687,8.709677419354838,4.483870967741935,0.040176586610314896,14,3
C10906,17,21,38307.47,1824.1652380952382,412,12.666666666666666,6.904761904761905,0.022609297791145035,14,2
C10907,20,16,28138.52,1758.6575,332,11.8125,6.0625,0.044198140606052365,13,3
C10908,475,3,3198.19,1066.0633333333333,490,8.0,4.666666666666667,0.0,6,1
C10909,81,21,30024.48,1429.7371428571428,523,10.285714285714286,5.285714285714286,0.011395245922366922,13,3
C10910,18,9,2796.43,310.71444444444444,283,3.7777777777777777,1.8888888888888888,0.08290316867920319,7,1
C10911,119,25,37403.26,1496.1304,466,10.64,5.68,0.053169517247140446,14,3
C10912,51,6,1650.6,275.09999999999997,455,2.6666666666666665,1.6666666666666667,0.016088555606554644,6,3
C10913,61,30,52385.68,1746.1893333333333,576,13.033333333333333,6.5,0.061614839853220804,14,3
C10914,47,29,49603.21,1710.4555172413793,525,11.0,6.137931034482759,0.0,14,3
C10915,247,9,7246.53,805.17,450,7.666666666666667,4.222222222222222,0.07663167230084875,11,2
C10916,3,21,37041.93,1763.9014285714286,502,9.761904761904763,5.428571428571429,0.0,14,3
C10917,24,37,28500.79,770.2916216216216,578,5.702702702702703,3.2972972972972974,0.007576335286438609,14,3
C10918,2,13,5961.01,458.5392307692308,526,4.846153846153846,2.6153846153846154,0.06278437945141298,11,2
C10919,0,37,35666.58,963.9616216216217,528,7.081081081081081,4.027027027027027,0.020214040714875547,12,2
C10920,180,23,18210.68,791.768695652174,683,5.739130434782608,2.9130434782608696,0.07049717101754047,13,3
C10921,15,8,2946.63,368.32875,231,5.25,2.875,0.10139062547650271,9,1
C10922,26,4,3078.78,769.695,48,5.75,3.5,0.026331102705848125,9,2
C10923,31,43,43182.33,1004.2402325581396,723,9.046511627906977,4.72093023255814,0.023576263103733886,14,3
C10924,21,20,21961.510000000002,1098.0755000000001,363,9.65,4.85,0.023650398404160496,13,3
C10925,136,13,11575.630000000001,890.433076923077,505,7.615384615384615,4.3076923076923075,0.055347503029660065,13,2
C10926,16,4,5434.79,1358.6975,50,7.0,4.25,0.007851692285223994,9,2
C10927,27,33,45221.44,1370.3466666666668,587,7.818181818181818,4.333333333333333,0.010486496043384913,14,3
C10928,262,12,9069.56,755.7966666666666,563,5.25,2.8333333333333335,0.054264099395721556,12,3
C10929,38,44,42028.23,955.1870454545456,727,7.318181818181818,3.8181818181818183,0.02721460345926223,14,3
C10930,21,10,6552.02,655.202,708,8.5,4.5,0.06854662725914426,11,2
C10931,99,3,2052.54,684.18,128,8.0,4.333333333333333,0.061245397790939654,6,1
C10932,25,6,2574.17,429.02833333333336,493,6.5,3.5,0.09126307502762392,10,1
C10933,45,11,8164.41,742.2190909090909,361,8.727272727272727,4.363636363636363,0.09038839267311445,9,1
C10934,45,8,6551.54,818.9425,361,5.25,3.25,0.038949341798370556,13,2
C10935,156,12,5453.26,454.43833333333333,421,5.0,2.75,0.044184844049883,12,2
C10936,31,45,67666.43,1503.6984444444442,703,10.311111111111112,5.644444444444445,0.0212695268260354,14,3
C10937,157,10,13458.43,1345.843,431,6.9,3.6,0.01639220856671773,10,2
C10938,44,9,3010.12,334.4577777777778,545,6.0,2.888888888888889,0.08386696209003919,9,2
C10939,115,14,13302.64,950.1885714285714,574,8.5,4.428571428571429,0.013879303507001919,11,2
C10940,11,56,111475.86,1990.640357142857,548,10.642857142857142,5.803571428571429,0.00015005481530207525,14,3
C10941,2,5,3809.48,761.896,99,7.4,4.0,0.029092957287002088,10,2
C10942,5,9,5746.68,638.52,114,6.333333333333333,3.5555555555555554,0.04049609131072159,12,2
C10943,20,6,2622.3599999999997,437.05999999999995,549,4.0,2.1666666666666665,0.03974513896517631,7,1
C10944,31,16,20037.45,1252.340625,388,8.3125,4.75,0.028581470887671497,13,2
C10945,1,4,5749.4,1437.35,66,7.5,3.25,0.005988893576116348,9,1
C10946,16,76,202853.46,2669.1244736842104,728,15.881578947368421,8.157894736842104,0.0,14,3
C10947,1,82,306053.45,3732.3591463414637,727,17.170731707317074,9.414634146341463,0.0,14,3
C10948,30,25,38368.5,1534.74,529,13.24,7.52,0.028751054632294364,13,3
C10949,17,28,36537.54,1304.912142857143,419,9.107142857142858,5.071428571428571,0.01656714144137791,14,3
C10950,2,44,44572.93,1013.0211363636364,657,7.863636363636363,4.159090909090909,0.030828583828577737,14,3
C10951,114,10,14110.619999999999,1411.062,470,10.8,5.6,0.05809263795900113,14,3
C10952,5,27,37743.79,1397.9181481481482,417,10.74074074074074,6.074074074074074,0.07042464078007529,14,3
C10953,163,18,22813.56,1267.42,675,10.11111111111111,5.611111111111111,0.0410634842172163,14,3
C10954,17,31,22197.05,716.0338709677419,728,6.129032258064516,3.3548387096774195,0.018869817662336745,14,3
C10955,67,5,4976.14,995.2280000000001,174,8.2,3.8,0.0076458575964008235,9,1
C10956,32,25,25354.7,1014.188,520,6.04,3.48,0.029286008536105402,12,3
C10957,208,5,2732.14,546.428,446,7.8,3.8,0.08377096789338484,10,2
C10958,88,4,6260.83,1565.2075,176,5.25,3.25,0.005119933895328974,6,2
C10959,118,31,47584.6,1534.9870967741936,718,12.03225806451613,6.161290322580645,0.015757933779612314,14,3
C10960,158,11,9727.33,884.3027272727272,463,8.545454545454545,4.363636363636363,0.06616227508061721,11,3
C10961,2,26,37885.0,1457.1153846153845,438,10.73076923076923,5.346153846153846,0.025787007750502727,14,3
C10962,278,15,14385.3,959.02,559,6.666666666666667,3.8,0.05547654597241537,12,2
C10963,3,38,62148.4,1635.4842105263158,624,10.5,5.7105263157894735,0.037434016455268414,14,3
C10964,170,20,18492.62,924.631,668,5.0,2.9,0.06515062894973508,13,3
C10965,3,28,26261.21,937.9003571428572,352,6.285714285714286,2.9285714285714284,0.023490914905207497,14,2
C10966,66,14,10853.6,775.2571428571429,569,8.714285714285714,4.928571428571429,0.0962495555605516,12,2
C10967,323,3,3785.24,1261.7466666666667,375,12.333333333333334,5.666666666666667,0.06424993943349304,9,1
C10968,37,7,3500.6099999999997,500.0871428571428,328,5.571428571428571,3.0,0.0408867238015913,7,1
C10969,16,31,25617.68,826.3767741935484,528,6.225806451612903,3.5483870967741935,0.07269908459654233,13,3
C10970,1,62,158774.64,2560.8812903225808,501,13.67741935483871,7.258064516129032,0.03131446669462149,14,3
C10971,21,22,34660.11,1575.4595454545454,699,12.318181818181818,6.590909090909091,0.030558294280284115,14,2
C10972,181,20,16576.010000000002,828.8005,658,6.2,3.5,0.020417220695564814,14,3
C10973,7,26,34098.78,1311.4915384615383,405,10.0,5.384615384615385,0.0,14,3
C10974,51,4,486.68999999999994,121.67249999999999,268,2.5,1.75,0.03072970604636342,5,1
C10975,172,13,11623.029999999999,894.0792307692307,642,6.923076923076923,4.230769230769231,0.04417994008356722,12,2
C10976,118,3,4134.47,1378.1566666666668,138,8.666666666666666,4.0,0.0011885809261751126,6,2
C10977,27,5,3195.0,639.0,184,3.8,2.4,0.0,8,3
C10978,192,3,1471.1599999999999,490.3866666666666,504,3.3333333333333335,2.3333333333333335,0.09473204890745855,3,1
C10979,3,61,210780.54,3455.4186885245904,506,16.42622950819672,9.081967213114755,0.0,14,3
C10980,285,10,11512.53,1151.2530000000002,526,11.0,5.5,0.028979150834464253,12,1
C10981,166,3,2273.5,757.8333333333334,218,4.0,2.0,0.006324383623911154,4,1
C10982,25,17,10841.01,637.7064705882353,686,6.705882352941177,3.588235294117647,0.02414740122438288,12,2
C10983,132,21,32579.61,1551.41,626,10.571428571428571,5.285714285714286,0.01910775672858585,14,1
C10984,6,13,6813.79,524.1376923076923,574,4.923076923076923,2.8461538461538463,0.0640835455486969,12,2
C10985,57,8,7990.79,998.84875,563,9.75,4.625,0.05568653310501878,13,2
C10986,20,26,35346.18,1359.4684615384615,588,8.615384615384615,4.576923076923077,0.018420149360668353,12,2
C10987,41,22,32983.47,1499.2486363636365,512,9.727272727272727,5.2272727272727275,0.05298831433575469,14,3
C10988,1,81,253439.62,3128.884197530864,596,14.851851851851851,7.962962962962963,0.008590507286815931,14,3
C10989,185,14,11582.39,827.3135714285714,480,5.857142857142857,3.142857142857143,0.008481809224352757,13,3
C10990,9,51,148456.2,2910.9058823529413,495,14.0,7.862745098039215,0.014687675342760876,14,3
C10991,134,24,32246.26,1343.5941666666665,472,11.0,5.666666666666667,0.06707590861433277,14,2
C10992,13,4,4500.719999999999,1125.1799999999998,52,8.25,4.25,0.024430846463477283,8,1
C10993,17,6,4938.07,823.0116666666667,79,6.333333333333333,3.5,0.0,10,1
C10994,42,12,8493.46,707.7883333333333,721,7.583333333333333,4.333333333333333,0.06412588714804698,13,2
C10995,150,16,19597.16,1224.8225,472,9.125,5.25,0.03374541517249404,13,2
C10996,25,5,2197.12,439.424,64,3.8,2.2,0.09339165239637708,8,1
C10997,19,15,8466.039999999999,564.4026666666666,656,6.066666666666666,3.4,0.08582078673463768,12,3
C10998,6,9,3296.05,366.2277777777778,526,4.888888888888889,2.888888888888889,0.055361943356968035,10,2
C10999,123,23,32689.25,1421.2717391304348,611,9.73913043478261,5.130434782608695,0.046461910398616656,13,3
C11000,25,12,6784.94,565.4116666666666,225,5.166666666666667,2.6666666666666665,0.034198363318287475,10,2
C11001,170,15,32352.4,2156.826666666667,713,15.733333333333333,8.8,0.020971445050916297,14,3
C11002,8,25,32025.94,1281.0375999999999,439,6.32,3.32,0.0,14,3
C11003,24,15,4061.63,270.7753333333333,622,3.1333333333333333,1.7333333333333334,0.07164016036351502,10,3
C11004,2,10,8391.43,839.143,156,7.2,3.9,0.06387751937465626,12,3
C11005,45,8,4369.11,546.13875,375,6.375,3.75,0.06800273043366965,12,1
C11006,61,5,4103.35,820.6700000000001,490,7.4,4.6,0.06060987614752409,8,2
C11007,12,26,30570.38,1175.7838461538463,486,9.73076923076923,5.230769230769231,0.031665445045083854,13,1
C11008,5,78,287117.82,3680.9976923076924,619,17.333333333333332,9.102564102564102,0.004232529423258561,14,3
C11009,11,18,22857.42,1269.8566666666666,477,9.222222222222221,4.5,0.04159108805526694,14,2
C11010,1,5,14130.18,2826.036,57,13.4,6.6,0.07080286738822651,11,1
C11011,1,76,227796.54,2997.322894736842,526,13.618421052631579,7.473684210526316,0.0,14,3
C11012,37,28,49173.01,1756.1789285714287,709,13.357142857142858,7.071428571428571,0.019694618777849126,13,3
C11013,4,63,164602.91,2612.744603174603,526,15.46031746031746,7.968253968253968,0.022409354866316844,14,3
C11014,5,18,22737.57,1263.1983333333333,501,9.555555555555555,5.222222222222222,0.016141503837414934,14,3
C11015,32,21,5952.68,283.4609523809524,572,3.380952380952381,1.9047619047619047,0.04948591557167242,9,2
C11016,17,34,24456.0,719.2941176470588,564,5.911764705882353,3.0294117647058822,0.014529802253171064,14,3
C11017,111,15,11318.98,754.5986666666666,482,4.733333333333333,2.7333333333333334,0.04829497442692862,12,3
C11018,15,7,4467.12,638.16,131,4.142857142857143,1.7142857142857142,0.016514278543326585,6,3
C11019,168,7,3711.7299999999996,530.2471428571428,353,3.4285714285714284,2.7142857142857144,0.030695145549935108,11,3
C11020,55,4,1531.1100000000001,382.77750000000003,369,5.25,3.0,0.013593521495158516,9,1
C11021,136,11,8032.06,730.1872727272728,479,7.181818181818182,4.090909090909091,0.025033107598785666,11,2
C11022,97,4,3325.46,831.365,150,7.25,3.5,0.024703125504078084,9,1
C11023,12,5,2425.37,485.07399999999996,348,6.8,3.6,0.028192152195950688,8,1
C11024,10,24,12691.33,528.8054166666667,479,5.833333333333333,2.9166666666666665,0.08099036987528413,12,3
C11025,32,7,2780.18,397.1685714285714,445,5.142857142857143,3.0,0.006333321419636155,8,3
C11026,119,10,9471.41,947.141,504,7.5,4.7,0.0750079349965086,11,2
C11027,0,12,9544.54,795.3783333333334,532,9.166666666666666,4.75,0.04094059674557224,10,1
C11028,1,58,157556.22,2716.486551724138,529,12.620689655172415,6.568965517241379,0.0026677820985712723,14,3
C11029,243,5,4339.92,867.984,410,7.2,4.2,0.04645434870972349,11,2
C11030,86,6,1758.91,293.1516666666667,211,3.6666666666666665,2.0,0.12568162047968184,8,2
C11031,7,44,85395.0,1940.7954545454545,638,13.704545454545455,7.113636363636363,0.017172181259713763,14,3
C11032,201,10,6252.26,625.226,402,7.3,3.9,0.06617318690247354,10,3
C11033,183,13,3373.4700000000003,259.4976923076923,579,2.8461538461538463,1.7692307692307692,0.028123730586069505,10,3
C11034,37,26,30908.45,1188.7865384615384,416,9.423076923076923,4.884615384615385,0.005797926577824097,13,3
C11035,36,7,3768.59,538.37,452,6.285714285714286,3.142857142857143,0.056970767667769366,10,2
C11036,125,18,18982.27,1054.5705555555555,565,9.88888888888889,5.388888888888889,0.07848182258187449,13,3
C11037,15,36,79449.44,2206.928888888889,512,15.527777777777779,8.38888888888889,0.03849379990533726,14,3
C11038,20,12,16814.02,1401.1683333333333,212,8.833333333333334,5.0,0.0706070287539936,12,1
C11039,20,10,5095.08,509.508,303,6.1,3.6,0.0509852276388995,11,2
C11040,35,24,25582.62,1065.9424999999999,449,8.75,4.375,0.01718180581839472,13,3
C11041,7,30,40481.33,1349.3776666666668,360,7.733333333333333,4.066666666666666,0.0025814256605093864,14,3
C11042,346,3,1193.1100000000001,397.7033333333334,403,3.6666666666666665,3.0,0.0,5,1
C11043,0,24,24597.91,1024.9129166666667,558,7.916666666666667,4.25,0.0,13,3
C11044,4,34,21907.05,644.3249999999999,667,5.0588235294117645,2.9705882352941178,0.011173305396308396,14,3
C11045,3,24,39832.98,1659.7075000000002,333,11.375,5.833333333333333,0.03470863128386022,14,3
C11046,5,24,34311.46,1429.6441666666667,491,9.833333333333334,5.208333333333333,0.0,13,2
C11047,3,26,32497.17,1249.8911538461539,483,9.115384615384615,4.8076923076923075,0.04393543383810093,14,3
C11048,185,10,11209.39,1120.9389999999999,422,8.2,4.3,0.04039711401490247,11,1
C11049,64,13,11453.8,881.0615384615384,598,7.0,4.076923076923077,0.07609037597502642,13,1
C11050,44,13,16301.77,1253.9823076923078,395,8.384615384615385,4.538461538461538,0.005690735080728536,11,2
C11051,3,5,9148.62,1829.7240000000002,94,10.2,5.6,0.004036709232829288,11,1
C11052,119,47,86736.39,1845.4551063829788,520,10.446808510638299,5.51063829787234,0.007300320174422098,14,3
C11053,20,48,62788.2,1308.0874999999999,702,8.979166666666666,4.645833333333333,0.01737768630647834,14,3
C11054,1,20,42408.65,2120.4325,349,14.75,7.8,0.010188774982676,14,3
C11055,13,5,2311.7400000000002,462.34800000000007,78,4.4,2.0,0.004049734182341436,7,2
C11056,94,3,1622.8899999999999,540.9633333333333,105,6.666666666666667,3.3333333333333335,0.043197575700405624,9,1
C11057,25,17,5052.96,297.2329411764706,595,3.8823529411764706,1.7647058823529411,0.07367911609259249,9,3
C11058,127,17,18096.0,1064.4705882352941,457,9.647058823529411,5.588235294117647,0.08507868292991215,13,3
C11059,180,22,29392.23,1336.0104545454544,626,11.363636363636363,5.818181818181818,0.052930986816794236,13,3
C11060,138,3,1596.3000000000002,532.1,252,9.333333333333334,4.666666666666667,0.06928337793636634,7,1
C11061,7,34,34233.91,1006.879705882353,553,6.264705882352941,3.323529411764706,0.0,14,3
C11062,80,5,3309.6,661.92,311,7.6,4.4,0.06184626025432425,12,1
C11063,51,20,14101.529999999999,705.0764999999999,638,4.75,2.8,0.007864459439778631,12,3
C11064,17,35,52388.97,1496.8277142857144,629,10.657142857142857,5.571428571428571,0.043646467537740104,14,1
C11065,268,14,20169.91,1440.7078571428572,576,8.642857142857142,5.0,0.034132113311126734,14,3
C11066,66,6,2687.49,447.91499999999996,252,6.333333333333333,3.8333333333333335,0.030682834636581353,10,1
C11067,1,7,4792.99,684.7128571428572,275,6.0,3.2857142857142856,0.02178886677891729,9,2
C11068,1,13,5310.39,408.4915384615385,494,4.384615384615385,2.3846153846153846,0.12141311397297262,12,2
C11069,35,7,4785.22,683.6028571428571,279,6.142857142857143,3.0,0.04827424352717017,8,2
C11070,264,3,677.96,225.98666666666668,344,3.6666666666666665,2.3333333333333335,0.0822255313388385,5,2
C11071,0,68,206466.81,3036.2766176470586,587,15.514705882352942,8.382352941176471,0.017459622520114383,14,3
C11072,159,18,16163.31,897.9616666666666,653,7.888888888888889,4.0,0.02479976590333859,11,1
C11073,114,13,11030.82,848.5246153846153,668,7.0,3.230769230769231,0.06713112133836013,12,2
C11074,10,9,2987.31,331.92333333333335,472,3.4444444444444446,1.7777777777777777,0.02199385167409289,9,2
C11075,1,91,212596.07,2336.2205494505497,640,11.747252747252746,6.373626373626373,0.009736989946315668,14,3
C11076,4,32,35121.22,1097.538125,486,9.59375,5.09375,0.03930296082450765,14,3
C11077,39,8,5465.5,683.1875,575,8.125,4.25,0.09620822515833513,8,2
C11078,45,29,38658.32,1333.0455172413792,535,8.862068965517242,4.758620689655173,0.0,12,3
C11079,70,10,5273.4800000000005,527.3480000000001,512,4.9,2.4,0.02075847636237366,9,3
C11080,21,8,4459.59,557.44875,367,6.625,3.0,0.057710999171723655,9,2
C11081,2,18,8495.93,471.99611111111113,390,5.555555555555555,3.0555555555555554,0.0,13,2
C11082,59,5,2266.49,453.29799999999994,220,6.2,3.0,0.04800527558195213,9,1
C11083,1,5,1589.9899999999998,317.99799999999993,60,2.8,1.8,0.0,7,2
C11084,29,30,46344.26,1544.8086666666668,527,12.0,6.766666666666667,0.018418736185206556,13,2
C11085,3,5,2943.9,588.78,77,4.8,3.2,0.0,7,1
C11086,2,87,321355.29,3693.738965517241,624,18.597701149425287,9.954022988505747,0.026114402565645508,14,2
C11087,139,16,16348.66,1021.79125,584,6.375,3.5,0.027976938274746555,13,2
C11088,6,9,5286.9800000000005,587.4422222222223,353,6.333333333333333,3.888888888888889,0.05819040764993835,11,1
C11089,41,28,50304.05,1796.5732142857144,491,10.785714285714286,5.642857142857143,0.007428493743060698,13,3
C11090,5,20,24475.68,1223.784,508,7.9,3.95,0.02242352349113915,13,2
C11091,71,5,2848.71,569.742,235,7.2,4.0,0.00816113364552687,8,2
C11092,16,12,6526.93,543.9108333333334,647,4.916666666666667,2.5,0.026354496091652246,12,2
C11093,0,33,45917.51,1391.439696969697,440,10.969696969696969,5.757575757575758,0.024797648343605865,14,2
C11094,30,23,31594.72,1373.6834782608696,410,12.130434782608695,6.608695652173913,0.01883438541595176,12,3
C11095,10,28,51795.83,1849.8510714285715,568,9.821428571428571,5.321428571428571,0.0,14,3
C11096,1,4,6206.83,1551.7075,106,6.75,4.75,0.05226214288986273,10,1
C11097,191,8,4527.55,565.94375,314,4.75,2.625,0.04889197927017051,11,1
C11098,36,10,7980.0199999999995,798.002,520,8.7,4.1,0.06452751137979501,12,2
C11099,23,25,39747.25,1589.89,443,8.84,4.76,0.0,14,3
C11100,108,3,3761.75,1253.9166666666667,148,8.666666666666666,5.0,0.0159287822028755,8,1
C11101,204,13,11837.42,910.5707692307692,510,6.461538461538462,3.8461538461538463,0.05892313844397504,12,2
C11102,1,7,10345.710000000001,1477.9585714285715,84,7.714285714285714,4.0,0.045389997628632835,11,1
C11103,3,64,119031.83,1859.87234375,454,11.03125,6.09375,0.002198097893398707,14,3
C11104,2,31,49534.91,1597.9003225806453,684,10.806451612903226,5.516129032258065,0.03525761502239157,14,3
C11105,3,83,185139.84,2230.600481927711,640,14.144578313253012,7.421686746987952,0.02100970821421367,14,3
C11106,7,11,8162.49,742.0445454545454,471,8.181818181818182,4.090909090909091,0.0620371945081564,13,3
C11107,260,13,25630.4,1971.569230769231,632,10.846153846153847,5.846153846153846,0.032842101767724216,14,3
C11108,15,29,46968.53,1619.6044827586206,581,12.0,6.137931034482759,0.009292105770500407,14,3
C11109,2,83,248193.84,2990.2872289156626,638,15.759036144578314,8.578313253012048,0.010826142879865839,14,3
C11110,63,4,2207.96,551.99,536,7.25,3.5,0.04059720429827191,7,1
C11111,0,19,29384.57,1546.5563157894737,387,10.473684210526315,5.684210526315789,0.02299982178670795,14,2
C11112,95,15,17776.86,1185.124,494,9.266666666666667,5.066666666666666,0.020573787291435722,13,3
C11113,50,28,46540.840000000004,1662.1728571428573,717,12.678571428571429,6.464285714285714,0.018383360991334762,14,3
C11114,8,6,4621.53,770.255,80,6.333333333333333,3.6666666666666665,0.05642237049498966,10,2
C11115,7,34,73348.0,2157.294117647059,641,13.647058823529411,7.088235294117647,0.023956629757426313,14,3
C11116,251,8,13740.77,1717.59625,510,7.5,4.375,0.007402885883011577,11,1
C11117,35,7,3760.64,537.2342857142856,284,5.285714285714286,3.0,0.05750496855960643,8,3
C11118,267,3,884.26,294.75333333333333,344,3.6666666666666665,2.0,0.017215893303695468,5,1
C11119,8,11,13124.92,1193.1745454545455,127,8.181818181818182,4.0,0.06442431271300071,13,2
C11120,129,12,10808.48,900.7066666666666,503,9.25,4.666666666666667,0.05765257102602151,13,1
C11121,6,28,49555.55,1769.8410714285715,654,12.892857142857142,6.785714285714286,0.023830061839497027,14,3
C11122,71,7,3765.13,537.8757142857143,380,4.428571428571429,2.7142857142857144,0.06151886618443945,9,2
C11123,3,31,49756.89,1605.0609677419354,520,11.03225806451613,5.806451612903226,0.03660509860602992,14,3
C11124,8,77,161514.34,2097.5888311688313,618,11.831168831168831,6.246753246753247,0.02168338621831157,14,3
C11125,10,31,49317.82,1590.8974193548388,537,10.483870967741936,5.67741935483871,0.0070004328960747405,14,3
C11126,1,8,3508.4399999999996,438.55499999999995,250,5.375,2.875,0.07564628144463531,8,1
C11127,2,47,59551.73,1267.058085106383,634,8.127659574468085,4.340425531914893,0.0,14,3
C11128,67,11,6373.18,579.38,360,6.818181818181818,3.090909090909091,0.10338181378217842,11,3
C11129,76,16,8645.15,540.321875,701,6.0625,3.25,0.0421990152935285,12,2
C11130,7,35,49932.8,1426.6514285714286,597,10.885714285714286,6.0,0.026627164721784592,14,3
C11131,1,25,26111.71,1044.4684,703,8.32,4.44,0.026470367825442768,13,2
C11132,47,4,6276.170000000001,1569.0425000000002,107,6.25,3.25,0.0024778440372805063,9,2
C11133,51,6,2285.99,380.9983333333333,465,6.333333333333333,3.5,0.06490090606017221,8,2
C11134,15,27,47430.52,1756.6859259259259,442,13.444444444444445,6.888888888888889,0.007428613282271819,14,3
C11135,102,20,24858.25,1242.9125,698,9.4,4.7,0.03262230347832956,13,3
C11136,28,8,4742.13,592.76625,451,7.0,3.625,0.013798539247329714,11,1
C11137,176,7,2548.85,364.12142857142857,550,3.7142857142857144,2.0,0.03208105326715603,7,1
C11138,7,37,90981.2,2458.951351351351,487,13.486486486486486,7.243243243243243,0.022019954700492995,14,3
C11139,32,25,39452.340000000004,1578.0936000000002,543,10.4,5.28,0.01866124479106684,13,2
C11140,178,4,1888.0,472.0,287,7.25,3.75,0.009755585859645444,8,1
C11141,28,94,207137.44,2203.5897872340424,625,12.617021276595745,6.829787234042553,0.01011691746579344,14,3
C11142,101,3,2394.7799999999997,798.2599999999999,127,5.333333333333333,3.6666666666666665,0.1250347095359883,8,2
C11143,117,10,15248.17,1524.817,477,8.5,4.7,0.01388104749395485,13,3
C11144,15,22,39745.19,1806.5995454545455,455,11.863636363636363,6.409090909090909,0.03248728814384505,14,3
C11145,60,5,4835.72,967.144,192,6.4,3.6,0.10042823286045413,9,1
C11146,260,3,1576.25,525.4166666666666,277,5.0,3.0,0.13505015474439738,6,1
C11147,4,34,61828.77,1818.4932352941175,699,12.088235294117647,6.647058823529412,0.023085688607938144,14,3
C11148,435,9,12851.33,1427.9255555555555,676,11.88888888888889,5.888888888888889,0.06599905228701168,11,3
C11149,123,20,16647.6,832.3799999999999,674,8.1,4.6,0.07328711533087584,13,2
C11150,92,4,1519.05,379.7625,129,3.5,1.75,0.024029040444601496,4,3
C11151,30,26,35982.63,1383.9473076923075,523,10.5,4.961538461538462,0.009038352755459667,14,2
C11152,88,6,3520.08,586.68,358,4.666666666666667,2.1666666666666665,0.02018321044149207,5,2
C11153,0,108,203977.61,1888.681574074074,728,9.962962962962964,5.175925925925926,0.0,14,3
C11154,65,4,1879.8,469.95,252,8.5,5.0,0.04739221210954128,7,2
C11155,147,25,38890.47,1555.6188,647,12.32,6.92,0.007085124124348511,14,3
C11156,113,3,1486.9299999999998,495.64333333333326,173,5.666666666666667,2.6666666666666665,0.026992893507309348,6,1
C11157,5,70,156755.42,2239.363142857143,593,13.514285714285714,7.142857142857143,0.023412798513072017,14,3
C11158,31,17,24086.11,1416.83,416,9.764705882352942,5.352941176470588,0.03641144715249402,13,3
C11159,5,30,46007.85,1533.595,573,11.8,6.166666666666667,0.0065000520418770835,14,3
C11160,153,9,11469.51,1274.39,501,11.333333333333334,5.555555555555555,0.10406282295540666,12,2
C11161,21,3,2952.33,984.11,60,7.0,4.0,0.036238223638251056,7,1
C11162,149,10,9598.22,959.8219999999999,613,9.0,4.7,0.08128146715929321,12,2
C11163,7,12,4757.9,396.4916666666666,553,3.6666666666666665,2.0833333333333335,0.02240020382500637,9,1
C11164,34,10,9935.71,993.5709999999999,384,8.8,4.4,0.01931713422205377,13,2
C11165,9,80,263283.61,3291.0451249999996,727,17.125,9.3625,0.016883840077931273,14,3
C11166,3,7,4014.66,573.5228571428571,199,6.571428571428571,3.7142857142857144,0.11396305034396154,10,2
C11167,93,3,463.65999999999997,154.5533333333333,120,1.6666666666666667,1.0,0.08495983896114148,2,2
C11168,4,14,6579.66,469.9757142857143,101,4.928571428571429,2.5,0.03554734050895829,9,1
C11169,0,91,211432.45,2323.4335164835165,688,11.428571428571429,6.1208791208791204,0.02553683343283868,14,3
C11170,27,22,31651.46,1438.7027272727273,524,11.045454545454545,5.545454545454546,0.030112618189038723,14,3
C11171,8,7,4864.450000000001,694.9214285714287,134,5.428571428571429,3.142857142857143,0.03403596215137464,11,3
C11172,139,3,2444.9,814.9666666666667,243,11.666666666666666,5.0,0.09414597999258985,6,2
C11173,248,16,17275.39,1079.711875,580,8.375,4.5625,0.040041720428673516,14,2
C11174,2,90,177557.36,1972.8595555555553,705,12.38888888888889,6.6,0.016421343531032296,14,3
C11175,0,40,44254.24,1106.356,557,8.7,4.525,0.010701949814644545,14,3
C11176,8,35,29612.1,846.06,589,6.142857142857143,3.3142857142857145,0.04709421352714897,13,3
C11177,0,10,6540.85,654.085,152,5.9,2.9,0.05934556792181214,10,3
C11178,1,29,35739.729999999996,1232.4044827586206,492,10.931034482758621,5.620689655172414,0.014347774047310562,14,3
C11179,69,15,7295.95,486.39666666666665,672,6.733333333333333,3.8,0.08358914970156153,11,2
C11180,17,66,137493.16,2083.229696969697,646,12.227272727272727,6.696969696969697,0.007515251820704593,14,3
C11181,63,19,21486.5,1130.8684210526317,340,9.210526315789474,4.7368421052631575,0.04231610944958749,14,3
C11182,88,14,25682.44,1834.4599999999998,334,11.714285714285714,6.214285714285714,0.0,13,1
C11183,17,4,5423.07,1355.7675,128,11.25,5.5,0.012475462435219006,11,1
C11184,21,71,159045.07,2240.0714084507044,660,12.084507042253522,6.605633802816901,0.019800399167152725,14,3
C11185,47,79,199139.16,2520.7488607594937,639,13.189873417721518,7.329113924050633,0.0,14,3
C11186,28,34,35735.9,1051.0558823529411,661,9.029411764705882,4.676470588235294,0.03042492555066462,13,3
C11187,53,37,85583.81,2313.075945945946,631,13.378378378378379,7.162162162162162,0.018965179284786613,14,2
C11188,36,34,59645.26,1754.2723529411765,684,10.882352941176471,6.088235294117647,0.012997857216022379,14,3
C11189,24,21,33472.19,1593.9138095238097,517,12.619047619047619,6.380952380952381,0.045160905677084105,14,3
C11190,11,23,25735.93,1118.9534782608696,458,8.043478260869565,4.0,0.02361932583417114,13,3
C11191,50,7,2743.27,391.8957142857143,331,5.142857142857143,2.142857142857143,0.07992742103180193,6,1
C11192,13,8,4639.79,579.97375,309,6.5,3.5,0.07210324118608172,8,2
C11193,2,68,154403.92,2270.6458823529415,641,12.147058823529411,6.544117647058823,0.02346329184823158,14,1
C11194,260,13,11693.63,899.51,653,9.538461538461538,5.076923076923077,0.035085895255565096,12,1
C11195,54,12,5049.08,420.75666666666666,509,3.8333333333333335,2.1666666666666665,0.054562613402940184,10,3
C11196,66,11,5243.29,476.6627272727273,447,6.0,3.3636363636363638,0.11056960769179881,9,3
C11197,29,14,6783.55,484.5392857142857,658,6.5,3.357142857142857,0.047050774884525914,11,3
C11198,71,9,4876.39,541.8211111111111,506,6.111111111111111,3.7777777777777777,0.05551778703590721,11,2
C11199,0,14,6509.57,464.9692857142857,582,5.785714285714286,2.9285714285714284,0.07846060194229734,13,3
C11200,29,82,194029.68,2366.2156097560974,501,10.658536585365853,5.7682926829268295,0.0,14,3
C11201,57,10,7684.63,768.463,271,7.3,3.8,0.0,11,1
C11202,0,31,37608.85,1213.1887096774194,621,9.935483870967742,5.32258064516129,0.006798921468429711,14,3
C11203,11,93,269141.27,2893.9921505376346,709,13.365591397849462,7.258064516129032,0.0,14,3
C11204,2,42,42263.3,1006.2690476190477,723,8.595238095238095,4.690476190476191,0.021775711101492682,14,1
C11205,41,18,36450.5,2025.0277777777778,375,11.166666666666666,5.555555555555555,0.011995484244322438,14,1
C11206,47,22,19206.67,873.0304545454545,471,8.545454545454545,4.363636363636363,0.06325422693857326,14,3
C11207,150,14,11589.109999999999,827.7935714285713,681,5.428571428571429,2.7857142857142856,0.0956323256285799,10,3
C11208,20,7,4174.25,596.3214285714286,568,6.285714285714286,3.142857142857143,0.04833936729985318,8,2
C11209,7,29,50062.25,1726.2844827586207,520,11.758620689655173,6.241379310344827,0.027347671441697006,14,2
C11210,8,28,31001.78,1107.2064285714284,512,8.464285714285714,4.678571428571429,0.009698329904211383,14,3
C11211,2,39,80767.47,2070.960769230769,486,15.025641025641026,8.0,0.03370520756726918,14,3
C11212,342,37,75992.25,2053.8445945945946,635,11.297297297297296,6.054054054054054,0.025415148157776242,14,2
C11213,16,11,15707.49,1427.9536363636364,323,10.454545454545455,5.181818181818182,0.023416263992061738,13,2
C11214,23,4,4117.74,1029.435,138,9.25,5.0,0.08283923504229719,10,2
C11215,36,8,2331.12,291.39,505,3.375,1.875,0.05674989985311791,7,1
C11216,51,23,32056.68,1393.7686956521738,471,11.173913043478262,5.565217391304348,0.0285142122543532,14,3
C11217,2,37,54788.37,1480.7667567567569,723,9.567567567567568,4.918918918918919,0.015170846607981398,14,3
C11218,38,14,8252.05,589.4321428571428,306,6.357142857142857,3.5,0.0595847246122463,11,3
C11219,94,3,3998.83,1332.9433333333334,102,9.333333333333334,5.0,0.08207081141136176,8,1
C11220,54,8,5939.650000000001,742.4562500000001,348,6.0,3.125,0.04992202183388651,9,2
C11221,267,12,16494.64,1374.5533333333333,591,10.916666666666666,5.666666666666667,0.10670008513477507,13,2
C11222,131,3,4433.7,1477.8999999999999,199,6.0,3.0,0.005127284558683287,6,1
C11223,147,27,32198.24,1192.5274074074075,716,9.666666666666666,5.074074074074074,0.046026974024738876,14,3
C11224,64,20,22246.19,1112.3094999999998,408,7.6,4.1,0.020521497621550984,13,3
C11225,29,4,3405.49,851.3725,180,2.75,2.25,0.0,7,1
C11226,10,73,174019.86,2383.833698630137,592,11.767123287671232,6.397260273972603,0.004155516675000667,14,3
C11227,207,49,177768.68,3627.932244897959,712,17.53061224489796,9.591836734693878,0.019483504398705668,14,3
C11228,11,18,14947.720000000001,830.428888888889,490,6.777777777777778,3.2777777777777777,0.023270614910627065,12,3
C11229,36,4,10768.1,2692.025,93,16.25,9.0,0.018900209010217262,13,1
C11230,25,24,42528.04,1772.0016666666668,374,10.833333333333334,5.333333333333333,0.01787966312158693,14,2
C11231,4,80,202690.51,2533.631375,727,14.975,8.0875,0.024461697355368472,14,3
C11232,183,6,6977.1900000000005,1162.865,491,8.333333333333334,4.833333333333333,0.006184647772771882,11,2
C11233,121,11,4856.73,441.5209090909091,584,5.2727272727272725,2.909090909090909,0.05205497098623383,12,3
C11234,160,14,12878.29,919.8778571428572,430,7.571428571428571,4.214285714285714,0.032695187920904825,14,3
C11235,14,13,8353.72,642.5938461538461,353,5.153846153846154,2.8461538461538463,0.08842686710162624,10,2
C11236,124,22,33262.79,1511.945,604,12.454545454545455,6.409090909090909,0.059469031953598324,14,2
C11237,170,19,13489.76,709.9873684210527,500,5.105263157894737,2.789473684210526,0.04136079444107284,10,3
C11238,1,29,38495.01,1327.4141379310345,675,6.689655172413793,3.4827586206896552,0.0009444245472523707,13,3
C11239,109,12,9157.05,763.0875,424,6.0,3.25,0.04695766025584317,13,2
C11240,382,3,1861.85,620.6166666666667,504,5.666666666666667,3.0,0.09894933480455495,6,2
C11241,32,8,11345.16,1418.145,180,4.875,2.5,0.016824244104928374,11,3
C11242,36,6,3393.4300000000003,565.5716666666667,184,5.0,2.8333333333333335,0.04895055898253687,9,1
C11243,16,32,40827.62,1275.863125,547,9.21875,4.5,0.03166702203530649,13,2
C11244,30,10,7486.08,748.608,429,8.5,4.6,0.033063551561212386,11,1
C11245,11,37,58290.74,1575.4254054054054,713,11.18918918918919,5.891891891891892,0.025166082565327593,14,2
C11246,3,25,48603.86,1944.1544000000001,526,12.96,6.28,0.03145739936675098,13,3
C11247,4,6,4381.87,730.3116666666666,64,5.0,2.8333333333333335,0.01790549021014129,12,2
C11248,32,28,28263.77,1009.4203571428571,713,6.964285714285714,3.6785714285714284,0.0029944977998960093,13,3
C11249,42,18,37667.52,2092.64,489,14.555555555555555,7.611111111111111,0.03995253225049229,12,3
C11250,15,39,59103.85,1515.4833333333333,716,10.435897435897436,5.846153846153846,0.014550686893460861,14,2
C11251,134,24,27188.31,1132.84625,580,7.25,3.9583333333333335,0.03612743761648108,14,3
C11252,5,9,18523.34,2058.148888888889,217,11.88888888888889,6.777777777777778,0.056840568095085094,13,1
C11253,10,24,19166.25,798.59375,345,5.916666666666667,2.9583333333333335,0.028481158629834656,12,3
C11254,131,12,4417.75,368.1458333333333,692,4.083333333333333,2.1666666666666665,0.056018171289618814,10,1
C11255,174,4,1230.08,307.52,382,2.5,1.75,0.10537684458570006,6,1
C11256,2,27,52481.72,1943.7674074074075,429,13.518518518518519,7.333333333333333,0.0,14,2
C11257,5,40,63340.74,1583.5185,677,11.375,6.075,0.012166861688912926,14,3
C11258,2,76,215836.05,2839.9480263157893,498,15.157894736842104,8.421052631578947,0.016586431760902926,14,2
C11259,30,8,4623.74,577.9675,654,7.5,4.0,0.027594401623571227,10,2
C11260,156,3,910.8600000000001,303.62000000000006,165,2.0,1.0,0.0,3,1
C11261,7,29,43579.86,1502.7537931034483,598,11.96551724137931,6.0344827586206895,0.011074054634362857,14,3
C11262,6,9,10521.37,1169.0411111111111,332,8.0,4.444444444444445,0.009122980832981738,12,3
C11263,28,8,4356.34,544.5425,664,5.25,2.75,0.01836700203927577,9,1
C11264,44,68,114344.48,1681.5364705882353,628,8.691176470588236,4.617647058823529,0.0,14,3
C11265,36,31,35779.03,1154.162258064516,555,9.838709677419354,5.193548387096774,0.03905857416383341,14,3
C11266,15,7,6605.91,943.7014285714286,653,8.428571428571429,4.285714285714286,0.05669206559549444,12,2
C11267,10,19,10052.23,529.0647368421053,595,4.315789473684211,2.5789473684210527,0.058269417596243656,13,2
C11268,13,25,28590.34,1143.6136,393,7.0,3.76,0.04842649423387928,13,3
C11269,233,8,3893.36,486.67,535,5.625,3.0,0.026983527976947665,9,1
C11270,37,6,2512.81,418.8016666666667,164,5.0,3.0,0.08667270024388736,9,1
C11271,29,59,158924.39,2693.6337288135596,570,13.186440677966102,6.898305084745763,0.01000778977511813,14,3
C11272,15,58,106323.95999999999,1833.1717241379308,491,9.89655172413793,5.172413793103448,0.014088587035339788,14,3
C11273,56,10,4919.509999999999,491.9509999999999,469,4.6,2.5,0.01853595668359794,9,2
C11274,24,32,47197.93,1474.9353125,575,12.5,6.59375,0.039672229012408106,14,3
C11275,6,4,5072.610000000001,1268.1525000000001,393,9.0,4.0,0.09021923940570052,10,2
C11276,254,3,3430.5,1143.5,279,10.0,5.0,0.02084189615015756,7,2
C11277,121,32,33718.13,1053.6915625,674,8.96875,4.53125,0.07570560851933093,14,3
C11278,17,24,36889.68,1537.07,435,11.416666666666666,5.833333333333333,0.026209679015969614,14,3
C11279,208,5,3751.3,750.26,439,7.8,4.6,0.07311227515319232,10,1
C11280,345,4,3406.28,851.57,523,6.5,4.0,0.04277914070776815,9,1
C11281,19,5,3164.56,632.912,253,4.6,2.4,0.0781698325910088,8,1
C11282,77,10,5383.15,538.3149999999999,430,5.9,3.0,0.15649331622236115,11,3
C11283,0,28,57292.08,2046.1457142857143,611,13.178571428571429,7.178571428571429,0.015018319237666642,14,3
C11284,167,19,24690.31,1299.49,499,8.210526315789474,4.368421052631579,0.0295479102132806,13,1
C11285,4,32,48386.9,1512.090625,514,10.5,5.59375,0.010753202582469604,14,3
C11286,9,7,4114.44,587.7771428571428,254,7.0,3.142857142857143,0.060336223887380296,8,2
C11287,50,7,4572.43,653.2042857142858,589,7.142857142857143,3.5714285714285716,0.06102361800480122,8,1
C11288,228,3,1359.15,453.05,262,5.0,3.0,0.1761528949665406,7,1
C11289,149,18,26136.79,1452.043888888889,538,12.166666666666666,6.555555555555555,0.04838157667658695,14,3
C11290,78,7,4468.14,638.3057142857143,236,8.428571428571429,4.571428571428571,0.057730145574865714,9,2
C11291,19,17,21652.44,1273.6729411764704,327,10.411764705882353,5.588235294117647,0.02225971184070364,13,1
C11292,14,38,64055.65,1685.675,661,13.631578947368421,6.815789473684211,0.013543522686497748,14,3
C11293,94,3,4791.13,1597.0433333333333,129,10.0,4.666666666666667,0.0,10,1
C11294,2,65,187467.22,2884.111076923077,476,15.784615384615385,8.615384615384615,0.014770826104866264,14,3
C11295,81,19,13428.26,706.7505263157894,369,7.052631578947368,3.5789473684210527,0.020612112871028605,12,2
C11296,4,51,161575.96,3168.1560784313724,459,15.450980392156863,8.647058823529411,0.03352440615265205,14,3
C11297,19,39,58740.5,1506.1666666666667,656,10.333333333333334,5.435897435897436,0.031728985326879344,14,3
C11298,140,4,1370.19,342.5475,289,4.5,2.0,0.08474610236062684,7,3
C11299,23,34,40146.98,1180.793529411765,583,8.382352941176471,4.147058823529412,0.02630082897985516,14,3
C11300,147,16,17341.260000000002,1083.8287500000001,722,8.8125,4.0625,0.0399148276982717,10,3
C11301,0,81,286424.12,3536.10024691358,697,15.320987654320987,8.197530864197532,0.007127558251122051,14,3
C11302,13,9,10164.52,1129.391111111111,198,7.222222222222222,4.111111111111111,0.07445249891414903,10,2
C11303,153,7,3196.85,456.6928571428571,384,5.571428571428571,3.142857142857143,0.0981553209075855,9,1
C11304,268,11,8028.42,729.8563636363637,517,5.0,3.3636363636363638,0.13872663081433706,11,3
C11305,108,8,14228.85,1778.60625,398,11.25,5.0,0.06502203256851255,12,2
C11306,36,3,3100.48,1033.4933333333333,63,6.333333333333333,4.0,0.05474035298457637,7,1
C11307,167,17,15314.390000000001,900.8464705882353,727,6.0588235294117645,3.411764705882353,0.027323053393612278,14,2
C11308,33,8,6453.8,806.725,135,6.125,3.0,0.009398268311888048,9,3
C11309,71,3,3584.44,1194.8133333333333,86,5.666666666666667,3.3333333333333335,0.030278436083065505,5,1
C11310,155,10,8319.19,831.9190000000001,420,8.6,4.5,0.06059630841638606,9,2
C11311,2,52,109175.04000000001,2099.52,454,12.442307692307692,6.75,0.012721620968075945,14,3
C11312,21,31,42944.409999999996,1385.3035483870967,605,10.387096774193548,5.580645161290323,0.012234930539231224,13,3
C11313,1,5,2033.6000000000001,406.72,65,3.2,2.4,0.01135175867181993,6,2
C11314,22,16,21503.33,1343.958125,667,11.1875,5.6875,0.06703386576479445,14,2
C11315,29,26,50618.68,1946.8723076923077,527,13.461538461538462,7.115384615384615,0.0066718774253723655,14,3
C11316,23,12,4791.23,399.26916666666665,653,4.5,2.5833333333333335,0.04101558199813857,8,3
C11317,35,6,6044.76,1007.46,223,5.166666666666667,3.0,0.06150674127298586,11,1
C11318,37,5,6941.32,1388.264,136,8.2,4.2,0.007537846509313644,9,1
C11319,16,16,18422.47,1151.404375,362,8.25,4.1875,0.026545534863174538,11,1
C11320,187,17,9780.35,575.314705882353,608,7.176470588235294,3.764705882352941,0.04343603476369413,13,2
C11321,50,35,48700.64,1391.4468571428572,724,11.0,6.0285714285714285,0.010778915039822225,14,3
C11322,13,38,40954.4,1077.7473684210527,634,7.0,3.8947368421052633,0.01723293084606794,12,2
C11323,4,23,17578.920000000002,764.3008695652175,370,6.3478260869565215,3.391304347826087,0.042550827443769555,13,3
C11324,0,13,7724.5,594.1923076923077,659,5.615384615384615,2.6923076923076925,0.06467764101881059,12,2
C11325,203,3,1892.8600000000001,630.9533333333334,296,7.666666666666667,3.0,0.06019095472396963,7,1
C11326,9,28,49946.08,1783.7885714285715,578,10.678571428571429,5.642857142857143,0.005826968069711828,14,3
C11327,12,4,4068.2000000000003,1017.0500000000001,305,8.75,5.0,0.03264082254777705,9,1
C11328,60,16,10422.59,651.411875,511,7.5,4.25,0.06053195651037394,13,3
C11329,10,61,125943.43,2064.646393442623,479,11.245901639344263,6.163934426229508,0.0,14,3
C11330,316,3,1020.93,340.31,368,3.3333333333333335,1.6666666666666667,0.05364293659621802,4,1
C11331,9,9,3418.34,379.8155555555556,675,4.333333333333333,2.111111111111111,0.08898684519113917,8,3
C11332,21,33,32050.15,971.2166666666667,720,8.0,4.242424242424242,0.029704232225657344,13,3
C11333,0,32,29935.73,935.4915625,527,8.59375,4.40625,0.03699849384897185,14,2
C11334,127,15,19016.41,1267.7606666666666,475,9.8,5.266666666666667,0.04975867208936154,13,1
C11335,17,34,41824.7,1230.1382352941175,668,8.676470588235293,4.735294117647059,0.02318084958301843,13,3
C11336,44,24,39708.65,1654.5270833333334,582,12.083333333333334,6.583333333333333,0.002303999839197394,13,3
C11337,181,8,3083.05,385.38125,373,3.75,2.125,0.06938591937022325,9,2
C11338,13,6,5376.4,896.0666666666666,285,7.5,4.0,0.15263827312458728,11,1
C11339,22,105,247313.37,2355.3654285714283,702,14.676190476190476,8.038095238095238,0.013244432513757372,14,3
C11340,44,13,9305.039999999999,715.7723076923077,631,7.0,3.6153846153846154,0.05655763135642196,12,2
C11341,2,6,14972.49,2495.415,118,13.0,6.166666666666667,0.03609069412460753,11,2
C11342,67,7,4640.91,662.9871428571429,203,6.571428571428571,3.0,0.04315474349617131,7,2
C11343,6,79,222071.26,2811.0286075949366,621,14.594936708860759,7.962025316455696,0.012643313629735475,14,3
C11344,119,12,17337.52,1444.7933333333333,304,10.833333333333334,5.5,0.030764491836069552,12,2
C11345,96,3,5563.679999999999,1854.5599999999997,120,9.666666666666666,5.0,0.03842378154165226,9,1
C11346,192,15,10456.0,697.0666666666667,517,6.4,3.2666666666666666,0.03184288743414291,12,1
C11347,5,36,31300.02,869.445,691,6.611111111111111,3.8333333333333335,0.04585821949941425,14,3
C11348,34,7,4114.26,587.7514285714286,174,6.857142857142857,3.2857142857142856,0.06155825315797397,10,3
C11349,12,14,15424.06,1101.7185714285713,275,9.0,4.785714285714286,0.054960244640823185,14,3
C11350,33,9,5440.04,604.4488888888889,340,6.888888888888889,4.0,0.07227662324816758,11,1
C11351,94,3,3460.54,1153.5133333333333,162,9.333333333333334,4.666666666666667,0.0,9,1
C11352,3,24,29474.14,1228.0891666666666,600,8.416666666666666,4.208333333333333,0.00021675322662109535,14,3
C11353,31,17,19272.04,1133.649411764706,531,6.9411764705882355,3.7058823529411766,0.014053494342279071,11,2
C11354,28,14,8297.57,592.6835714285714,625,7.5,3.9285714285714284,0.04415125725160238,13,2
C11355,119,16,19114.47,1194.654375,591,9.75,5.375,0.018867624300317472,14,2
C11356,0,8,13163.35,1645.41875,111,5.375,2.875,0.010386790672637917,9,2
C11357,114,3,4292.320000000001,1430.7733333333335,144,10.0,5.0,0.08749372858151143,9,1
C11358,164,18,28415.41,1578.6338888888888,628,10.944444444444445,5.888888888888889,0.050569199191817675,13,3
C11359,221,17,20283.1,1193.1235294117646,446,7.470588235294118,4.0,0.03483714890310399,13,3
C11360,306,4,1934.81,483.7025,485,6.0,3.75,0.06046170580579997,7,1
C11361,17,25,41534.1,1661.364,447,12.96,7.0,0.0,13,3
C11362,7,7,3508.55,501.2214285714286,394,4.285714285714286,2.2857142857142856,0.06070965807481019,8,1
C11363,126,20,43604.97,2180.2485,571,13.2,6.75,0.023591898975672067,14,3
C11364,5,34,49350.52,1451.4858823529412,646,12.882352941176471,6.852941176470588,0.010142174980549047,13,3
C11365,22,32,39650.33,1239.0728125,560,7.40625,3.9375,0.01971699848496236,13,3
C11366,32,47,126387.51,2689.0959574468084,534,13.51063829787234,7.127659574468085,0.030977437867363122,14,3
C11367,19,25,47246.0,1889.84,614,12.56,6.44,0.01306189994044447,13,3
C11368,24,6,3311.4399999999996,551.9066666666666,366,6.0,3.1666666666666665,0.02343618674633063,7,1
C11369,12,74,196830.69999999998,2659.874324324324,567,14.121621621621621,7.743243243243243,0.024016990562655206,14,3
C11370,8,12,10035.85,836.3208333333333,338,9.25,4.75,0.08603061242146312,13,3
C11371,305,20,20131.58,1006.5790000000001,715,9.45,4.35,0.017689472731433568,13,3
C11372,2,23,35786.87,1555.9508695652175,407,10.478260869565217,5.434782608695652,0.027247339442359297,13,3
C11373,288,25,39612.6,1584.504,723,11.32,5.88,0.06502213257262303,14,3
C11374,2,102,184282.11000000002,1806.6873529411766,716,10.098039215686274,5.549019607843137,0.031265510850196195,14,3
C11375,2,60,167066.88999999998,2784.4481666666666,470,14.65,7.866666666666666,0.015797315628076982,14,3
C11376,20,30,40220.57,1340.6856666666667,625,10.566666666666666,5.7,0.0510142230235976,13,2
C11377,47,10,5691.43,569.143,651,5.9,2.9,0.07688028247826996,11,2
C11378,5,5,3609.4500000000003,721.8900000000001,272,5.2,2.6,0.09801182509258657,7,2
C11379,87,5,3579.12,715.824,514,4.8,2.4,0.024980794481886885,10,1
C11380,17,4,4862.89,1215.7225,127,6.0,4.5,0.0035265670785434725,10,2
C11381,52,18,23905.5,1328.0833333333333,397,8.055555555555555,4.333333333333333,0.012719769021318283,13,2
C11382,103,3,2245.58,748.5266666666666,265,6.666666666666667,3.3333333333333335,0.13587002532074222,7,2
C11383,85,8,2520.17,315.02125,355,3.75,2.375,0.08810748027079933,9,1
C11384,23,40,59596.25,1489.90625,729,11.6,6.65,0.023787343916952492,14,3
C11385,4,44,89544.91,2035.111590909091,605,12.681818181818182,6.568181818181818,0.006135891976868676,14,3
C11386,254,10,13428.53,1342.853,450,9.6,5.7,0.049048413195809125,13,3
C11387,8,18,12243.73,680.2072222222222,583,7.722222222222222,4.277777777777778,0.07912037660324511,12,3
C11388,3,18,9834.32,546.3511111111111,571,5.277777777777778,2.888888888888889,0.047280808573999966,12,3
C11389,36,9,7988.139999999999,887.571111111111,391,7.111111111111111,3.888888888888889,0.018975394988118118,11,2
C11390,1,26,38319.51,1473.8273076923078,561,9.192307692307692,4.961538461538462,0.028913753159491806,14,3
C11391,25,6,12473.42,2078.903333333333,90,13.166666666666666,6.5,0.0845397899495791,14,1
C11392,121,21,14653.24,697.7733333333333,548,5.0,2.619047619047619,0.04555692629160028,12,2
C11393,1,66,114858.16,1740.2751515151515,661,9.06060606060606,4.7727272727272725,0.032795869333900114,14,3
C11394,229,3,779.0,259.6666666666667,244,3.6666666666666665,2.0,0.04351456215313589,4,1
C11395,14,6,4022.34,670.39,231,7.5,4.166666666666667,0.029505649478964342,9,2
C11396,2,67,170695.6,2547.69552238806,623,12.91044776119403,6.880597014925373,0.005578690056462681,14,3
C11397,3,5,5613.29,1122.658,119,8.6,4.4,0.019574314977573466,9,2
C11398,13,23,47198.21,2052.0960869565215,343,14.434782608695652,7.521739130434782,0.007944938855982613,13,3
C11399,12,8,2185.49,273.18625,234,4.875,2.125,0.08642145613089043,9,2
C11400,122,20,25239.35,1261.9675,661,10.15,5.2,0.06659829927167644,13,3
C11401,11,4,2763.54,690.885,135,6.75,3.5,0.024683428151954488,10,1
C11402,193,8,7031.81,878.97625,608,9.0,4.0,0.05689749518511166,11,2
C11403,8,61,155493.87,2549.0798360655735,477,16.18032786885246,8.639344262295081,0.013051966100203866,14,3
C11404,55,18,24117.15,1339.8416666666667,441,9.5,5.555555555555555,0.017502099054172913,13,1
C11405,3,34,43964.49,1293.0732352941177,640,9.147058823529411,4.911764705882353,0.020064121738579986,14,3
C11406,55,18,8772.89,487.38277777777773,673,4.611111111111111,2.5555555555555554,0.06420111021508818,14,3
C11407,52,18,7953.4,441.85555555555555,670,5.222222222222222,2.611111111111111,0.052038140643623366,12,3
C11408,101,13,22233.850000000002,1710.296153846154,397,10.076923076923077,5.230769230769231,0.03587502281974418,14,3
C11409,122,11,5582.45,507.49545454545455,449,6.090909090909091,3.5454545454545454,0.09721829158048453,12,2
C11410,526,3,7206.66,2402.22,579,20.666666666666668,10.0,0.0,10,2
C11411,239,22,12563.93,571.0877272727273,672,5.0,2.909090909090909,0.034650285442070244,13,2
C11412,101,3,4098.59,1366.1966666666667,118,8.0,5.0,0.052059819413092547,10,2
C11413,113,14,16249.939999999999,1160.7099999999998,458,6.142857142857143,3.2142857142857144,0.04019104108056578,14,2
C11414,4,7,7997.5,1142.5,114,9.428571428571429,5.428571428571429,0.047923467213329435,13,2
C11415,120,3,2352.7,784.2333333333332,135,5.333333333333333,3.0,0.05628514813358898,5,1
C11416,10,6,3797.42,632.9033333333333,159,5.166666666666667,2.6666666666666665,0.013931193148917054,8,1
C11417,29,7,8344.87,1192.1242857142859,103,8.285714285714286,4.714285714285714,0.011280698761149184,10,2
C11418,377,3,1644.51,548.17,510,5.0,3.0,0.0,6,2
C11419,4,19,32076.76,1688.2505263157893,465,12.578947368421053,7.105263157894737,0.0,13,3
C11420,34,22,42942.2,1951.9181818181817,533,13.954545454545455,7.636363636363637,0.018575938424394565,14,3
C11421,3,74,303603.67,4102.752297297297,543,19.35135135135135,10.472972972972974,0.0,14,3
C11422,31,27,39703.0,1470.4814814814815,529,8.88888888888889,4.62962962962963,0.0,14,3
C11423,50,8,8780.43,1097.55375,145,9.25,5.125,0.04657026422174951,13,2
C11424,9,26,20435.21,785.9696153846154,483,6.730769230769231,3.576923076923077,0.008343224726963567,12,3
C11425,71,14,6864.64,490.3314285714286,718,5.857142857142857,3.0,0.03784083805444439,11,1
C11426,36,6,3897.73,649.6216666666667,128,3.5,2.0,0.10730285096559053,6,1
C11427,114,20,16890.81,844.5405000000001,708,7.5,3.95,0.024781149213453563,14,2
C11428,18,10,6859.139999999999,685.914,476,8.4,4.4,0.04043009789959346,11,1
C11429,120,17,19550.58,1150.034117647059,666,8.529411764705882,4.470588235294118,0.0803851261057982,12,2
C11430,5,33,49968.04,1514.1830303030304,661,9.151515151515152,4.636363636363637,0.0,14,3
C11431,16,19,8818.85,464.15000000000003,680,3.8947368421052633,2.263157894736842,0.01836410528694332,11,3
C11432,1,44,95398.09,2168.138409090909,501,13.136363636363637,7.363636363636363,0.01040516524904887,14,3
C11433,22,4,2337.1800000000003,584.2950000000001,266,7.75,3.75,0.047064147989284884,8,2
C11434,39,5,3106.95,621.39,225,7.4,3.6,0.07846655791190865,9,1
C11435,7,30,34049.45,1134.9816666666666,727,9.433333333333334,5.133333333333334,0.007508950052846267,14,1
C11436,7,25,47610.28,1904.4112,592,12.8,6.72,0.04169266554002646,14,3
C11437,2,8,14282.41,1785.30125,124,10.875,5.875,0.04843881687869975,12,1
C11438,37,4,816.99,204.2475,176,3.5,2.5,0.0868151029441352,8,2
C11439,1,5,2894.9700000000003,578.994,141,5.0,3.0,0.06207841688859515,8,2
C11440,0,78,151334.41,1940.1847435897437,652,11.679487179487179,6.3076923076923075,0.06943996589993165,14,3
C11441,131,23,34621.64,1505.2886956521738,624,13.043478260869565,6.826086956521739,0.04798563081850659,14,3
C11442,19,7,3443.93,491.98999999999995,348,5.857142857142857,3.142857142857143,0.029375789141414144,9,1
C11443,31,7,12066.51,1723.787142857143,103,12.0,6.285714285714286,0.012809373742133734,12,1
C11444,19,53,86926.28,1640.1184905660377,458,7.735849056603773,4.283018867924528,0.002787450530152488,14,3
C11445,31,9,4918.05,546.45,380,6.777777777777778,3.4444444444444446,0.07708807170040759,10,3
C11446,64,3,2447.4799999999996,815.8266666666665,68,5.666666666666667,4.0,0.050178905455646204,7,1
C11447,50,26,42510.24,1635.0092307692307,570,11.923076923076923,6.730769230769231,0.012366376318115201,14,3
C11448,17,35,64938.93,1855.398,716,11.714285714285714,5.771428571428571,0.024822241867590782,14,1
C11449,30,64,134338.38,2099.0371875,453,12.328125,6.640625,0.016768493176251533,14,3
C11450,45,41,57012.37,1390.5456097560975,668,9.560975609756097,5.048780487804878,0.0035030628640903548,14,2
C11451,77,14,9498.0,678.4285714285714,523,7.642857142857143,3.9285714285714284,0.04958888565347518,11,2
C11452,1,6,6495.7,1082.6166666666666,58,8.666666666666666,4.333333333333333,0.048849737381960995,10,1
C11453,12,74,224341.3,3031.639189189189,594,14.608108108108109,7.918918918918919,0.010794334513253578,14,3
C11454,58,25,32759.7,1310.388,625,10.64,5.68,0.00611746973879096,12,3
C11455,209,18,17530.55,973.9194444444444,660,7.833333333333333,4.888888888888889,0.04572587879738015,13,2
C11456,6,8,2323.47,290.43375,272,4.25,2.375,0.12200624258409727,7,3
C11457,265,3,1933.08,644.36,332,5.666666666666667,3.3333333333333335,0.02777735866137574,5,1
C11458,0,80,153592.41,1919.905125,720,10.3,5.5,0.00859460566192748,14,3
C11459,27,25,32357.19,1294.2875999999999,667,9.48,4.96,0.009527847204259766,14,3
C11460,9,6,2833.4,472.23333333333335,75,6.166666666666667,3.1666666666666665,0.028399777794542246,6,3
C11461,0,40,60342.27,1508.55675,718,9.625,5.275,0.024144480696689997,14,3
C11462,136,10,5990.38,599.038,497,3.6,2.0,0.048126166924879824,10,2
C11463,3,89,296501.91000000003,3331.482134831461,654,16.46067415730337,8.52808988764045,0.0006054977129518165,14,3
C11464,165,16,11049.73,690.608125,612,4.625,2.125,0.0545054557651762,12,3
C11465,57,10,7000.0,700.0,495,7.2,3.9,0.05116909522195866,11,1
C11466,165,17,16233.39,954.905294117647,456,8.470588235294118,4.588235294117647,0.011427412636471259,13,3
C11467,10,7,6302.34,900.3342857142858,457,8.428571428571429,4.0,0.04647538701751413,10,3
C11468,12,8,4657.09,582.13625,250,5.875,2.875,0.04969177306498579,8,2
C11469,66,12,8813.56,734.4633333333333,610,6.083333333333333,3.0,0.012694244797734483,12,2
C11470,194,12,8575.08,714.59,464,6.083333333333333,3.0,0.09094590569036051,11,1
C11471,94,3,3588.58,1196.1933333333334,116,9.0,5.0,0.013204641698289611,7,1
C11472,3,71,168010.34,2366.3428169014082,631,12.633802816901408,6.873239436619718,0.0,14,3
C11473,74,16,10829.46,676.84125,674,6.0,3.375,0.12227846151975784,13,2
C11474,10,8,3677.5,459.6875,297,6.5,3.0,0.02529592307325322,7,2
C11475,10,86,241560.5,2808.843023255814,668,15.790697674418604,8.593023255813954,0.004235699510812632,14,3
C11476,3,102,258153.14,2530.9131372549023,728,13.049019607843137,7.019607843137255,0.008311756101209438,14,3
C11477,117,15,12118.53,807.902,593,5.933333333333334,3.3333333333333335,0.07700761865737062,12,3
C11478,10,39,37167.69,953.0176923076924,689,7.743589743589744,4.051282051282051,0.012510833299237112,13,3
C11479,22,5,3179.9700000000003,635.994,134,5.6,3.0,0.0024718854400301144,7,2
C11480,116,13,9587.48,737.4984615384615,440,4.769230769230769,2.5384615384615383,0.0147021645252987,11,1
C11481,68,6,3638.51,606.4183333333334,288,8.166666666666666,4.666666666666667,0.07338533668477362,9,2
C11482,11,42,64742.97,1541.4992857142856,729,11.547619047619047,6.023809523809524,0.01778480430783403,14,3
C11483,36,15,15473.5,1031.5666666666666,680,8.4,4.8,0.02993481909273343,12,2
C11484,30,9,2385.1800000000003,265.02000000000004,404,3.4444444444444446,2.111111111111111,0.07413718815140305,8,2
C11485,30,27,35175.79,1302.8070370370372,637,9.88888888888889,5.037037037037037,0.01164143634284918,13,3
C11486,3,72,170402.24,2366.6977777777774,559,13.375,7.25,0.012359886921330342,14,3
C11487,48,7,5941.37,848.7671428571429,183,7.0,3.5714285714285716,0.0420621548631545,9,3
C11488,241,12,9085.11,757.0925000000001,632,8.583333333333334,4.416666666666667,0.05368957644137425,11,2
C11489,9,14,5886.54,420.46714285714285,527,5.0,2.5714285714285716,0.0521663242369399,12,1
C11490,0,25,58924.86,2356.9944,545,17.28,8.96,0.022058463533606167,14,3
C11491,36,7,3548.77,506.96714285714285,247,6.142857142857143,2.857142857142857,0.09982928877085379,10,1
C11492,53,47,72084.17,1533.705744680851,675,11.936170212765957,6.340425531914893,0.03265564546572158,14,2
C11493,41,80,230230.16,2877.877,640,15.9875,8.625,0.018296814594334028,14,3
C11494,0,4,4420.77,1105.1925,101,8.5,4.0,0.015344146327338819,10,1
C11495,21,3,791.3399999999999,263.78,67,2.6666666666666665,1.3333333333333333,0.0,4,2
C11496,40,5,3846.81,769.362,61,3.8,2.4,0.02433079533522373,10,2
C11497,53,28,48915.18,1746.9707142857144,724,11.0,5.892857142857143,0.01614846117255202,14,2
C11498,28,17,6912.57,406.62176470588236,610,5.117647058823529,2.6470588235294117,0.04960430942508001,10,3
C11499,4,28,38217.59,1364.9139285714284,540,11.75,6.142857142857143,0.019919306217083356,14,3
C11500,119,22,31892.16,1449.6436363636365,507,10.772727272727273,5.681818181818182,0.03493136342344065,14,3
C11501,4,73,249713.1,3420.727397260274,665,15.95890410958904,8.67123287671233,0.013343113249269204,14,3
C11502,147,3,677.36,225.78666666666666,178,2.3333333333333335,2.0,0.01063332554335125,5,1
C11503,61,6,2824.5,470.75,352,5.5,3.1666666666666665,0.11191254012822166,9,1
C11504,0,39,45162.39,1158.01,664,9.23076923076923,4.82051282051282,0.01762311743720223,14,2
C11505,34,6,6203.13,1033.855,90,5.0,2.6666666666666665,0.01577144416607299,5,1
C11506,1,7,6631.6900000000005,947.3842857142857,116,5.285714285714286,2.5714285714285716,0.010763963990841082,11,1
C11507,128,23,40867.6,1776.8521739130433,642,10.478260869565217,5.695652173913044,0.04695608534569868,14,3
C11508,196,16,19686.49,1230.405625,625,11.8125,6.3125,0.042109447681773764,13,3
C11509,3,16,14501.98,906.37375,335,7.8125,4.1875,0.017747888276965405,10,2
C11510,126,16,17266.22,1079.13875,547,7.375,4.125,0.013975263463868874,12,1
C11511,111,8,3915.74,489.4675,653,4.25,2.5,0.09506179686994462,7,2
C11512,25,4,4495.92,1123.98,149,8.5,4.25,0.04574397636391422,9,1
C11513,221,3,2538.16,846.0533333333333,278,7.666666666666667,4.666666666666667,0.06392426304356645,7,1
C11514,15,12,4988.52,415.71000000000004,488,5.666666666666667,2.8333333333333335,0.06198913540133015,11,2
C11515,0,70,192428.99,2748.9855714285713,422,14.814285714285715,7.871428571428571,0.00620403998796056,14,3
C11516,2,101,221651.79,2194.572178217822,721,11.445544554455445,6.158415841584159,0.0040259225267386435,14,3
C11517,185,20,23908.17,1195.4085,724,9.9,5.05,0.056869854251373086,13,3
C11518,166,26,35714.85,1373.6480769230768,702,8.5,4.653846153846154,0.02480338298943048,14,3
C11519,34,20,28422.28,1421.114,330,11.2,5.9,0.01738487696170183,14,2
C11520,52,11,9760.92,887.3563636363637,314,7.545454545454546,4.090909090909091,0.05771711008997182,12,3
C11521,158,3,3469.16,1156.3866666666665,196,6.666666666666667,4.0,0.0,8,1
C11522,14,25,33296.159999999996,1331.8464,465,10.28,5.48,0.026781502156234493,14,3
C11523,12,17,24071.28,1415.9576470588236,344,10.235294117647058,5.176470588235294,0.05126409282692107,13,3
C11524,50,8,3079.13,384.89125,605,6.0,3.125,0.09551212003712974,9,2
C11525,30,6,5683.43,947.2383333333333,146,8.166666666666666,4.666666666666667,0.024650467559167815,10,2
C11526,45,5,6532.93,1306.586,148,8.0,4.4,0.031974952287248545,10,1
C11527,132,30,44299.24,1476.6413333333333,714,11.233333333333333,5.866666666666666,0.059515835541102936,14,1
C11528,2,38,52466.37,1380.693947368421,722,10.421052631578947,5.2631578947368425,0.04983865879440868,14,3
C11529,23,5,7583.2300000000005,1516.6460000000002,259,8.0,5.0,0.01510865555953847,9,1
C11530,13,6,1279.32,213.22,240,3.1666666666666665,2.0,0.14005700150570016,8,1
C11531,9,8,7914.23,989.27875,142,5.0,2.375,0.02353973216599095,8,3
C11532,4,104,289858.98,2787.1055769230766,725,15.182692307692308,8.336538461538462,0.0,14,3
C11533,10,23,24513.24,1065.7930434782609,397,7.043478260869565,3.739130434782609,0.0,12,3
C11534,1,28,34645.17,1237.3274999999999,611,9.642857142857142,5.25,0.014118145885325811,13,3
C11535,122,3,5280.299999999999,1760.0999999999997,170,7.0,3.0,0.015919578360406434,3,1
C11536,21,11,4547.0,413.3636363636364,518,5.2727272727272725,2.5454545454545454,0.03853676587196701,9,3
C11537,47,8,4224.74,528.0925,348,4.75,2.75,0.061043694714850855,10,2
C11538,60,26,39564.74,1521.720769230769,529,11.961538461538462,6.038461538461538,0.017523288191006747,14,3
C11539,238,19,14120.42,743.18,690,5.2105263157894735,2.6842105263157894,0.0634966218568877,14,2
C11540,38,7,2970.61,424.3728571428572,247,4.142857142857143,2.142857142857143,0.0548248125946572,9,1
C11541,9,28,34677.72,1238.49,653,9.571428571428571,5.607142857142857,0.031639382029139296,14,3
C11542,7,23,37392.01,1625.7395652173914,368,12.0,6.3478260869565215,0.0024471944368411476,13,3
C11543,60,14,24766.36,1769.0257142857142,408,9.142857142857142,4.428571428571429,0.02759033902311275,13,1
C11544,0,34,50410.14,1482.6511764705883,634,11.529411764705882,6.029411764705882,0.01024349002765656,14,3
C11545,12,58,188286.62,3246.3210344827585,565,15.258620689655173,8.672413793103448,0.013646176918455693,14,2
C11546,15,24,16163.41,673.4754166666667,560,6.375,3.5,0.03561735212289466,13,3
C11547,5,11,11082.49,1007.4990909090909,404,6.363636363636363,3.5454545454545454,0.010193254750094225,11,3
C11548,24,19,18464.53,971.8173684210526,462,7.2631578947368425,3.8947368421052633,0.025963366006021085,13,2
C11549,31,30,26242.23,874.741,570,8.0,4.0,0.04087449900550354,14,3
C11550,5,6,1582.22,263.7033333333333,87,2.6666666666666665,1.3333333333333333,0.05117656935882368,6,2
C11551,5,24,25598.48,1066.6033333333332,424,7.666666666666667,4.208333333333333,0.05612447507633494,13,3
C11552,15,18,22667.14,1259.2855555555554,336,10.666666666666666,5.777777777777778,0.0,13,3
C11553,164,13,15226.93,1171.3023076923077,642,10.615384615384615,5.538461538461538,0.008514301304427945,12,3
C11554,1,7,2188.39,312.6271428571428,239,3.857142857142857,2.5714285714285716,0.03180151043901835,8,1
C11555,17,13,6288.29,483.7146153846154,717,5.461538461538462,3.1538461538461537,0.046071065034989436,11,3
C11556,2,39,44652.18,1144.9276923076923,583,6.794871794871795,3.58974358974359,0.04203121517073861,14,3
C11557,183,4,1877.03,469.2575,523,4.0,3.0,0.08160249729671545,10,1
C11558,16,8,4714.31,589.28875,141,5.0,2.75,0.007768531029924946,9,2
C11559,0,7,2473.77,353.3957142857143,238,3.4285714285714284,1.7142857142857142,0.11762943411032441,8,2
C11560,2,8,4056.31,507.03875,485,6.5,3.5,0.028607897465617125,9,1
C11561,30,5,4311.91,862.382,135,5.0,2.4,0.0,9,1
C11562,27,8,17178.07,2147.25875,181,9.875,5.25,0.010482118704795613,12,1
C11563,1,12,10861.08,905.09,493,5.0,2.9166666666666665,0.0568876392493711,13,3
C11564,70,6,3619.2299999999996,603.2049999999999,316,4.666666666666667,2.5,0.1217720683513465,8,2
C11565,44,4,5292.98,1323.245,141,9.0,5.0,0.024459561825316226,11,1
C11566,2,90,223054.36000000002,2478.381777777778,725,14.333333333333334,7.655555555555556,0.02068567346685203,14,3
C11567,93,3,1607.23,535.7433333333333,111,4.0,2.0,0.03357064687984799,5,1
C11568,6,10,15941.84,1594.184,108,8.8,4.6,0.005028581842556768,13,3
C11569,65,15,21987.38,1465.8253333333334,687,14.066666666666666,7.466666666666667,0.05812437752337299,13,3
C11570,186,18,25342.73,1407.9294444444445,465,11.666666666666666,5.888888888888889,0.04867489508021952,14,3
C11571,12,33,32256.35,977.4651515151514,703,7.212121212121212,4.090909090909091,0.03680070566960377,13,2
C11572,5,55,129927.39,2362.316181818182,462,14.50909090909091,7.963636363636364,0.020040510029645252,14,3
C11573,90,5,3169.8,633.96,312,7.2,3.6,0.025369660333732023,7,1
C11574,108,3,5956.33,1985.4433333333334,144,9.666666666666666,4.333333333333333,0.08433181140371106,9,3
C11575,50,4,2290.0,572.5,271,7.25,4.25,0.02633156599048441,8,1
C11576,3,7,4889.360000000001,698.4800000000001,70,5.285714285714286,3.4285714285714284,0.020623677969360935,11,2
C11577,31,9,2884.1000000000004,320.4555555555556,467,3.5555555555555554,2.2222222222222223,0.045167569929780535,10,3
C11578,57,5,2574.03,514.806,562,5.8,3.0,0.07115303423414321,6,1
C11579,137,3,6519.289999999999,2173.0966666666664,175,9.666666666666666,6.0,0.010255296925384554,10,1
C11580,23,75,203207.57,2709.4342666666666,611,12.053333333333333,6.773333333333333,0.0,14,3
C11581,98,34,65346.0,1921.9411764705883,728,13.794117647058824,6.9411764705882355,0.0,14,2
C11582,230,17,33425.79,1966.2229411764706,595,13.176470588235293,7.0,0.01151465792265954,14,2
C11583,67,5,3923.86,784.772,177,7.0,3.2,0.042080156631829756,8,2
C11584,13,40,76537.29,1913.4322499999998,666,13.775,7.45,0.025297569206768653,14,2
C11585,87,6,1605.26,267.54333333333335,361,4.0,2.0,0.04819334258303983,6,2
C11586,4,6,10067.18,1677.8633333333335,108,5.666666666666667,3.0,0.03488612876135549,11,2
C11587,8,16,10532.9,658.30625,310,4.875,2.3125,0.0036786580134489993,10,3
C11588,19,5,2254.52,450.904,451,7.0,3.6,0.15078235059250725,9,1
C11589,1,71,176033.71,2479.348028169014,459,13.80281690140845,7.47887323943662,0.0042808290851794545,14,3
C11590,33,7,2171.84,310.2628571428572,311,4.714285714285714,2.7142857142857144,0.09106355909149878,8,2
C11591,127,10,5774.3,577.4300000000001,455,6.8,3.9,0.047104331208929755,11,2
C11592,6,9,5494.03,610.4477777777778,638,6.444444444444445,3.5555555555555554,0.05856921808894365,11,1
C11593,9,48,48027.13,1000.5652083333333,687,6.916666666666667,3.9166666666666665,0.01793625876175689,14,3
C11594,183,9,10215.98,1135.108888888889,376,6.777777777777778,4.0,0.07299119721025701,11,1
C11595,103,30,46413.24,1547.108,646,12.566666666666666,6.366666666666666,0.04787689934375584,14,3
C11596,120,18,27078.22,1504.3455555555556,502,12.11111111111111,6.277777777777778,0.038223195901737464,14,2
C11597,396,10,12470.5,1247.05,668,10.8,5.3,0.050741792328596116,12,2
C11598,10,14,16461.18,1175.7985714285714,196,8.142857142857142,4.214285714285714,0.12966574898631303,12,2
C11599,127,19,29736.01,1565.0531578947368,647,10.947368421052632,5.421052631578948,0.0,13,3
C11600,6,6,3223.33,537.2216666666667,72,4.833333333333333,2.8333333333333335,0.04086114293365867,9,1
C11601,37,31,57831.659999999996,1865.5374193548387,708,12.806451612903226,6.903225806451613,0.02541548414125357,14,3
C11602,471,3,2337.54,779.18,534,5.0,3.0,0.12451685393258428,6,1
C11603,9,35,41970.14,1199.146857142857,700,11.371428571428572,6.228571428571429,0.050772101703877616,14,2
C11604,17,19,17241.69,907.4573684210526,655,7.894736842105263,4.157894736842105,0.06770431171527755,13,3
C11605,24,38,87774.12,2309.845263157895,451,13.605263157894736,7.5,0.024637606595038254,14,3
C11606,9,10,5367.61,536.761,457,6.4,3.7,0.05395892670821465,11,2
C11607,5,7,9191.21,1313.03,148,8.285714285714286,4.571428571428571,0.03995316340269342,12,3
C11608,162,3,2186.37,728.79,217,6.0,2.6666666666666665,0.02641070856043604,5,2
C11609,145,30,35609.24,1186.9746666666665,679,8.166666666666666,4.3,0.07172407536687363,14,3
C11610,204,18,15706.04,872.5577777777778,603,6.666666666666667,3.5,0.07398600664704902,12,3
C11611,226,7,5522.88,788.9828571428571,506,7.0,3.142857142857143,0.048938621370157406,8,2
C11612,83,35,30974.8,884.9942857142856,560,6.428571428571429,3.6,0.037384228973197,14,3
C11613,4,7,7230.67,1032.952857142857,115,5.0,3.0,0.06043579784738888,9,1
C11614,14,35,58271.43,1664.898,535,11.771428571428572,6.285714285714286,0.006584815492191304,14,3
C11615,11,51,66234.8,1298.721568627451,723,9.607843137254902,4.96078431372549,0.003868733761214125,14,3
C11616,18,13,7910.41,608.493076923077,431,6.923076923076923,3.5384615384615383,0.08939994451498384,11,3
C11617,53,5,5467.54,1093.508,142,5.8,2.8,0.022387912922980646,8,2
C11618,217,19,31206.2,1642.4315789473685,637,11.263157894736842,6.368421052631579,0.0,14,1
C11619,47,13,8023.36,617.1815384615385,423,5.769230769230769,3.076923076923077,0.04080605497633504,12,2
C11620,34,22,18845.69,856.6222727272726,339,6.909090909090909,3.6818181818181817,0.008227020074707846,11,2
C11621,119,16,20946.56,1309.16,465,11.5,6.625,0.055982023306426286,14,3
C11622,31,6,1702.59,283.765,437,3.6666666666666665,2.3333333333333335,0.01685548972733257,8,2
C11623,1,9,15088.509999999998,1676.501111111111,133,6.666666666666667,3.3333333333333335,0.0018740689191656457,12,2
C11624,4,12,14498.380000000001,1208.1983333333335,185,5.583333333333333,2.8333333333333335,0.0487719586005544,12,2
C11625,21,12,6136.49,511.37416666666667,618,5.75,2.9166666666666665,0.08741443334537921,10,2
C11626,28,105,184948.35,1761.412857142857,677,8.638095238095238,4.552380952380952,0.00044576355194428954,14,3
C11627,10,88,232229.87,2638.9757954545453,708,14.647727272727273,7.875,0.0,14,3
C11628,21,43,74869.69,1741.155581395349,671,12.116279069767442,6.744186046511628,0.019794421747011914,14,2
C11629,2,54,113388.56,2099.788148148148,543,12.407407407407407,6.611111111111111,0.009877598394826954,14,3
C11630,2,58,146053.04,2518.1558620689657,526,12.39655172413793,6.448275862068965,0.027008496127534448,14,3
C11631,347,3,3970.48,1323.4933333333333,399,9.333333333333334,5.333333333333333,0.040946859903381636,9,1
C11632,0,73,177959.46,2437.800821917808,521,13.04109589041096,6.904109589041096,0.01639550306332711,14,3
C11633,43,4,2042.19,510.5475,437,6.5,3.0,0.02441599388525295,7,2
C11634,134,8,10553.21,1319.15125,359,10.0,4.875,0.026835493931329318,10,2
C11635,10,4,5986.12,1496.53,77,7.5,4.25,0.0,12,1
C11636,163,11,6344.030000000001,576.73,604,5.0,2.6363636363636362,0.08342206740514604,10,2
C11637,5,29,42580.05,1468.2775862068966,703,12.0,6.172413793103448,0.02973390403810694,14,3
C11638,3,118,333156.71,2823.3619491525424,695,12.610169491525424,6.915254237288136,0.0002833298719797289,14,3
C11639,225,3,3646.7700000000004,1215.5900000000001,291,14.333333333333334,7.333333333333333,0.05967216665506333,9,2
C11640,13,6,4255.24,709.2066666666666,401,6.5,3.5,0.022891297908347548,10,2
C11641,32,9,4963.6,551.5111111111112,362,7.777777777777778,3.888888888888889,0.04317989050813478,11,1
C11642,172,28,17618.16,629.22,708,4.714285714285714,2.5357142857142856,0.05485168687968164,14,3
C11643,3,6,5600.05,933.3416666666667,313,5.666666666666667,3.1666666666666665,0.16158883485842954,7,2
C11644,143,23,25834.86,1123.2547826086957,726,8.608695652173912,4.739130434782608,0.10775454776535077,14,2
C11645,9,30,33223.02,1107.434,500,8.266666666666667,4.433333333333334,0.0,14,3
C11646,236,22,23176.71,1053.486818181818,570,8.409090909090908,4.545454545454546,0.043288862103412123,14,3
C11647,11,52,52899.75,1017.3028846153846,729,8.346153846153847,4.769230769230769,0.005829176213758638,14,3
C11648,8,31,56524.380000000005,1823.3670967741937,672,13.774193548387096,7.258064516129032,0.007416231771773997,14,3
C11649,27,35,41502.78,1185.7937142857143,508,7.742857142857143,4.142857142857143,0.013436334774015988,14,3
C11650,209,6,2989.66,498.27666666666664,413,5.5,3.3333333333333335,0.04356282971242838,10,2
C11651,1,7,17575.66,2510.808571428571,79,12.714285714285714,7.428571428571429,0.018659016495959763,14,1
C11652,7,39,29587.920000000002,758.6646153846154,533,6.282051282051282,3.128205128205128,0.015240056686753763,13,3
C11653,36,3,3520.82,1173.6066666666668,74,7.0,4.0,0.0,7,2
C11654,185,7,4169.38,595.6257142857143,581,7.285714285714286,3.5714285714285716,0.10616942001706461,10,1
C11655,36,17,9626.7,566.2764705882354,573,6.176470588235294,3.176470588235294,0.07703768472764716,13,2
C11656,30,5,6631.55,1326.31,115,8.8,4.6,0.01159870449833591,10,1
C11657,28,4,5444.76,1361.19,147,7.75,3.75,0.023986433799342843,7,1
C11658,135,3,476.72,158.90666666666667,217,2.0,1.3333333333333333,0.0,4,2
C11659,7,34,42680.97,1255.3226470588236,673,10.352941176470589,5.5,0.02333485581015599,13,3
C11660,56,13,10433.960000000001,802.6123076923078,656,6.538461538461538,3.3076923076923075,0.03994714812419086,12,2
C11661,36,30,31441.37,1048.0456666666666,606,6.666666666666667,3.3,0.030606106853754003,13,3
C11662,5,7,5713.7,816.2428571428571,260,6.428571428571429,3.857142857142857,0.021430663334948953,10,3
C11663,129,14,12599.33,899.9521428571428,404,8.285714285714286,4.642857142857143,0.07494381453252442,12,1
C11664,9,4,2666.4700000000003,666.6175000000001,149,4.25,2.5,0.07819127789397265,8,2
C11665,74,8,4174.72,521.84,259,5.125,3.125,0.0563194668921103,11,2
C11666,45,12,8511.81,709.3175,150,4.416666666666667,2.6666666666666665,0.025534496871726476,11,2
C11667,36,5,4411.57,882.314,239,9.6,4.6,0.10826571905610873,9,2
C11668,1,39,66866.52,1714.5261538461539,577,14.076923076923077,7.153846153846154,0.034761230633050304,14,2
C11669,324,6,9687.42,1614.57,462,9.166666666666666,5.0,0.033652608835306116,10,1
C11670,185,19,18573.13,977.5331578947369,711,8.157894736842104,4.0,0.03462899252938116,13,2
C11671,13,6,2211.52,368.58666666666664,195,3.0,2.1666666666666665,0.032830546796758495,8,2
C11672,159,22,18272.170000000002,830.5531818181819,497,7.681818181818182,4.045454545454546,0.0264526217921907,12,2
C11673,1,13,9375.9,721.2230769230769,637,7.846153846153846,3.8461538461538463,0.03298568853060938,10,2
C11674,3,47,156730.88,3334.6995744680853,457,19.574468085106382,10.425531914893616,0.01093356228202781,14,3
C11675,33,12,9555.4,796.2833333333333,698,6.0,3.1666666666666665,0.022639448323265216,13,2
C11676,0,10,8715.7,871.57,191,6.5,3.9,0.026625761801005347,11,1
C11677,1,78,157238.36,2015.87641025641,478,10.871794871794872,5.653846153846154,0.01890462716333505,14,3
C11678,43,10,7088.29,708.829,332,5.8,3.0,0.05075214904509948,12,1
C11679,153,22,33932.130000000005,1542.3695454545457,703,14.227272727272727,7.681818181818182,0.06576203895029412,14,2
C11680,16,23,44774.16,1946.7026086956523,411,13.652173913043478,7.391304347826087,0.023224673447683458,14,2
C11681,395,4,8550.94,2137.735,429,13.75,7.75,0.10085792908809678,11,2
C11682,15,12,10134.55,844.5458333333332,168,5.0,2.75,0.0045614424530423855,14,2
C11683,118,3,1740.01,580.0033333333333,205,6.0,3.3333333333333335,0.020606545012439352,7,2
C11684,140,3,1338.6599999999999,446.21999999999997,168,2.3333333333333335,1.6666666666666667,0.0,4,2
C11685,2,66,169324.69,2565.525606060606,484,12.803030303030303,7.015151515151516,0.0,14,3
C11686,111,3,1546.98,515.66,147,5.333333333333333,2.6666666666666665,0.0,4,2
C11687,38,7,8840.79,1262.97,283,7.0,3.0,0.023869987567599796,9,2
C11688,104,14,16785.57,1198.9692857142857,486,7.571428571428571,4.357142857142857,0.029920882143868514,10,2
C11689,21,69,165530.08,2398.9866666666667,517,12.318840579710145,6.6521739130434785,0.0434029480373242,14,3
C11690,35,9,6871.42,763.4911111111111,405,5.444444444444445,2.7777777777777777,0.08546901618398636,11,2
C11691,151,3,1046.56,348.8533333333333,200,4.333333333333333,2.3333333333333335,0.06274292059966687,6,2
C11692,25,4,2213.39,553.3475,228,6.75,3.75,0.07995843292112646,9,1
C11693,10,82,233960.67,2853.1789024390246,576,14.390243902439025,7.914634146341464,0.0,14,3
C11694,31,33,46628.15,1412.9742424242424,684,9.878787878787879,5.393939393939394,0.014429052140314683,14,3
C11695,232,8,7132.67,891.58375,391,12.0,6.0,0.016702900398823797,9,3
C11696,22,4,2807.74,701.935,51,7.0,3.25,0.028732530787325312,8,1
C11697,45,19,9451.539999999999,497.4494736842105,520,5.894736842105263,3.3157894736842106,0.06392313733724078,13,2
C11698,234,8,11401.46,1425.1825,504,10.625,6.625,0.04802674535304501,13,1
C11699,144,11,13976.61,1270.6009090909092,454,12.818181818181818,6.7272727272727275,0.0,12,3
C11700,71,15,12131.86,808.7906666666667,633,6.733333333333333,3.6666666666666665,0.05732716688267893,13,1
C11701,72,5,3156.02,631.204,224,6.8,3.0,0.06095706791950942,7,1
C11702,30,33,39978.770000000004,1211.4778787878788,650,9.303030303030303,4.909090909090909,0.00034631389491361153,14,3
C11703,33,5,3165.61,633.1220000000001,359,7.8,3.6,0.05287612870025191,8,1
C11704,5,43,89359.67,2078.1318604651165,429,11.232558139534884,6.1395348837209305,0.0,14,3
C11705,17,20,24817.42,1240.8709999999999,348,6.7,3.9,0.010880252654300987,14,1
C11706,2,79,135503.17,1715.2300000000002,589,7.7594936708860756,4.012658227848101,0.0,14,3
C11707,116,19,30029.350000000002,1580.492105263158,535,10.947368421052632,6.2631578947368425,0.030255206960870938,14,3
C11708,59,7,2638.7599999999998,376.9657142857142,209,2.857142857142857,2.0,0.1065348411999729,8,3
C11709,8,7,4502.61,643.2299999999999,217,5.857142857142857,3.142857142857143,0.02227274503928185,9,1
C11710,51,6,9042.85,1507.1416666666667,119,7.166666666666667,4.666666666666667,0.01712959692188969,11,1
C11711,244,5,8328.8,1665.7599999999998,327,11.8,7.0,0.050191984654912286,10,3
C11712,33,4,4588.29,1147.0725,56,7.25,4.0,0.0,8,2
C11713,0,14,9255.05,661.0749999999999,465,4.714285714285714,2.4285714285714284,0.13516410300976217,12,2
C11714,388,9,15174.89,1686.0988888888887,649,13.666666666666666,7.333333333333333,0.02564983366903445,12,3
C11715,2,26,46923.72,1804.7584615384617,518,11.76923076923077,6.038461538461538,0.024319385727581293,14,3
C11716,17,22,27281.16,1240.0527272727272,464,9.136363636363637,5.090909090909091,0.023128805446183415,14,3
C11717,66,4,1055.29,263.8225,192,4.25,2.0,0.06922859814073276,6,1
C11718,18,26,28587.07,1099.5026923076923,714,8.192307692307692,4.461538461538462,0.08782942736045535,14,2
C11719,3,90,131201.19,1457.791,666,8.144444444444444,4.344444444444444,0.0,14,3
C11720,17,5,1958.8600000000001,391.77200000000005,279,5.2,2.8,0.04009447831115118,8,3
C11721,20,28,30569.07,1091.7525,672,9.071428571428571,4.964285714285714,0.038287817092319314,12,3
C11722,66,5,1772.06,354.412,207,3.2,1.8,0.03452070915648735,5,2
C11723,124,6,3815.33,635.8883333333333,437,7.333333333333333,3.6666666666666665,0.019202936738277086,10,2
C11724,28,4,2164.73,541.1825,337,6.25,3.0,0.032349917303652054,7,1
C11725,0,34,70184.25,2064.2426470588234,724,12.764705882352942,6.352941176470588,0.025481193328629973,14,3
C11726,4,38,31366.579999999998,825.4363157894736,712,5.894736842105263,3.263157894736842,0.026028099529231814,13,2
C11727,24,26,40478.07,1556.8488461538461,512,11.23076923076923,5.884615384615385,0.014761513698340058,14,3
C11728,2,25,24438.54,977.5416,421,7.24,3.96,0.04904223415270788,13,3
C11729,6,34,33229.74,977.345294117647,526,7.382352941176471,4.029411764705882,0.01843339207615811,14,3
C11730,36,12,6016.24,501.3533333333333,459,6.666666666666667,3.75,0.049462025816441,12,1
C11731,30,17,21343.5,1255.5,340,8.647058823529411,4.588235294117647,0.019582173469668993,13,1
C11732,32,21,61458.409999999996,2926.5909523809523,423,18.38095238095238,9.904761904761905,0.04749047698311073,14,3
C11733,33,18,27005.61,1500.3116666666667,391,9.277777777777779,5.388888888888889,0.012143718594067729,14,3
C11734,15,19,15446.79,812.9889473684211,368,5.947368421052632,3.4210526315789473,0.015625179231683956,13,3
C11735,132,23,32069.86,1394.341739130435,619,10.652173913043478,5.565217391304348,0.05227745489137196,13,2
C11736,15,67,101225.6,1510.8298507462687,484,8.35820895522388,4.477611940298507,0.03591618325455624,14,3
C11737,487,3,2821.7,940.5666666666666,560,10.333333333333334,5.333333333333333,0.014511481707849471,8,1
C11738,18,10,6258.11,625.8109999999999,522,7.9,3.6,0.06394750539963265,10,2
C11739,133,3,1154.98,384.99333333333334,170,4.0,1.6666666666666667,0.0,3,2
C11740,33,11,15027.43,1366.13,118,7.636363636363637,4.2727272727272725,0.05202694646852765,12,2
C11741,12,23,33441.56,1453.9808695652173,395,10.0,5.3478260869565215,0.0,13,2
C11742,121,28,49968.770000000004,1784.5989285714288,586,10.928571428571429,5.785714285714286,0.02357564964007999,14,3
C11743,407,3,992.47,330.8233333333333,425,3.6666666666666665,2.3333333333333335,0.11944814124744921,4,1
C11744,8,70,243676.16,3481.088,546,16.814285714285713,9.128571428571428,0.025595009022825303,14,3
C11745,1,5,10144.630000000001,2028.9260000000002,95,11.0,6.6,0.011650190321515246,10,2
C11746,4,37,65387.57,1767.2316216216216,414,13.108108108108109,6.8108108108108105,0.029813101140586922,14,1
C11747,5,50,79657.61,1593.1522,626,7.72,4.42,0.005283171261386483,14,2
C11748,341,3,2246.59,748.8633333333333,506,6.0,3.3333333333333335,0.042308938376018825,6,2
C11749,124,3,1712.07,570.6899999999999,308,7.333333333333333,5.0,0.02289706025031532,9,1
C11750,85,36,50344.69,1398.4636111111113,628,12.055555555555555,6.833333333333333,0.03894928037674871,14,3
C11751,248,8,3734.11,466.76375,539,4.75,2.625,0.04686411194294627,9,3
C11752,5,8,15770.1,1971.2625,168,11.125,6.125,0.011022916905756788,13,3
C11753,5,4,1742.46,435.615,242,6.5,3.0,0.03523080245170506,7,1
C11754,3,61,118697.34,1945.8580327868851,550,11.19672131147541,6.081967213114754,0.015026697772715512,14,3
C11755,13,4,3252.8,813.2,63,3.75,1.75,0.04062479722993978,4,1
C11756,1,6,4926.13,821.0216666666666,81,6.0,3.6666666666666665,0.025113644684476445,11,2
C11757,137,23,15309.58,665.6339130434783,707,6.6521739130434785,3.5652173913043477,0.042211419955831664,14,3
C11758,3,6,1904.42,317.40333333333336,338,3.6666666666666665,2.1666666666666665,0.12726156215056916,7,1
C11759,9,74,162293.81,2193.1595945945946,703,10.68918918918919,5.77027027027027,0.004271671798370514,14,2
C11760,41,10,3516.6099999999997,351.66099999999994,669,5.8,3.4,0.05017583284265797,9,3
C11761,53,7,4367.43,623.9185714285715,380,5.714285714285714,3.7142857142857144,0.053982866364138495,10,2
C11762,137,59,111376.24,1887.7328813559322,716,8.542372881355933,4.6440677966101696,0.02738351044144028,14,3
C11763,22,88,260592.03,2961.273068181818,687,16.193181818181817,8.772727272727273,0.0416568046727978,14,3
C11764,444,3,506.47999999999996,168.82666666666665,516,2.0,1.6666666666666667,0.23418410547961774,4,1
C11765,22,25,33690.96,1347.6384,571,8.92,4.44,0.021364096501381928,12,3
C11766,250,5,2065.56,413.11199999999997,493,5.4,2.4,0.04747499435095988,8,2
C11767,11,11,8953.76,813.9781818181818,432,7.2727272727272725,3.909090909090909,0.04390733533014057,12,3
C11768,43,34,40626.03,1194.8832352941176,569,9.264705882352942,5.176470588235294,0.010317046183708758,14,3
C11769,7,16,9678.47,604.904375,710,4.75,2.5,0.0945866808362552,12,2
C11770,21,13,3895.79,299.67615384615385,619,3.6923076923076925,2.1538461538461537,0.015585715115970558,8,3
C11771,261,11,14078.91,1279.9009090909092,472,12.454545454545455,7.545454545454546,0.055162513891797,13,1
C11772,14,28,42597.91,1521.3539285714287,688,9.714285714285714,4.892857142857143,0.03655219847636599,14,3
C11773,14,9,8954.85,994.9833333333333,463,8.777777777777779,4.333333333333333,0.036114815663961713,12,2
C11774,43,8,5195.09,649.38625,293,7.125,3.75,0.07752229800396686,10,1
C11775,263,8,10213.87,1276.73375,657,9.125,4.375,0.05815205864724054,12,3
C11776,17,9,2737.3,304.14444444444445,523,4.333333333333333,2.5555555555555554,0.07862006752230828,9,3
C11777,19,37,40401.64,1091.9362162162163,696,8.35135135135135,4.243243243243243,0.019025519112322118,14,3
C11778,13,5,1580.9,316.18,286,5.0,2.8,0.014112614045262638,7,2
C11779,494,3,3833.2,1277.7333333333333,632,10.0,4.333333333333333,0.058947146178415094,8,1
C11780,1,8,12119.11,1514.88875,598,8.75,4.0,0.016194210381049796,10,2
C11781,98,16,16578.93,1036.183125,447,7.875,3.8125,0.06985148081571099,13,2
C11782,36,5,4065.61,813.1220000000001,275,9.6,4.4,0.022414958053106282,11,3
C11783,28,13,9571.01,736.2315384615384,212,4.769230769230769,3.076923076923077,0.06700479705840208,12,3
C11784,75,6,5361.7699999999995,893.6283333333332,126,8.0,4.5,0.05621084611986039,8,2
C11785,100,18,23262.239999999998,1292.3466666666666,428,7.944444444444445,4.0,0.03684878657117233,13,1
C11786,397,5,2220.52,444.104,480,3.8,2.2,0.051209851433747657,9,2
C11787,31,17,6772.85,398.4029411764706,670,3.9411764705882355,2.0,0.0796945382404696,13,1
C11788,7,6,8017.360000000001,1336.2266666666667,108,10.333333333333334,4.333333333333333,0.038617839871165946,12,2
C11789,5,7,14160.69,2022.9557142857143,77,9.0,4.857142857142857,0.09185770821963402,10,1
C11790,136,21,23834.91,1134.9957142857143,729,8.476190476190476,4.571428571428571,0.018700546293753628,14,2
C11791,14,13,21455.9,1650.4538461538464,423,11.923076923076923,5.923076923076923,0.08111383774662846,14,2
C11792,3,103,216682.35,2103.71213592233,697,12.310679611650485,6.41747572815534,0.0,14,3
C11793,31,6,5543.65,923.9416666666666,339,9.166666666666666,4.666666666666667,0.03399190063289375,10,1
C11794,22,21,27492.12,1309.1485714285714,455,8.142857142857142,4.809523809523809,0.010931084949035759,14,3
C11795,52,4,2680.25,670.0625,96,7.25,3.5,0.021184986086054645,9,1
C11796,10,6,8761.7,1460.2833333333335,75,9.666666666666666,5.5,0.08296125111729329,10,1
C11797,84,5,2377.24,475.448,600,5.2,3.0,0.02376083117736438,7,1
C11798,16,11,7692.64,699.3309090909091,524,6.2727272727272725,3.272727272727273,0.08844283867420467,8,2
C11799,3,6,7116.43,1186.0716666666667,89,6.333333333333333,2.8333333333333335,0.04610866412346758,7,2
C11800,15,5,2311.67,462.334,243,4.2,2.6,0.08167943176762221,7,2
C11801,24,7,1496.47,213.78142857142856,450,2.857142857142857,2.0,0.0674281939588825,7,1
C11802,59,4,2845.04,711.26,231,6.0,2.75,0.0,8,1
C11803,159,23,33753.82,1467.557391304348,694,9.173913043478262,5.608695652173913,0.0292894224940096,14,2
C11804,8,7,5616.0,802.2857142857143,147,5.285714285714286,2.5714285714285716,0.022090038761174748,9,2
C11805,5,5,11468.67,2293.734,68,13.6,6.8,0.03267850922435773,13,1
C11806,26,10,7935.01,793.501,598,5.8,2.6,0.030093348049982826,8,2
C11807,25,67,193849.48,2893.2758208955224,534,15.134328358208956,8.313432835820896,0.02113555044243176,14,3
C11808,76,5,5501.24,1100.248,111,5.8,3.2,0.036713938759322065,7,1
C11809,6,10,4589.64,458.96400000000006,122,4.5,2.3,0.015054326482523892,9,2
C11810,30,10,6699.85,669.985,690,6.0,2.9,0.05157696554457688,13,3
C11811,57,4,3102.94,775.735,146,4.5,2.0,0.007402241785239022,7,1
C11812,106,9,5574.91,619.4344444444445,359,7.222222222222222,3.7777777777777777,0.07312535537695727,9,2
C11813,4,7,4511.76,644.5371428571428,130,6.285714285714286,3.7142857142857144,0.03251912227318636,10,1
C11814,108,3,1661.8899999999999,553.9633333333333,118,5.333333333333333,2.6666666666666665,0.15194550047202307,7,1
C11815,2,7,5843.219999999999,834.7457142857141,64,5.428571428571429,3.142857142857143,0.0,10,2
C11816,126,10,7791.829999999999,779.1829999999999,495,5.5,3.7,0.059150898970018226,13,2
C11817,58,42,89484.66,2130.587142857143,643,16.452380952380953,8.761904761904763,0.024880489243023895,14,3
C11818,129,9,5518.9800000000005,613.22,592,4.777777777777778,3.0,0.09167992916427337,12,1
C11819,16,10,2460.76,246.07600000000002,372,3.4,2.1,0.043235509105895895,9,2
C11820,72,17,19629.3,1154.6647058823528,490,8.588235294117647,4.9411764705882355,0.021462783352210184,13,3
C11821,0,65,209730.2,3226.618461538462,524,16.0,8.615384615384615,0.030938505106361938,14,3
C11822,12,5,8830.1,1766.02,127,9.4,5.2,0.041306934648924716,11,2
C11823,22,14,12511.05,893.6464285714285,563,6.714285714285714,3.5,0.06984014637450252,13,2
C11824,11,5,2192.19,438.438,376,4.8,2.6,0.08274266299572373,6,2
C11825,43,22,21583.85,981.0840909090908,452,8.409090909090908,4.636363636363637,0.025491185835210067,13,3
C11826,127,28,24597.13,878.4689285714286,659,7.357142857142857,3.75,0.06320736572500404,13,1
C11827,14,39,62807.13,1610.4392307692308,573,11.205128205128204,5.769230769230769,0.015137716100199927,14,3
C11828,56,11,11083.66,1007.6054545454546,643,7.0,4.181818181818182,0.028682950426607404,12,1
C11829,9,5,2291.86,458.372,546,6.2,3.2,0.05741794058738128,7,2
C11830,7,5,9368.04,1873.6080000000002,121,7.4,4.4,0.0876692717843839,12,1
C11831,65,5,6029.46,1205.892,154,5.4,3.4,0.0,10,2
C11832,6,82,202994.13,2475.5381707317074,729,14.390243902439025,7.646341463414634,0.020619451504014997,14,3
C11833,63,15,7956.66,530.444,455,5.533333333333333,2.8666666666666667,0.07591373122887705,13,3
C11834,1,76,128090.86,1685.4060526315789,591,10.210526315789474,5.934210526315789,0.039689229957236505,14,3
C11835,189,22,25461.73,1157.3513636363637,583,8.772727272727273,4.545454545454546,0.07640003308193001,13,3
C11836,34,16,32292.57,2018.285625,402,15.75,8.1875,0.029231368151763346,14,2
C11837,89,4,1696.2,424.05,264,7.25,3.5,0.1029288879956844,7,1
C11838,105,10,5693.43,569.3430000000001,470,6.1,3.7,0.08277739739820372,10,2
C11839,16,77,210549.01,2734.4027272727276,602,13.220779220779221,7.285714285714286,0.005886989759242213,14,3
C11840,9,89,217306.6,2441.647191011236,667,13.831460674157304,7.415730337078652,0.0,14,3
C11841,33,36,40565.79,1126.8275,645,7.027777777777778,3.5833333333333335,0.026232752364997294,14,3
C11842,2,73,270949.48,3711.636712328767,571,18.301369863013697,9.863013698630137,0.025963593292807303,14,3
C11843,64,33,34916.9,1058.087878787879,667,7.515151515151516,3.909090909090909,0.024168233576511777,14,3
C11844,37,10,4697.54,469.754,506,5.6,3.3,0.0745295359979826,11,1
C11845,6,23,17706.27,769.8378260869565,500,6.3478260869565215,3.5652173913043477,0.04379798555836194,13,3
C11846,47,6,2739.59,456.59833333333336,370,5.833333333333333,3.1666666666666665,0.03239489847455771,8,3
C11847,3,34,57124.99,1680.1467647058823,641,11.235294117647058,6.029411764705882,0.020352491383387714,13,2
C11848,8,4,3393.74,848.435,69,5.75,2.5,0.024274259165020688,7,2
C11849,38,12,4990.14,415.845,445,4.5,2.5833333333333335,0.11174124092853366,11,1
C11850,3,27,26158.52,968.8340740740741,617,6.851851851851852,3.925925925925926,0.015290586646720405,13,3
C11851,28,20,28060.27,1403.0135,522,11.45,5.65,0.011814444062931952,13,1
C11852,29,16,10561.91,660.119375,567,6.625,3.75,0.05330302538678933,11,2
C11853,27,6,8067.07,1344.5116666666665,185,8.0,4.166666666666667,0.05055316244144716,13,1
C11854,48,11,2829.59,257.23545454545456,719,3.727272727272727,2.090909090909091,0.1734779421000207,10,1
C11855,0,86,291169.29,3385.689418604651,616,17.430232558139537,9.63953488372093,0.010778857353535324,14,3
C11856,113,8,6188.68,773.585,547,6.75,3.25,0.04763165184204857,8,1
C11857,42,3,2865.39,955.13,55,8.0,4.333333333333333,0.01910516226208408,7,1
C11858,4,28,45098.87,1610.6739285714286,450,12.0,6.285714285714286,0.013423464790476302,13,3
C11859,27,7,3673.26,524.7514285714286,303,5.428571428571429,3.2857142857142856,0.06710857142857143,8,3
C11860,1,28,36203.69,1292.9889285714287,479,8.75,4.75,0.008487522457385743,14,2
C11861,43,30,33250.13,1108.3376666666666,655,8.066666666666666,4.566666666666666,0.0,12,3
C11862,25,3,12545.369999999999,4181.79,77,13.333333333333334,7.0,0.024207040902758815,8,2
C11863,3,5,6746.54,1349.308,129,9.0,4.4,0.09141424207980262,11,1
C11864,3,5,1636.17,327.23400000000004,368,3.8,2.0,0.05745689580681026,7,1
C11865,18,33,36856.95,1116.8772727272726,615,8.515151515151516,4.545454545454546,0.0199650125678749,13,1
C11866,10,7,2820.38,402.9114285714286,352,5.857142857142857,3.142857142857143,0.028165616859399334,7,2
C11867,8,9,17111.14,1901.2377777777776,224,9.88888888888889,4.888888888888889,0.0349433271425679,13,2
C11868,12,51,121149.06,2375.4717647058824,457,10.843137254901961,5.862745098039215,0.014673628338190059,14,3
C11869,11,7,3683.67,526.2385714285714,209,4.714285714285714,2.5714285714285716,0.08321490879859035,6,3
C11870,5,72,206547.86000000002,2868.720277777778,580,15.625,8.180555555555555,0.015045473372953188,14,3
C11871,1,96,257200.98,2679.176875,718,13.46875,7.4375,0.03446612449318111,14,3
C11872,176,12,6975.13,581.2608333333334,461,5.833333333333333,3.5833333333333335,0.06557467091425953,11,3
C11873,2,38,39393.01,1036.6581578947369,703,7.7368421052631575,4.2368421052631575,0.011292342204752512,13,3
C11874,1,6,7335.6,1222.6000000000001,83,9.5,4.833333333333333,0.03248143268085578,10,1
C11875,7,6,4628.37,771.395,184,8.5,5.0,0.11000073071021185,11,2
C11876,26,10,3390.56,339.056,466,3.7,2.1,0.03416332192941726,9,2
C11877,12,31,55112.9,1777.835483870968,582,13.451612903225806,7.032258064516129,0.014496563168322499,14,3
C11878,1,5,7141.21,1428.242,69,4.2,2.2,0.018514497135757403,6,2
C11879,162,8,2852.83,356.60375,428,5.375,3.125,0.10685784950612838,10,1
C11880,1,77,193701.93,2515.6094805194803,624,14.051948051948052,7.753246753246753,0.002783888690168402,14,3
C11881,5,11,7835.43,712.3118181818182,254,5.818181818181818,3.0,0.05334560835668126,10,3
C11882,2,6,6191.099999999999,1031.85,61,4.5,2.3333333333333335,0.031119179336301536,10,1
C11883,4,22,30766.62,1398.4827272727273,391,11.681818181818182,6.0,0.014489587580884313,14,3
C11884,43,17,16125.46,948.5564705882352,350,7.588235294117647,3.3529411764705883,0.015509029890430044,13,1
C11885,10,28,37660.520000000004,1345.0185714285715,401,9.428571428571429,5.142857142857143,0.019861200104310726,14,1
C11886,23,26,40587.47,1561.0565384615386,468,11.615384615384615,6.115384615384615,0.0225409979180439,14,3
C11887,5,30,54983.49,1832.783,527,11.466666666666667,6.2,0.04529905610760592,14,3
C11888,79,7,4935.4,705.0571428571428,352,8.428571428571429,4.285714285714286,0.08903646881194881,10,2
C11889,4,10,6299.51,629.951,528,6.8,3.3,0.018218910574604803,12,1
C11890,16,13,4987.6,383.6615384615385,455,3.769230769230769,2.1538461538461537,0.08065892623115505,10,2
C11891,68,14,5872.4400000000005,419.46000000000004,682,4.142857142857143,2.2857142857142856,0.025673698147392312,12,2
C11892,2,49,149545.01,3051.938979591837,506,15.489795918367347,8.46938775510204,0.014097329344145508,14,3
C11893,29,12,5509.76,459.1466666666667,402,4.333333333333333,2.5833333333333335,0.05557602944125719,11,1
C11894,12,81,153555.86000000002,1895.7513580246916,613,11.25925925925926,6.061728395061729,0.000869350385553415,14,3
C11895,37,18,26308.48,1461.5822222222223,471,12.88888888888889,6.722222222222222,0.03308965000674414,14,3
C11896,108,3,4974.389999999999,1658.1299999999999,121,9.0,5.666666666666667,0.06999713953997072,10,2
C11897,6,69,226111.82,3276.9828985507247,619,18.27536231884058,9.73913043478261,0.02782460447729365,14,3
C11898,112,3,2907.13,969.0433333333334,151,5.333333333333333,2.3333333333333335,0.02547986349953405,6,1
C11899,16,67,171082.79,2553.4744776119405,631,13.656716417910447,7.567164179104478,0.015497036986738086,14,3
C11900,34,13,7602.3099999999995,584.7930769230769,386,6.076923076923077,3.3846153846153846,0.08970832819454207,11,1
C11901,6,16,9822.699999999999,613.9187499999999,516,5.4375,3.0625,0.051998363168196046,13,2
C11902,6,7,7228.0,1032.5714285714287,55,8.142857142857142,4.285714285714286,0.006244655196592524,13,2
C11903,14,4,3203.55,800.8875,85,7.0,4.5,0.06544823361241577,8,1
C11904,117,15,14983.95,998.9300000000001,606,6.6,3.8,0.012982641505456806,12,3
C11905,194,21,29318.760000000002,1396.1314285714286,552,7.380952380952381,4.0476190476190474,0.015251814992518353,14,2
C11906,6,7,8858.92,1265.56,158,8.285714285714286,4.428571428571429,0.018481607581879805,13,1
C11907,94,15,13642.48,909.4986666666666,674,8.333333333333334,4.733333333333333,0.12332182634645883,14,3
C11908,115,3,4125.03,1375.01,184,11.333333333333334,5.666666666666667,0.00457289851784999,9,1
C11909,6,11,8432.34,766.5763636363637,565,6.454545454545454,3.4545454545454546,0.05373580857326575,12,2
C11910,3,22,12708.01,577.6368181818182,668,4.818181818181818,2.5454545454545454,0.054520523688676506,13,2
C11911,1,87,294771.01,3388.172528735632,509,15.367816091954023,8.264367816091953,0.012367130128033327,14,3
C11912,10,47,69274.48,1473.9251063829786,719,10.617021276595745,5.574468085106383,0.01932125054431441,14,2
C11913,38,27,21359.04,791.0755555555556,568,5.62962962962963,3.1481481481481484,0.03183133526250517,14,3
C11914,15,83,205053.15,2470.5198795180722,728,13.036144578313253,6.686746987951807,0.004407148251718712,14,3
C11915,149,12,16159.73,1346.6441666666667,645,9.5,4.916666666666667,0.05862488196205426,11,2
C11916,28,9,15841.75,1760.1944444444443,205,8.222222222222221,4.666666666666667,0.002271094061460617,12,3
C11917,45,8,3643.59,455.44875,268,5.25,3.75,0.0660239518502189,10,2
C11918,7,5,5284.41,1056.882,104,7.2,4.8,0.009649731066924043,10,1
C11919,15,9,4573.26,508.14000000000004,722,7.888888888888889,4.444444444444445,0.06044992295839754,11,1
C11920,87,14,5373.62,383.83,593,5.428571428571429,2.7142857142857144,0.08507809054860037,11,3
C11921,158,3,2805.78,935.2600000000001,205,6.0,4.666666666666667,0.04141441749231295,9,2
C11922,194,20,19069.01,953.4504999999999,706,7.5,3.5,0.052677727778997666,13,2
C11923,64,8,4480.34,560.0425,652,5.5,2.875,0.0572131399364088,7,3
C11924,34,9,5582.92,620.3244444444445,251,5.111111111111111,2.5555555555555554,0.060411856180198856,10,2
C11925,226,3,553.29,184.42999999999998,314,2.6666666666666665,1.6666666666666667,0.0,3,3
C11926,91,3,2405.91,801.9699999999999,102,8.0,4.333333333333333,0.01154473482031709,8,1
C11927,7,83,244796.4,2949.35421686747,610,15.228915662650602,8.301204819277109,0.0,14,2
C11928,14,26,36318.25,1396.8557692307693,686,11.192307692307692,5.5,0.022784847592025304,14,3
C11929,3,67,143720.47,2145.0816417910446,644,12.164179104477611,6.582089552238806,0.015087572764861907,14,3
C11930,165,4,7435.49,1858.8725,279,9.25,4.0,0.010380010328103624,8,2
C11931,112,21,15041.96,716.2838095238095,488,6.095238095238095,3.7142857142857144,0.08898775744552506,13,2
C11932,5,6,1950.9099999999999,325.15166666666664,492,4.333333333333333,2.5,0.06636708636622494,8,2
C11933,4,4,2158.33,539.5825,222,6.5,4.75,0.07804257100507042,11,3
C11934,7,15,9150.58,610.0386666666667,458,5.933333333333334,3.1333333333333333,0.09801981076373659,13,3
C11935,169,8,8572.86,1071.6075,415,7.875,3.875,0.032648777955812336,11,1
C11936,4,22,35697.03,1622.5922727272728,540,11.681818181818182,6.2272727272727275,0.030269254424187368,14,2
C11937,28,27,49710.25,1841.1203703703704,723,11.666666666666666,6.037037037037037,0.0294227329881368,14,3
C11938,211,12,19965.73,1663.8108333333332,407,13.416666666666666,7.166666666666667,0.06446497928215951,14,1
C11939,8,11,7449.05,677.1863636363637,388,7.545454545454546,4.0,0.0870277677004383,12,2
C11940,18,23,30020.93,1305.2578260869566,440,10.826086956521738,6.173913043478261,0.017192702178019457,14,3
C11941,8,7,7236.01,1033.7157142857143,55,8.428571428571429,4.714285714285714,0.023973055434908696,11,1
C11942,7,48,59029.34,1229.7779166666667,702,8.5625,4.541666666666667,0.03246245238680233,14,3
C11943,1,69,200249.79,2902.1708695652173,534,14.072463768115941,7.666666666666667,0.005144044115312794,14,3
C11944,14,35,46646.46,1332.756,430,10.542857142857143,5.885714285714286,0.02446142105662715,13,3
C11945,4,6,4650.45,775.0749999999999,440,7.5,3.8333333333333335,0.1396372395573168,11,1
C11946,10,19,6524.22,343.38,473,4.157894736842105,2.263157894736842,0.04654024446561873,11,3
C11947,37,33,43970.91,1332.4518181818182,598,10.484848484848484,5.96969696969697,0.015522054693032604,13,3
C11948,19,7,2310.55,330.0785714285715,351,4.714285714285714,2.5714285714285716,0.048894139536415394,10,1
C11949,33,60,84643.45999999999,1410.724333333333,702,8.55,4.816666666666666,0.008923422676061993,14,3
C11950,6,33,66726.87,2022.0263636363634,668,13.818181818181818,7.363636363636363,0.03121048182733918,14,2
C11951,14,24,37650.3,1568.7625,516,11.125,6.083333333333333,0.03108207325681731,13,3
C11952,13,24,36398.28,1516.595,415,12.833333333333334,6.791666666666667,0.024484714641595098,12,3
C11953,21,80,200576.13999999998,2507.2017499999997,649,14.7875,7.925,0.03483941638082934,14,3
C11954,12,20,34132.37,1706.6185,485,13.4,7.65,0.008555516600240915,14,3
C11955,107,6,7161.85,1193.6416666666667,373,11.0,5.0,0.04574192387893647,10,2
C11956,9,7,2992.6,427.5142857142857,393,4.857142857142857,2.4285714285714284,0.08996086278254363,8,2
C11957,101,19,26920.77,1416.8826315789474,467,9.842105263157896,5.105263157894737,0.06465248421125046,12,2
C11958,251,15,24960.38,1664.0253333333335,526,12.133333333333333,6.4,0.04126750495587247,14,2
C11959,109,26,32963.27,1267.818076923077,625,10.384615384615385,5.653846153846154,0.024958122615325866,14,2
C11960,8,7,3787.0,541.0,541,6.857142857142857,3.857142857142857,0.06843910046688739,10,3
C11961,9,5,5182.87,1036.574,211,7.0,3.8,0.04951172322730316,10,2
C11962,12,18,11706.79,650.3772222222223,649,7.611111111111111,3.888888888888889,0.04386365399772131,12,2
C11963,0,6,6096.969999999999,1016.1616666666665,140,8.0,4.0,0.012647629905409978,8,1
C11964,569,7,8642.65,1234.6642857142856,697,12.142857142857142,5.714285714285714,0.0862470542088998,11,2
C11965,12,28,21549.73,769.6332142857143,651,5.892857142857143,2.857142857142857,0.0013207756150527639,12,3
C11966,8,35,29706.559999999998,848.7588571428571,511,6.542857142857143,3.5142857142857142,0.029673669982903817,14,3
C11967,0,70,141845.38,2026.3625714285715,546,9.585714285714285,5.257142857142857,0.0028740797373828526,14,3
C11968,36,32,32150.07,1004.6896875,618,7.6875,4.125,0.0,13,3
C11969,71,36,46908.17,1303.0047222222222,588,9.38888888888889,5.083333333333333,0.02446482290049506,14,3
C11970,7,5,3248.51,649.702,68,4.6,2.4,0.016184375899089932,8,1
C11971,37,7,3437.2,491.0285714285714,205,3.5714285714285716,1.8571428571428572,0.04673949519237436,7,2
C11972,59,12,1954.79,162.89916666666667,689,3.25,1.9166666666666667,0.054601995463536605,9,1
C11973,3,80,183795.71,2297.446375,624,13.9375,7.5375,0.012459951441769588,14,2
C11974,25,8,2634.81,329.35125,204,4.875,3.0,0.07943623194988418,9,2
C11975,4,17,11257.73,662.2194117647059,729,6.823529411764706,4.0,0.08038530312968938,13,3
C11976,95,14,12320.05,880.0035714285714,459,7.285714285714286,4.0,0.05808359015487275,11,2
C11977,2,14,21697.31,1549.8078571428573,170,10.928571428571429,6.0,0.061008273239788934,13,2
C11978,8,7,7507.01,1072.43,68,10.714285714285714,5.285714285714286,0.06318121123631963,12,3
C11979,23,13,7713.32,593.3323076923077,409,3.769230769230769,2.076923076923077,0.03785070277768076,11,2
C11980,288,9,11262.939999999999,1251.4377777777777,402,7.222222222222222,3.5555555555555554,0.0865914017648676,11,3
C11981,128,17,11049.26,649.9564705882353,549,6.882352941176471,3.5294117647058822,0.044546154970292476,14,2
C11982,9,113,252063.29,2230.6485840707965,723,10.56637168141593,5.672566371681416,0.013436594323933236,14,3
C11983,68,6,1884.1100000000001,314.0183333333334,249,4.333333333333333,2.5,0.016459251216303688,8,2
C11984,12,19,8952.95,471.20789473684215,574,5.0,2.3684210526315788,0.05731430472724821,11,3
C11985,30,96,311381.47000000003,3243.556979166667,729,15.302083333333334,8.145833333333334,0.0,14,3
C11986,1,78,212850.26,2728.8494871794874,507,14.743589743589743,7.730769230769231,0.015080198101672937,14,3
C11987,147,9,3377.17,375.24111111111114,392,5.888888888888889,3.4444444444444446,0.04368202116423092,10,2
C11988,94,3,4467.03,1489.01,103,8.666666666666666,4.333333333333333,0.023664022031342213,7,2
C11989,0,66,172509.75,2613.784090909091,596,14.196969696969697,7.757575757575758,0.024567466770164106,14,3
C11990,1,4,10319.67,2579.9175,70,9.0,4.75,0.041028919664089204,7,1
C11991,39,33,44300.17,1342.4293939393938,607,9.484848484848484,5.2727272727272725,0.02536398005501942,14,3
C11992,149,7,6331.969999999999,904.5671428571428,321,7.142857142857143,4.0,0.014197061882313379,11,3
C11993,5,29,36853.52,1270.8110344827585,674,10.413793103448276,5.827586206896552,0.034962698389837836,14,2
C11994,150,8,6356.01,794.50125,502,6.0,3.25,0.12197436655440407,9,3
C11995,98,23,28327.27,1231.6204347826088,471,7.260869565217392,4.043478260869565,0.08239155757746167,14,3
C11996,145,32,36239.13,1132.4728125,720,7.75,4.28125,0.0011639585726665154,14,3
C11997,5,5,2998.92,599.784,92,6.0,4.2,0.07266149231577972,9,2
C11998,21,12,5034.950000000001,419.5791666666667,482,4.083333333333333,2.4166666666666665,0.030963291716626602,12,2
C11999,149,3,4461.34,1487.1133333333335,225,10.0,6.333333333333333,0.012562802948141917,9,1
C12000,140,29,40356.74,1391.6117241379309,623,9.172413793103448,4.793103448275862,0.02149822759520311,14,3
C12001,110,22,25302.2,1150.1000000000001,549,6.818181818181818,3.6818181818181817,0.05751946537318425,14,1
C12002,5,7,9166.97,1309.5671428571427,168,6.857142857142857,3.7142857142857144,0.02934219108690312,12,1
C12003,9,7,9520.19,1360.027142857143,193,8.428571428571429,4.428571428571429,0.029072180719512505,14,1
C12004,139,16,11621.9,726.36875,531,6.4375,3.5625,0.03255237056676337,12,3
C12005,279,3,2478.4700000000003,826.1566666666668,329,7.0,4.333333333333333,0.04181132133827157,6,1
C12006,6,62,195851.95,3158.902419354839,697,17.806451612903224,9.241935483870968,0.02213698064369758,14,3
C12007,1,4,3124.77,781.1925,228,8.75,4.5,0.022287234042553193,8,2
C12008,2,76,124289.9,1635.3934210526315,542,9.118421052631579,5.0131578947368425,0.019278232701498876,14,3
C12009,25,35,59742.61,1706.9317142857144,619,13.314285714285715,7.085714285714285,0.03161632934109995,14,1
C12010,60,17,12308.31,724.0182352941176,580,7.0588235294117645,3.588235294117647,0.0467659942255982,13,3
C12011,39,33,19946.12,604.4278787878787,547,5.121212121212121,2.6666666666666665,0.014907180772779086,14,2
C12012,3,100,183226.8,1832.2679999999998,724,10.27,5.56,0.02096317789051203,14,3
C12013,5,10,3195.99,319.599,324,3.5,1.7,0.04196080900008093,9,3
C12014,28,34,43567.44,1281.3952941176472,539,10.352941176470589,5.411764705882353,0.022681317064219688,13,3
C12015,2,55,105893.34,1925.3334545454545,474,11.145454545454545,5.9818181818181815,0.03504492562999856,14,3
C12016,5,66,149366.41,2263.1274242424242,579,12.469696969696969,6.53030303030303,0.006583826567195407,14,3
C12017,10,5,4470.6,894.1200000000001,410,7.0,3.2,0.016761201809620374,6,1
C12018,282,11,9157.99,832.5445454545454,523,8.272727272727273,4.2727272727272725,0.04525902511644975,12,2
C12019,9,5,2128.42,425.684,91,4.0,2.2,0.0,8,3
C12020,15,12,4888.07,407.33916666666664,354,4.583333333333333,2.3333333333333335,0.09735099949217486,10,3
C12021,204,16,20410.18,1275.63625,517,8.5625,4.6875,0.05267428017108338,13,1
C12022,13,22,15789.35,717.6977272727273,461,5.7272727272727275,2.9545454545454546,0.02081428938206435,13,3
C12023,31,22,39524.72,1796.578181818182,657,14.772727272727273,7.7727272727272725,0.023955668382113257,13,2
C12024,3,5,5614.39,1122.8780000000002,76,7.6,4.0,0.03094411659621621,10,2
C12025,17,5,6381.6900000000005,1276.3380000000002,210,8.6,5.0,0.014121518283357276,9,2
C12026,9,11,6920.360000000001,629.1236363636364,630,3.3636363636363638,2.090909090909091,0.011265557112874169,9,1
C12027,165,25,47526.97,1901.0788,702,13.28,6.96,0.06086025389413148,13,3
C12028,3,21,12978.24,618.0114285714286,701,6.619047619047619,3.761904761904762,0.0365693058943527,11,3
C12029,148,22,34155.13,1552.505909090909,625,12.227272727272727,6.0,0.06715324001532752,14,3
C12030,1,60,171625.59,2860.4265,471,13.4,7.2,0.030094187773571836,14,3
C12031,37,5,8894.45,1778.89,81,12.2,5.4,0.005779022260972598,10,2
C12032,30,18,34236.07,1902.003888888889,358,14.555555555555555,7.888888888888889,0.06406121042477746,13,3
C12033,31,7,3403.97,486.28142857142853,359,5.857142857142857,3.0,0.10260547246761943,8,1
C12034,8,7,5619.549999999999,802.7928571428571,461,4.714285714285714,2.5714285714285716,0.15591701489129683,9,2
C12035,4,26,38165.31,1467.8965384615383,512,9.576923076923077,5.115384615384615,0.026474624520447316,14,3
C12036,176,13,10239.62,787.663076923077,491,6.230769230769231,3.4615384615384617,0.0247516548407067,11,1
C12037,94,9,4067.29,451.9211111111111,636,4.666666666666667,2.3333333333333335,0.0434114871809345,7,2
C12038,3,68,201480.09,2962.9425,596,16.926470588235293,8.838235294117647,0.005454399971330562,14,3
C12039,113,23,26836.81,1166.8178260869565,527,8.217391304347826,4.217391304347826,0.050547379921006344,13,3
C12040,29,18,21459.63,1192.2016666666668,579,7.055555555555555,3.9444444444444446,0.03776587444645922,13,2
C12041,8,22,23268.33,1057.6513636363636,586,7.2272727272727275,3.6363636363636362,0.06517713693867933,12,3
C12042,15,25,32861.21,1314.4484,500,8.68,4.56,0.019048153529132392,14,1
C12043,35,34,52526.22,1544.8888235294119,615,12.411764705882353,6.588235294117647,0.013913030745111497,14,3
C12044,17,35,67415.87,1926.167714285714,533,14.514285714285714,7.9714285714285715,0.02933539092665274,14,3
C12045,21,8,3560.51,445.06375,207,4.75,2.25,0.006099331167163546,11,2
C12046,11,35,38584.88,1102.4251428571429,643,7.914285714285715,4.228571428571429,0.031763816385613396,13,3
C12047,80,9,3661.41,406.8233333333333,412,4.666666666666667,2.4444444444444446,0.05557332480409403,11,2
C12048,10,18,7100.38,394.46555555555557,717,4.722222222222222,2.2777777777777777,0.08189925482655937,12,3
C12049,287,17,17981.63,1057.7429411764706,649,6.529411764705882,3.9411764705882355,0.09759448930134149,14,3
C12050,10,5,5240.57,1048.114,157,8.0,4.0,0.027405980431458143,10,2
C12051,36,14,6893.83,492.4164285714286,535,6.357142857142857,3.2857142857142856,0.08296486075195013,12,1
C12052,55,15,7456.5,497.1,622,6.2,3.2,0.04342281827535158,11,2
C12053,118,35,48558.93,1387.398,721,10.371428571428572,5.6,0.03917296613207943,14,3
C12054,2,99,340467.16,3439.062222222222,709,17.1010101010101,9.05050505050505,0.0007002816946881584,14,3
C12055,144,22,20603.63,936.5286363636365,725,6.409090909090909,3.3636363636363638,0.04511854201387022,14,3
C12056,14,34,35678.0,1049.3529411764705,722,8.911764705882353,4.705882352941177,0.039573253738350335,14,2
C12057,106,3,1355.9399999999998,451.97999999999996,149,4.666666666666667,2.3333333333333335,0.003981312804842217,5,2
C12058,6,25,20849.37,833.9748,458,6.28,3.24,0.024060331277166815,12,3
C12059,0,82,187224.3,2283.2231707317073,486,11.804878048780488,6.2560975609756095,0.002009368167356658,14,3
C12060,24,35,49913.75,1426.107142857143,612,10.714285714285714,5.457142857142857,0.018177980671105876,14,2
C12061,0,40,53467.56,1336.6889999999999,658,10.475,5.6,0.06536323142117072,14,3
C12062,1,12,7000.4,583.3666666666667,366,7.583333333333333,4.083333333333333,0.02579546213622498,9,2
C12063,35,35,43805.35,1251.5814285714284,646,8.742857142857142,4.6571428571428575,0.03351719268828117,14,3
C12064,55,11,7515.26,683.2054545454546,355,7.545454545454546,4.090909090909091,0.07304155195721461,12,2
C12065,23,12,5462.89,455.24083333333334,637,6.25,3.6666666666666665,0.046461293019634954,11,1
C12066,118,23,21567.31,937.7091304347827,714,8.0,4.434782608695652,0.08928447764773842,13,1
C12067,173,3,1837.0,612.3333333333334,187,5.333333333333333,2.6666666666666665,0.0,7,2
C12068,74,16,8750.43,546.901875,478,6.25,3.3125,0.06773156676258793,10,3
C12069,12,10,7832.5599999999995,783.256,519,7.2,3.8,0.06654892104250164,12,3
C12070,51,7,3874.87,553.5528571428571,222,6.571428571428571,3.4285714285714284,0.004524108023676422,10,1
C12071,54,9,5383.63,598.1811111111111,400,5.777777777777778,3.0,0.06358298052939725,11,3
C12072,191,22,23191.71,1054.1686363636363,644,7.909090909090909,4.363636363636363,0.0457582576558984,14,2
C12073,22,14,5644.83,403.20214285714286,474,4.571428571428571,2.642857142857143,0.05184044236460814,9,3
C12074,10,5,2234.31,446.86199999999997,290,5.2,3.2,0.05608222858736154,7,1
C12075,9,5,4806.1,961.22,64,6.2,3.8,0.035641978999664904,13,2
C12076,119,59,127821.03,2166.4581355932205,652,11.254237288135593,6.084745762711864,0.012576149680569183,14,3
C12077,364,13,13182.45,1014.0346153846154,629,7.230769230769231,3.923076923076923,0.06620231025931092,12,2
C12078,21,5,4167.44,833.4879999999999,108,6.0,3.4,0.0033147585679095017,11,2
C12079,115,7,4207.92,601.1314285714286,473,6.714285714285714,3.4285714285714284,0.08568200336791787,12,2
C12080,146,24,29595.05,1233.1270833333333,639,9.125,4.833333333333333,0.03363417588840526,14,2
C12081,10,46,50290.87,1093.2797826086958,729,8.565217391304348,4.673913043478261,0.05708396307372936,14,3
C12082,164,13,8126.66,625.1276923076923,678,6.538461538461538,3.3846153846153846,0.022909152118501416,12,2
C12083,36,16,17821.28,1113.83,441,10.3125,5.0,0.027512542659229294,12,1
C12084,33,61,173329.98,2841.475081967213,476,15.754098360655737,8.442622950819672,0.031195421594367573,14,3
C12085,3,17,28410.600000000002,1671.2117647058824,513,10.411764705882353,5.411764705882353,0.03516267065136182,14,3
C12086,32,5,1907.7399999999998,381.54799999999994,127,5.0,3.0,0.10469209036896593,7,1
C12087,346,8,4056.61,507.07625,643,6.5,3.375,0.032368789521767236,10,1
C12088,229,20,32772.24,1638.6119999999999,715,11.9,6.1,0.049117817478497805,14,2
C12089,5,83,228782.23,2756.4124096385544,540,14.301204819277109,7.783132530120482,0.024268722594343446,14,3
C12090,116,4,3938.71,984.6775,141,9.75,4.75,0.03619372488755989,7,2
C12091,13,92,181933.49,1977.5379347826085,722,11.728260869565217,6.108695652173913,0.028933573562648567,14,3
C12092,72,5,6816.19,1363.2379999999998,155,7.6,4.4,0.04279631621667926,12,2
C12093,47,4,1626.54,406.635,644,3.25,2.0,0.053616417154926134,6,2
C12094,1,4,6211.8,1552.95,57,10.0,5.25,0.0542456026028876,11,2
C12095,116,15,15756.039999999999,1050.4026666666666,427,9.466666666666667,5.066666666666666,0.0767270890490829,12,2
C12096,248,19,17188.61,904.6636842105263,648,8.0,4.2105263157894735,0.06302293571730332,13,3
C12097,2,30,34744.55,1158.1516666666669,662,9.5,5.1,0.02343065986811576,14,2
C12098,5,86,192453.85,2237.835465116279,593,12.034883720930232,6.244186046511628,0.005479340066965635,14,3
C12099,14,5,7382.03,1476.406,191,11.4,7.2,0.07628674285413974,14,1
C12100,29,9,4769.87,529.9855555555555,554,3.7777777777777777,2.2222222222222223,0.08449725629593234,10,2
C12101,27,9,2224.95,247.21666666666664,334,5.555555555555555,2.888888888888889,0.0257129970617471,10,3
C12102,25,8,3576.5699999999997,447.07124999999996,583,5.375,3.25,0.12273390647420253,10,2
C12103,6,7,11929.31,1704.1871428571428,133,11.285714285714286,5.285714285714286,0.025747718582425857,13,2
C12104,55,25,51239.96,2049.5984,450,11.6,6.24,0.021449634504278104,14,3
C12105,167,16,16010.67,1000.666875,654,7.1875,3.9375,0.04717165844110477,12,2
C12106,70,10,2224.87,222.487,355,3.8,2.2,0.09070585783121697,8,2
C12107,12,24,49673.83,2069.7429166666666,393,13.666666666666666,7.708333333333333,0.026690756841932426,14,3
C12108,107,3,2354.79,784.93,125,5.333333333333333,2.6666666666666665,0.07291002291356624,5,1
C12109,162,24,32119.75,1338.3229166666667,631,9.958333333333334,4.833333333333333,0.036056335322958155,12,2
C12110,4,38,65979.04,1736.2905263157893,525,10.789473684210526,5.7105263157894735,0.045495571934846823,14,3
C12111,21,22,49502.6,2250.1181818181817,560,17.181818181818183,8.318181818181818,0.004092261680227401,14,3
C12112,19,39,43108.15,1105.3371794871796,683,9.102564102564102,4.923076923076923,0.030529183763196983,14,3
C12113,9,19,7575.0199999999995,398.6852631578947,726,5.105263157894737,2.8421052631578947,0.05257299233555462,12,1
C12114,11,54,113910.93,2109.4616666666666,516,12.62962962962963,6.703703703703703,0.014861366500924419,14,3
C12115,50,28,34043.48,1215.8385714285716,359,9.142857142857142,5.0,0.04775320420389089,14,3
C12116,3,36,44883.64,1246.7677777777778,728,8.777777777777779,4.611111111111111,0.014817151239423256,14,3
C12117,17,14,7198.66,514.1899999999999,648,4.785714285714286,2.5714285714285716,0.029494043085003835,12,3
C12118,95,3,4118.03,1372.6766666666665,110,6.666666666666667,4.0,0.055577852338219,8,1
C12119,7,19,31201.05,1642.1605263157894,350,10.421052631578947,4.894736842105263,0.02227355113337244,14,3
C12120,17,5,1617.62,323.524,233,3.6,2.2,0.011814583129703841,7,1
C12121,111,26,26180.62,1006.946923076923,713,6.923076923076923,3.4615384615384617,0.03217015361809333,14,3
C12122,3,6,4023.12,670.52,251,5.333333333333333,2.8333333333333335,0.04230354477567528,7,3
C12123,6,21,34697.53,1652.2633333333333,510,12.238095238095237,5.857142857142857,0.004648364853611218,14,2
C12124,26,21,38262.89,1822.0423809523809,399,10.285714285714286,5.476190476190476,0.027025343236277158,14,2
C12125,2,72,164652.4,2286.838888888889,502,12.902777777777779,7.013888888888889,0.02694193909531327,14,3
C12126,5,81,276934.09,3418.9393827160497,647,17.91358024691358,9.604938271604938,0.01876622189190119,14,3
C12127,53,7,7518.3,1074.0428571428572,138,8.285714285714286,4.714285714285714,0.07274779080308084,10,2
C12128,34,5,4795.19,959.0379999999999,140,6.6,4.0,0.034248092740733586,11,2
C12129,13,29,33643.62,1160.124827586207,537,8.96551724137931,4.827586206896552,0.006272451720493689,14,2
C12130,208,7,6367.79,909.6842857142857,405,8.285714285714286,4.428571428571429,0.00396518768555045,8,3
C12131,2,81,247350.47,3053.7095061728396,550,15.209876543209877,8.419753086419753,0.0,14,3
C12132,10,18,14935.57,829.7538888888889,436,7.555555555555555,3.5555555555555554,0.0042017282957931374,11,2
C12133,134,5,2445.63,489.12600000000003,237,2.8,1.6,0.0541234621379425,7,1
C12134,21,31,56750.409999999996,1830.658387096774,610,13.741935483870968,7.354838709677419,0.007305305551843303,14,3
C12135,7,81,189732.13,2342.371975308642,532,12.382716049382717,6.851851851851852,0.004414832535985595,14,3
C12136,1,27,21843.0,809.0,693,4.962962962962963,2.5925925925925926,0.044016470069220506,12,2
C12137,14,8,4898.87,612.35875,375,7.625,3.625,0.04035550296970741,10,2
C12138,9,7,6242.76,891.8228571428572,493,3.7142857142857144,2.5714285714285716,0.06239383375962535,9,2
C12139,174,12,9780.36,815.0300000000001,417,6.583333333333333,3.5833333333333335,0.040005182603335514,13,3
C12140,13,6,3122.26,520.3766666666667,429,5.0,3.0,0.08799981305845136,10,1
C12141,19,13,13354.74,1027.2876923076924,474,10.307692307692308,5.230769230769231,0.03961149353208357,14,3
C12142,25,6,5623.55,937.2583333333333,118,8.0,4.0,0.04409352450726251,11,1
C12143,1,9,16289.359999999999,1809.9288888888887,167,8.777777777777779,4.888888888888889,0.01257695413182161,12,2
C12144,318,9,2608.92,289.88,499,4.444444444444445,2.5555555555555554,0.10706022479909096,8,1
C12145,155,9,8019.15,891.0166666666667,435,9.222222222222221,4.888888888888889,0.047454164266242216,11,2
C12146,19,27,41467.03,1535.815925925926,727,11.185185185185185,5.888888888888889,0.01199651279123709,13,3
C12147,16,31,31303.97,1009.8054838709678,588,9.516129032258064,5.032258064516129,0.03078703116011535,14,2
C12148,11,77,187141.53,2430.4094805194804,528,11.974025974025974,6.545454545454546,0.002477209317151287,14,3
C12149,3,27,41275.86,1528.7355555555555,512,11.666666666666666,6.111111111111111,0.008446824069100509,14,3
C12150,98,4,1483.98,370.995,310,6.5,3.25,0.05313732246085525,7,1
C12151,24,11,4765.719999999999,433.2472727272727,455,3.5454545454545454,2.0,0.04943962310440223,11,3
C12152,24,11,9766.64,887.8763636363636,477,8.818181818181818,4.545454545454546,0.0903236562755265,12,3
C12153,95,3,2360.67,786.89,102,3.0,1.6666666666666667,0.0,4,1
C12154,32,21,24390.06,1161.4314285714286,654,7.476190476190476,4.0476190476190474,0.00754370723628662,14,3
C12155,5,28,63016.36,2250.5842857142857,581,14.357142857142858,7.678571428571429,0.019367291971543514,13,2
C12156,126,3,2865.6400000000003,955.2133333333335,214,4.333333333333333,2.0,0.03417221935740454,6,1
C12157,359,3,2329.37,776.4566666666666,396,8.666666666666666,4.666666666666667,0.02772769012438434,7,1
C12158,0,34,51152.76,1504.4929411764706,574,9.764705882352942,5.4411764705882355,0.05008678748514622,14,3
C12159,11,8,8016.1,1002.0125,138,6.375,2.875,0.02129296135767047,10,2
C12160,251,13,16290.93,1253.1484615384616,472,7.3076923076923075,3.5384615384615383,0.03886220525167806,12,2
C12161,42,11,3608.51,328.04636363636365,469,5.181818181818182,2.909090909090909,0.0986926896524163,12,3
C12162,9,8,9682.34,1210.2925,122,10.25,4.125,0.038064752003878606,13,2
C12163,94,2,1618.8200000000002,809.4100000000001,122,5.0,3.0,0.07543549031926436,4,2
C12164,0,34,35281.82,1037.7005882352942,625,8.5,4.470588235294118,0.023414154006950894,14,3
C12165,34,8,4990.76,623.845,605,6.875,3.0,0.10399281867145423,9,2
C12166,26,18,25407.29,1411.516111111111,458,10.777777777777779,5.888888888888889,0.03383313685971784,13,3
C12167,8,28,25814.1,921.9321428571428,470,7.785714285714286,4.25,0.0377778995429705,14,3
C12168,8,33,42213.91,1279.209393939394,598,9.636363636363637,5.363636363636363,0.00723188454195556,14,3
C12169,12,27,19246.9,712.8481481481482,580,5.481481481481482,2.962962962962963,0.01848252846986613,13,3
C12170,75,4,3438.37,859.5925,125,8.5,4.75,0.0613676132966802,10,1
C12171,0,5,9365.8,1873.1599999999999,94,9.0,4.8,0.004613564794493905,10,2
C12172,10,25,14585.46,583.4184,629,7.56,4.08,0.06999049296919685,13,2
C12173,33,8,6133.61,766.70125,335,8.375,4.5,0.0876839919561156,10,1
C12174,273,14,21637.34,1545.5242857142857,580,10.5,5.285714285714286,0.05899856266539676,13,2
C12175,44,57,88574.09,1553.9314035087718,507,9.456140350877194,5.2631578947368425,0.006274530658330394,14,3
C12176,9,20,11598.64,579.932,541,4.05,2.4,0.08320712779377963,13,3
C12177,3,87,275768.1,3169.7482758620686,638,16.06896551724138,8.620689655172415,0.010103745446192788,14,3
C12178,16,9,4051.03,450.1144444444445,329,4.777777777777778,2.5555555555555554,0.08825680763959065,7,2
C12179,256,5,877.44,175.488,405,2.4,1.6,0.012258957819729157,4,1
C12180,57,30,36378.85,1212.6283333333333,423,10.366666666666667,5.533333333333333,0.0525161725860667,14,2
C12181,10,31,29160.35,940.6564516129032,637,5.741935483870968,3.0,0.004711861398574667,13,3
C12182,7,30,58518.29,1950.6096666666667,700,14.1,7.433333333333334,0.01971499206468596,14,2
C12183,136,20,21734.79,1086.7395000000001,569,9.0,4.8,0.04202735151831427,13,1
C12184,126,21,34993.24,1666.3447619047618,701,11.761904761904763,6.095238095238095,0.03956309793600663,13,3
C12185,46,26,37609.85,1446.5326923076923,384,13.538461538461538,7.076923076923077,0.018572307971724537,14,3
C12186,36,8,6062.04,757.755,310,5.5,2.625,0.0200023602558776,10,3
C12187,3,27,53500.58,1981.502962962963,408,13.148148148148149,7.148148148148148,0.01801491756829357,14,3
C12188,46,17,28149.420000000002,1655.8482352941178,494,13.117647058823529,7.352941176470588,0.0018856417493422592,13,3
C12189,6,37,68551.56,1852.744864864865,550,12.432432432432432,6.891891891891892,0.004674800318787204,14,3
C12190,3,5,2340.44,468.088,369,3.2,2.0,0.05646442249546463,8,1
C12191,18,8,4060.18,507.5225,394,5.125,3.0,0.06003472624146313,9,3
C12192,17,32,32517.47,1016.1709375,625,7.15625,4.0625,0.016622251952997418,13,3
C12193,10,7,7806.89,1115.27,162,7.571428571428571,4.0,0.007580226072011512,13,2
C12194,5,11,4991.1,453.73636363636365,397,5.909090909090909,3.3636363636363638,0.03054564948838076,12,1
C12195,201,22,34138.12,1551.7327272727273,630,12.954545454545455,6.954545454545454,0.021676195388958146,14,2
C12196,8,9,4530.32,503.3688888888889,386,6.444444444444445,3.111111111111111,0.0802314485839001,10,3
C12197,207,3,1534.5,511.5,274,3.6666666666666665,2.3333333333333335,0.0916947336644154,3,1
C12198,3,37,34340.11,928.1110810810811,586,7.4324324324324325,3.810810810810811,0.026346955642788994,13,3
C12199,29,99,292461.2,2954.1535353535355,703,17.181818181818183,9.06060606060606,0.0,14,3
C12200,254,20,31311.4,1565.5700000000002,630,11.7,6.65,0.028530633735193198,14,2
C12201,3,102,207726.23,2036.5316666666668,729,10.049019607843137,5.362745098039215,0.0,14,3
C12202,30,7,4823.39,689.0557142857143,139,6.714285714285714,3.4285714285714284,0.04753639329241803,11,2
C12203,23,10,7454.29,745.429,675,5.5,3.1,0.039649319445249645,11,3
C12204,4,35,65981.87,1885.1962857142855,660,12.685714285714285,6.542857142857143,0.0030689737960223305,14,3
C12205,59,14,7295.9,521.1357142857142,667,5.071428571428571,2.7857142857142856,0.07206123258819098,13,1
C12206,7,7,4916.65,702.3785714285714,125,5.142857142857143,2.4285714285714284,0.003801102643954606,7,2
C12207,134,3,934.0,311.3333333333333,228,2.6666666666666665,2.3333333333333335,0.0,3,3
C12208,90,9,4032.0099999999998,448.0011111111111,380,6.444444444444445,3.2222222222222223,0.07489181859481188,12,2
C12209,15,11,7879.46,716.3145454545455,552,7.2727272727272725,3.6363636363636362,0.07913334431904373,11,2
C12210,231,5,3912.3,782.46,509,7.2,3.2,0.048623016596753596,6,2
C12211,31,10,5628.66,562.866,292,5.8,3.0,0.09786850747440815,10,3
C12212,108,4,3258.4700000000003,814.6175000000001,218,8.0,4.25,0.04583322352334854,8,2
C12213,275,9,4351.77,483.53000000000003,589,4.555555555555555,2.7777777777777777,0.018558612197399224,11,2
C12214,31,4,1197.91,299.4775,183,3.75,2.25,0.06141972890386272,6,2
C12215,5,25,26507.12,1060.2848,310,6.76,3.76,0.0,14,3
C12216,22,24,35138.36,1464.0983333333334,491,10.5,5.75,0.04973981559656896,13,3
C12217,129,10,8749.13,874.9129999999999,514,8.6,4.8,0.06986290010503621,12,2
C12218,30,14,19508.670000000002,1393.4764285714286,393,10.285714285714286,5.5,0.019597821760683143,13,2
C12219,22,9,4037.0899999999997,448.56555555555553,528,5.333333333333333,2.6666666666666665,0.1053103974044164,9,3
C12220,19,27,35016.9,1296.9222222222222,570,8.11111111111111,4.222222222222222,0.05289182969801289,13,3
C12221,13,45,50189.69,1115.3264444444444,650,8.0,4.4,0.02727333865535746,14,3
C12222,16,20,33928.37,1696.4185000000002,361,12.2,6.35,0.016548461301221357,14,3
C12223,114,20,25149.8,1257.49,700,6.7,3.3,0.085028287948799,14,3
C12224,293,26,38416.84,1477.5707692307692,646,13.076923076923077,6.846153846153846,0.05733364938073848,13,2
C12225,129,3,1755.33,585.11,261,7.0,4.0,0.062123316948065825,4,2
C12226,315,5,2648.26,529.652,576,5.6,3.0,0.023963615992451937,9,1
C12227,186,9,16327.95,1814.2166666666667,399,11.444444444444445,5.777777777777778,0.05235345327916425,13,3
C12228,2,9,14209.810000000001,1578.867777777778,203,9.777777777777779,5.333333333333333,0.008897029232000012,14,1
C12229,8,61,123567.86,2025.7026229508197,591,10.80327868852459,6.049180327868853,0.019848938155259822,14,3
C12230,85,9,4871.97,541.33,387,5.333333333333333,2.6666666666666665,0.07656659584187052,11,2
C12231,5,15,9697.66,646.5106666666667,609,5.666666666666667,2.933333333333333,0.019026376349796426,12,2
C12232,7,61,157576.5,2583.22131147541,633,15.770491803278688,8.311475409836065,0.018301379448650408,14,3
C12233,9,5,3068.46,613.692,235,8.8,4.0,0.049403177887996336,8,2
C12234,25,9,5161.43,573.4922222222223,536,6.555555555555555,3.2222222222222223,0.032497938067031565,12,2
C12235,12,11,16066.15,1460.5590909090909,165,9.181818181818182,5.2727272727272725,0.006526219584966073,13,3
C12236,9,7,2979.59,425.6557142857143,345,3.5714285714285716,2.142857142857143,0.06487755428693379,8,2
C12237,20,6,6164.89,1027.4816666666668,78,8.5,4.333333333333333,0.14417060808700324,10,2
C12238,51,4,2663.72,665.93,91,7.25,4.75,0.06288215137592086,11,1
C12239,74,16,22907.28,1431.705,416,12.6875,6.375,0.05354020473393513,13,2
C12240,60,9,4688.22,520.9133333333334,482,5.555555555555555,3.0,0.11974675130820749,10,3
C12241,27,92,218182.19,2371.5455434782607,692,13.608695652173912,7.293478260869565,0.008123729708291835,14,3
C12242,38,12,7903.21,658.6008333333333,472,8.083333333333334,3.75,0.040462673375033995,10,2
C12243,13,15,17301.39,1153.426,402,9.866666666666667,5.4,0.01835806626401777,12,2
C12244,10,32,36890.29,1152.8215625,460,8.28125,4.65625,0.010627159291261672,14,3
C12245,3,7,11074.6,1582.0857142857144,76,6.428571428571429,3.857142857142857,0.010548868143168699,11,2
C12246,121,54,122887.45999999999,2275.6937037037037,581,10.87037037037037,5.722222222222222,0.004160747612051452,14,3
C12247,9,14,6416.35,458.3107142857143,493,3.9285714285714284,2.0,0.01395994277099639,10,3
C12248,59,10,5185.45,518.545,521,3.7,2.2,0.07842565753110599,10,2
C12249,145,3,1460.9299999999998,486.97666666666663,154,5.666666666666667,3.6666666666666665,0.044550537915699295,8,1
C12250,14,6,9033.119999999999,1505.5199999999998,72,10.5,5.0,0.013697553220644709,10,1
C12251,5,65,139751.04,2150.016,611,13.63076923076923,7.230769230769231,0.0173446691889958,14,3
C12252,58,11,16760.690000000002,1523.6990909090912,203,8.727272727272727,4.7272727272727275,0.017045004700513094,12,2
C12253,3,8,6813.969999999999,851.7462499999999,98,5.875,3.125,0.027818717496914662,11,3
C12254,43,22,25073.45,1139.7022727272727,587,9.681818181818182,5.363636363636363,0.054082654330815,14,3
C12255,0,5,1430.91,286.182,388,3.6,2.6,0.07884097902638118,8,2
C12256,176,11,8503.73,773.0663636363636,498,7.181818181818182,3.909090909090909,0.1010067479493444,13,3
C12257,33,7,2603.04,371.86285714285714,297,4.428571428571429,2.4285714285714284,0.010307396916525673,10,1
C12258,2,29,44387.15,1530.5913793103448,468,10.206896551724139,5.068965517241379,0.0019602318910706467,14,3
C12259,22,19,33860.99,1782.1573684210525,470,10.421052631578947,5.7894736842105265,0.0033210866484840386,14,2
C12260,3,42,24259.59,577.6092857142858,519,5.119047619047619,2.738095238095238,0.10897860631027168,14,3
C12261,258,3,958.8699999999999,319.6233333333333,328,4.666666666666667,3.0,0.06069570839414986,5,1
C12262,0,15,4983.85,332.2566666666667,514,4.333333333333333,2.4,0.07982533879841956,9,3
C12263,90,17,27185.62,1599.1541176470587,356,12.176470588235293,6.235294117647059,0.01708572292175407,12,2
C12264,31,4,4683.25,1170.8125,128,13.25,8.5,0.115789016582555,12,2
C12265,22,24,40985.19,1707.7162500000002,426,12.208333333333334,6.166666666666667,0.011230211125556654,13,3
C12266,33,6,2310.39,385.065,286,5.666666666666667,2.8333333333333335,0.07296276828382613,8,2
C12267,7,6,1589.5,264.9166666666667,405,3.3333333333333335,2.0,0.09786939396347208,8,3
C12268,61,29,24828.9,856.1689655172414,702,8.344827586206897,4.517241379310345,0.0033509443898977137,13,3
C12269,16,29,57432.92,1980.4455172413793,640,14.275862068965518,7.9655172413793105,0.027783528548244656,14,3
C12270,68,16,22796.58,1424.78625,390,9.6875,4.9375,0.0,12,3
C12271,226,16,9733.17,608.323125,548,6.0625,3.1875,0.06724032349415084,11,1
C12272,7,18,14325.07,795.8372222222222,499,7.444444444444445,3.7777777777777777,0.0772349003837267,13,1
C12273,42,5,1660.96,332.192,139,2.4,1.8,0.0,6,2
C12274,0,24,32935.63,1372.3179166666666,400,10.416666666666666,6.0,0.07459204577415421,14,3
C12275,87,6,2826.89,471.1483333333333,310,5.5,3.6666666666666665,0.13596212389813309,8,2
C12276,29,15,5971.33,398.08866666666665,295,5.266666666666667,2.7333333333333334,0.06329727491199778,13,1
C12277,2,27,43305.07,1603.8914814814814,608,11.814814814814815,6.111111111111111,0.0,14,3
C12278,89,18,19582.33,1087.9072222222223,446,8.88888888888889,4.277777777777778,0.024425809884310073,13,3
C12279,62,18,10657.630000000001,592.0905555555556,629,5.888888888888889,3.5,0.05265258485133738,13,2
C12280,7,70,152519.1,2178.844285714286,723,13.285714285714286,6.828571428571428,0.008097786058853083,14,3
C12281,2,4,1138.3400000000001,284.58500000000004,329,5.75,2.75,0.03514972749849552,7,2
C12282,13,8,7093.889999999999,886.7362499999999,140,6.5,3.375,0.011282481560564417,7,2
C12283,185,13,18969.48,1459.190769230769,672,10.307692307692308,4.923076923076923,0.010896083885819759,13,3
C12284,1,76,136756.88,1799.4326315789474,648,8.75,4.776315789473684,0.017095284997122227,14,3
C12285,89,9,8487.02,943.0022222222223,504,6.222222222222222,3.5555555555555554,0.047408355220329094,11,2
C12286,177,3,974.86,324.9533333333333,339,2.6666666666666665,1.6666666666666667,0.03939537266958338,4,2
C12287,64,26,16404.87,630.9565384615385,599,5.269230769230769,2.6538461538461537,0.04292435162788744,14,2
C12288,160,14,16098.55,1149.8964285714285,445,9.357142857142858,5.071428571428571,0.0490610551883708,14,2
C12289,3,22,27096.47,1231.6577272727272,397,7.545454545454546,4.454545454545454,0.030249770056939986,13,3
C12290,8,7,3271.39,467.34142857142854,478,6.142857142857143,2.857142857142857,0.09992874024305355,8,1
C12291,3,22,29472.96,1339.68,636,9.909090909090908,5.2727272727272725,0.035065163392209074,14,2
C12292,35,7,3780.29,540.0414285714286,248,5.428571428571429,2.857142857142857,0.01809884232864152,8,1
C12293,136,12,9394.04,782.8366666666667,678,7.083333333333333,3.6666666666666665,0.018878723315369512,12,1
C12294,2,5,8130.42,1626.084,93,7.4,4.2,0.017960846080259735,9,1
C12295,126,21,24729.43,1177.5919047619047,550,8.380952380952381,4.285714285714286,0.09102226881366299,13,3
C12296,81,6,4254.36,709.06,355,6.333333333333333,3.8333333333333335,0.027628198681672322,8,2
C12297,20,6,2386.91,397.8183333333333,237,4.833333333333333,2.5,0.128623267767702,11,1
C12298,27,26,23000.39,884.6303846153846,638,6.576923076923077,3.6538461538461537,0.02791855109913076,13,3
C12299,4,5,5196.41,1039.282,176,8.0,4.4,0.03560697589393256,9,2
C12300,14,8,5475.2,684.4,318,8.125,4.75,0.03146431938751864,12,1
C12301,38,28,37959.08,1355.6814285714286,486,9.464285714285714,5.214285714285714,0.018269272299030633,14,3
C12302,3,12,11069.460000000001,922.455,429,7.0,4.0,0.05855047121549871,13,1
C12303,86,15,3632.09,242.13933333333335,724,3.8,2.1333333333333333,0.0327812973511327,12,3
C12304,31,6,2830.35,471.72499999999997,246,7.833333333333333,4.666666666666667,0.03520881907800547,10,1
C12305,100,3,1289.02,429.67333333333335,139,4.333333333333333,2.3333333333333335,0.04471041612628303,5,1
C12306,90,15,5251.46,350.0973333333333,647,4.066666666666666,2.0,0.04823818965423497,10,3
C12307,12,82,180573.47,2202.1154878048783,619,12.146341463414634,6.2439024390243905,0.0006064210564533339,14,3
C12308,64,31,35672.43,1150.7235483870968,598,8.225806451612904,4.451612903225806,0.010411745531968015,14,2
C12309,3,5,1390.8200000000002,278.16400000000004,154,2.6,1.6,0.04761839546413212,3,2
C12310,25,8,9783.970000000001,1222.9962500000001,144,7.0,4.0,0.053512867195375124,12,2
C12311,126,8,11028.9,1378.6125,520,9.375,4.875,0.011846481356709722,11,1
C12312,8,58,131621.39,2269.334310344828,583,15.379310344827585,7.879310344827586,0.0,14,3
C12313,69,8,6243.1,780.3875,528,7.375,3.25,0.11096712638931411,11,1
C12314,127,9,5026.15,558.4611111111111,618,4.333333333333333,2.2222222222222223,0.03229191335170114,9,3
C12315,2,9,4239.87,471.09666666666664,411,5.0,2.7777777777777777,0.08962332009954328,9,2
C12316,14,4,4540.530000000001,1135.1325000000002,78,8.75,4.25,0.06209487847903594,8,2
C12317,30,7,3107.3,443.90000000000003,114,3.142857142857143,1.8571428571428572,0.024493614456318362,9,2
C12318,118,76,124410.15000000001,1636.975657894737,707,10.263157894736842,5.592105263157895,0.0,14,3
C12319,10,7,5263.08,751.8685714285714,124,5.714285714285714,3.142857142857143,0.018927715290178986,8,2
C12320,32,32,33873.64,1058.55125,635,7.84375,4.375,0.02134973352197364,13,3
C12321,81,13,9508.54,731.426153846154,714,6.153846153846154,3.1538461538461537,0.013254104808296994,11,3
C12322,17,16,18603.63,1162.726875,345,10.375,5.875,0.030103670028491663,14,3
C12323,2,86,219473.32,2552.0153488372093,608,14.372093023255815,7.755813953488372,0.0038750114659073472,14,3
C12324,3,91,213464.52,2345.763956043956,620,11.032967032967033,6.1098901098901095,0.018530962402752323,14,3
C12325,1,39,36060.73,924.6341025641026,699,7.0,3.923076923076923,0.02385999523038306,14,3
C12326,22,54,111631.49,2067.2498148148147,586,11.777777777777779,6.481481481481482,0.004361201839414337,14,3
C12327,153,11,8211.36,746.4872727272727,488,5.454545454545454,2.727272727272727,0.09623055181340308,10,2
C12328,42,4,2530.12,632.53,383,5.75,3.25,0.1273341841134067,6,1
C12329,6,72,185655.28,2578.5455555555554,661,14.777777777777779,8.041666666666666,0.03698205346623174,14,3
C12330,0,69,214168.87,3103.8966666666665,454,16.391304347826086,8.971014492753623,0.02678666044058891,14,3
C12331,117,3,1623.6699999999998,541.2233333333332,167,4.666666666666667,3.0,0.17019558540187765,6,2
C12332,57,4,2251.8199999999997,562.9549999999999,253,6.75,3.5,0.04201516221528304,6,1
C12333,52,5,3930.48,786.096,263,7.2,3.6,0.013743177968759802,10,1
C12334,19,8,6715.75,839.46875,212,4.25,2.5,0.022703062970767313,7,2
C12335,93,3,3708.5699999999997,1236.1899999999998,139,10.0,5.0,0.015680862075829763,10,1
C12336,18,33,22188.91,672.3912121212121,707,4.96969696969697,2.5454545454545454,0.018985052824436122,14,3
C12337,3,8,8794.81,1099.35125,206,8.25,4.0,0.05133064672710092,11,2
C12338,35,25,24877.59,995.1036,500,5.6,2.96,0.030477068639364106,13,3
C12339,1,19,34823.93,1832.8384210526317,387,13.631578947368421,7.368421052631579,0.022926921105342796,14,2
C12340,16,24,52684.59,2195.19125,478,14.333333333333334,7.708333333333333,0.03155659303057225,14,2
C12341,4,32,30610.31,956.5721875,638,5.84375,3.03125,0.015698817821555498,12,2
C12342,17,8,3129.14,391.1425,326,4.625,2.75,0.0422944728570423,9,2
C12343,1,28,38582.99,1377.9639285714286,472,10.321428571428571,5.785714285714286,0.011762394658910278,14,3
C12344,94,3,2787.2999999999997,929.0999999999999,123,5.333333333333333,3.6666666666666665,0.005767851983434815,8,1
C12345,113,9,5567.860000000001,618.6511111111112,462,6.111111111111111,3.5555555555555554,0.001262802920231753,12,2
C12346,5,93,240497.49,2585.994516129032,720,12.827956989247312,7.129032258064516,0.0028664675004669575,14,3
C12347,44,8,3879.05,484.88125,479,7.25,3.75,0.03531415923701521,9,2
C12348,16,11,13378.66,1216.2418181818182,181,7.909090909090909,4.2727272727272725,0.06429784885847592,12,3
C12349,25,8,2937.11,367.13875,278,3.5,2.125,0.0166266568902192,7,1
C12350,14,69,176549.69,2558.6911594202898,491,13.101449275362318,7.260869565217392,0.028154076299424412,14,3
C12351,132,22,16833.71,765.1686363636363,674,6.363636363636363,3.409090909090909,0.04827511734222544,12,2
C12352,62,11,4603.14,418.46727272727276,479,6.0,3.1818181818181817,0.06139585338401058,10,2
C12353,6,5,8228.39,1645.6779999999999,94,13.2,6.8,0.02517738016398706,11,1
C12354,189,7,8212.27,1173.1814285714286,362,8.428571428571429,4.714285714285714,0.05307429409539975,11,2
C12355,244,5,4007.69,801.538,714,10.8,5.4,0.07767846046920525,9,3
C12356,280,3,975.95,325.31666666666666,330,6.0,2.3333333333333335,0.06011344703718328,6,2
C12357,322,19,21128.48,1112.0252631578946,710,10.0,5.2105263157894735,0.05178658861406823,13,3
C12358,29,16,4858.93,303.683125,548,3.6875,2.25,0.05324986068407043,11,2
C12359,64,21,21187.16,1008.912380952381,346,9.619047619047619,5.190476190476191,0.032730858606379636,13,3
C12360,230,3,678.23,226.07666666666668,260,4.333333333333333,2.0,0.09542799221104857,5,1
C12361,52,13,5113.21,393.32384615384615,521,3.8461538461538463,2.1538461538461537,0.052997021869258566,11,2
C12362,0,5,8653.619999999999,1730.7239999999997,54,3.2,2.0,0.0,4,2
C12363,2,42,140014.16,3333.670476190476,441,17.785714285714285,9.261904761904763,0.01713694130675697,14,3
C12364,9,17,26694.5,1570.264705882353,402,12.588235294117647,6.647058823529412,0.020641571581454098,13,1
C12365,11,8,3905.16,488.145,652,6.5,3.75,0.11344489167671236,9,2
C12366,9,4,2409.62,602.405,89,4.75,2.5,0.0009287437910989859,4,1
C12367,4,17,9152.43,538.3782352941176,595,5.294117647058823,2.7058823529411766,0.02516639666152219,11,2
C12368,3,64,213194.33000000002,3331.1614062500003,623,16.203125,8.640625,0.026733093443138293,14,3
C12369,35,6,6504.93,1084.155,121,8.166666666666666,4.166666666666667,0.07857352297500012,10,2
C12370,277,10,7641.71,764.171,671,8.4,4.5,0.03845447270274759,13,3
C12371,43,5,2346.93,469.38599999999997,527,5.8,3.0,0.07404324153712619,8,1
C12372,7,9,10101.68,1122.408888888889,225,7.555555555555555,3.888888888888889,0.0096566923328804,14,3
C12373,6,33,36278.38,1099.3448484848484,718,7.636363636363637,4.0606060606060606,0.014242763069406873,14,3
C12374,170,21,20188.88,961.3752380952382,622,7.285714285714286,4.0476190476190474,0.0219930552326032,13,3
C12375,15,26,34587.0,1330.2692307692307,487,9.076923076923077,5.230769230769231,0.031824090776253866,14,1
C12376,6,8,6984.53,873.06625,227,6.0,3.25,0.026851509979448948,12,2
C12377,86,12,2923.58,243.63166666666666,694,3.6666666666666665,2.1666666666666665,0.0703003513904568,8,1
C12378,5,65,191370.74,2944.1652307692307,474,13.215384615384615,7.384615384615385,0.0011026089196906723,14,3
C12379,6,64,209731.08,3277.048125,590,16.5,8.640625,0.0,14,3
C12380,2,28,31977.92,1142.0685714285714,461,8.535714285714286,4.535714285714286,0.020230882689068214,13,3
C12381,184,10,11976.9,1197.69,400,10.1,5.8,0.05808214265491402,12,3
C12382,245,10,5390.06,539.0060000000001,656,7.7,3.8,0.06215461922857421,11,3
C12383,15,14,9551.77,682.2692857142857,551,6.714285714285714,3.7857142857142856,0.07597198440568438,12,2
C12384,11,32,84119.06999999999,2628.7209374999998,423,18.0,9.34375,0.0033630353073092734,14,3
C12385,14,5,4873.86,974.7719999999999,89,9.0,4.6,0.06343606239839507,10,2
C12386,19,4,1552.05,388.0125,240,4.25,2.5,0.12837519094258246,7,2
C12387,6,12,4661.8,388.48333333333335,446,5.75,3.0,0.03366160951372148,10,3
C12388,15,28,28863.57,1030.8417857142856,548,8.642857142857142,4.214285714285714,0.024267251447952314,13,2
C12389,4,6,7211.75,1201.9583333333333,73,8.833333333333334,4.5,0.03524320419520548,11,2
C12390,35,7,3832.06,547.4371428571428,252,8.857142857142858,4.0,0.07192695656385852,10,2
C12391,9,5,3514.63,702.926,76,5.8,3.2,0.07326829268292682,8,2
C12392,19,59,177841.31,3014.2594915254235,516,14.542372881355933,7.52542372881356,0.05684748396403277,14,3
C12393,233,14,12615.6,901.1142857142858,479,8.285714285714286,4.5,0.01796000722385866,12,3
C12394,420,3,2308.15,769.3833333333333,462,5.333333333333333,3.0,0.010982183410604257,8,2
C12395,18,12,5147.67,428.9725,366,5.0,2.5,0.06412976487207317,9,1
C12396,16,36,53385.84,1482.9399999999998,624,11.63888888888889,6.416666666666667,0.02295010800729065,14,3
C12397,30,26,49376.71,1899.1042307692308,505,12.923076923076923,6.8076923076923075,0.01696456337218354,14,3
C12398,23,5,4920.0199999999995,984.0039999999999,177,7.0,3.6,0.035836555363725264,9,1
C12399,45,11,6564.03,596.73,616,7.090909090909091,3.272727272727273,0.041680292925635666,8,3
C12400,73,13,5030.92,386.99384615384616,591,5.153846153846154,3.0,0.0471724378265868,10,3
C12401,0,75,196702.15,2622.695333333333,624,15.053333333333333,8.213333333333333,0.01809927262268059,14,3
C12402,12,23,27840.75,1210.4673913043478,338,9.782608695652174,5.217391304347826,0.01505189411668561,13,2
C12403,30,13,10588.18,814.4753846153847,426,6.3076923076923075,3.5384615384615383,0.03137281449659321,11,3
C12404,5,7,6611.79,944.5414285714286,289,7.714285714285714,3.7142857142857144,0.10155032334073005,8,2
C12405,23,19,13152.57,692.2405263157895,570,6.894736842105263,3.8947368421052633,0.0648278304050033,13,1
C12406,36,6,3636.25,606.0416666666666,286,6.5,3.6666666666666665,0.06514484630968419,10,1
C12407,4,100,361798.31,3617.9831,709,17.99,9.97,0.0031920046037425876,14,3
C12408,121,22,26656.93,1211.6786363636363,549,10.318181818181818,5.409090909090909,0.04731862213398759,13,3
C12409,192,4,1092.5,273.125,676,4.0,2.5,0.06668603061782395,7,1
C12410,1,6,6528.43,1088.0716666666667,134,8.0,4.166666666666667,0.04683599008354236,9,1
C12411,35,20,18778.48,938.924,673,7.25,3.9,0.046681849241700435,13,1
C12412,3,40,50712.7,1267.8174999999999,696,7.775,4.05,0.008752458929236004,14,3
C12413,42,33,49013.29,1485.2512121212121,532,10.121212121212121,5.151515151515151,0.018742737662133822,13,1
C12414,43,25,34193.68,1367.7472,430,10.96,5.68,0.05328813379123526,14,3
C12415,107,27,25327.6,938.0592592592592,674,7.777777777777778,3.962962962962963,0.07686139580994593,13,3
C12416,3,9,8110.52,901.1688888888889,155,7.333333333333333,3.6666666666666665,0.06044289573554147,12,2
C12417,162,6,3212.7599999999998,535.4599999999999,462,3.8333333333333335,2.6666666666666665,0.010974599881172635,10,1
C12418,221,3,2318.11,772.7033333333334,463,9.666666666666666,4.666666666666667,0.049382209773921174,7,1
C12419,10,5,4939.62,987.924,107,8.0,4.2,0.04794376653939484,9,2
C12420,162,12,18847.69,1570.6408333333331,557,11.166666666666666,5.916666666666667,0.0684692307578252,12,2
C12421,35,54,75673.54,1401.3618518518517,479,8.074074074074074,4.185185185185185,0.0,14,3
C12422,75,7,2785.59,397.9414285714286,473,4.714285714285714,3.0,0.0491925822009687,12,1
C12423,30,82,196201.59,2392.702317073171,659,14.036585365853659,7.560975609756097,0.0,14,3
C12424,128,15,25138.34,1675.8893333333333,400,13.4,7.066666666666666,0.039197520247363726,14,1
C12425,39,10,6591.23,659.1229999999999,510,6.6,3.5,0.10030111765701524,12,1
C12426,163,13,19037.02,1464.3861538461538,536,12.23076923076923,5.384615384615385,0.0544797309613483,13,3
C12427,12,47,58862.99,1252.4040425531914,697,9.170212765957446,5.0,0.030944808804882765,14,3
C12428,46,10,5343.4400000000005,534.344,464,7.3,4.0,0.09241242492594505,8,3
C12429,9,7,6992.1,998.8714285714286,63,7.428571428571429,3.857142857142857,0.025792716399943155,9,1
C12430,15,11,6010.63,546.420909090909,431,7.818181818181818,4.181818181818182,0.07549392827753809,11,1
C12431,1,101,180393.37,1786.0729702970298,644,9.94059405940594,5.217821782178218,0.010311463247382895,14,3
C12432,3,46,116252.48,2527.2278260869566,447,14.108695652173912,7.413043478260869,0.0,14,3
C12433,3,5,3506.0699999999997,701.2139999999999,79,5.8,3.0,0.08490196692558256,8,1
C12434,173,38,125113.06,3292.448947368421,486,16.0,8.552631578947368,0.01630413801817218,14,3
C12435,134,24,29767.3,1240.3041666666666,643,7.208333333333333,3.875,0.03060308991133301,13,2
C12436,80,10,2979.0299999999997,297.90299999999996,355,4.1,1.9,0.07049965990427397,7,2
C12437,9,79,188378.34,2384.5359493670885,696,11.367088607594937,6.063291139240507,0.008656048769626487,14,3
C12438,0,4,2809.45,702.3625,95,6.0,3.25,0.05508487402589103,7,2
C12439,43,6,4326.72,721.12,199,5.833333333333333,3.5,0.047917473506319745,8,3
C12440,31,10,9295.42,929.542,224,5.1,2.8,0.0,11,2
C12441,0,29,25219.61,869.6417241379311,367,6.206896551724138,3.2758620689655173,0.01975332538862601,13,3
C12442,26,11,3292.4700000000003,299.31545454545454,426,3.8181818181818183,2.0,0.0395025496808523,10,3
C12443,20,6,3217.25,536.2083333333334,580,8.166666666666666,4.166666666666667,0.01912810709788749,9,1
C12444,38,42,50422.63,1200.5388095238095,729,10.428571428571429,5.5476190476190474,0.025682044963916174,14,3
C12445,226,15,27960.54,1864.036,571,12.0,6.666666666666667,0.04617696964404258,14,3
C12446,31,19,10467.74,550.9336842105263,627,6.368421052631579,3.3157894736842106,0.12478187982592193,14,3
C12447,20,9,3198.98,355.4422222222222,395,4.555555555555555,2.5555555555555554,0.11179167094715974,10,2
C12448,36,18,28347.54,1574.8633333333335,418,9.5,5.166666666666667,0.010770451609391062,14,2
C12449,56,3,497.43,165.81,75,2.6666666666666665,1.3333333333333333,0.051140698916526776,4,2
C12450,10,19,27043.55,1423.3447368421052,463,9.210526315789474,4.842105263157895,0.0,12,3
C12451,2,62,184254.38,2971.8448387096773,447,15.064516129032258,8.129032258064516,0.028119256875187317,14,3
C12452,208,21,33629.93,1601.425238095238,657,12.142857142857142,6.714285714285714,0.08696345076949893,13,3
C12453,37,5,1878.49,375.698,579,3.4,2.2,0.06573928093620535,5,1
C12454,1,19,41339.84,2175.781052631579,340,11.842105263157896,6.157894736842105,0.0,14,3
C12455,10,10,5994.26,599.426,163,4.5,2.6,0.014980067111226505,13,3
C12456,15,5,2993.5,598.7,71,5.6,2.6,0.051747622637684294,8,3
C12457,10,11,5098.780000000001,463.5254545454546,517,8.272727272727273,4.363636363636363,0.07937837754879108,8,3
C12458,142,3,3650.4,1216.8,162,7.0,4.666666666666667,0.0,8,1
C12459,3,88,228569.92,2597.3854545454546,631,15.147727272727273,8.045454545454545,0.008422748265964737,14,3
C12460,335,3,1832.49,610.83,474,7.666666666666667,4.0,0.037855916496463804,5,2
C12461,31,21,11074.46,527.3552380952381,603,5.095238095238095,2.5714285714285716,0.028151203352273977,12,1
C12462,319,3,4143.07,1381.0233333333333,410,10.333333333333334,7.0,0.023187988928236297,9,1
C12463,43,15,6744.91,449.66066666666666,641,4.8,2.7333333333333334,0.07816877731704584,11,2
C12464,46,9,7734.9400000000005,859.4377777777778,210,5.222222222222222,2.6666666666666665,0.034144233914974065,10,2
C12465,61,14,10388.46,742.0328571428571,362,6.0,3.142857142857143,0.02850393612425023,10,3
C12466,37,9,5366.38,596.2644444444445,520,5.888888888888889,3.4444444444444446,0.06278347220597046,10,2
C12467,106,3,3735.04,1245.0133333333333,195,6.666666666666667,4.0,0.022795950991190868,7,1
C12468,4,6,2932.69,488.7816666666667,421,6.0,3.0,0.0876399950223992,8,2
C12469,2,79,208722.92,2642.062278481013,503,12.08860759493671,6.632911392405063,0.0056616278413898135,14,3
C12470,137,13,17125.420000000002,1317.3400000000001,472,10.846153846153847,5.6923076923076925,0.04828322841086925,13,3
C12471,1,21,38605.04,1838.335238095238,416,13.619047619047619,7.523809523809524,0.03296240844088552,14,3
C12472,17,8,2374.81,296.85125,372,3.75,2.375,0.05132824671433708,8,1
C12473,16,5,4918.22,983.644,61,6.4,3.2,0.023304213822864142,7,1
C12474,169,3,1138.4199999999998,379.4733333333333,254,5.0,2.6666666666666665,0.06189381391477755,5,1
C12475,154,11,16446.49,1495.1354545454546,404,11.909090909090908,6.363636363636363,0.056386756301325294,13,3
C12476,34,6,3811.17,635.195,262,6.0,3.3333333333333335,0.03150578758115955,8,1
C12477,80,6,3767.66,627.9433333333333,343,7.666666666666667,3.6666666666666665,0.02907372283841175,8,1
C12478,2,92,273237.46,2969.972391304348,682,15.021739130434783,8.184782608695652,0.01935865876418303,14,3
C12479,14,33,44863.01,1359.4851515151515,483,9.515151515151516,5.0,0.01185409196232699,14,3
C12480,23,7,3445.1099999999997,492.1585714285714,66,4.142857142857143,2.2857142857142856,0.023821397605109398,10,1
C12481,30,17,8398.880000000001,494.0517647058824,587,4.764705882352941,2.5294117647058822,0.07558537557150752,12,2
C12482,1,19,39883.93,2099.1542105263156,395,16.63157894736842,8.105263157894736,0.014353484045616009,14,3
C12483,10,95,137018.1,1442.2957894736842,654,7.978947368421053,4.2631578947368425,0.02894275473668052,14,3
C12484,49,9,7051.720000000001,783.5244444444446,429,7.333333333333333,3.7777777777777777,0.03746684847963681,10,2
C12485,13,4,7854.64,1963.66,112,10.75,5.25,0.01594973659318838,11,2
C12486,190,3,2894.79,964.93,221,9.333333333333334,5.0,0.04025263576685897,8,1
C12487,51,6,2089.8,348.3,481,5.333333333333333,2.0,0.05199983669247832,8,1
C12488,80,4,5223.39,1305.8475,122,5.75,2.75,0.01146486448636158,7,1
C12489,124,20,19988.7,999.4350000000001,570,7.35,4.0,0.03771358587412244,13,2
C12490,0,55,174774.86,3177.724727272727,575,15.709090909090909,8.381818181818181,0.026063459866705305,14,3
C12491,105,32,32656.04,1020.50125,701,8.78125,4.25,0.05603949274325468,14,3
C12492,62,18,10789.44,599.4133333333334,698,5.388888888888889,3.111111111111111,0.12046934648051277,12,2
C12493,32,11,9484.94,862.2672727272728,328,9.181818181818182,4.545454545454546,0.007882597826428042,12,3
C12494,124,33,42393.26,1284.6442424242425,700,10.545454545454545,5.363636363636363,0.03129793581099995,14,3
C12495,100,18,25551.63,1419.535,450,8.666666666666666,4.5,0.05661186134297411,14,3
C12496,173,15,13226.960000000001,881.7973333333334,542,6.466666666666667,3.466666666666667,0.0654729101489087,14,2
C12497,7,82,204579.37,2494.8703658536583,670,13.609756097560975,7.2317073170731705,0.02265784950814572,14,3
C12498,6,31,24294.75,783.7016129032259,674,6.258064516129032,3.2903225806451615,0.03781224888106651,14,3
C12499,16,24,33292.22,1387.1758333333335,378,10.333333333333334,5.708333333333333,0.035859354320793874,13,3
C12500,21,33,20941.39,634.5875757575758,694,4.757575757575758,2.727272727272727,0.04171073025123908,13,3
C12501,0,31,53001.18,1709.7154838709678,402,11.096774193548388,5.806451612903226,0.010074046680506644,14,3
C12502,4,31,33583.1,1083.3258064516128,671,8.451612903225806,4.967741935483871,0.004923367208643982,13,3
C12503,66,13,7904.49,608.0376923076923,543,6.769230769230769,3.0,0.05134356660225869,12,2
C12504,80,10,5718.96,571.896,490,5.2,2.5,0.12260321259262667,10,1
C12505,207,10,10174.52,1017.452,400,6.0,3.4,0.04856342664241597,14,3
C12506,287,8,3794.4900000000002,474.31125000000003,492,5.75,2.375,0.004097005327944148,8,1
C12507,112,22,28868.25,1312.1931818181818,569,11.272727272727273,6.318181818181818,0.0709254780421633,14,3
C12508,31,60,207005.97,3450.0995,460,16.966666666666665,9.283333333333333,0.006562544946349446,14,3
C12509,6,30,50237.08,1674.5693333333334,390,14.6,7.933333333333334,0.030252701030609428,14,2
C12510,2,4,1646.37,411.5925,275,4.0,3.0,0.04845104612183562,8,1
C12511,166,9,5293.91,588.2122222222222,479,6.333333333333333,3.2222222222222223,0.02420542539210319,8,3
C12512,200,25,32555.8,1302.232,572,8.96,4.68,0.04080097558647296,14,3
C12513,16,25,27128.03,1085.1212,474,8.52,4.6,0.03779031101882812,14,1
C12514,60,8,3224.64,403.08,274,4.375,2.375,0.018550701700455627,10,3
C12515,2,52,67600.28,1300.0053846153846,719,8.403846153846153,4.480769230769231,0.0037814883325021724,14,3
C12516,35,31,53193.35,1715.914516129032,520,12.290322580645162,6.612903225806452,0.031318192934913745,14,3
C12517,147,3,1538.32,512.7733333333333,246,6.333333333333333,2.6666666666666665,0.1304357656847948,5,1
C12518,72,9,4235.37,470.59666666666664,669,6.333333333333333,3.111111111111111,0.05988049206018014,11,2
C12519,10,19,19852.28,1044.856842105263,436,9.578947368421053,5.421052631578948,0.023684609135098664,12,3
C12520,31,25,36524.9,1460.996,663,10.56,5.68,0.0,14,3
C12521,190,4,1687.1899999999998,421.79749999999996,303,4.75,2.0,0.030851858234246653,6,2
C12522,34,7,9065.17,1295.0242857142857,116,8.428571428571429,4.857142857142857,0.013055941749073771,12,1
C12523,133,3,1569.72,523.24,173,6.666666666666667,3.0,0.042666861826697884,7,1
C12524,108,8,15526.27,1940.78375,425,13.375,7.375,0.007696196447938829,12,3
C12525,151,6,8989.97,1498.3283333333331,238,8.666666666666666,4.333333333333333,0.0847108531867237,8,2
C12526,1,9,20092.0,2232.4444444444443,231,13.555555555555555,7.333333333333333,0.01844111330624911,13,1
C12527,25,40,75764.45,1894.11125,664,13.25,6.95,0.008005018340878477,14,3
C12528,199,15,15969.03,1064.602,465,7.133333333333334,3.8,0.05726586953467311,14,3
C12529,63,7,1094.08,156.29714285714286,513,4.0,2.142857142857143,0.025509476984466296,7,2
C12530,6,32,38105.6,1190.8,583,8.9375,4.90625,0.01799460156798834,13,3
C12531,160,29,46076.36,1588.84,729,12.10344827586207,6.310344827586207,0.07532279463219403,13,2
C12532,88,10,6898.74,689.874,725,9.0,4.6,0.03333095124996322,12,2
C12533,68,15,16008.630000000001,1067.242,521,8.066666666666666,4.2,0.04460882902346011,12,1
C12534,8,23,21921.69,953.1169565217391,416,8.304347826086957,4.565217391304348,0.024133907708525214,12,3
C12535,9,25,31386.86,1255.4744,499,8.64,4.48,0.0,13,3
C12536,0,77,157412.45,2044.3175324675326,452,12.025974025974026,6.662337662337662,0.01022562304324381,14,3
C12537,7,28,23638.33,844.2260714285715,366,5.071428571428571,2.75,0.024627421789316192,12,3
C12538,10,5,3843.99,768.798,79,5.6,2.6,0.03071755832982417,7,1
C12539,0,9,2040.84,226.76,326,4.111111111111111,2.2222222222222223,0.04471603701605995,7,2
C12540,1,34,52659.54,1548.81,419,13.411764705882353,7.0588235294117645,0.01593798224785947,14,3
C12541,408,3,5328.78,1776.26,457,13.0,6.333333333333333,0.002695024311365142,10,1
C12542,100,4,8707.77,2176.9425,126,14.0,6.5,0.026494841672666455,10,1
C12543,50,7,2778.34,396.9057142857143,523,4.857142857142857,2.7142857142857144,0.09790348293921496,9,1
C12544,2,10,7988.26,798.826,450,5.4,3.0,0.10137545376925179,12,3
C12545,52,20,14930.76,746.538,632,7.6,4.1,0.07064887565441848,14,1
C12546,509,14,23013.79,1643.842142857143,693,12.785714285714286,6.714285714285714,0.054481802901987564,13,2
C12547,5,33,44618.74,1352.0830303030302,474,10.878787878787879,5.303030303030303,0.023855398754953877,14,3
C12548,6,13,6436.65,495.12692307692305,395,6.6923076923076925,3.3076923076923075,0.08309306605735646,12,3
C12549,82,19,18339.47,965.2352631578948,547,6.7894736842105265,3.8421052631578947,0.005452274700501789,13,3
C12550,84,25,37095.53,1483.8211999999999,435,12.64,6.48,0.01669252909058811,13,2
C12551,2,97,247588.96,2552.4635051546393,586,14.597938144329897,7.845360824742268,0.0,14,3
C12552,40,3,2281.58,760.5266666666666,97,3.6666666666666665,2.3333333333333335,0.0436433751100306,7,1
C12553,41,11,7567.5,687.9545454545455,551,6.636363636363637,3.8181818181818183,0.07544627203565533,12,2
C12554,26,6,2920.06,486.6766666666667,360,5.5,3.0,0.03492699306615902,9,3
C12555,0,8,13154.17,1644.27125,61,9.0,4.625,0.00667469129835923,14,2
C12556,167,18,20162.309999999998,1120.128333333333,667,7.388888888888889,4.166666666666667,0.06490512378848129,13,2
C12557,57,5,6299.860000000001,1259.9720000000002,104,8.8,4.6,0.047458775216443344,12,3
C12558,18,26,51526.87,1981.8026923076925,538,13.23076923076923,7.230769230769231,0.02547977657866074,13,3
C12559,119,3,1548.33,516.11,297,5.333333333333333,2.6666666666666665,0.10276588223704416,6,2
C12560,1,79,182288.72,2307.452151898734,624,13.227848101265822,7.3544303797468356,0.0097282967413536,14,3
C12561,77,13,4406.05,338.9269230769231,502,4.615384615384615,2.230769230769231,0.035068700752050944,10,3
C12562,16,99,365576.31,3692.69,715,17.414141414141415,9.292929292929292,0.0,14,3
C12563,9,24,25577.9,1065.7458333333334,693,7.041666666666667,3.5,0.06395902453448449,14,3
C12564,14,24,37030.72,1542.9466666666667,305,11.166666666666666,6.125,0.02542478599502379,14,3
C12565,1,11,12861.130000000001,1169.1936363636364,155,9.363636363636363,5.2727272727272725,0.01525003254136582,13,2
C12566,35,7,9614.53,1373.5042857142857,149,6.428571428571429,3.857142857142857,0.06303093854488365,12,2
C12567,103,3,1230.44,410.1466666666667,135,3.3333333333333335,2.6666666666666665,0.0,6,1
C12568,5,62,173602.21,2800.03564516129,479,15.290322580645162,8.241935483870968,0.005285442486204671,14,3
C12569,137,27,30761.59,1139.318148148148,661,7.962962962962963,4.296296296296297,0.0,14,2
C12570,150,7,1643.74,234.82,428,3.142857142857143,1.8571428571428572,0.023547862039468213,7,2
C12571,4,10,7848.82,784.882,703,4.4,1.9,0.08933303630684693,9,1
C12572,201,3,2289.34,763.1133333333333,280,7.0,4.0,0.007267681366809766,7,1
C12573,82,6,5084.7,847.4499999999999,237,7.5,4.333333333333333,0.05809759684939602,9,1
C12574,39,4,4166.88,1041.72,63,6.5,4.0,0.06211764494042127,11,2
C12575,18,31,45294.38,1461.1090322580644,471,11.451612903225806,5.903225806451613,0.011993444755619085,14,3
C12576,47,18,10791.3,599.5166666666667,529,6.777777777777778,3.5,0.03316671878037789,12,3
C12577,4,5,7349.67,1469.934,100,9.4,5.8,0.004325620461688523,11,1
C12578,35,14,8245.92,588.9942857142858,671,6.5,3.0,0.020230080630404768,12,3
C12579,7,10,10832.47,1083.2469999999998,313,7.5,3.8,0.031658356143321215,14,1
C12580,0,63,216249.59,3432.5331746031748,610,15.80952380952381,8.285714285714286,0.008032998412528688,14,3
C12581,128,17,10974.29,645.5464705882354,679,4.9411764705882355,2.5294117647058822,0.012165329665581702,12,3
C12582,150,21,21327.33,1015.5871428571429,553,7.285714285714286,4.428571428571429,0.04786027464165287,13,3
C12583,1,98,225650.01,2302.5511224489796,685,11.33673469387755,6.244897959183674,0.00955027878535799,14,3
C12584,46,24,24819.69,1034.15375,589,7.833333333333333,4.208333333333333,0.09428560793827344,14,3
C12585,63,36,46686.47,1296.846388888889,718,7.722222222222222,4.333333333333333,0.03199409158662753,14,2
C12586,7,69,247287.05,3583.8702898550723,653,19.652173913043477,10.44927536231884,0.0,14,3
C12587,3,70,196401.96,2805.7422857142856,556,14.857142857142858,7.8428571428571425,0.018861696098440562,14,3
C12588,2,100,325158.08,3251.5808,725,16.25,8.79,0.00982826466719576,14,3
C12589,24,5,2521.86,504.372,202,4.6,2.4,0.01414749516233068,7,2
C12590,5,16,8424.18,526.51125,563,5.125,2.5625,0.05372872788542544,12,2
C12591,19,14,16318.35,1165.5964285714285,359,7.714285714285714,4.142857142857143,0.003842188252573515,11,1
C12592,1,5,6001.21,1200.242,63,8.4,4.2,0.034428553270294225,9,2
C12593,8,72,161406.75,2241.7604166666665,506,13.11111111111111,6.986111111111111,0.0,14,3
C12594,14,6,2318.99,386.4983333333333,382,6.666666666666667,3.6666666666666665,0.04523128229408979,7,3
C12595,162,17,27473.079999999998,1616.0635294117646,536,13.411764705882353,7.235294117647059,0.033245313507289785,14,2
C12596,4,9,4925.98,547.3311111111111,421,5.666666666666667,2.5555555555555554,0.08295852260034253,9,2
C12597,221,9,6484.62,720.5133333333333,538,5.444444444444445,3.111111111111111,0.08052310454008572,9,3
C12598,47,5,1967.34,393.46799999999996,319,7.8,3.8,0.04866124750359048,9,1
C12599,76,10,3930.64,393.06399999999996,429,5.3,2.6,0.04978508816461908,10,2
C12600,0,6,4468.38,744.73,128,5.833333333333333,3.0,0.021923853134699488,8,2
C12601,53,26,27828.28,1070.3184615384614,485,6.923076923076923,3.6153846153846154,0.029312527316443095,13,3
C12602,0,7,4566.92,652.4171428571428,293,7.428571428571429,4.571428571428571,0.021114881157792528,9,2
C12603,0,13,14049.86,1080.7584615384617,153,7.923076923076923,4.230769230769231,0.02568405635693744,13,2
C12604,17,52,114678.69,2205.359423076923,475,13.115384615384615,6.6923076923076925,0.013280256818515232,14,3
C12605,7,12,7926.030000000001,660.5025,274,5.916666666666667,3.5,0.04110667920022356,13,3
C12606,16,68,117732.02,1731.3532352941177,647,9.088235294117647,4.779411764705882,0.017598806686321584,14,3
C12607,67,14,15156.009999999998,1082.5721428571428,458,9.214285714285714,5.428571428571429,0.02707447856785663,14,3
C12608,2,53,163111.63999999998,3077.5781132075467,493,16.962264150943398,9.169811320754716,0.00606543217956185,14,3
C12609,105,26,17345.54,667.1361538461539,720,5.923076923076923,3.1923076923076925,0.026845219627659966,12,2
C12610,14,77,229006.82,2974.1145454545454,570,15.935064935064934,8.519480519480519,0.02980494491574467,14,3
C12611,39,13,4455.47,342.72846153846154,272,3.4615384615384617,2.0,0.10282494749411512,8,3
C12612,133,17,9171.52,539.5011764705882,396,4.529411764705882,2.176470588235294,0.07950291358797872,11,2
C12613,19,15,14699.76,979.984,372,8.933333333333334,4.666666666666667,0.02206444900082627,14,2
C12614,4,34,44232.95,1300.9691176470587,570,10.117647058823529,5.735294117647059,0.023204792005962403,14,3
C12615,13,7,3010.46,430.0657142857143,276,7.142857142857143,3.7142857142857144,0.03426085729133919,9,2
C12616,0,49,75110.74,1532.8722448979593,721,10.653061224489797,5.653061224489796,0.03444395395097631,14,3
C12617,60,13,5634.610000000001,433.4315384615385,546,5.230769230769231,2.4615384615384617,0.09814061657199287,12,3
C12618,1,115,249988.51,2173.8131304347826,669,13.234782608695653,7.017391304347826,0.0017133383138147342,14,3
C12619,45,7,7110.29,1015.7557142857142,186,7.285714285714286,3.7142857142857144,0.0462285309567373,12,3
C12620,6,36,48134.48,1337.068888888889,687,8.88888888888889,4.611111111111111,0.02350490768385277,14,3
C12621,12,11,14832.24,1348.3854545454544,329,12.272727272727273,6.909090909090909,0.017614043546970562,12,3
C12622,50,3,5504.97,1834.99,69,10.333333333333334,5.666666666666667,0.017776469328765653,8,1
C12623,6,5,4365.15,873.03,214,6.4,3.6,0.04381017053108879,9,2
C12624,106,22,24785.03,1126.5922727272728,617,8.772727272727273,4.681818181818182,0.07654857233129007,14,3
C12625,16,11,4505.6900000000005,409.6081818181819,457,5.363636363636363,2.3636363636363638,0.07242614513638702,7,1
C12626,6,11,4647.84,422.5309090909091,300,3.727272727272727,2.090909090909091,0.0687147099251019,10,2
C12627,152,12,10458.84,871.57,603,6.5,3.25,0.060697693424783275,13,1
C12628,0,61,100118.04,1641.279344262295,729,11.40983606557377,6.213114754098361,0.036129671016491054,14,3
C12629,6,23,31318.66,1361.6808695652173,308,9.956521739130435,5.173913043478261,0.019225505737400485,13,3
C12630,8,96,234459.08,2442.282083333333,618,12.572916666666666,6.65625,0.03503813890286624,14,3
C12631,94,5,3662.58,732.516,159,5.2,3.0,0.10380906472742933,8,2
C12632,136,22,22598.0,1027.1818181818182,566,7.363636363636363,3.9545454545454546,0.03233900935288581,13,2
C12633,4,8,3597.31,449.66375,475,4.5,2.625,0.06362725320491963,8,3
C12634,155,23,23641.34,1027.884347826087,626,6.6521739130434785,3.391304347826087,0.024207688345308537,14,3
C12635,2,27,23587.67,873.6174074074073,584,7.0,3.6296296296296298,0.06905352977625873,14,3
C12636,4,5,2712.05,542.4100000000001,94,3.8,2.4,0.02938976511808515,6,2
C12637,47,28,37638.75,1344.2410714285713,675,9.75,4.785714285714286,0.007275299561461697,13,3
C12638,1,25,32358.04,1294.3216,516,9.28,5.08,0.03140375638149319,14,2
C12639,18,72,140210.99,1947.374861111111,717,9.902777777777779,5.388888888888889,0.010505323268754694,14,3
C12640,1,4,2608.92,652.23,68,5.75,3.0,0.012901907666230297,8,1
C12641,90,19,15532.07,817.4773684210526,550,4.7894736842105265,3.0526315789473686,0.02033990242548669,13,3
C12642,171,9,4993.22,554.8022222222222,497,5.222222222222222,3.0,0.055693296341894696,12,2
C12643,46,9,4290.22,476.6911111111111,457,5.888888888888889,3.3333333333333335,0.04646945080345831,9,1
C12644,250,4,2777.75,694.4375,421,6.5,3.25,0.017688850224735393,7,2
C12645,10,63,119135.2,1891.0349206349206,633,10.158730158730158,5.412698412698413,0.0041479902062526545,14,3
C12646,7,7,2191.1800000000003,313.02571428571434,227,4.142857142857143,2.5714285714285716,0.06567058532570921,8,2
C12647,102,29,20794.57,717.0541379310345,661,5.172413793103448,2.793103448275862,0.020586247418358912,13,3
C12648,14,28,57969.21,2070.3289285714286,376,15.25,8.178571428571429,0.001966138007393161,14,3
C12649,4,7,4410.65,630.092857142857,278,5.0,2.2857142857142856,0.08964536489314712,10,3
C12650,3,9,6302.4800000000005,700.2755555555556,118,5.0,2.7777777777777777,0.030117617367297667,9,3
C12651,90,19,33137.23,1744.0647368421055,564,11.157894736842104,5.105263157894737,0.004505335384171694,14,3
C12652,11,21,36224.87,1724.9938095238097,529,13.047619047619047,6.714285714285714,0.025563547741505092,12,2
C12653,31,39,65090.31,1668.9823076923076,647,12.128205128205128,6.410256410256411,0.014092995625314103,14,3
C12654,3,10,3461.35,346.135,347,4.4,2.3,0.10506938178207889,9,3
C12655,34,8,4219.54,527.4425,455,5.25,2.25,0.07173090461105244,8,2
C12656,30,28,47507.04,1696.68,729,12.75,6.857142857142857,0.017670827058558613,14,3
C12657,25,4,1338.38,334.595,163,4.0,2.0,0.0,3,1
C12658,33,19,31787.5,1673.0263157894738,336,11.842105263157896,6.0,0.024120157786300812,14,2
C12659,44,6,2440.82,406.80333333333334,315,5.0,3.0,0.041537736589963084,8,1
C12660,0,11,5625.98,511.45272727272726,563,6.090909090909091,3.3636363636363638,0.11510307056865761,12,3
C12661,1,31,27920.850000000002,900.6725806451614,431,8.290322580645162,4.129032258064516,0.03774694893734931,13,2
C12662,36,5,4224.68,844.936,75,5.0,3.6,0.07367728638147653,7,1
C12663,22,37,32909.13,889.4359459459458,541,6.594594594594595,3.810810810810811,0.09344760988622755,13,3
C12664,7,7,8233.94,1176.277142857143,96,7.714285714285714,3.5714285714285716,0.017050724802041835,10,3
C12665,22,40,50029.1,1250.7275,624,10.0,5.55,0.00958049644210683,14,3
C12666,0,81,273943.45,3382.017901234568,585,19.296296296296298,10.234567901234568,0.042910196941264196,14,3
C12667,3,6,4079.45,679.9083333333333,114,6.0,3.6666666666666665,0.025297885710326307,9,1
C12668,64,14,6817.25,486.94642857142856,494,5.142857142857143,2.857142857142857,0.07791389219143303,12,1
C12669,3,12,8023.969999999999,668.6641666666666,613,7.083333333333333,3.6666666666666665,0.1297222020366572,11,1
C12670,65,4,5916.78,1479.195,120,8.75,4.25,0.0007447827210408719,11,1
C12671,49,5,5017.639999999999,1003.5279999999999,304,8.8,5.0,0.029310428213536074,11,2
C12672,42,5,5800.14,1160.028,95,8.8,4.4,0.031113858078310835,9,1
C12673,43,30,58627.67,1954.2556666666667,626,13.266666666666667,7.0,0.04076540898264081,13,3
C12674,136,21,19874.67,946.4128571428571,502,7.9523809523809526,4.190476190476191,0.05403399917753138,14,3
C12675,10,8,3560.45,445.05625,515,4.125,2.75,0.020463130325214657,12,1
C12676,14,7,2028.63,289.80428571428575,108,1.8571428571428572,1.1428571428571428,0.0,6,1
C12677,36,42,47485.63,1130.610238095238,656,10.095238095238095,5.428571428571429,0.014471521126474094,14,3
C12678,129,17,17831.54,1048.914117647059,389,7.647058823529412,4.352941176470588,0.04505729964670707,13,3
C12679,13,23,24938.77,1084.294347826087,436,7.913043478260869,4.260869565217392,0.016364106799570555,13,3
C12680,7,34,31105.75,914.875,666,6.911764705882353,3.5588235294117645,0.018274394922229195,14,3
C12681,6,75,111739.58,1489.8610666666666,590,6.866666666666666,3.506666666666667,0.02163444574165974,14,3
C12682,154,2,390.76,195.38,240,4.5,2.0,0.016659117217776437,4,1
C12683,37,11,9604.56,873.1418181818182,262,6.454545454545454,3.272727272727273,0.11830008179392155,11,3
C12684,5,14,7475.59,533.9707142857143,573,4.071428571428571,2.2857142857142856,0.0653339401410828,9,2
C12685,28,5,11861.42,2372.284,168,10.8,6.0,0.019161276558445534,12,1
C12686,72,5,3529.59,705.918,203,7.0,3.8,0.04198389368857332,6,2
C12687,28,9,6611.82,734.6466666666666,561,8.444444444444445,4.666666666666667,0.08016243671770987,9,1
C12688,41,30,41519.28,1383.9759999999999,583,10.033333333333333,5.7,0.01854212210379806,13,3
C12689,266,6,8921.529999999999,1486.9216666666664,490,8.333333333333334,4.166666666666667,0.06004562000537326,9,3
C12690,3,5,11175.23,2235.046,84,15.0,7.2,0.022639318039301772,13,2
C12691,2,10,9332.68,933.268,153,6.2,3.1,0.024665837574592158,14,2
C12692,111,14,12118.82,865.63,492,5.142857142857143,3.142857142857143,0.029011506372532133,13,3
C12693,1,7,9459.51,1351.3585714285714,133,8.142857142857142,4.428571428571429,0.03613754397977618,12,2
C12694,17,61,145637.04,2387.4924590163937,728,14.37704918032787,7.557377049180328,0.012854837909422101,14,3
C12695,135,23,25586.59,1112.4604347826087,541,9.173913043478262,5.086956521739131,0.050941099319138455,13,1
C12696,3,15,5422.73,361.51533333333333,574,4.533333333333333,2.7333333333333334,0.07469998344853945,12,2
C12697,21,23,27494.99,1195.434347826087,587,8.73913043478261,4.782608695652174,0.02383414795903333,14,2
C12698,103,20,30009.41,1500.4705,583,10.5,4.95,0.036303584789931884,13,3
C12699,40,6,3126.02,521.0033333333333,405,5.166666666666667,3.1666666666666665,0.0627385489030873,6,2
C12700,201,22,32307.15,1468.5068181818183,606,10.590909090909092,5.363636363636363,0.06005637831718666,14,2
C12701,198,15,18172.77,1211.518,492,6.6,3.2666666666666666,0.08217916142043069,12,3
C12702,156,16,12408.48,775.53,513,5.375,3.0625,0.03001915184678523,13,3
C12703,5,74,157846.1,2133.0554054054055,583,10.635135135135135,5.972972972972973,0.0,14,3
C12704,24,6,2365.13,394.18833333333333,392,4.5,2.5,0.05785976625052781,5,1
C12705,0,25,33419.65,1336.786,686,7.96,4.04,0.007225466151440401,13,3
C12706,26,48,64458.85,1342.8927083333333,696,11.8125,6.375,0.03763157592208588,14,3
C12707,8,17,31438.72,1849.3364705882354,392,11.647058823529411,5.764705882352941,0.03550995652562062,13,3
C12708,73,18,14092.44,782.9133333333334,419,5.555555555555555,3.388888888888889,0.0,13,2
C12709,0,34,46740.92,1374.7329411764706,662,11.647058823529411,6.4411764705882355,0.03518412366243834,14,2
C12710,5,13,9553.18,734.86,504,6.6923076923076925,3.4615384615384617,0.08626690680442385,11,2
C12711,83,9,5947.99,660.8877777777777,416,6.666666666666667,3.3333333333333335,0.12581881138788992,11,1
C12712,2,99,227037.37,2293.306767676768,605,11.919191919191919,6.353535353535354,0.009582349422295482,14,3
C12713,9,17,7369.99,433.52882352941174,618,5.0588235294117645,2.8823529411764706,0.047526797230199,12,3
C12714,0,59,100247.98,1699.1183050847458,714,12.220338983050848,6.47457627118644,0.015157159524373706,14,3
C12715,8,14,8982.83,641.6307142857142,604,6.071428571428571,2.857142857142857,0.075752103853558,11,2
C12716,180,19,28632.23,1506.9594736842105,715,12.105263157894736,6.7368421052631575,0.03739769995303351,14,2
C12717,0,20,39392.13,1969.6064999999999,395,12.2,6.45,0.03542650868987443,14,3
C12718,1,4,4928.8,1232.2,69,10.25,6.25,0.031578616451060214,11,2
C12719,14,62,132086.57,2130.4285483870967,566,11.451612903225806,6.17741935483871,0.0,14,3
C12720,382,2,1620.57,810.285,402,5.5,2.5,0.011298952467527714,4,1
C12721,5,74,162763.12,2199.501621621622,576,12.22972972972973,6.635135135135135,0.0,14,3
C12722,0,29,49114.45,1693.601724137931,632,11.310344827586206,5.724137931034483,0.012569052081810821,13,3
C12723,55,6,8331.27,1388.545,167,5.0,3.1666666666666665,0.0,10,1
C12724,159,12,16579.53,1381.6274999999998,500,10.0,5.25,0.035703255727928,12,2
C12725,12,24,26686.85,1111.9520833333333,617,8.75,4.666666666666667,0.043558182825595954,14,2
C12726,150,30,39848.75,1328.2916666666667,699,9.5,4.733333333333333,0.04286467459380521,14,2
C12727,57,10,6823.95,682.395,555,3.5,1.9,0.06487030187753604,10,3
C12728,73,19,26851.28,1413.2252631578947,488,11.68421052631579,5.947368421052632,0.01606540196484388,13,2
C12729,15,7,5873.72,839.1028571428571,174,5.428571428571429,3.142857142857143,0.09166234951171046,9,2
C12730,54,3,2352.13,784.0433333333334,75,6.666666666666667,3.3333333333333335,0.03923715071134185,7,2
C12731,16,4,2702.87,675.7175,71,6.5,3.0,0.06614357135206664,6,2
C12732,128,18,29995.78,1666.4322222222222,512,11.61111111111111,6.111111111111111,0.014263964011629379,14,3
C12733,32,6,6755.2,1125.8666666666666,63,5.833333333333333,3.0,0.04237523603227618,9,3
C12734,39,21,31695.38,1509.3038095238096,461,11.619047619047619,6.095238095238095,0.011646805251695725,14,3
C12735,10,13,7557.9,581.376923076923,445,6.769230769230769,3.769230769230769,0.08710871256226536,12,1
C12736,210,10,13459.83,1345.983,505,12.4,6.2,0.08176864780198151,14,3
C12737,6,38,33586.58,883.8573684210527,690,7.368421052631579,3.789473684210526,0.008065933267552065,14,3
C12738,17,68,239297.42,3519.079705882353,682,17.88235294117647,9.588235294117647,0.0,14,3
C12739,104,4,6045.55,1511.3875,143,7.75,3.25,0.04591500972936121,6,1
C12740,297,4,2864.02,716.005,515,5.25,3.0,0.032772047847730204,7,1
C12741,43,78,190687.74,2444.714615384615,592,14.846153846153847,7.769230769230769,0.03177141471403991,14,3
C12742,29,38,53527.65,1408.6223684210527,724,10.210526315789474,5.315789473684211,0.01555158383057548,14,3
C12743,109,12,10104.07,842.0058333333333,374,6.333333333333333,3.75,0.08334316150067951,12,2
C12744,23,34,53287.79,1567.2879411764707,437,12.764705882352942,6.735294117647059,0.03274921354294389,14,3
C12745,15,15,26731.41,1782.094,357,13.4,7.333333333333333,0.02399858335737001,12,3
C12746,73,12,6187.06,515.5883333333334,540,6.416666666666667,3.4166666666666665,0.09257360759725737,11,1
C12747,30,24,28927.65,1205.3187500000001,409,8.875,4.833333333333333,0.017521664337350622,14,3
C12748,8,34,46314.32,1362.1858823529412,626,9.294117647058824,4.764705882352941,0.01905245620671557,13,3
C12749,29,27,34204.52,1266.834074074074,703,9.037037037037036,4.518518518518518,0.0068601794558138755,12,3
C12750,16,5,2002.3700000000001,400.47400000000005,208,5.8,2.8,0.04288076937784407,7,2
C12751,42,34,58772.7,1728.6088235294117,552,13.323529411764707,7.088235294117647,0.013324957249403272,14,3
C12752,5,18,12433.73,690.7627777777777,514,6.0,3.1666666666666665,0.07923600255041023,13,1
C12753,6,35,35761.21,1021.7488571428571,609,7.9714285714285715,4.371428571428571,0.018045009140988697,14,3
C12754,111,25,31211.36,1248.4544,441,7.92,4.0,0.06740338887434727,14,2
C12755,154,7,9484.89,1354.9842857142855,371,12.285714285714286,7.142857142857143,0.05546764603077708,13,2
C12756,26,31,26755.079999999998,863.0670967741935,578,6.967741935483871,4.032258064516129,0.03912272580189287,14,2
C12757,21,62,181264.07,2923.6140322580645,634,15.85483870967742,8.5,0.02003371362985397,14,3
C12758,6,72,231027.86,3208.7202777777775,537,17.5,9.375,0.0,14,3
C12759,174,21,26310.55,1252.8833333333332,618,9.238095238095237,4.857142857142857,0.017699703150650205,14,1
C12760,72,5,1491.94,298.38800000000003,206,3.4,1.8,0.12182000117723232,6,1
C12761,143,3,1701.85,567.2833333333333,172,3.6666666666666665,2.3333333333333335,0.05946558346458869,7,1
C12762,15,6,8203.15,1367.1916666666666,121,7.166666666666667,3.8333333333333335,0.04840262632824463,10,2
C12763,15,28,22916.09,818.4317857142858,634,6.535714285714286,3.7142857142857144,0.03505593167097709,13,3
C12764,5,57,154004.75,2701.8377192982457,529,13.736842105263158,7.228070175438597,0.0,14,3
C12765,9,7,4362.56,623.2228571428572,70,6.285714285714286,3.7142857142857144,0.009854788265039788,10,3
C12766,7,53,147738.96,2787.527547169811,558,16.245283018867923,8.566037735849056,0.009912936194424071,14,3
C12767,3,8,16635.41,2079.42625,219,10.375,5.25,0.013653170224977586,13,3
C12768,120,8,6376.2,797.025,227,5.375,2.375,0.011581311783918857,11,3
C12769,148,17,13117.24,771.6023529411765,640,5.117647058823529,2.7058823529411766,0.02276425186995262,12,3
C12770,110,23,35697.520000000004,1552.066086956522,546,10.782608695652174,5.826086956521739,0.048120707746089224,14,3
C12771,1,89,180053.76,2023.07595505618,724,9.629213483146067,5.112359550561798,0.0,14,3
C12772,38,32,46096.18,1440.505625,670,10.375,5.875,0.040225984089334255,14,3
C12773,115,27,23091.34,855.2348148148149,564,6.592592592592593,3.2222222222222223,0.031384427461447435,14,3
C12774,1,12,5433.21,452.7675,623,6.583333333333333,3.5,0.06402071374921617,9,2
C12775,0,9,5231.83,581.3144444444445,117,3.5555555555555554,2.2222222222222223,0.040374544887609026,8,1
C12776,2,18,30603.96,1700.22,460,12.88888888888889,6.5,0.010914087996571613,14,2
C12777,45,4,7726.21,1931.5525,190,8.5,3.75,0.058205372934928216,9,2
C12778,47,5,4006.74,801.348,107,5.4,3.2,0.08798852798579655,8,2
C12779,5,6,2423.7999999999997,403.96666666666664,109,4.166666666666667,2.1666666666666665,0.04849017791247272,6,2
C12780,18,27,49565.31,1835.7522222222221,434,12.148148148148149,6.814814814814815,0.01992041562312028,14,2
C12781,39,35,101515.35,2900.438571428572,443,16.057142857142857,8.285714285714286,0.014200743054006542,14,3
C12782,254,9,15408.82,1712.091111111111,490,13.555555555555555,7.555555555555555,0.05595358440396763,13,2
C12783,342,3,1117.83,372.60999999999996,393,5.666666666666667,3.6666666666666665,0.03455572445242866,5,1
C12784,0,92,213014.08,2315.3704347826088,611,12.804347826086957,6.771739130434782,0.02188715729972007,14,3
C12785,8,16,27205.53,1700.345625,394,12.1875,6.3125,0.025725990996959592,12,3
C12786,91,3,2301.49,767.1633333333333,111,6.0,3.3333333333333335,0.02914886167578535,5,1
C12787,38,5,3666.25,733.25,137,7.8,3.8,0.04136291849264206,7,2
C12788,1,5,1573.33,314.666,536,5.6,2.8,0.13791554111439264,7,3
C12789,164,6,11177.689999999999,1862.948333333333,403,7.5,4.0,0.03368201741115039,10,1
C12790,24,6,4941.61,823.6016666666666,171,6.333333333333333,3.5,0.08263269181859867,9,1
C12791,97,3,1700.01,566.67,101,3.6666666666666665,2.3333333333333335,0.01424694708276798,6,1
C12792,22,11,4754.4,432.2181818181818,415,5.636363636363637,3.0,0.052054838220868184,11,3
C12793,96,4,4172.64,1043.16,141,5.25,2.25,0.0031249104096786216,7,2
C12794,14,8,9743.84,1217.98,160,7.875,4.125,0.025342121136039224,9,1
C12795,17,28,50174.67,1791.9524999999999,610,14.892857142857142,7.571428571428571,0.0,14,3
C12796,21,6,4172.34,695.39,297,8.166666666666666,3.8333333333333335,0.04538403459400096,8,2
C12797,0,62,161195.55,2599.9282258064513,609,12.306451612903226,6.903225806451613,0.0,14,3
C12798,7,40,69014.5,1725.3625,645,13.2,7.05,0.008090128129267281,14,3
C12799,12,42,56975.44,1356.5580952380953,692,11.119047619047619,5.714285714285714,0.08170350058852721,14,3
C12800,10,65,152436.58,2345.1781538461537,539,14.96923076923077,7.815384615384615,0.006694083324362709,14,3
C12801,15,7,3352.01,478.85857142857145,284,4.857142857142857,2.7142857142857144,0.0406409827104101,7,2
C12802,9,5,4020.99,804.198,234,8.0,3.8,0.10834490129901232,9,2
C12803,137,3,2101.01,700.3366666666667,326,6.333333333333333,3.6666666666666665,0.05365877827524391,6,2
C12804,43,24,15794.16,658.09,482,4.958333333333333,2.9583333333333335,0.025015741323752734,13,1
C12805,29,12,4474.58,372.88166666666666,711,4.25,2.6666666666666665,0.038543519927115834,11,1
C12806,29,4,1250.3600000000001,312.59000000000003,113,4.75,2.25,0.060917632391266796,5,2
C12807,3,55,139760.61000000002,2541.1020000000003,493,12.2,6.7272727272727275,0.011410952890712015,14,3
C12808,2,32,31014.440000000002,969.2012500000001,624,10.65625,5.59375,0.028719298723611078,14,3
C12809,0,10,9821.26,982.126,139,7.5,4.6,0.010078367141237242,11,3
C12810,41,12,8556.03,713.0025,589,9.166666666666666,4.583333333333333,0.12644456219772546,12,1
C12811,31,12,13131.640000000001,1094.3033333333335,335,9.833333333333334,5.333333333333333,0.005684984613893532,11,3
C12812,0,79,133338.59,1687.830253164557,680,8.734177215189874,4.810126582278481,0.03753939226040386,14,3
C12813,96,5,2041.27,408.254,381,6.0,3.2,0.09629534527488293,7,3
C12814,351,5,1027.46,205.49200000000002,509,3.2,1.6,0.10018741351829472,4,1
C12815,0,46,46362.6,1007.8826086956522,722,6.673913043478261,3.5652173913043477,0.0,13,3
C12816,89,9,4220.49,468.9433333333333,653,5.444444444444445,2.5555555555555554,0.02370140760360402,11,2
C12817,19,16,22381.01,1398.813125,366,8.6875,4.75,0.030861636843263016,12,3
C12818,9,30,27276.23,909.2076666666667,708,8.133333333333333,4.3,0.05761829855171706,13,3
C12819,9,17,5329.49,313.4994117647059,683,3.176470588235294,1.8235294117647058,0.04254180073262442,9,3
C12820,63,30,40451.700000000004,1348.39,573,9.4,5.4,0.025434958166535925,14,3
C12821,24,5,1528.94,305.788,295,4.2,2.4,0.06550293073204123,7,1
C12822,13,16,7982.21,498.888125,641,5.4375,3.0625,0.1322798198946414,12,2
C12823,164,15,21245.38,1416.3586666666667,528,12.466666666666667,6.866666666666666,0.08540002539912138,12,2
C12824,34,5,9370.77,1874.154,125,10.6,5.0,0.012016143826820766,8,1
C12825,3,6,7841.48,1306.9133333333332,138,7.166666666666667,4.0,0.02995440161709729,10,2
C12826,43,8,5018.57,627.32125,506,10.0,5.375,0.0365245871425774,11,2
C12827,48,17,7665.13,450.89,465,3.4705882352941178,2.0588235294117645,0.07343268932054091,10,2
C12828,4,7,5718.8,816.9714285714286,176,6.857142857142857,3.7142857142857144,0.016668558085471498,12,3
C12829,75,7,4798.4800000000005,685.4971428571429,448,5.285714285714286,2.7142857142857144,0.08483763119098431,10,1
C12830,26,33,28588.23,866.31,626,5.0,2.757575757575758,0.03148758015114336,14,3
C12831,135,23,25164.29,1094.0995652173913,665,10.521739130434783,5.478260869565218,0.041761198553900127,13,2
C12832,301,3,639.8,213.26666666666665,408,4.0,2.6666666666666665,0.047746621420491756,6,2
C12833,19,14,5522.66,394.4757142857143,589,3.5,2.0,0.12312702341806218,10,2
C12834,1,83,172017.04,2072.4944578313252,664,10.25301204819277,5.662650602409639,0.009167118689386978,14,3
C12835,13,5,4724.6,944.9200000000001,45,5.8,2.8,0.06630303748937767,8,1
C12836,100,7,6731.63,961.6614285714286,194,5.571428571428571,2.857142857142857,0.04398316795264531,12,3
C12837,24,5,6662.039999999999,1332.408,76,8.4,4.4,0.0,8,1
C12838,5,9,3668.73,407.63666666666666,550,6.0,3.3333333333333335,0.0518117440297736,10,2
C12839,3,80,221558.3,2769.4787499999998,625,14.05,7.775,0.01469045717984243,14,3
C12840,22,8,2654.61,331.82625,352,4.125,2.5,0.06610026385224275,7,1
C12841,31,12,6702.03,558.5024999999999,417,5.916666666666667,3.0833333333333335,0.11506482497454931,8,2
C12842,127,3,4203.950000000001,1401.3166666666668,200,8.666666666666666,4.333333333333333,0.007783937898431174,8,2
C12843,125,3,1714.72,571.5733333333334,225,4.666666666666667,2.6666666666666665,0.17089586879158286,4,1
C12844,82,5,1169.48,233.89600000000002,203,4.2,3.0,0.08530042079246641,7,3
C12845,4,43,61492.08,1430.0483720930233,654,10.093023255813954,5.395348837209302,0.02477563382285329,14,3
C12846,42,34,32810.22,965.0064705882353,561,4.617647058823529,2.4705882352941178,0.025425500947537885,12,3
C12847,10,8,6021.64,752.705,128,4.75,2.375,0.05597544323364202,12,3
C12848,44,7,5482.450000000001,783.2071428571429,122,4.571428571428571,2.857142857142857,0.009898397402325338,9,1
C12849,4,9,10011.57,1112.3966666666665,104,7.222222222222222,4.111111111111111,0.06203905652740928,11,3
C12850,76,3,7249.37,2416.4566666666665,88,11.333333333333334,7.0,0.06895471130592697,10,3
C12851,10,5,2016.4199999999998,403.284,215,4.0,2.8,0.16571021916232573,6,1
C12852,29,14,7077.9,505.5642857142857,704,4.142857142857143,2.2857142857142856,0.09183408993510077,11,3
C12853,156,19,27736.01,1459.79,505,10.578947368421053,5.7368421052631575,0.056281800631096,14,3
C12854,1,94,187108.72,1990.5182978723403,722,10.808510638297872,5.76595744680851,0.0,14,3
C12855,2,19,16467.81,866.7268421052632,375,7.526315789473684,4.2631578947368425,0.00887974072168206,13,3
C12856,34,6,4677.48,779.5799999999999,103,4.5,2.5,0.001159535417080405,9,1
C12857,46,7,4000.2200000000003,571.46,401,5.857142857142857,3.0,0.062293129799623065,9,2
C12858,110,12,12810.060000000001,1067.505,422,10.25,5.5,0.04429425452689803,13,3
C12859,0,34,48919.6,1438.8117647058823,599,10.382352941176471,5.176470588235294,0.005784867320377268,14,3
C12860,164,2,1548.3400000000001,774.1700000000001,183,4.0,2.5,0.13152197081028932,4,1
C12861,4,18,7720.59,428.9216666666667,627,4.722222222222222,3.0,0.06670494656931485,11,3
C12862,26,33,38043.92,1152.8460606060605,729,8.696969696969697,4.636363636363637,0.022984966459016723,14,2
C12863,45,6,3883.6000000000004,647.2666666666668,308,6.166666666666667,3.8333333333333335,0.04622737196788668,10,3
C12864,32,14,7055.42,503.9585714285714,507,5.714285714285714,3.0714285714285716,0.08494997678466283,10,3
C12865,5,7,5175.55,739.3642857142858,313,9.285714285714286,4.285714285714286,0.0676532579128461,11,2
C12866,15,34,29972.35,881.5397058823529,519,6.117647058823529,3.4705882352941178,0.022584134493878832,14,3
C12867,87,7,2526.83,360.9757142857143,576,5.714285714285714,3.142857142857143,0.10828045707671353,7,2
C12868,123,23,43635.87,1897.2117391304348,661,12.130434782608695,6.478260869565218,0.006197731620661383,14,3
C12869,107,19,32015.21,1685.0110526315789,408,12.210526315789474,5.947368421052632,0.008865203765637398,14,3
C12870,16,31,61372.55,1979.7596774193548,703,16.0,8.774193548387096,0.01970131602465388,14,3
C12871,183,3,2356.14,785.38,249,4.333333333333333,2.0,0.0,3,2
C12872,60,41,71201.59,1736.6241463414633,727,13.073170731707316,6.975609756097561,0.010905770596941155,14,3
C12873,172,3,2586.08,862.0266666666666,197,4.333333333333333,2.6666666666666665,0.08592595734453094,5,1
C12874,50,11,3925.13,356.83,439,4.090909090909091,2.1818181818181817,0.041837950260220864,9,2
C12875,44,6,3299.23,549.8716666666667,118,3.3333333333333335,2.1666666666666665,0.04508538350217076,9,1
C12876,22,12,13064.25,1088.6875,190,7.333333333333333,4.083333333333333,0.04148238691557517,13,2
C12877,128,19,6659.02,350.4747368421053,659,4.315789473684211,2.3157894736842106,0.062461106120805444,12,3
C12878,201,3,1341.1100000000001,447.0366666666667,223,3.3333333333333335,2.3333333333333335,0.0,6,2
C12879,9,6,4927.4400000000005,821.2400000000001,99,7.166666666666667,3.5,0.0,9,2
C12880,407,5,3769.4700000000003,753.894,489,8.2,4.6,0.02751211910910681,10,1
C12881,106,8,2870.87,358.85875,502,4.0,2.625,0.07480228683394673,9,2
C12882,39,4,2477.88,619.47,257,9.25,4.0,0.08637796582047452,9,1
C12883,4,35,20468.49,584.8140000000001,523,4.428571428571429,2.3714285714285714,0.009293100018440994,12,3
C12884,249,19,21769.53,1145.764736842105,687,10.210526315789474,5.7894736842105265,0.0810395410586214,14,3
C12885,19,25,30734.9,1229.396,568,8.8,4.68,0.0,13,3
C12886,5,86,268067.63,3117.065465116279,677,18.8953488372093,10.104651162790697,0.005485736791257635,14,3
C12887,21,17,8486.99,499.23470588235296,652,6.529411764705882,3.4705882352941178,0.043656937580146084,10,2
C12888,274,10,5310.5599999999995,531.0559999999999,694,4.5,2.5,0.02342431141204206,8,1
C12889,26,7,2657.6000000000004,379.6571428571429,213,4.571428571428571,2.4285714285714284,0.10468778951269224,8,2
C12890,45,28,39109.58,1396.7707142857143,673,9.821428571428571,5.285714285714286,0.027079375851407975,14,1
C12891,86,9,3102.34,344.70444444444445,571,4.666666666666667,2.0,0.02610273458714358,9,3
C12892,144,18,27203.58,1511.3100000000002,444,13.166666666666666,6.388888888888889,0.02604904343392827,14,3
C12893,19,16,9410.96,588.185,724,5.5,2.9375,0.032361680907286874,12,2
C12894,7,46,59048.29,1283.6584782608695,718,9.956521739130435,5.478260869565218,0.0267924143317661,14,3
C12895,27,13,6138.799999999999,472.21538461538455,576,5.153846153846154,2.3076923076923075,0.040527656648067394,11,3
C12896,22,22,27426.24,1246.6472727272728,574,7.954545454545454,4.636363636363637,0.007554906781323118,14,3
C12897,394,4,1666.0700000000002,416.51750000000004,619,6.25,2.75,0.07820029766350746,8,1
C12898,305,7,3451.45,493.0642857142857,500,5.285714285714286,3.2857142857142856,0.05122862381487764,9,2
C12899,97,17,21470.38,1262.9635294117647,534,7.352941176470588,3.764705882352941,0.03194393219489189,13,3
C12900,31,68,174993.31,2573.4310294117645,569,15.058823529411764,8.073529411764707,0.010124046380685661,14,2
C12901,16,24,47029.84,1959.5766666666666,364,14.291666666666666,7.583333333333333,0.0,14,2
C12902,112,4,8934.96,2233.74,141,11.5,5.75,0.012639595815827452,12,1
C12903,162,28,27875.45,995.5517857142858,728,7.107142857142857,4.0,0.036765422389253136,13,3
C12904,214,8,4848.56,606.07,441,4.375,2.375,0.06635831293795504,8,2
C12905,29,10,6513.43,651.3430000000001,365,6.4,3.5,0.08518342174712391,12,3
C12906,2,5,2943.24,588.6479999999999,45,4.6,2.8,0.009240277511285259,9,2
C12907,7,5,5152.23,1030.446,164,7.0,4.4,0.009317994343058324,9,2
C12908,10,14,13301.289999999999,950.0921428571428,345,7.571428571428571,4.285714285714286,0.03189699218460007,12,3
C12909,54,13,6805.97,523.5361538461539,702,5.3076923076923075,2.769230769230769,0.03546516406801375,11,2
C12910,3,4,6167.34,1541.835,135,11.25,5.25,0.0181458674291391,10,1
C12911,39,39,64875.3,1663.4692307692308,708,13.307692307692308,7.358974358974359,0.021195341650657593,14,3
C12912,28,48,108486.2,2260.1291666666666,549,14.979166666666666,7.979166666666667,0.04345168649016208,14,3
C12913,100,20,26575.47,1328.7735,396,9.75,5.45,0.02523880768365992,14,3
C12914,26,22,39152.83,1779.674090909091,449,12.909090909090908,6.863636363636363,0.019795200823562873,14,3
C12915,0,38,68453.97,1801.4202631578949,681,13.210526315789474,7.2368421052631575,0.011175167129873055,14,3
C12916,1,76,191349.63,2517.7582894736843,541,12.328947368421053,7.065789473684211,0.0013935635867987678,14,3
C12917,0,6,7573.12,1262.1866666666667,83,9.5,5.333333333333333,0.09127866932571138,12,1
C12918,23,9,9941.06,1104.562222222222,226,5.777777777777778,3.4444444444444446,0.06326525612346243,12,2
C12919,142,3,3665.06,1221.6866666666667,186,9.666666666666666,6.333333333333333,0.04819705763961928,10,1
C12920,16,91,222878.24,2449.2114285714283,637,11.604395604395604,6.329670329670329,0.011384559140256179,14,3
C12921,83,11,4496.85,408.80454545454546,687,4.181818181818182,2.272727272727273,0.051347502768841306,8,3
C12922,28,58,154810.22,2669.141724137931,481,14.517241379310345,7.706896551724138,0.019578323649141898,14,3
C12923,20,13,15766.91,1212.8392307692307,382,9.307692307692308,5.076923076923077,0.0,12,3
C12924,16,4,2679.59,669.8975,80,4.75,2.75,0.07195525308674043,6,2
C12925,8,4,1233.18,308.295,216,7.0,3.5,0.054041407454569174,5,3
C12926,75,5,4730.74,946.1479999999999,237,7.6,4.4,0.03526935838113747,10,1
C12927,126,65,128342.13,1974.4943076923078,720,10.384615384615385,5.7846153846153845,0.018837412727747263,14,3
C12928,9,6,13573.14,2262.19,100,12.0,5.833333333333333,0.1323790645540904,12,1
C12929,15,7,5449.45,778.4928571428571,217,6.428571428571429,3.2857142857142856,0.06687020652503352,8,1
C12930,71,3,4477.33,1492.4433333333334,86,5.666666666666667,2.3333333333333335,0.022937561648379467,5,1
C12931,2,77,172287.15,2237.4954545454543,563,12.246753246753247,6.597402597402597,0.012257010287740733,14,3
C12932,2,79,274040.42,3468.866075949367,688,14.759493670886076,7.7215189873417724,0.0,14,3
C12933,46,16,19127.82,1195.48875,443,8.0,4.4375,0.0,12,3
C12934,78,13,12493.619999999999,961.0476923076923,622,7.384615384615385,4.230769230769231,0.05497984944570848,13,3
C12935,163,10,8497.7,849.7700000000001,448,5.5,3.5,0.01315644310352236,10,3
C12936,25,22,33616.49,1528.0222727272726,407,10.681818181818182,5.954545454545454,0.025900650616786335,13,3
C12937,450,4,1008.76,252.19,591,3.5,2.25,0.03946829681682711,6,1
C12938,126,3,1144.01,381.33666666666664,162,3.3333333333333335,2.3333333333333335,0.04751556932094449,6,1
C12939,1,13,23392.01,1799.3853846153845,190,8.76923076923077,4.3076923076923075,0.029078247327600452,11,1
C12940,87,11,5641.59,512.8718181818182,412,5.181818181818182,3.0,0.0689554445805044,9,3
C12941,294,4,1197.21,299.3025,400,3.75,2.25,0.021079485523184983,6,2
C12942,1,5,2528.33,505.666,108,5.2,3.0,0.02379573429705478,8,2
C12943,52,45,43888.7,975.3044444444444,675,7.4,4.133333333333334,0.02389211030590513,14,3
C12944,1,18,11211.45,622.8583333333333,665,8.666666666666666,4.611111111111111,0.07222317387731593,12,3
C12945,8,7,4298.74,614.1057142857143,57,4.285714285714286,2.2857142857142856,0.05595439142818868,10,2
C12946,45,9,5595.08,621.6755555555555,318,6.333333333333333,3.7777777777777777,0.12307906908220057,10,3
C12947,153,15,20692.739999999998,1379.5159999999998,664,9.266666666666667,4.866666666666666,0.05174304493611226,12,3
C12948,52,11,4786.86,435.16909090909087,421,5.2727272727272725,2.6363636363636362,0.040305539405360975,11,2
C12949,135,7,9581.7,1368.814285714286,384,9.714285714285714,5.0,0.014606534735127364,9,1
C12950,71,34,39559.98,1163.528823529412,457,9.529411764705882,5.029411764705882,0.0646989397709315,14,3
C12951,30,6,10747.349999999999,1791.2249999999997,141,11.5,6.666666666666667,0.04330405863722225,13,1
C12952,33,10,4128.04,412.804,651,4.0,2.2,0.059099725801341596,8,2
C12953,3,77,243241.93,3158.986103896104,530,16.714285714285715,9.051948051948052,0.02761225094904395,14,3
C12954,34,20,8510.25,425.5125,665,4.7,2.5,0.07854347014016339,11,3
C12955,65,24,27680.04,1153.335,412,7.708333333333333,3.8333333333333335,0.020479313317357167,11,3
C12956,69,29,49316.32,1700.5627586206897,524,11.551724137931034,5.724137931034483,0.012962143112755673,13,3
C12957,0,21,31773.61,1513.0290476190476,381,11.095238095238095,5.857142857142857,0.02990437232296087,14,3
C12958,4,55,165748.54,3013.6098181818184,449,16.436363636363637,9.10909090909091,0.021272844253997256,14,3
C12959,216,9,4777.95,530.8833333333333,541,4.222222222222222,3.0,0.02788205062472152,8,1
C12960,59,12,6925.02,577.085,492,6.0,3.5,0.016533549955690882,13,3
C12961,281,11,21568.88,1960.807272727273,450,12.090909090909092,5.7272727272727275,0.0378226271973534,13,2
C12962,158,11,10788.73,980.7936363636363,601,8.181818181818182,4.818181818181818,0.018617534156857754,11,2
C12963,0,13,15655.17,1204.243846153846,225,5.923076923076923,2.769230769230769,0.01959412702239785,10,3
C12964,25,6,4433.64,738.94,130,7.0,3.5,0.023143292763534773,8,1
C12965,29,7,4303.46,614.78,480,6.857142857142857,3.0,0.02726442559809045,6,2
C12966,1,20,23735.710000000003,1186.7855000000002,668,11.45,6.3,0.04241064044210379,13,3
C12967,9,18,17755.61,986.4227777777778,376,7.055555555555555,3.7777777777777777,0.004060466681624411,12,3
C12968,151,10,6992.11,699.211,535,9.6,4.8,0.07957860317192864,10,1
C12969,115,3,2860.14,953.38,148,5.333333333333333,3.0,0.10260545438572272,5,1
C12970,54,24,37045.03,1543.5429166666665,578,11.333333333333334,6.166666666666667,0.016599270566517468,14,3
C12971,132,3,3357.2000000000003,1119.0666666666668,158,7.0,3.0,0.004374323462684796,8,1
C12972,16,53,143631.45,2710.0273584905663,474,15.433962264150944,8.09433962264151,0.0,14,1
C12973,17,6,9031.26,1505.21,107,7.5,4.166666666666667,0.11350900354841402,12,2
C12974,120,20,28428.93,1421.4465,629,11.45,6.05,0.03818674291993542,14,3
C12975,3,12,7644.4,637.0333333333333,529,6.5,3.25,0.0322025229276494,12,3
C12976,6,53,134764.38999999998,2542.7243396226413,506,12.867924528301886,6.773584905660377,0.0,14,3
C12977,55,15,9197.69,613.1793333333334,642,4.866666666666666,2.3333333333333335,0.06998502502065253,10,3
C12978,105,26,28189.239999999998,1084.2015384615383,716,8.73076923076923,4.769230769230769,0.06878799771138323,14,3
C12979,4,45,44734.159999999996,994.0924444444444,638,6.222222222222222,3.2,0.024077284669577367,14,3
C12980,78,37,41953.6,1133.881081081081,695,7.243243243243243,4.054054054054054,0.03755021457691516,14,3
C12981,20,27,30371.98,1124.888148148148,666,8.777777777777779,4.37037037037037,0.015369543024443634,14,2
C12982,150,10,8187.27,818.7270000000001,401,7.3,3.6,0.06959140420357628,12,1
C12983,84,4,5624.200000000001,1406.0500000000002,275,7.75,4.75,0.08389908914400386,10,2
C12984,190,36,71505.88,1986.2744444444445,600,10.472222222222221,5.472222222222222,0.014187909285172674,13,2
C12985,29,11,9196.71,836.0645454545454,615,7.2727272727272725,3.909090909090909,0.07647791289677958,10,2
C12986,151,24,28590.83,1191.2845833333333,600,8.291666666666666,4.333333333333333,0.08079420418829315,14,3
C12987,9,48,85371.97,1778.5827083333334,721,12.083333333333334,6.333333333333333,0.0444318311809574,14,3
C12988,29,21,8078.12,384.67238095238093,670,5.380952380952381,2.857142857142857,0.029487382802550834,11,3
C12989,73,7,5229.84,747.12,525,6.0,3.5714285714285716,0.038558123972806724,10,3
C12990,47,3,1860.1599999999999,620.0533333333333,68,8.0,3.6666666666666665,0.0946232058289569,7,2
C12991,19,37,33795.94,913.4037837837839,728,7.081081081081081,3.5675675675675675,0.006284389116389544,13,3
C12992,15,13,18176.18,1398.1676923076923,407,9.23076923076923,5.615384615384615,0.0,13,3
C12993,154,20,23669.0,1183.45,532,9.1,4.65,0.031607664656155054,14,2
C12994,32,7,11143.5,1591.9285714285713,188,10.714285714285714,5.285714285714286,0.003327161984491132,13,1
C12995,10,8,4973.6,621.7,194,5.375,2.625,0.023069897172488973,10,2
C12996,27,5,2430.04,486.008,79,3.8,2.4,0.053969564015618976,6,1
C12997,30,90,194200.56,2157.784,727,12.877777777777778,6.788888888888889,0.0,14,3
C12998,91,3,1952.2099999999998,650.7366666666666,109,4.666666666666667,3.0,0.018131431502922155,8,1
C12999,143,17,21165.32,1245.0188235294117,430,8.294117647058824,4.588235294117647,0.043639041891275175,12,3
C13000,3,33,50291.909999999996,1523.9972727272725,665,9.848484848484848,5.212121212121212,0.015327531641852061,13,3
