customer_id,churn,recency,frequency,monetary,avg_order_value,std_order_value,tenure_days,basket_depth,items_per_basket,channel_diversity,store_diversity,gap_mean,gap_std,gap_max,recency_vs_gap,n_tx_30d,spend_30d,n_tx_90d,spend_90d,n_tx_180d,spend_180d,n_tx_365d,spend_365d,trend_90_over_prev90,trend_180_over_prev180,discount_ratio,category_breadth,n_tickets,avg_satisfaction,n_unresolved_tickets,age,days_since_signup,marketing_optin,has_mobile_app,gender,region,membership_tier,income_bracket,preferred_channel,city_tier,has_purchase_history
C10001,1,89.0,7.0,7401.33,1057.3328571428572,499.71953629725425,295.0,9.714285714285714,5.0,1.0,1.0,34.333333333333336,29.991109793848352,83.0,2.5922330097087376,0.0,0.0,1.0,1876.84,2.0,3403.37,7.0,7401.33,0.5,0.3333333333333333,0.039532985464516474,11.0,0.0,,0.0,42.0,308.0,1.0,1.0,Male,South,Gold,>120k,Mobile App,3.0,1
C10002,0,1.0,7.0,3045.75,435.10714285714283,259.40146894433,204.0,6.0,3.142857142857143,1.0,7.0,33.833333333333336,29.654117195874615,72.0,0.029556650246305417,1.0,264.23,5.0,1867.3400000000001,6.0,2664.2200000000003,7.0,3045.75,2.5,3.0,0.0949382510608456,10.0,1.0,4.0,0.0,36.0,264.0,1.0,0.0,Female,East,Silver,20-40k,In-Store,1.0,1
C10003,1,63.0,4.0,3110.29,777.5725,688.6551961310779,320.0,3.25,1.75,2.0,4.0,85.66666666666667,7.234178138070236,94.0,0.735408560311284,0.0,0.0,1.0,1716.95,2.0,2322.13,4.0,3110.29,0.5,0.6666666666666666,0.0,5.0,0.0,,0.0,35.0,380.0,0.0,0.0,Female,Northeast,Bronze,70-120k,In-Store,2.0,1
C10004,0,1.0,5.0,2206.65,441.33000000000004,526.2635576875906,195.0,3.6,1.8,3.0,3.0,48.5,23.53012253828413,77.0,0.020618556701030927,2.0,156.63,3.0,1404.3400000000001,4.0,2112.03,5.0,2206.65,1.5,2.0,0.11947088046926438,5.0,0.0,,0.0,29.0,196.0,0.0,0.0,Male,Bangkok,Bronze,20-40k,Online Web,1.0,1
C10005,0,34.0,11.0,6578.14,598.0127272727273,417.9111862367628,429.0,7.545454545454546,3.8181818181818183,2.0,1.0,39.5,50.85764445980565,137.0,0.8607594936708861,0.0,0.0,1.0,436.26,2.0,487.12,7.0,4532.36,0.5,0.3333333333333333,0.07783299571729972,13.0,2.0,3.0,2.0,43.0,443.0,0.0,1.0,Male,Bangkok,Bronze,40-70k,Online Web,1.0,1
C10006,0,1.0,11.0,6745.38,613.2163636363637,714.7325942794652,514.0,6.090909090909091,3.0,1.0,1.0,51.3,50.61631269769767,174.0,0.019493177387914232,2.0,602.01,4.0,1603.7199999999998,5.0,1755.6299999999999,7.0,3107.24,2.0,1.6666666666666667,0.07364549744288375,11.0,0.0,,0.0,36.0,529.0,0.0,1.0,Male,Central,Bronze,<20k,Mobile App,2.0,1
C10007,0,9.0,4.0,6800.87,1700.2175,424.9431577183784,100.0,11.0,4.75,2.0,2.0,30.333333333333332,11.590225767142474,38.0,0.2967032967032967,1.0,1912.91,3.0,4672.0,4.0,6800.87,4.0,6800.87,1.5,4.0,0.1051663454010776,11.0,0.0,,0.0,18.0,101.0,0.0,0.0,Female,North,Bronze,70-120k,Mobile App,2.0,1
C10008,0,,,,,,,,,,,,,,,,,,,,,,,,,,,,,,,,,,,,,,,,0
C10009,0,89.0,2.0,771.43,385.715,265.7802258445876,116.0,3.0,2.0,1.0,2.0,27.0,,27.0,3.2962962962962963,0.0,0.0,1.0,197.78,2.0,771.43,2.0,771.43,0.5,2.0,0.0,4.0,0.0,,0.0,22.0,116.0,0.0,1.0,Male,Unknown,Silver,<20k,In-Store,1.0,1
C10010,1,28.0,15.0,11237.07,749.138,380.0441455598096,369.0,7.8,4.666666666666667,2.0,2.0,24.357142857142858,19.551144538037992,63.0,1.1495601173020527,1.0,521.0,3.0,2558.89,8.0,6812.63,14.0,11043.74,0.5,1.1428571428571428,0.0869389284010846,13.0,4.0,2.5,1.0,26.0,391.0,1.0,1.0,Female,Northeast,Bronze,40-70k,Mobile App,2.0,1
C10011,0,37.0,14.0,12091.99,863.7135714285714,725.9692129476306,443.0,6.714285714285714,3.357142857142857,2.0,13.0,31.23076923076923,32.713793844375616,125.0,1.1847290640394088,0.0,0.0,3.0,2251.31,7.0,4194.24,11.0,10183.89,0.6,1.4,0.024160363220531708,11.0,0.0,,0.0,55.0,465.0,1.0,1.0,Female,Central,Gold,20-40k,In-Store,3.0,1
C10012,0,86.0,6.0,2782.0499999999997,463.67499999999995,558.1647878091201,237.0,3.5,2.0,1.0,1.0,30.2,34.60780258843373,69.0,2.847682119205298,0.0,0.0,1.0,530.03,5.0,2358.16,6.0,2782.0499999999997,0.2,2.5,0.028695221070859984,5.0,0.0,,0.0,43.0,261.0,1.0,1.0,Female,Northeast,Silver,40-70k,Mobile App,3.0,1
C10013,1,35.0,21.0,38023.81,1810.657619047619,1275.3910194756147,526.0,10.0,5.285714285714286,3.0,14.0,24.55,22.027435046705783,66.0,1.4256619144602851,0.0,0.0,1.0,2521.24,7.0,7767.86,13.0,19969.67,0.14285714285714285,1.0,0.027575522216598765,14.0,0.0,,0.0,30.0,534.0,1.0,0.0,Male,Bangkok,Silver,Unknown,In-Store,1.0,1
C10014,0,47.0,22.0,28895.31,1313.4231818181818,1075.702516827232,265.0,8.909090909090908,4.681818181818182,2.0,1.0,10.380952380952381,8.458582567287444,35.0,4.527522935779817,0.0,0.0,7.0,8377.44,14.0,15010.85,22.0,28895.31,0.875,1.5555555555555556,0.044379410541048415,14.0,0.0,,0.0,36.0,283.0,1.0,1.0,Female,Central,Silver,>120k,Mobile App,1.0,1
C10015,0,21.0,14.0,7667.4,547.6714285714286,536.4051992356459,409.0,5.357142857142857,2.7142857142857144,2.0,11.0,29.846153846153847,20.44034472086252,75.0,0.7036082474226804,1.0,1528.44,2.0,2090.24,5.0,3302.9300000000003,12.0,7474.68,0.5,0.625,0.03533724948951155,10.0,1.0,2.0,0.0,40.0,474.0,0.0,0.0,Female,Central,Bronze,>120k,In-Store,1.0,1
C10016,1,55.0,24.0,29553.61,1231.4004166666666,591.1162494326283,572.0,9.291666666666666,4.75,3.0,16.0,22.47826086956522,24.25596377504152,99.0,2.4468085106382977,0.0,0.0,2.0,4660.3,5.0,7894.54,17.0,20667.14,0.5,0.38461538461538464,0.10925311180808271,14.0,1.0,4.0,0.0,44.0,594.0,0.0,0.0,Female,Bangkok,Bronze,>120k,In-Store,1.0,1
C10017,0,14.0,2.0,3648.05,1824.025,179.38591931921505,44.0,10.5,6.0,1.0,2.0,30.0,,30.0,0.4666666666666667,1.0,1950.87,2.0,3648.05,2.0,3648.05,2.0,3648.05,2.0,2.0,0.026025689288298317,7.0,0.0,,0.0,35.0,49.0,1.0,0.0,Male,Northeast,Silver,20-40k,In-Store,1.0,1
C10018,0,1.0,91.0,239675.1,2633.7923076923075,1267.3897731339855,638.0,15.637362637362637,8.131868131868131,3.0,25.0,7.0777777777777775,6.647171871002486,30.0,0.141287284144427,2.0,4941.7,11.0,26663.31,24.0,60843.380000000005,50.0,126204.05,0.7857142857142857,0.8888888888888888,0.023165766509592088,14.0,0.0,,0.0,37.0,648.0,1.0,0.0,Male,Bangkok,Gold,Unknown,In-Store,1.0,1
C10019,1,19.0,3.0,1333.16,444.3866666666667,229.49913601870776,43.0,7.666666666666667,3.6666666666666665,1.0,3.0,12.0,14.142135623730951,22.0,1.5833333333333333,1.0,499.56,3.0,1333.16,3.0,1333.16,3.0,1333.16,3.0,3.0,0.004354028036057028,7.0,1.0,2.0,0.0,31.0,74.0,1.0,0.0,Female,Bangkok,Bronze,<20k,In-Store,3.0,1
C10020,0,15.0,10.0,6237.1,623.71,588.7373332819994,519.0,6.6,3.7,3.0,4.0,56.0,34.08078637590395,114.0,0.26785714285714285,1.0,88.35,2.0,1410.48,4.0,2087.9,8.0,5728.360000000001,0.6666666666666666,0.8,0.016148037611977025,12.0,2.0,4.5,0.0,20.0,652.0,0.0,0.0,Male,Central,Bronze,<20k,Mobile App,3.0,1
C10021,0,4.0,37.0,44732.44,1208.984864864865,761.5404995271887,609.0,9.162162162162161,4.918918918918919,3.0,3.0,16.805555555555557,19.238086397923475,88.0,0.2380165289256198,4.0,3707.85,10.0,10742.41,11.0,12843.48,24.0,28762.87,5.0,0.7857142857142857,0.0,14.0,0.0,,0.0,34.0,610.0,1.0,1.0,Female,East,Platinum,40-70k,Online Web,1.0,1
C10022,0,34.0,10.0,19212.25,1921.225,1708.7403784740904,319.0,11.6,6.1,2.0,9.0,31.666666666666668,33.473870406632095,89.0,1.0736842105263158,0.0,0.0,4.0,5857.46,6.0,8273.68,10.0,19212.25,1.3333333333333333,1.2,0.023995915588835945,13.0,0.0,,0.0,44.0,327.0,1.0,1.0,Male,Bangkok,Silver,20-40k,In-Store,1.0,1
C10023,0,1.0,46.0,105212.12,2287.22,1074.7944399930623,344.0,14.891304347826088,7.891304347826087,3.0,21.0,7.622222222222222,5.5648608938298505,21.0,0.13119533527696794,3.0,6808.400000000001,13.0,32080.84,24.0,55422.840000000004,46.0,105212.12,1.0833333333333333,1.0434782608695652,0.040472616765681764,14.0,0.0,,0.0,61.0,367.0,1.0,1.0,Female,East,Gold,>120k,In-Store,3.0,1
C10024,1,24.0,22.0,25318.21,1150.8277272727273,761.32905510806,584.0,7.818181818181818,4.454545454545454,3.0,12.0,26.666666666666668,22.231359232699504,81.0,0.8999999999999999,1.0,1514.33,2.0,1746.6299999999999,5.0,5393.91,11.0,10873.48,0.5,0.7142857142857143,0.023698954104051283,14.0,0.0,,0.0,39.0,596.0,1.0,0.0,Male,Bangkok,Gold,70-120k,In-Store,3.0,1
C10025,1,12.0,25.0,29982.52,1199.3008,1119.3854168095993,512.0,8.88,4.88,3.0,13.0,20.833333333333332,17.44972073195409,56.0,0.5760000000000001,1.0,351.59,5.0,6025.13,8.0,7890.36,16.0,20942.43,1.25,0.8888888888888888,0.05343297444894256,13.0,0.0,,0.0,29.0,516.0,1.0,0.0,Male,Bangkok,Bronze,>120k,In-Store,1.0,1
C10026,0,28.0,7.0,5102.14,728.8771428571429,378.87252102848026,365.0,9.571428571428571,5.142857142857143,2.0,1.0,56.166666666666664,40.931243160532844,121.0,0.49851632047477745,1.0,932.94,2.0,1841.93,4.0,3997.17,6.0,4588.700000000001,0.6666666666666666,1.3333333333333333,0.055119014328388054,9.0,1.0,4.0,0.0,18.0,399.0,1.0,0.0,Female,Northeast,Bronze,40-70k,Online Web,1.0,1
C10027,0,20.0,6.0,4476.42,746.07,469.2306378317596,228.0,7.333333333333333,4.166666666666667,2.0,3.0,41.6,23.276597689524987,65.0,0.4807692307692307,1.0,318.59,2.0,1381.62,4.0,3266.43,6.0,4476.42,0.6666666666666666,1.3333333333333333,0.01834616936544973,9.0,0.0,,0.0,27.0,266.0,1.0,1.0,Male,Northeast,Bronze,<20k,In-Store,1.0,1
C10028,1,180.0,6.0,2247.54,374.59,235.246677171007,418.0,7.166666666666667,3.1666666666666665,2.0,5.0,47.6,60.305886943150085,144.0,3.7815126050420167,0.0,0.0,0.0,0.0,0.0,0.0,5.0,1561.2,0.0,0.0,0.048124446778503874,8.0,2.0,1.0,2.0,31.0,592.0,0.0,1.0,Male,Northeast,Silver,70-120k,In-Store,3.0,1
C10029,1,150.0,5.0,7628.9,1525.78,711.1808214511975,422.0,11.0,5.4,1.0,5.0,68.0,43.04261454264444,121.0,2.2058823529411766,0.0,0.0,0.0,0.0,1.0,1097.72,3.0,3580.02,0.0,0.3333333333333333,0.08639101156965807,11.0,1.0,4.0,0.0,36.0,425.0,1.0,0.0,Male,Northeast,Gold,40-70k,In-Store,2.0,1
C10030,0,44.0,16.0,25962.440000000002,1622.6525000000001,709.5047196977151,516.0,13.1875,7.4375,2.0,2.0,31.466666666666665,38.775667382424004,163.0,1.3983050847457628,0.0,0.0,3.0,5709.93,5.0,8769.36,8.0,13108.74,1.0,1.25,0.029045491076921465,14.0,3.0,3.6666666666666665,0.0,33.0,517.0,1.0,1.0,Female,North,Bronze,<20k,Mobile App,3.0,1
C10031,0,,,,,,,,,,,,,,,,,,,,,,,,,,,,,,,,,,,,,,,,0
C10032,0,9.0,29.0,48845.34,1684.322068965517,971.6797611477444,631.0,12.620689655172415,6.482758620689655,3.0,2.0,22.214285714285715,20.71563578888097,76.0,0.40514469453376206,1.0,1352.56,4.0,8205.81,10.0,20943.78,22.0,37527.16,0.5714285714285714,0.7692307692307693,0.016413863262643963,14.0,0.0,,0.0,41.0,633.0,1.0,0.0,Female,East,Gold,40-70k,Mobile App,3.0,1
C10033,0,7.0,41.0,110051.51,2684.1831707317074,1671.9701519082796,418.0,11.414634146341463,6.146341463414634,3.0,8.0,10.275,8.929890745017476,34.0,0.681265206812652,1.0,692.57,9.0,17606.76,15.0,39145.37,33.0,95150.26,1.2857142857142858,0.7894736842105263,0.01434954814301256,14.0,0.0,,0.0,28.0,425.0,1.0,0.0,Male,Northeast,Gold,Unknown,Mobile App,2.0,1
C10034,1,249.0,4.0,7447.43,1861.8575,648.3219856611887,297.0,11.75,5.5,2.0,3.0,16.0,15.394804318340652,33.0,15.5625,0.0,0.0,0.0,0.0,0.0,0.0,4.0,7447.43,0.0,0.0,0.10685678993098238,11.0,0.0,,0.0,39.0,350.0,1.0,0.0,Male,Bangkok,Silver,<20k,In-Store,2.0,1
C10035,0,,,,,,,,,,,,,,,,,,,,,,,,,,,,,,,,,,,,,,,,0
C10036,0,4.0,8.0,3415.36,426.92,524.8012194291147,412.0,3.5,2.125,1.0,7.0,58.285714285714285,49.76851175095315,157.0,0.06862745098039216,1.0,119.37,2.0,142.9,3.0,694.31,7.0,3103.48,1.0,0.6,0.03737358933020665,7.0,0.0,,0.0,34.0,428.0,1.0,0.0,Male,Bangkok,Silver,20-40k,In-Store,2.0,1
C10037,1,25.0,22.0,33497.38,1522.6081818181817,686.7008218225568,541.0,10.5,5.909090909090909,3.0,16.0,24.571428571428573,15.885752826263628,57.0,1.0174418604651163,1.0,1555.41,5.0,5830.99,8.0,10762.9,13.0,18892.77,1.25,1.3333333333333333,0.044241389296663575,13.0,2.0,3.0,1.0,38.0,545.0,1.0,0.0,Female,South,Bronze,40-70k,In-Store,1.0,1
C10038,1,56.0,19.0,23848.579999999998,1255.1884210526314,921.0934849120194,478.0,8.631578947368421,4.684210526315789,2.0,1.0,23.444444444444443,23.808605024289314,64.0,2.388625592417062,0.0,0.0,3.0,3840.83,7.0,8647.13,11.0,10818.77,0.6,1.4,0.00573622216468907,12.0,1.0,4.0,0.0,42.0,505.0,1.0,1.0,Female,East,Bronze,20-40k,Mobile App,2.0,1
C10039,0,69.0,4.0,885.94,221.485,106.35882865720802,237.0,3.0,2.25,1.0,1.0,56.0,36.345563690772494,87.0,1.2321428571428572,0.0,0.0,1.0,198.24,3.0,805.33,4.0,885.94,0.3333333333333333,1.5,0.051283424177848216,6.0,0.0,,0.0,18.0,281.0,1.0,1.0,Female,Central,Bronze,70-120k,Mobile App,1.0,1
C10040,1,50.0,3.0,1691.1399999999999,563.7133333333333,456.1149410327766,214.0,4.666666666666667,2.0,1.0,1.0,82.0,65.05382386916237,128.0,0.6097560975609756,0.0,0.0,1.0,543.99,2.0,661.77,3.0,1691.1399999999999,0.5,1.0,0.04920023613414668,4.0,3.0,1.6666666666666667,0.0,18.0,237.0,0.0,1.0,Female,North,Silver,<20k,Online Web,2.0,1
C10041,1,170.0,4.0,2030.66,507.665,121.7785850084762,587.0,8.0,4.0,1.0,4.0,139.0,232.11419603290102,407.0,1.223021582733813,0.0,0.0,0.0,0.0,2.0,929.05,2.0,929.05,0.0,2.0,0.024621503227789734,8.0,0.0,,0.0,25.0,645.0,1.0,0.0,Male,Central,Bronze,40-70k,In-Store,1.0,1
C10042,0,2.0,11.0,11031.01,1002.819090909091,457.7613837241963,251.0,8.181818181818182,4.363636363636363,1.0,9.0,24.9,28.769003381340056,90.0,0.08032128514056225,2.0,2597.02,2.0,2597.02,6.0,5983.84,11.0,11031.01,0.4,1.0,0.04308748224929323,12.0,0.0,,0.0,37.0,287.0,1.0,0.0,Male,Bangkok,Silver,>120k,In-Store,2.0,1
C10043,1,44.0,10.0,6192.11,619.211,447.97828919243153,466.0,6.3,3.7,3.0,9.0,46.888888888888886,46.74517206205483,128.0,0.9383886255924171,0.0,0.0,1.0,304.72,2.0,1842.45,5.0,2906.1800000000003,0.5,0.5,0.06634952466394758,11.0,0.0,,0.0,28.0,471.0,0.0,1.0,Male,Northeast,Silver,20-40k,In-Store,1.0,1
C10044,0,4.0,79.0,245727.25,3110.471518987342,1822.2017151252371,558.0,15.924050632911392,8.632911392405063,3.0,7.0,7.102564102564102,6.838754621169323,36.0,0.5631768953068592,7.0,18891.85,12.0,46313.2,25.0,86365.74,48.0,151964.35,0.8571428571428571,1.0416666666666667,0.018918519338916237,14.0,0.0,,0.0,40.0,568.0,0.0,1.0,Female,Bangkok,Silver,20-40k,Online Web,1.0,1
C10045,1,17.0,33.0,22193.04,672.5163636363636,435.73017388070986,626.0,6.2727272727272725,3.4545454545454546,3.0,19.0,19.03125,18.485363652220602,68.0,0.8932676518883416,2.0,2086.12,5.0,3755.75,11.0,9420.83,21.0,14397.98,0.7142857142857143,1.0,0.024914224855877104,14.0,0.0,,0.0,31.0,657.0,0.0,0.0,Female,Northeast,Silver,20-40k,In-Store,1.0,1
C10046,0,92.0,2.0,1540.57,770.285,853.4142452818561,154.0,6.5,3.0,1.0,2.0,62.0,,62.0,1.4838709677419355,0.0,0.0,0.0,0.0,2.0,1540.57,2.0,1540.57,0.0,2.0,0.11052540415704387,5.0,1.0,4.0,1.0,29.0,176.0,1.0,0.0,Female,Central,Silver,70-120k,In-Store,2.0,1
C10047,0,2.0,16.0,8028.17,501.760625,376.5367963686727,391.0,5.0,2.6875,1.0,8.0,25.933333333333334,26.138276986242296,82.0,0.07712082262210797,2.0,2071.84,2.0,2071.84,6.0,4091.95,15.0,7162.27,0.4,0.6,0.018172234479182463,10.0,2.0,3.5,0.0,48.0,410.0,1.0,1.0,Male,North,Gold,20-40k,In-Store,1.0,1
C10048,1,175.0,9.0,7250.71,805.6344444444444,422.71298374639235,314.0,6.333333333333333,3.3333333333333335,2.0,6.0,17.375,12.523549245892145,45.0,10.071942446043165,0.0,0.0,0.0,0.0,1.0,43.86,9.0,7250.71,0.0,0.1111111111111111,0.06694676969997233,12.0,1.0,3.0,1.0,18.0,323.0,1.0,0.0,Male,Northeast,Bronze,40-70k,In-Store,2.0,1
C10049,0,7.0,5.0,4283.83,856.766,320.1720156884422,100.0,6.2,4.0,2.0,2.0,23.25,11.87083260208258,36.0,0.3010752688172043,2.0,2053.71,4.0,3737.66,5.0,4283.83,5.0,4283.83,2.0,5.0,0.008347434772644673,11.0,0.0,,0.0,18.0,102.0,0.0,0.0,Female,Bangkok,Bronze,40-70k,Online Web,2.0,1
C10050,0,10.0,56.0,115175.66,2056.7082142857143,1398.0691568550817,524.0,9.678571428571429,5.178571428571429,2.0,22.0,9.345454545454546,6.939468924653309,25.0,1.0700389105058365,4.0,9065.22,9.0,16274.36,19.0,34376.41,39.0,76251.03,0.8181818181818182,0.9047619047619048,0.0,14.0,0.0,,0.0,42.0,524.0,1.0,0.0,Female,Northeast,Silver,70-120k,In-Store,2.0,1
C10051,1,15.0,15.0,21077.239999999998,1405.1493333333333,1124.3531004503793,387.0,9.466666666666667,5.266666666666667,3.0,11.0,26.571428571428573,21.073914921292864,75.0,0.564516129032258,1.0,2483.1,5.0,9177.51,8.0,13627.369999999999,13.0,19728.28,1.25,1.3333333333333333,0.03223030792237912,13.0,2.0,3.5,1.0,40.0,423.0,0.0,1.0,Female,North,Bronze,40-70k,In-Store,3.0,1
C10052,0,11.0,65.0,195800.3,3012.3123076923075,2008.3089377856945,489.0,15.169230769230769,8.276923076923078,3.0,24.0,7.46875,6.702211788442892,37.0,1.4728033472803348,3.0,10151.6,9.0,25857.83,22.0,66943.76,46.0,142583.01,0.6428571428571429,0.88,0.011110844557014447,14.0,0.0,,0.0,53.0,489.0,1.0,0.0,Male,Bangkok,Platinum,40-70k,In-Store,2.0,1
C10053,0,92.0,5.0,2893.49,578.698,396.63987680262306,387.0,4.8,2.2,1.0,1.0,73.75,48.27266307134919,135.0,1.2474576271186442,0.0,0.0,0.0,0.0,2.0,1164.25,4.0,2816.93,0.0,0.6666666666666666,0.045232415024236354,5.0,1.0,4.0,0.0,30.0,420.0,0.0,0.0,Female,Central,Bronze,40-70k,Mobile App,3.0,1
C10054,0,26.0,7.0,3963.92,566.2742857142857,405.35503252733656,460.0,4.571428571428571,2.2857142857142856,2.0,6.0,72.33333333333333,57.593981167016636,166.0,0.35944700460829493,1.0,781.71,3.0,1821.37,4.0,2450.17,5.0,2626.42,1.5,2.0,0.11526159903399973,9.0,1.0,3.0,1.0,34.0,493.0,1.0,1.0,Female,Central,Bronze,<20k,In-Store,2.0,1
C10055,0,14.0,56.0,125504.82,2241.1575000000003,1359.8551593115951,465.0,11.642857142857142,6.107142857142857,3.0,24.0,8.2,7.466964279783022,29.0,1.707317073170732,1.0,1052.37,9.0,15521.42,24.0,47867.47,42.0,93373.15,0.5625,1.263157894736842,0.007303120966582281,14.0,0.0,,0.0,37.0,467.0,1.0,1.0,Male,North,Gold,40-70k,In-Store,1.0,1
C10056,0,10.0,6.0,1898.94,316.49,122.78838169794405,213.0,6.0,3.1666666666666665,1.0,1.0,40.6,35.54293178678427,83.0,0.24630541871921183,1.0,493.79,1.0,493.79,5.0,1630.62,6.0,1898.94,0.2,2.5,0.05410548128075873,7.0,0.0,,0.0,36.0,254.0,1.0,1.0,Male,North,Silver,<20k,Mobile App,3.0,1
C10057,0,40.0,2.0,2368.84,1184.42,57.657486937951056,43.0,10.5,6.5,1.0,1.0,3.0,,3.0,13.333333333333334,0.0,0.0,2.0,2368.84,2.0,2368.84,2.0,2368.84,2.0,2.0,0.0,8.0,0.0,,0.0,18.0,58.0,0.0,1.0,Male,Northeast,Silver,70-120k,Online Web,3.0,1
C10058,0,2.0,30.0,61660.94,2055.364666666667,1077.458579716667,468.0,14.933333333333334,8.2,2.0,2.0,16.06896551724138,14.172234006985928,73.0,0.12446351931330471,2.0,3981.5599999999995,6.0,11136.199999999999,7.0,11792.14,20.0,43936.37,3.0,0.5,0.01610540372651977,14.0,0.0,,0.0,33.0,477.0,0.0,1.0,Female,East,Gold,20-40k,Mobile App,3.0,1
C10059,0,1.0,56.0,130778.63,2335.3326785714285,1384.3944529878772,381.0,13.214285714285714,7.267857142857143,3.0,22.0,6.909090909090909,5.42037557559173,26.0,0.14473684210526316,5.0,11222.76,17.0,33832.33,32.0,75135.41,52.0,123232.59,1.0625,1.5238095238095237,0.025119354803842166,14.0,1.0,4.0,0.0,25.0,383.0,1.0,1.0,Female,Bangkok,Gold,70-120k,In-Store,3.0,1
C10060,0,9.0,47.0,112441.3,2392.368085106383,1228.2904855948268,388.0,12.319148936170214,6.851063829787234,3.0,22.0,8.23913043478261,8.90489199537397,44.0,1.092348284960422,1.0,1534.51,8.0,13850.85,20.0,37603.86,46.0,111153.26,0.6153846153846154,0.7407407407407407,0.0016023546426552026,14.0,0.0,,0.0,30.0,388.0,1.0,1.0,Male,Bangkok,Gold,40-70k,In-Store,2.0,1
C10061,1,26.0,3.0,3162.63,1054.21,559.78343732197,87.0,9.666666666666666,5.0,1.0,1.0,30.5,24.748737341529164,48.0,0.8524590163934426,1.0,1118.3,3.0,3162.63,3.0,3162.63,3.0,3162.63,3.0,3.0,0.04941058364542443,10.0,0.0,,0.0,33.0,109.0,0.0,1.0,Female,Northeast,Bronze,<20k,Mobile App,3.0,1
C10062,0,18.0,10.0,4437.77,443.77700000000004,603.613239381532,369.0,3.2,1.9,2.0,8.0,39.0,34.21622422185125,112.0,0.46153846153846156,1.0,454.44,4.0,1244.8700000000001,6.0,3405.27,9.0,4374.03,1.3333333333333333,1.5,0.025415614362578238,10.0,0.0,,0.0,40.0,487.0,1.0,0.0,Male,Northeast,Silver,20-40k,In-Store,1.0,1
C10063,1,152.0,6.0,7914.48,1319.08,1312.5965394286243,285.0,6.666666666666667,3.0,1.0,1.0,26.6,10.21273714534943,38.0,5.714285714285714,0.0,0.0,0.0,0.0,1.0,2511.61,6.0,7914.48,0.0,0.16666666666666666,0.00811357501109131,8.0,0.0,,0.0,36.0,336.0,1.0,1.0,Male,Central,Gold,20-40k,Online Web,2.0,1
C10064,0,57.0,7.0,3986.59,569.5128571428571,340.1433061085815,186.0,5.428571428571429,2.4285714285714284,3.0,6.0,21.5,17.049926686059386,48.0,2.6511627906976742,0.0,0.0,3.0,1831.85,6.0,3144.17,7.0,3986.59,0.75,3.0,0.06166751792947778,6.0,0.0,,0.0,38.0,237.0,1.0,1.0,Male,East,Bronze,20-40k,In-Store,2.0,1
C10065,0,19.0,15.0,9835.94,655.7293333333333,438.1526769854588,475.0,8.4,4.533333333333333,3.0,10.0,32.57142857142857,29.18301477997692,112.0,0.5833333333333334,1.0,1005.85,3.0,2522.71,6.0,4134.81,11.0,7818.070000000001,0.75,1.0,0.08586134116000406,14.0,0.0,,0.0,27.0,489.0,0.0,1.0,Female,South,Bronze,20-40k,In-Store,2.0,1
C10066,0,3.0,83.0,162541.33,1958.3292771084336,1142.3937305668724,607.0,11.963855421686747,6.554216867469879,3.0,8.0,7.365853658536586,7.411223046167763,37.0,0.4072847682119205,3.0,4266.59,11.0,18509.35,20.0,37159.32,49.0,94200.17,1.1,0.6666666666666666,0.007878130294676218,14.0,1.0,4.0,0.0,38.0,611.0,1.0,1.0,Male,Bangkok,Gold,20-40k,Mobile App,1.0,1
C10067,0,1.0,39.0,75636.92,1939.408205128205,1080.3758955125704,624.0,15.051282051282051,8.0,3.0,19.0,16.394736842105264,16.583188285509518,74.0,0.060995184590690206,1.0,1807.16,8.0,15913.38,14.0,21776.53,26.0,47791.14,1.1428571428571428,1.0769230769230769,0.0,14.0,0.0,,0.0,30.0,649.0,1.0,0.0,Female,East,Silver,70-120k,In-Store,1.0,1
C10068,0,0.0,53.0,126410.59,2385.105471698113,1556.039992628682,436.0,12.773584905660377,6.584905660377358,3.0,22.0,8.384615384615385,7.327503510221451,34.0,0.0,4.0,14813.06,12.0,33898.29,23.0,58398.03,48.0,116637.61,1.0,0.8846153846153846,0.006248631642748011,14.0,0.0,,0.0,32.0,442.0,1.0,0.0,Female,Bangkok,Platinum,70-120k,In-Store,1.0,1
C10069,1,121.0,21.0,22817.28,1086.5371428571427,670.4481822045822,576.0,9.380952380952381,5.0,3.0,3.0,22.75,22.009268382589234,80.0,5.318681318681318,0.0,0.0,0.0,0.0,1.0,2330.25,9.0,8646.23,0.0,0.1111111111111111,0.04314175435418208,12.0,0.0,,0.0,41.0,583.0,0.0,1.0,Female,South,Silver,40-70k,Mobile App,3.0,1
C10070,0,290.0,4.0,3598.33,899.5825,554.9479041240418,486.0,6.5,3.0,1.0,4.0,65.33333333333333,95.00701728468974,175.0,4.438775510204082,0.0,0.0,0.0,0.0,0.0,0.0,2.0,1107.24,0.0,0.0,0.09090610512486894,6.0,0.0,,0.0,34.0,488.0,0.0,0.0,Female,Central,Silver,20-40k,In-Store,1.0,1
C10071,0,16.0,5.0,2262.55,452.51000000000005,209.74722930232002,402.0,5.4,3.4,1.0,5.0,96.5,156.6194964449403,330.0,0.16580310880829016,1.0,814.07,1.0,814.07,1.0,814.07,3.0,1626.35,1.0,0.3333333333333333,0.05712547351049953,7.0,0.0,,0.0,27.0,561.0,0.0,1.0,Female,Northeast,Silver,Unknown,In-Store,3.0,1
C10072,0,26.0,3.0,3168.79,1056.2633333333333,335.8505828986058,36.0,6.0,4.0,1.0,1.0,5.0,5.656854249492381,9.0,5.2,2.0,2136.2799999999997,3.0,3168.79,3.0,3168.79,3.0,3168.79,3.0,3.0,0.011735829991080396,8.0,0.0,,0.0,41.0,41.0,1.0,1.0,Female,East,Bronze,20-40k,Mobile App,1.0,1
C10073,0,47.0,16.0,9147.77,571.735625,445.7035537360193,561.0,4.375,2.25,2.0,12.0,34.266666666666666,38.1284795445734,157.0,1.3715953307392996,0.0,0.0,3.0,853.8299999999999,3.0,853.8299999999999,8.0,3128.47,3.0,0.5,0.04781746114356376,12.0,1.0,3.0,0.0,31.0,586.0,1.0,0.0,Male,Central,Gold,20-40k,In-Store,2.0,1
C10074,1,8.0,16.0,13181.01,823.813125,621.7901019231355,543.0,6.4375,3.5,2.0,11.0,35.666666666666664,31.667167915832383,91.0,0.22429906542056077,1.0,210.27,2.0,978.62,5.0,3432.6600000000003,9.0,5008.6,0.5,1.0,0.03414384291897762,14.0,0.0,,0.0,18.0,598.0,1.0,0.0,Male,Central,Gold,40-70k,In-Store,1.0,1
C10075,1,158.0,18.0,17706.01,983.6672222222221,673.5654817532422,507.0,9.38888888888889,4.833333333333333,3.0,9.0,20.529411764705884,18.70867996097942,69.0,7.696275071633237,0.0,0.0,0.0,0.0,1.0,859.18,8.0,6492.52,0.0,0.125,0.044927644113033544,14.0,4.0,2.0,2.0,39.0,534.0,0.0,1.0,Male,Northeast,Silver,>120k,In-Store,1.0,1
C10076,0,2.0,6.0,10618.16,1769.6933333333334,1020.2350044115653,141.0,7.5,4.333333333333333,1.0,6.0,27.8,17.555625878902752,48.0,0.07194244604316546,1.0,647.03,3.0,5233.79,6.0,10618.16,6.0,10618.16,0.75,6.0,0.04348139420079922,10.0,1.0,5.0,0.0,30.0,145.0,1.0,1.0,Female,North,Silver,70-120k,In-Store,3.0,1
C10077,0,11.0,34.0,49539.159999999996,1457.0341176470588,869.3532045081513,632.0,11.235294117647058,6.294117647058823,2.0,1.0,18.818181818181817,13.438411702686784,58.0,0.5845410628019324,2.0,3129.6,4.0,4204.69,6.0,7376.74,16.0,27681.699999999997,1.3333333333333333,0.5454545454545454,0.03377457855649248,14.0,1.0,3.0,0.0,38.0,639.0,0.0,1.0,Male,Bangkok,Silver,40-70k,Online Web,2.0,1
C10078,0,58.0,25.0,33821.6,1352.864,1275.9523963070358,458.0,8.96,5.08,2.0,15.0,16.666666666666668,17.916877315917056,69.0,3.4799999999999995,0.0,0.0,3.0,3625.2,10.0,11847.73,19.0,21057.22,0.375,1.0,0.023209940722449657,14.0,0.0,,0.0,33.0,458.0,0.0,1.0,Female,South,Silver,70-120k,In-Store,3.0,1
C10079,1,98.0,21.0,25320.58,1205.7419047619048,775.4165634394138,535.0,8.523809523809524,4.666666666666667,3.0,5.0,21.85,20.01913558257909,64.0,4.48512585812357,0.0,0.0,0.0,0.0,2.0,2029.62,14.0,18486.670000000002,0.0,0.15384615384615385,0.042574221485473324,14.0,1.0,4.0,0.0,33.0,538.0,1.0,0.0,Female,Bangkok,Bronze,<20k,Online Web,3.0,1
C10080,0,134.0,12.0,3438.41,286.53416666666664,214.4584460897785,454.0,2.75,1.8333333333333333,3.0,9.0,29.09090909090909,35.873261757065094,124.0,4.60625,0.0,0.0,0.0,0.0,2.0,496.46000000000004,7.0,1626.56,0.0,0.3333333333333333,0.06163847096420297,8.0,0.0,,0.0,24.0,456.0,1.0,0.0,Male,Central,Silver,<20k,In-Store,1.0,1
C10081,0,16.0,9.0,10962.53,1218.058888888889,815.3756559930589,268.0,7.111111111111111,4.111111111111111,3.0,7.0,31.5,23.964259101539405,76.0,0.5079365079365079,1.0,890.14,3.0,3397.61,5.0,5436.6,9.0,10962.53,1.0,1.0,0.025887117842233683,11.0,0.0,,0.0,40.0,268.0,1.0,0.0,Female,Bangkok,Platinum,<20k,In-Store,1.0,1
C10082,0,7.0,14.0,5752.76,410.9114285714286,302.18117328865793,422.0,3.9285714285714284,2.2142857142857144,3.0,9.0,31.923076923076923,27.442247048609616,95.0,0.21927710843373494,3.0,2197.7799999999997,5.0,3002.49,7.0,3221.5,11.0,4711.35,1.6666666666666667,1.4,0.02469474876322812,11.0,1.0,1.0,0.0,37.0,423.0,1.0,0.0,Female,Bangkok,Bronze,<20k,In-Store,1.0,1
C10083,1,122.0,6.0,2544.54,424.09,318.40145470773217,556.0,6.5,3.8333333333333335,1.0,6.0,86.8,96.07132766856093,258.0,1.4055299539170507,0.0,0.0,0.0,0.0,2.0,414.78000000000003,5.0,1927.24,0.0,0.5,0.050218731803454916,8.0,0.0,,0.0,33.0,607.0,1.0,0.0,Female,North,Bronze,20-40k,In-Store,2.0,1
C10084,0,0.0,68.0,170312.41,2504.5942647058823,1425.2664246245815,547.0,13.132352941176471,7.044117647058823,3.0,4.0,8.164179104477611,5.585687920318597,22.0,0.0,3.0,4432.15,9.0,13834.31,22.0,51548.02,41.0,96155.12999999999,0.6428571428571429,1.1,0.024279295426300158,14.0,0.0,,0.0,56.0,556.0,1.0,1.0,Male,Central,Platinum,40-70k,Online Web,2.0,1
C10085,0,20.0,4.0,1611.97,402.9925,205.8877966879047,200.0,3.75,2.0,1.0,1.0,60.0,28.930952282978865,93.0,0.3333333333333333,1.0,259.61,1.0,259.61,3.0,1152.02,4.0,1611.97,0.3333333333333333,1.5,0.009834273148318775,5.0,0.0,,0.0,23.0,252.0,0.0,1.0,Male,Bangkok,Silver,20-40k,Online Web,3.0,1
C10086,1,155.0,3.0,1109.51,369.83666666666664,240.0226165038064,192.0,5.0,2.6666666666666665,1.0,3.0,18.5,7.7781745930520225,24.0,8.378378378378379,0.0,0.0,0.0,0.0,2.0,1010.1899999999999,3.0,1109.51,0.0,1.0,0.0599842414280994,6.0,1.0,3.0,1.0,29.0,205.0,1.0,0.0,Female,Bangkok,Bronze,40-70k,In-Store,2.0,1
C10087,0,20.0,16.0,28783.239999999998,1798.9524999999999,1222.982906282831,324.0,11.5,6.625,3.0,8.0,20.266666666666666,22.323807492280096,70.0,0.986842105263158,1.0,769.71,4.0,9198.39,9.0,17131.69,16.0,28783.239999999998,0.6666666666666666,1.125,0.01671062160943414,14.0,0.0,,0.0,46.0,352.0,1.0,0.0,Female,Bangkok,Silver,Unknown,In-Store,2.0,1
C10088,0,72.0,9.0,6986.29,776.2544444444444,720.8096776908435,287.0,5.444444444444445,3.4444444444444446,1.0,1.0,26.875,13.043197460745581,46.0,2.6790697674418604,0.0,0.0,1.0,217.36,4.0,1778.9299999999998,9.0,6986.29,0.25,0.6666666666666666,0.0550524731142073,9.0,1.0,3.0,0.0,47.0,294.0,0.0,0.0,Female,Northeast,Gold,20-40k,Mobile App,1.0,1
C10089,0,6.0,6.0,8286.02,1381.0033333333333,887.920511524915,108.0,10.833333333333334,5.0,3.0,2.0,20.4,22.864820139244483,53.0,0.29411764705882354,1.0,2594.58,5.0,6944.78,6.0,8286.02,6.0,8286.02,2.5,6.0,0.020144577401414558,11.0,0.0,,0.0,28.0,114.0,1.0,0.0,Female,Bangkok,Silver,40-70k,Online Web,3.0,1
C10090,0,,,,,,,,,,,,,,,,,,,,,,,,,,,,,,,,,,,,,,,,0
C10091,0,36.0,12.0,19047.07,1587.2558333333334,1087.9659358258532,269.0,10.0,5.416666666666667,1.0,1.0,21.181818181818183,12.221441664698824,37.0,1.6995708154506437,0.0,0.0,2.0,6938.42,8.0,13645.1,12.0,19047.07,0.2857142857142857,1.6,0.003829439825441978,13.0,3.0,4.0,0.0,39.0,291.0,1.0,0.0,Female,Northeast,Gold,>120k,Mobile App,1.0,1
C10092,0,5.0,35.0,106949.77,3055.7077142857142,1607.9930915056555,398.0,15.514285714285714,8.17142857142857,2.0,21.0,11.558823529411764,11.073285287520752,45.0,0.43256997455470736,4.0,14852.689999999999,7.0,22114.65,16.0,55313.47,31.0,98829.9,0.7,1.0,0.020574033681336323,14.0,0.0,,0.0,43.0,407.0,0.0,1.0,Female,Central,Gold,>120k,In-Store,1.0,1
C10093,0,8.0,22.0,38731.34,1760.5154545454543,713.9948066019426,339.0,14.636363636363637,7.318181818181818,3.0,12.0,15.761904761904763,18.300013010664124,62.0,0.5075528700906344,2.0,4671.04,6.0,10683.74,12.0,21931.170000000002,22.0,38731.34,0.8571428571428571,1.0909090909090908,0.04466887933398977,14.0,1.0,3.0,1.0,19.0,346.0,1.0,0.0,Male,Bangkok,Silver,<20k,In-Store,2.0,1
C10094,0,22.0,1.0,544.85,544.85,,22.0,1.0,1.0,1.0,1.0,,,,,1.0,544.85,1.0,544.85,1.0,544.85,1.0,544.85,1.0,1.0,0.0,1.0,1.0,4.0,0.0,27.0,53.0,0.0,0.0,Male,Bangkok,Bronze,20-40k,In-Store,2.0,1
C10095,1,134.0,3.0,1709.1399999999999,569.7133333333333,561.1020984930757,377.0,9.666666666666666,5.0,2.0,3.0,121.5,120.91525958289962,207.0,1.102880658436214,0.0,0.0,0.0,0.0,1.0,1210.28,2.0,1543.92,0.0,0.5,0.0600599444551379,10.0,0.0,,0.0,26.0,430.0,0.0,0.0,Female,Bangkok,Silver,20-40k,In-Store,1.0,1
C10096,0,96.0,4.0,3285.7,821.425,246.97682408139698,172.0,7.75,3.75,2.0,3.0,25.333333333333332,21.548395145191982,46.0,3.7894736842105265,0.0,0.0,0.0,0.0,4.0,3285.7,4.0,3285.7,0.0,4.0,0.027401599043297312,8.0,1.0,1.0,0.0,34.0,201.0,1.0,0.0,Male,East,Silver,Unknown,In-Store,2.0,1
C10097,0,3.0,12.0,10363.1,863.5916666666667,495.21822588785557,267.0,8.583333333333334,4.333333333333333,3.0,7.0,24.0,31.34964114627152,87.0,0.125,1.0,174.8,1.0,174.8,7.0,5600.7699999999995,12.0,10363.1,0.14285714285714285,1.1666666666666667,0.023014512756405543,13.0,0.0,,0.0,34.0,277.0,0.0,1.0,Male,North,Gold,40-70k,In-Store,2.0,1
C10098,0,59.0,3.0,1021.52,340.50666666666666,359.6769459297236,175.0,3.6666666666666665,2.3333333333333335,1.0,3.0,58.0,49.49747468305833,93.0,1.0172413793103448,0.0,0.0,1.0,75.04,3.0,1021.52,3.0,1021.52,0.3333333333333333,3.0,0.0037838892139652816,6.0,0.0,,0.0,46.0,212.0,0.0,0.0,Male,Bangkok,Bronze,40-70k,In-Store,2.0,1
C10099,0,7.0,2.0,2505.56,1252.78,1737.8280518509305,38.0,8.5,4.5,1.0,2.0,31.0,,31.0,0.22580645161290322,1.0,2481.61,2.0,2505.56,2.0,2505.56,2.0,2505.56,2.0,2.0,0.02616901616470195,7.0,0.0,,0.0,31.0,38.0,1.0,0.0,Male,Central,Bronze,>120k,In-Store,3.0,1
C10100,0,31.0,17.0,13961.39,821.2582352941176,606.1339877580212,269.0,6.352941176470588,3.411764705882353,3.0,8.0,14.875,14.150971698084906,46.0,2.0840336134453783,0.0,0.0,2.0,1155.22,7.0,3701.8900000000003,17.0,13961.39,0.3333333333333333,0.6363636363636364,0.04285341141482484,11.0,0.0,,0.0,21.0,382.0,0.0,1.0,Female,Bangkok,Silver,40-70k,In-Store,2.0,1
C10101,0,0.0,20.0,24223.27,1211.1635,497.78347874166934,407.0,9.3,4.85,3.0,3.0,21.42105263157895,27.82947236588834,94.0,0.0,4.0,5041.38,5.0,6440.37,8.0,8836.7,16.0,19271.3,1.25,0.8888888888888888,0.010282358315222964,13.0,0.0,,0.0,57.0,417.0,1.0,0.0,Female,Bangkok,Silver,40-70k,Online Web,1.0,1
C10102,0,17.0,23.0,19306.02,839.3921739130435,549.9879611654036,395.0,7.086956521739131,3.4782608695652173,2.0,14.0,17.181818181818183,15.29903938358896,53.0,0.9894179894179893,1.0,627.51,8.0,5244.88,12.0,10497.81,18.0,14982.98,1.6,1.7142857142857142,0.0,13.0,1.0,4.0,0.0,30.0,408.0,0.0,0.0,Male,North,Gold,>120k,In-Store,2.0,1
C10103,0,1.0,99.0,239938.58,2423.62202020202,1399.2937874061429,630.0,14.373737373737374,7.575757575757576,3.0,26.0,6.418367346938775,5.478963460905092,33.0,0.15580286168521462,5.0,18534.54,11.0,36364.8,25.0,72608.0,60.0,149730.51,0.7333333333333333,0.6944444444444444,0.016807350426825084,14.0,1.0,4.0,0.0,41.0,654.0,1.0,1.0,Male,Bangkok,Platinum,70-120k,In-Store,1.0,1
C10104,0,65.0,5.0,3908.73,781.746,469.0069048319011,218.0,6.6,3.4,3.0,2.0,38.25,35.16034698349833,73.0,1.6993464052287581,0.0,0.0,1.0,368.9,3.0,1431.78,5.0,3908.73,0.3333333333333333,1.0,0.037386653006742945,9.0,0.0,,0.0,37.0,227.0,1.0,1.0,Male,Central,Bronze,Unknown,Mobile App,2.0,1
C10105,0,31.0,14.0,14174.619999999999,1012.472857142857,707.5544903661927,480.0,8.142857142857142,4.5,3.0,9.0,34.53846153846154,25.316711821164642,81.0,0.8975501113585745,0.0,0.0,2.0,4348.04,5.0,8342.82,10.0,11904.81,0.5,0.8333333333333334,0.02773382170869644,13.0,2.0,3.5,0.0,26.0,509.0,1.0,1.0,Female,Central,Bronze,20-40k,In-Store,1.0,1
C10106,0,10.0,28.0,52191.21,1863.9717857142857,1052.9453572296657,394.0,16.178571428571427,8.607142857142858,3.0,5.0,14.222222222222221,13.776605960644726,62.0,0.703125,4.0,7251.5599999999995,10.0,17955.62,15.0,28576.11,25.0,47002.77,1.6666666666666667,1.3636363636363635,0.008952263330412857,14.0,2.0,4.5,0.0,27.0,398.0,1.0,0.0,Female,North,Silver,20-40k,Online Web,2.0,1
C10107,0,59.0,4.0,2764.2400000000002,691.0600000000001,130.66139266567353,122.0,7.0,3.75,1.0,1.0,21.0,25.357444666211933,50.0,2.8095238095238093,0.0,0.0,1.0,827.09,4.0,2764.2400000000002,4.0,2764.2400000000002,0.25,4.0,0.01209753796339646,10.0,1.0,3.0,0.0,41.0,163.0,1.0,1.0,Male,North,Bronze,20-40k,Mobile App,3.0,1
C10108,0,111.0,12.0,4295.25,357.9375,204.88584072489112,510.0,5.333333333333333,2.75,3.0,8.0,36.27272727272727,29.523180415026115,102.0,3.0601503759398496,0.0,0.0,0.0,0.0,3.0,500.68,8.0,2261.69,0.0,0.5,0.05208903444501333,9.0,0.0,,0.0,23.0,519.0,1.0,0.0,Female,Bangkok,Silver,20-40k,In-Store,1.0,1
C10109,1,76.0,16.0,27012.2,1688.2625,1254.7082427427767,500.0,9.6875,5.5,2.0,1.0,28.266666666666666,32.94685475269586,114.0,2.688679245283019,0.0,0.0,1.0,589.33,4.0,4316.55,13.0,21400.52,0.25,0.4,0.023800205053925137,14.0,1.0,5.0,0.0,39.0,522.0,1.0,0.0,Male,Bangkok,Silver,20-40k,Online Web,2.0,1
C10110,0,,,,,,,,,,,,,,,,,,,,,,,,,,,,,,,,,,,,,,,,0
C10111,0,0.0,67.0,236100.34,3523.885671641791,1689.234717837981,466.0,17.671641791044777,9.283582089552239,3.0,24.0,7.0606060606060606,6.896774692963455,31.0,0.0,5.0,14811.92,14.0,47945.74,30.0,104148.71,56.0,200202.09,0.8235294117647058,1.1111111111111112,0.0,14.0,0.0,,0.0,37.0,469.0,1.0,1.0,Female,South,Gold,>120k,In-Store,3.0,1
C10112,0,4.0,4.0,2973.75,743.4375,948.5937663852742,87.0,5.25,3.5,2.0,3.0,27.666666666666668,21.962088546705512,53.0,0.14457831325301204,2.0,138.94,4.0,2973.75,4.0,2973.75,4.0,2973.75,4.0,4.0,0.012263051081652921,8.0,0.0,,0.0,27.0,121.0,0.0,0.0,Female,North,Silver,40-70k,In-Store,1.0,1
C10113,0,26.0,19.0,33926.0,1785.578947368421,1166.3040852429463,333.0,12.0,6.2631578947368425,2.0,14.0,17.055555555555557,13.488436102704124,52.0,1.5244299674267099,2.0,5336.0,6.0,11250.88,12.0,24094.54,19.0,33926.0,0.8571428571428571,1.5,0.037988753945051426,14.0,1.0,2.0,1.0,44.0,345.0,1.0,0.0,Male,Central,Gold,<20k,In-Store,1.0,1
C10114,0,8.0,1.0,1848.11,1848.11,,8.0,13.0,9.0,1.0,1.0,,,,,1.0,1848.11,1.0,1848.11,1.0,1848.11,1.0,1848.11,1.0,1.0,0.09307677963273758,6.0,0.0,,0.0,19.0,29.0,1.0,1.0,Female,South,Gold,40-70k,In-Store,2.0,1
C10115,0,73.0,12.0,5735.93,477.9941666666667,246.4128040304552,570.0,5.25,2.1666666666666665,3.0,9.0,45.18181818181818,39.140307055050506,118.0,1.6156941649899397,0.0,0.0,1.0,336.39,3.0,1655.56,7.0,3504.63,0.3333333333333333,0.6,0.04767336258751766,11.0,0.0,,0.0,28.0,630.0,1.0,1.0,Male,North,Bronze,20-40k,In-Store,3.0,1
C10116,1,95.0,13.0,11132.93,856.3792307692308,751.0235812261105,358.0,5.384615384615385,3.1538461538461537,2.0,11.0,21.916666666666668,17.401454136381997,68.0,4.334600760456274,0.0,0.0,0.0,0.0,4.0,3403.96,13.0,11132.93,0.0,0.4,0.03387741890133998,13.0,0.0,,0.0,21.0,408.0,0.0,0.0,Male,Central,Bronze,20-40k,In-Store,2.0,1
C10117,0,10.0,15.0,12868.93,857.9286666666667,569.2132215092621,451.0,8.6,3.933333333333333,3.0,2.0,31.5,22.39419567655869,67.0,0.31746031746031744,2.0,690.72,3.0,1224.04,8.0,5748.13,13.0,11907.869999999999,0.5,1.3333333333333333,0.041420484171322165,12.0,0.0,,0.0,18.0,468.0,0.0,0.0,Female,Bangkok,Gold,40-70k,Online Web,1.0,1
C10118,0,45.0,6.0,3278.3,546.3833333333333,459.0626475620366,414.0,8.166666666666666,4.333333333333333,2.0,5.0,73.8,73.60502700223674,161.0,0.6097560975609756,0.0,0.0,1.0,190.31,1.0,190.31,5.0,2034.2,1.0,0.2,0.06253395787222117,8.0,1.0,5.0,0.0,31.0,436.0,1.0,1.0,Female,Central,Silver,20-40k,In-Store,2.0,1
C10119,0,4.0,55.0,156344.05,2842.6190909090906,1240.49852225907,608.0,14.472727272727273,7.8,3.0,21.0,11.185185185185185,10.504399930009699,45.0,0.3576158940397351,1.0,4335.31,7.0,19768.06,19.0,52494.97,39.0,116184.04,0.5384615384615384,0.9047619047619048,0.023587855081558345,14.0,0.0,,0.0,51.0,611.0,1.0,0.0,Female,North,Platinum,Unknown,In-Store,1.0,1
C10120,0,6.0,54.0,188911.44,3498.36,1703.0060167533504,358.0,16.90740740740741,8.61111111111111,3.0,5.0,6.6415094339622645,6.42439563042746,25.0,0.9034090909090908,6.0,19983.09,16.0,52045.17,33.0,109312.02,54.0,188911.44,0.8888888888888888,1.5,0.026484711582254586,14.0,0.0,,0.0,38.0,362.0,1.0,0.0,Male,Bangkok,Gold,40-70k,Mobile App,1.0,1
C10121,1,2.0,3.0,2544.06,848.02,456.65398542003334,24.0,8.0,4.333333333333333,1.0,1.0,11.0,0.0,11.0,0.18181818181818182,3.0,2544.06,3.0,2544.06,3.0,2544.06,3.0,2544.06,3.0,3.0,0.022834557962135734,7.0,1.0,1.0,0.0,34.0,26.0,1.0,1.0,Female,Bangkok,Bronze,<20k,Mobile App,1.0,1
C10122,0,13.0,10.0,2996.41,299.64099999999996,234.3413027781867,325.0,3.6,2.2,2.0,9.0,34.666666666666664,31.048349392520045,106.0,0.375,2.0,787.12,5.0,1256.04,6.0,1367.2,10.0,2996.41,2.5,1.2,0.08634894499329186,7.0,0.0,,0.0,34.0,350.0,1.0,0.0,Female,Bangkok,Bronze,20-40k,In-Store,2.0,1
C10123,0,2.0,38.0,47778.52,1257.3294736842104,991.6395923785457,580.0,9.421052631578947,5.184210526315789,3.0,17.0,15.621621621621621,13.569474220861714,67.0,0.12802768166089964,3.0,3769.3999999999996,7.0,6160.959999999999,14.0,13941.789999999999,23.0,21745.86,0.875,1.4,0.02545103861621999,14.0,2.0,5.0,0.0,18.0,580.0,1.0,1.0,Male,North,Gold,20-40k,In-Store,2.0,1
C10124,0,6.0,67.0,206851.85,3087.3410447761194,1426.9568130668788,437.0,17.17910447761194,9.492537313432836,3.0,23.0,6.53030303030303,6.977369345511457,48.0,0.9187935034802784,4.0,9888.46,16.0,49561.6,25.0,75962.33,57.0,168489.42,1.6,0.7575757575757576,0.0,14.0,0.0,,0.0,30.0,444.0,1.0,0.0,Male,East,Gold,>120k,In-Store,1.0,1
C10125,0,27.0,18.0,27959.38,1553.298888888889,1150.5931352076318,516.0,9.055555555555555,5.166666666666667,3.0,14.0,28.764705882352942,32.46253496679809,115.0,0.9386503067484663,1.0,1024.87,2.0,1328.6699999999998,5.0,7509.71,8.0,10620.57,0.5,1.25,0.010666357168687957,14.0,0.0,,0.0,25.0,540.0,1.0,0.0,Male,North,Gold,40-70k,In-Store,1.0,1
C10126,1,156.0,3.0,761.0799999999999,253.6933333333333,151.77322699782505,290.0,3.3333333333333335,2.0,2.0,1.0,67.0,7.0710678118654755,72.0,2.328358208955224,0.0,0.0,0.0,0.0,1.0,391.21,3.0,761.0799999999999,0.0,0.3333333333333333,0.11529072605956339,5.0,0.0,,0.0,34.0,355.0,1.0,1.0,Female,South,Silver,20-40k,Mobile App,1.0,1
C10127,0,1.0,67.0,218962.17,3268.092089552239,1797.591112037825,497.0,17.253731343283583,9.134328358208956,3.0,6.0,7.515151515151516,7.7345228568311715,51.0,0.13306451612903225,5.0,19744.06,10.0,36765.51,25.0,80811.81,46.0,158626.11000000002,0.625,1.1363636363636365,0.0,14.0,0.0,,0.0,35.0,501.0,1.0,1.0,Male,Bangkok,Silver,40-70k,Online Web,2.0,1
C10128,0,54.0,13.0,10178.710000000001,782.9776923076923,665.5582807958274,508.0,5.615384615384615,2.6923076923076925,3.0,11.0,37.833333333333336,54.320318203200635,159.0,1.4273127753303965,0.0,0.0,4.0,4053.98,9.0,9055.41,11.0,9833.35,0.6666666666666666,3.0,0.019561173940139415,10.0,0.0,,0.0,36.0,528.0,0.0,1.0,Male,Northeast,Silver,<20k,In-Store,2.0,1
C10129,0,16.0,18.0,15653.49,869.6383333333333,549.2657998182666,248.0,7.555555555555555,3.7222222222222223,2.0,12.0,13.647058823529411,11.067639633581479,35.0,1.1724137931034484,3.0,2337.02,7.0,5385.969999999999,14.0,12231.96,18.0,15653.49,0.875,2.8,0.06170674952975915,12.0,0.0,,0.0,42.0,265.0,1.0,1.0,Female,Northeast,Gold,40-70k,In-Store,1.0,1
C10130,1,126.0,5.0,1280.8899999999999,256.178,114.68181882931574,482.0,5.0,2.2,1.0,1.0,89.0,75.40114941652635,189.0,1.4157303370786516,0.0,0.0,0.0,0.0,1.0,212.69,3.0,697.7,0.0,0.3333333333333333,0.04959450335007753,5.0,0.0,,0.0,23.0,488.0,1.0,1.0,Female,Northeast,Platinum,70-120k,Mobile App,1.0,1
C10131,0,2.0,41.0,75184.91,1833.7782926829268,1165.1784258771324,584.0,12.365853658536585,6.487804878048781,2.0,21.0,14.55,13.52860217920081,63.0,0.1374570446735395,3.0,7343.35,6.0,12660.98,11.0,19200.13,26.0,43540.03,1.0,0.6875,0.017977235748571043,14.0,1.0,3.0,0.0,25.0,627.0,1.0,0.0,Female,East,Gold,20-40k,In-Store,3.0,1
C10132,0,4.0,26.0,45725.770000000004,1758.6834615384616,883.0125883584776,434.0,14.807692307692308,7.923076923076923,3.0,14.0,17.2,16.408839081421938,63.0,0.23255813953488372,2.0,6194.46,8.0,16213.06,12.0,24603.43,21.0,37143.14,1.6,1.2,0.03524640731601103,14.0,0.0,,0.0,43.0,444.0,1.0,0.0,Female,Unknown,Gold,>120k,In-Store,2.0,1
C10133,0,50.0,31.0,38009.65,1226.117741935484,952.4630170447901,551.0,10.548387096774194,5.419354838709677,2.0,21.0,16.7,13.729279057848442,61.0,2.9940119760479043,0.0,0.0,4.0,3269.74,9.0,7632.2,22.0,28487.17,0.6666666666666666,0.6428571428571429,0.024281270391836435,14.0,0.0,,0.0,34.0,584.0,1.0,0.0,Male,Northeast,Gold,>120k,In-Store,3.0,1
C10134,0,69.0,6.0,4989.129999999999,831.5216666666665,705.8080942697289,302.0,7.666666666666667,4.166666666666667,2.0,2.0,46.6,30.426961728046393,92.0,1.48068669527897,0.0,0.0,1.0,989.17,3.0,1570.1,6.0,4989.129999999999,0.3333333333333333,0.75,0.02905556755662722,12.0,0.0,,0.0,37.0,376.0,1.0,1.0,Female,North,Bronze,<20k,Online Web,1.0,1
C10135,0,,,,,,,,,,,,,,,,,,,,,,,,,,,,,,,,,,,,,,,,0
C10136,0,24.0,9.0,6040.33,671.1477777777777,638.4031777955404,533.0,6.888888888888889,4.222222222222222,3.0,4.0,63.625,37.293957764151095,117.0,0.37721021611001965,1.0,418.52,2.0,513.39,4.0,1115.4,6.0,3711.98,0.6666666666666666,1.3333333333333333,0.06522630656116475,12.0,1.0,2.0,0.0,30.0,556.0,1.0,0.0,Female,Bangkok,Gold,70-120k,In-Store,1.0,1
C10137,0,34.0,15.0,17569.55,1171.3033333333333,688.9706430368907,322.0,8.533333333333333,4.333333333333333,2.0,5.0,20.571428571428573,13.926810257774173,50.0,1.6527777777777777,0.0,0.0,4.0,5370.96,9.0,10760.96,15.0,17569.55,0.6666666666666666,1.2857142857142858,0.022034020951384323,13.0,0.0,,0.0,46.0,354.0,0.0,0.0,Female,Bangkok,Gold,20-40k,Mobile App,3.0,1
C10138,1,77.0,22.0,25775.87,1171.6304545454545,858.2141457395134,364.0,7.409090909090909,4.045454545454546,3.0,15.0,13.666666666666666,9.499122766515512,38.0,5.634146341463415,0.0,0.0,1.0,795.17,6.0,5474.4400000000005,22.0,25775.87,0.16666666666666666,0.35294117647058826,0.056697259994737445,13.0,2.0,2.5,0.0,44.0,412.0,1.0,0.0,Male,Bangkok,Gold,40-70k,In-Store,2.0,1
C10139,0,,,,,,,,,,,,,,,,,,,,,,,,,,,,,,,,,,,,,,,,0
C10140,1,58.0,10.0,5986.95,598.6949999999999,359.2159729265328,506.0,5.0,2.7,2.0,8.0,49.77777777777778,65.04571042308973,209.0,1.1651785714285714,0.0,0.0,2.0,1123.3999999999999,7.0,4191.88,9.0,5282.1900000000005,0.3333333333333333,2.3333333333333335,0.09542602360342854,11.0,0.0,,0.0,58.0,511.0,1.0,1.0,Male,East,Silver,40-70k,In-Store,2.0,1
C10141,1,110.0,16.0,25349.7,1584.35625,978.8496521316914,473.0,14.0625,7.0625,2.0,1.0,24.2,38.95455227386323,148.0,4.545454545454546,0.0,0.0,0.0,0.0,2.0,4736.75,9.0,13982.65,0.0,0.25,0.04682100703518344,13.0,1.0,3.0,1.0,56.0,496.0,0.0,0.0,Male,Northeast,Silver,20-40k,Online Web,2.0,1
C10142,1,66.0,22.0,22324.28,1014.7399999999999,936.2541402896564,467.0,6.0,3.1363636363636362,2.0,2.0,19.095238095238095,16.831235135618424,60.0,3.456359102244389,0.0,0.0,2.0,1461.95,7.0,8531.44,15.0,18244.64,0.3333333333333333,0.7777777777777778,0.04174849089299044,11.0,1.0,3.0,0.0,30.0,475.0,0.0,0.0,Female,East,Silver,40-70k,Online Web,1.0,1
C10143,1,18.0,3.0,1918.73,639.5766666666667,466.7713068873593,51.0,5.333333333333333,3.0,1.0,1.0,16.5,20.506096654409877,31.0,1.0909090909090908,1.0,151.75,3.0,1918.73,3.0,1918.73,3.0,1918.73,3.0,3.0,0.027555623131113472,6.0,0.0,,0.0,44.0,53.0,1.0,0.0,Female,Bangkok,Bronze,<20k,Mobile App,2.0,1
C10144,0,7.0,20.0,25360.08,1268.0040000000001,735.6177749090252,527.0,8.45,4.25,3.0,15.0,27.36842105263158,28.225698547237624,92.0,0.25576923076923075,1.0,2718.75,4.0,6278.27,8.0,11040.43,13.0,16567.39,0.8,1.3333333333333333,0.010549938978903243,13.0,0.0,,0.0,29.0,540.0,0.0,0.0,Female,North,Gold,70-120k,In-Store,1.0,1
C10145,1,76.0,15.0,14768.89,984.5926666666667,560.7571774518891,349.0,8.466666666666667,5.066666666666666,2.0,11.0,19.5,23.08429369473139,72.0,3.8974358974358974,0.0,0.0,1.0,1277.24,4.0,3762.81,15.0,14768.89,0.25,0.3333333333333333,0.058630022079557795,13.0,1.0,3.0,0.0,32.0,368.0,1.0,0.0,Male,South,Bronze,Unknown,In-Store,1.0,1
C10146,0,,,,,,,,,,,,,,,,,,,,,,,,,,,,,,,,,,,,,,,,0
C10147,1,22.0,16.0,23066.77,1441.673125,928.7335540165705,538.0,12.25,6.125,2.0,12.0,34.4,36.10460991539525,120.0,0.6395348837209303,1.0,721.5,2.0,2250.81,6.0,10452.74,10.0,15533.86,0.4,1.2,0.03810945987308106,13.0,0.0,,0.0,18.0,559.0,1.0,0.0,Male,East,Bronze,70-120k,In-Store,1.0,1
C10148,1,88.0,16.0,13189.87,824.366875,645.6812165944715,466.0,6.6875,3.25,1.0,12.0,25.2,24.375631859942185,96.0,3.492063492063492,0.0,0.0,1.0,411.26,3.0,1087.54,14.0,9802.31,0.3333333333333333,0.25,0.023848236877882137,13.0,0.0,,0.0,28.0,478.0,0.0,1.0,Female,Bangkok,Silver,20-40k,In-Store,2.0,1
C10149,0,17.0,83.0,254778.0,3069.614457831325,1689.8880426599296,603.0,14.927710843373495,8.024096385542169,3.0,26.0,7.146341463414634,5.8734009144375925,27.0,2.378839590443686,3.0,6562.99,10.0,24809.79,23.0,64209.25,47.0,128865.88,0.7142857142857143,0.92,0.017400455768095124,14.0,0.0,,0.0,39.0,617.0,1.0,0.0,Male,Bangkok,Platinum,70-120k,In-Store,1.0,1
C10150,0,0.0,57.0,113024.56,1982.8870175438597,1307.0189914840087,414.0,11.017543859649123,5.807017543859649,3.0,25.0,7.392857142857143,6.604897828481173,34.0,0.0,3.0,6748.14,16.0,31685.32,24.0,47863.65,50.0,101173.99,1.7777777777777777,0.8888888888888888,0.004212499280854048,14.0,1.0,3.0,0.0,34.0,416.0,1.0,0.0,Male,Northeast,Platinum,40-70k,In-Store,3.0,1
C10151,0,79.0,3.0,2395.47,798.4899999999999,465.8737112136722,191.0,8.0,4.666666666666667,2.0,2.0,56.0,29.698484809834994,77.0,1.4107142857142858,0.0,0.0,1.0,483.41,2.0,1817.0400000000002,3.0,2395.47,0.5,1.0,0.022388821097566448,9.0,0.0,,0.0,34.0,213.0,0.0,1.0,Male,Northeast,Gold,40-70k,Mobile App,2.0,1
C10152,0,7.0,2.0,1068.24,534.12,272.53309560491914,186.0,4.0,3.0,1.0,2.0,179.0,,179.0,0.03910614525139665,1.0,726.83,1.0,726.83,1.0,726.83,2.0,1068.24,1.0,0.5,0.017258509659613615,5.0,0.0,,0.0,32.0,187.0,1.0,0.0,Male,Unknown,Bronze,70-120k,In-Store,1.0,1
C10153,0,34.0,12.0,5424.66,452.055,384.38284264282896,383.0,6.166666666666667,3.4166666666666665,2.0,9.0,31.727272727272727,23.96285003538147,71.0,1.0716332378223496,0.0,0.0,1.0,179.41,3.0,2493.9900000000002,10.0,4453.1900000000005,0.3333333333333333,0.375,0.0718969903625218,10.0,1.0,5.0,0.0,38.0,383.0,1.0,0.0,Female,Northeast,Silver,20-40k,In-Store,3.0,1
C10154,0,8.0,58.0,143586.2,2475.6241379310345,1548.3506181910968,417.0,13.362068965517242,7.155172413793103,3.0,4.0,7.175438596491228,7.57609682539561,37.0,1.114914425427873,3.0,4742.62,13.0,22709.97,22.0,49189.38,52.0,132181.05,1.3,0.7096774193548387,0.005439301446518384,14.0,0.0,,0.0,58.0,423.0,0.0,1.0,Female,Bangkok,Platinum,40-70k,Mobile App,1.0,1
C10155,0,10.0,3.0,2622.84,874.2800000000001,764.6936565056625,95.0,4.333333333333333,2.3333333333333335,1.0,3.0,42.5,10.606601717798213,50.0,0.23529411764705882,1.0,455.17,2.0,2212.07,3.0,2622.84,3.0,2622.84,1.0,3.0,0.10479610086419922,6.0,0.0,,0.0,24.0,102.0,0.0,0.0,Female,East,Silver,40-70k,In-Store,1.0,1
C10156,0,1.0,65.0,152658.13,2348.5866153846155,1172.6589295289532,456.0,14.076923076923077,7.323076923076923,3.0,4.0,7.109375,6.089588271587852,27.0,0.14065934065934066,5.0,11857.1,16.0,38804.89,25.0,64157.76,54.0,130968.37,1.6,0.8333333333333334,0.0,14.0,0.0,,0.0,44.0,460.0,1.0,1.0,Female,Northeast,Platinum,70-120k,Mobile App,2.0,1
C10157,0,1.0,20.0,21422.5,1071.125,1300.08789319678,242.0,5.9,3.0,3.0,2.0,12.68421052631579,8.360307221753592,31.0,0.07883817427385892,2.0,2044.44,7.0,5719.84,13.0,16408.57,20.0,21422.5,1.0,1.625,0.02041702867072111,11.0,0.0,,0.0,42.0,262.0,0.0,1.0,Male,South,Silver,<20k,Mobile App,3.0,1
C10158,0,4.0,28.0,47470.62,1695.3792857142857,1145.1160248959688,596.0,11.25,5.857142857142857,2.0,1.0,21.925925925925927,21.686447249422724,84.0,0.18243243243243243,2.0,4578.16,2.0,4578.16,6.0,10222.38,15.0,21126.23,0.4,0.6,0.006569280894883764,14.0,1.0,3.0,0.0,18.0,605.0,1.0,1.0,Male,South,Gold,>120k,Mobile App,1.0,1
C10159,1,259.0,6.0,3135.25,522.5416666666666,409.0206819913471,439.0,6.5,3.6666666666666665,1.0,6.0,36.0,26.90724809414742,82.0,7.194444444444445,0.0,0.0,0.0,0.0,0.0,0.0,3.0,1894.3,0.0,0.0,0.08435525935358007,9.0,1.0,1.0,0.0,27.0,467.0,1.0,0.0,Male,Bangkok,Bronze,70-120k,In-Store,3.0,1
C10160,0,23.0,59.0,129058.24,2187.4277966101695,1527.5124729227964,448.0,10.830508474576272,5.627118644067797,3.0,5.0,7.327586206896552,6.018649178265376,26.0,3.1388235294117646,3.0,5448.780000000001,11.0,26977.93,21.0,44291.43,45.0,92819.36,1.0,0.84,0.0,14.0,0.0,,0.0,35.0,455.0,0.0,1.0,Female,Bangkok,Gold,40-70k,Mobile App,2.0,1
C10161,0,15.0,32.0,38102.87,1190.7146875,1130.4468493418856,490.0,7.46875,4.25,3.0,4.0,15.32258064516129,14.90053040839865,53.0,0.9789473684210527,1.0,636.7,6.0,7342.6,12.0,14648.210000000001,21.0,28864.52,0.8571428571428571,1.2,0.024226802803664124,14.0,0.0,,0.0,36.0,512.0,0.0,1.0,Female,Central,Silver,20-40k,Mobile App,3.0,1
C10162,0,15.0,1.0,1429.3,1429.3,,15.0,9.0,3.0,1.0,1.0,,,,,1.0,1429.3,1.0,1429.3,1.0,1429.3,1.0,1429.3,1.0,1.0,0.0,1.0,0.0,,0.0,23.0,81.0,0.0,0.0,Male,Central,Bronze,20-40k,In-Store,3.0,1
C10163,0,36.0,12.0,16330.0,1360.8333333333333,1236.2874275634754,292.0,10.0,5.0,1.0,1.0,23.272727272727273,21.670675619790487,82.0,1.546875,0.0,0.0,2.0,1710.08,4.0,3736.06,12.0,16330.0,0.6666666666666666,0.4444444444444444,0.01666787099260544,12.0,1.0,3.0,0.0,43.0,313.0,0.0,1.0,Male,East,Silver,20-40k,Mobile App,1.0,1
C10164,1,36.0,33.0,35029.7,1061.5060606060606,758.418991553891,638.0,7.666666666666667,3.9696969696969697,3.0,14.0,18.8125,19.050759869698197,82.0,1.9136212624584719,0.0,0.0,6.0,7522.84,9.0,10494.08,20.0,23588.84,1.5,0.75,0.035259727490899194,13.0,0.0,,0.0,40.0,644.0,1.0,0.0,Male,Bangkok,Gold,20-40k,In-Store,3.0,1
C10165,0,,,,,,,,,,,,,,,,,,,,,,,,,,,,,,,,,,,,,,,,0
C10166,1,99.0,13.0,17843.1,1372.5461538461536,768.1430898118143,417.0,10.615384615384615,5.769230769230769,1.0,10.0,26.5,15.658282734125674,47.0,3.7358490566037736,0.0,0.0,0.0,0.0,5.0,5281.71,10.0,13564.539999999999,0.0,0.8333333333333334,0.037893611893106124,14.0,1.0,2.0,0.0,34.0,474.0,0.0,1.0,Male,North,Silver,<20k,In-Store,2.0,1
C10167,0,64.0,12.0,9720.39,810.0324999999999,565.6419532647678,555.0,8.083333333333334,4.583333333333333,2.0,11.0,44.63636363636363,34.90063818119298,102.0,1.4338085539714869,0.0,0.0,1.0,275.93,3.0,2572.59,6.0,4149.72,0.3333333333333333,0.75,0.05459219252866016,13.0,0.0,,0.0,24.0,623.0,0.0,1.0,Female,Northeast,Silver,70-120k,In-Store,2.0,1
C10168,0,,,,,,,,,,,,,,,,,,,,,,,,,,,,,,,,,,,,,,,,0
C10169,0,26.0,8.0,3840.94,480.1175,345.10743974056214,390.0,4.75,2.125,1.0,8.0,52.0,43.042614542644436,119.0,0.5,1.0,660.74,1.0,660.74,4.0,1331.25,7.0,3077.27,0.25,1.0,0.029558380264431156,9.0,1.0,3.0,0.0,48.0,436.0,0.0,0.0,Female,Bangkok,Silver,<20k,In-Store,2.0,1
C10170,0,37.0,12.0,14352.47,1196.0391666666667,770.8338154404717,277.0,8.333333333333334,4.75,1.0,1.0,21.818181818181817,24.313856879640394,80.0,1.6958333333333335,0.0,0.0,4.0,2963.4,8.0,9541.78,12.0,14352.47,0.8,1.6,0.04711171837602667,13.0,0.0,,0.0,27.0,310.0,1.0,1.0,Male,East,Silver,20-40k,Mobile App,2.0,1
C10171,0,7.0,5.0,5036.54,1007.308,621.011223264121,72.0,8.0,4.4,2.0,1.0,16.25,16.740669042783207,40.0,0.4307692307692308,3.0,2347.95,5.0,5036.54,5.0,5036.54,5.0,5036.54,5.0,5.0,0.005622880067600918,10.0,0.0,,0.0,34.0,123.0,1.0,1.0,Male,Central,Bronze,<20k,Online Web,1.0,1
C10172,0,3.0,90.0,198154.66,2201.7184444444447,1319.1928461607108,625.0,11.977777777777778,6.622222222222222,3.0,6.0,6.98876404494382,5.892009963467613,31.0,0.42926045016077174,5.0,14226.95,20.0,47638.22,36.0,80993.75,55.0,119486.99,1.1764705882352942,1.8,0.0340464419938665,14.0,0.0,,0.0,22.0,629.0,0.0,1.0,Female,Unknown,Platinum,70-120k,Mobile App,1.0,1
C10173,1,25.0,11.0,7105.55,645.959090909091,446.02910713213646,343.0,6.636363636363637,3.6363636363636362,2.0,8.0,31.8,25.788886495284487,76.0,0.7861635220125786,1.0,371.37,2.0,1766.9699999999998,4.0,2088.71,11.0,7105.55,0.6666666666666666,0.5,0.05509418405952247,10.0,0.0,,0.0,36.0,351.0,0.0,0.0,Female,South,Bronze,70-120k,In-Store,2.0,1
C10174,0,2.0,16.0,28196.48,1762.28,869.3012656457674,324.0,13.125,7.25,3.0,2.0,21.466666666666665,19.686350117591147,66.0,0.09316770186335405,4.0,10113.44,6.0,11755.46,9.0,17680.02,16.0,28196.48,1.5,1.125,0.02083417979242566,13.0,0.0,,0.0,35.0,333.0,1.0,0.0,Female,Bangkok,Gold,20-40k,Online Web,1.0,1
C10175,0,3.0,6.0,6525.219999999999,1087.5366666666666,721.3102587560131,116.0,7.333333333333333,3.5,2.0,5.0,22.6,12.895735729302148,35.0,0.1327433628318584,2.0,2624.58,5.0,4735.94,6.0,6525.219999999999,6.0,6525.219999999999,2.5,6.0,0.046682493882172466,12.0,1.0,2.0,0.0,18.0,139.0,0.0,0.0,Male,East,Bronze,40-70k,In-Store,1.0,1
C10176,0,22.0,25.0,37644.32,1505.7728,828.882991830572,614.0,12.84,6.68,3.0,2.0,24.666666666666668,22.59408669592972,81.0,0.8918918918918919,3.0,8048.91,4.0,9732.130000000001,8.0,14899.05,16.0,25403.47,0.8,0.8888888888888888,0.02249331676644452,14.0,0.0,,0.0,35.0,639.0,1.0,0.0,Female,Bangkok,Gold,Unknown,Online Web,2.0,1
C10177,0,75.0,9.0,5296.88,588.5422222222222,376.9918141610563,513.0,5.444444444444445,3.111111111111111,1.0,1.0,54.75,25.694635348926155,95.0,1.36986301369863,0.0,0.0,1.0,373.19,2.0,1891.99,6.0,3909.14,0.5,0.4,0.049706311872750694,7.0,0.0,,0.0,29.0,603.0,1.0,0.0,Female,South,Bronze,20-40k,Mobile App,1.0,1
C10178,0,22.0,10.0,5088.38,508.838,327.42603561041926,440.0,3.3,2.0,2.0,7.0,46.44444444444444,42.76713431804588,122.0,0.4736842105263158,1.0,143.17,3.0,1158.37,5.0,2424.7599999999998,9.0,4935.7,1.0,1.0,0.06494542247050608,9.0,0.0,,0.0,25.0,444.0,0.0,0.0,Female,Northeast,Bronze,<20k,In-Store,1.0,1
C10179,0,4.0,23.0,21091.26,917.011304347826,460.2111608549863,591.0,7.956521739130435,4.608695652173913,3.0,10.0,26.681818181818183,26.44920804221945,114.0,0.14991482112436114,3.0,1958.49,5.0,4084.33,9.0,7594.1,16.0,12769.65,1.0,1.125,0.060515407250481296,12.0,1.0,3.0,0.0,24.0,641.0,0.0,1.0,Female,Northeast,Silver,20-40k,In-Store,3.0,1
C10180,1,48.0,9.0,12668.41,1407.601111111111,579.0611637695202,315.0,8.88888888888889,5.0,2.0,1.0,33.375,35.528409155813,106.0,1.4382022471910112,0.0,0.0,2.0,2022.71,6.0,8886.52,9.0,12668.41,0.4,1.5,0.08922541372832504,12.0,1.0,3.0,1.0,33.0,325.0,0.0,0.0,Male,Central,Silver,20-40k,Mobile App,1.0,1
C10181,0,8.0,2.0,1418.81,709.405,30.99249021940645,21.0,6.5,3.5,2.0,2.0,13.0,,13.0,0.6153846153846154,2.0,1418.81,2.0,1418.81,2.0,1418.81,2.0,1418.81,2.0,2.0,0.025006871907641563,5.0,0.0,,0.0,22.0,28.0,0.0,0.0,Male,Bangkok,Bronze,20-40k,In-Store,1.0,1
C10182,1,36.0,11.0,6367.5,578.8636363636364,386.3140182098684,308.0,5.0,2.909090909090909,3.0,10.0,27.2,29.87678400066216,95.0,1.3235294117647058,0.0,0.0,2.0,761.1600000000001,5.0,3156.3199999999997,11.0,6367.5,0.5,0.7142857142857143,0.016956060599043123,11.0,0.0,,0.0,37.0,343.0,1.0,1.0,Female,East,Bronze,40-70k,In-Store,1.0,1
C10183,0,7.0,18.0,15288.74,849.3744444444444,477.62270793171683,537.0,8.055555555555555,4.333333333333333,3.0,13.0,31.176470588235293,29.85848977702499,110.0,0.22452830188679246,1.0,126.27,5.0,5018.13,5.0,5018.13,13.0,11058.4,5.0,0.5555555555555556,0.08158746482832861,12.0,1.0,3.0,0.0,29.0,585.0,0.0,0.0,Male,Northeast,Silver,20-40k,In-Store,2.0,1
C10184,0,24.0,16.0,18568.19,1160.511875,699.6265573215351,327.0,8.5625,4.4375,3.0,10.0,20.2,13.86259097612811,58.0,1.188118811881188,1.0,1760.57,3.0,3064.21,8.0,10427.01,16.0,18568.19,0.5,0.8888888888888888,0.04554926617841179,14.0,0.0,,0.0,51.0,340.0,1.0,1.0,Male,Bangkok,Gold,20-40k,In-Store,2.0,1
C10185,1,27.0,7.0,4788.9,684.1285714285714,264.0643271647126,94.0,7.571428571428571,4.0,1.0,4.0,11.166666666666666,8.109665015687558,23.0,2.4179104477611943,1.0,728.52,6.0,4682.47,7.0,4788.9,7.0,4788.9,3.0,7.0,0.02467189676662512,10.0,1.0,2.0,0.0,21.0,96.0,0.0,0.0,Male,South,Gold,Unknown,In-Store,2.0,1
C10186,0,20.0,22.0,24233.64,1101.5290909090909,714.7223889762346,317.0,6.681818181818182,3.8636363636363638,3.0,4.0,14.142857142857142,13.093073414159543,49.0,1.4141414141414141,2.0,1374.82,7.0,5766.38,11.0,12119.119999999999,22.0,24233.64,1.4,0.9166666666666666,0.012976010733037283,13.0,0.0,,0.0,25.0,319.0,1.0,0.0,Female,Bangkok,Silver,40-70k,Online Web,1.0,1
C10187,0,1.0,66.0,209908.62,3180.433636363636,1690.6834667950902,428.0,16.196969696969695,8.772727272727273,3.0,23.0,6.569230769230769,6.56688955758649,30.0,0.1522248243559719,6.0,11213.15,12.0,36198.590000000004,21.0,63859.46,52.0,155230.21,1.2,0.65625,0.024049564901595547,14.0,0.0,,0.0,41.0,430.0,0.0,1.0,Male,Bangkok,Gold,70-120k,In-Store,3.0,1
C10188,0,5.0,17.0,19898.95,1170.5264705882353,637.2744400368375,420.0,9.588235294117647,5.0,2.0,13.0,25.9375,28.318353883421022,100.0,0.1927710843373494,1.0,1209.44,1.0,1209.44,5.0,3346.55,14.0,15606.39,0.2,0.5,0.009445115634717845,13.0,0.0,,0.0,22.0,460.0,0.0,1.0,Male,Bangkok,Silver,40-70k,In-Store,2.0,1
C10189,0,16.0,3.0,625.78,208.59333333333333,87.8021584776441,148.0,4.0,2.3333333333333335,1.0,3.0,66.0,15.556349186104045,77.0,0.24242424242424243,1.0,123.98,2.0,423.25,3.0,625.78,3.0,625.78,1.0,3.0,0.0,6.0,0.0,,0.0,41.0,185.0,1.0,0.0,Female,Northeast,Bronze,<20k,In-Store,2.0,1
C10190,0,23.0,31.0,32413.63,1045.6009677419356,742.4349274935586,633.0,7.903225806451613,4.483870967741935,3.0,19.0,20.333333333333332,21.865313947505726,85.0,1.1311475409836067,1.0,735.61,6.0,7489.17,9.0,9276.15,16.0,16801.45,1.5,1.125,0.049978545577751186,14.0,0.0,,0.0,35.0,637.0,0.0,1.0,Female,East,Gold,<20k,In-Store,3.0,1
C10191,0,30.0,4.0,3757.19,939.2975,607.2398154147998,92.0,7.0,3.0,1.0,4.0,20.666666666666668,16.010413278030438,37.0,1.4516129032258063,0.0,0.0,3.0,2767.7,4.0,3757.19,4.0,3757.19,1.5,4.0,0.0,7.0,0.0,,0.0,33.0,107.0,1.0,0.0,Female,Central,Silver,40-70k,In-Store,2.0,1
C10192,0,0.0,43.0,133917.67,3114.3644186046513,1251.3447273106267,451.0,16.186046511627907,8.604651162790697,3.0,22.0,10.738095238095237,11.778565741105227,59.0,0.0,2.0,5142.370000000001,6.0,15828.24,13.0,34268.22,33.0,100330.37,0.75,0.6190476190476191,0.0,14.0,1.0,5.0,0.0,26.0,460.0,1.0,0.0,Male,Bangkok,Platinum,70-120k,In-Store,2.0,1
C10193,1,165.0,11.0,4427.75,402.52272727272725,290.85729511535067,579.0,5.181818181818182,3.090909090909091,2.0,2.0,41.4,27.16697341340114,86.0,3.9855072463768115,0.0,0.0,0.0,0.0,2.0,545.22,5.0,1662.48,0.0,0.5,0.08879221107957878,12.0,0.0,,0.0,36.0,606.0,1.0,0.0,Female,South,Bronze,20-40k,Online Web,1.0,1
C10194,0,25.0,4.0,3478.45,869.6125,468.4515270815115,43.0,7.25,4.5,2.0,1.0,6.0,4.0,10.0,4.166666666666667,1.0,568.97,4.0,3478.45,4.0,3478.45,4.0,3478.45,4.0,4.0,0.0,9.0,0.0,,0.0,46.0,121.0,0.0,0.0,Female,Bangkok,Bronze,40-70k,Online Web,3.0,1
C10195,0,37.0,7.0,4672.39,667.4842857142858,306.0449889508155,540.0,6.714285714285714,3.5714285714285716,1.0,1.0,83.83333333333333,79.3130926560468,234.0,0.4413518886679921,0.0,0.0,1.0,734.97,2.0,1675.41,3.0,2303.9900000000002,0.5,1.0,0.05500419670937534,10.0,0.0,,0.0,52.0,608.0,1.0,1.0,Female,Central,Bronze,<20k,Online Web,3.0,1
C10196,0,12.0,4.0,2997.47,749.3675,182.66189775557098,138.0,7.0,4.0,2.0,2.0,42.0,45.077710678338576,94.0,0.2857142857142857,1.0,720.45,1.0,720.45,4.0,2997.47,4.0,2997.47,0.25,4.0,0.0529500230643337,8.0,0.0,,0.0,20.0,138.0,0.0,1.0,Male,Northeast,Gold,40-70k,Mobile App,3.0,1
C10197,0,158.0,6.0,3867.07,644.5116666666667,421.4121596450044,469.0,9.166666666666666,4.666666666666667,1.0,6.0,62.2,38.43435962781219,105.0,2.540192926045016,0.0,0.0,0.0,0.0,1.0,972.52,3.0,2549.4700000000003,0.0,0.3333333333333333,0.03775265689423931,9.0,0.0,,0.0,22.0,517.0,0.0,0.0,Male,North,Silver,40-70k,In-Store,2.0,1
C10198,0,44.0,16.0,33718.12,2107.3825,987.7621970191003,307.0,14.4375,7.625,2.0,11.0,17.533333333333335,15.706534885048264,63.0,2.509505703422053,0.0,0.0,3.0,7545.34,8.0,14230.71,16.0,33718.12,0.5,0.8888888888888888,0.012880115041594843,14.0,1.0,3.0,0.0,39.0,318.0,1.0,1.0,Female,South,Silver,70-120k,In-Store,2.0,1
C10199,1,335.0,7.0,14643.18,2091.882857142857,1454.6265315962753,450.0,10.714285714285714,5.857142857142857,2.0,1.0,19.166666666666668,24.094951061719687,62.0,17.478260869565215,0.0,0.0,0.0,0.0,0.0,0.0,2.0,6052.69,0.0,0.0,0.011999840766802307,13.0,2.0,2.5,0.0,30.0,463.0,1.0,1.0,Male,Northeast,Silver,20-40k,Mobile App,1.0,1
C10200,0,57.0,25.0,36391.57,1455.6628,694.3475076976946,526.0,9.32,4.72,3.0,2.0,19.541666666666668,13.749242403371419,54.0,2.9168443496801704,0.0,0.0,2.0,2749.2200000000003,8.0,9784.35,17.0,23870.37,0.2857142857142857,0.8,0.0072731359622501815,14.0,0.0,,0.0,48.0,551.0,1.0,0.0,Female,Northeast,Bronze,20-40k,Online Web,2.0,1
C10201,1,68.0,15.0,15984.05,1065.6033333333332,537.4061929924762,507.0,7.266666666666667,4.066666666666666,2.0,1.0,31.357142857142858,36.825173544647505,123.0,2.1685649202733486,0.0,0.0,2.0,1560.69,6.0,6668.24,8.0,9803.91,0.4,2.0,0.07348347444928839,14.0,1.0,3.0,0.0,33.0,514.0,1.0,1.0,Male,Bangkok,Bronze,Unknown,Mobile App,2.0,1
C10202,0,16.0,71.0,246828.69,3476.4604225352114,1869.3693267023327,484.0,16.87323943661972,8.816901408450704,3.0,22.0,6.685714285714286,6.26826110723609,27.0,2.393162393162393,3.0,16824.16,14.0,69616.93000000001,25.0,100691.26000000001,56.0,194308.92,1.1666666666666667,0.78125,0.0,14.0,0.0,,0.0,35.0,484.0,1.0,1.0,Female,Northeast,Platinum,40-70k,In-Store,2.0,1
C10203,0,66.0,5.0,2509.5,501.9,407.46077283586453,166.0,5.0,2.6,2.0,4.0,25.0,18.275666882497067,45.0,2.64,0.0,0.0,3.0,2301.16,5.0,2509.5,5.0,2509.5,1.0,5.0,0.008471160912546325,8.0,0.0,,0.0,18.0,340.0,0.0,0.0,Female,Bangkok,Bronze,40-70k,In-Store,1.0,1
C10204,0,1.0,64.0,194508.7,3039.1984375,1505.4970344245162,490.0,14.28125,7.84375,2.0,22.0,7.761904761904762,7.341253926720548,34.0,0.12883435582822086,3.0,11233.07,10.0,34611.03,19.0,62917.8,45.0,125940.8,1.0,0.7037037037037037,0.01113533820022785,14.0,0.0,,0.0,43.0,492.0,0.0,1.0,Female,Bangkok,Gold,>120k,In-Store,1.0,1
C10205,0,18.0,3.0,1853.6499999999999,617.8833333333333,403.0262803259029,127.0,5.0,4.0,2.0,3.0,54.5,31.81980515339464,77.0,0.3302752293577982,1.0,258.94,2.0,799.78,3.0,1853.6499999999999,3.0,1853.6499999999999,1.0,3.0,0.07635695030619517,6.0,0.0,,0.0,50.0,169.0,0.0,0.0,Female,Central,Bronze,20-40k,In-Store,3.0,1
C10206,0,11.0,50.0,142699.25,2853.985,1771.4973292396073,373.0,14.22,7.22,3.0,4.0,7.387755102040816,6.415529097856402,27.0,1.488950276243094,3.0,6116.23,11.0,26517.95,21.0,55889.04,49.0,140034.92,1.0,0.7241379310344828,0.0,14.0,2.0,3.0,0.0,48.0,374.0,1.0,0.0,Female,North,Gold,40-70k,Mobile App,3.0,1
C10207,0,3.0,9.0,8323.62,924.8466666666668,380.24510785807615,546.0,10.555555555555555,5.666666666666667,1.0,1.0,67.875,95.06154021775278,294.0,0.04419889502762431,1.0,576.72,3.0,2962.04,3.0,2962.04,5.0,4128.76,3.0,1.0,0.0534984290586064,13.0,1.0,3.0,1.0,50.0,623.0,0.0,1.0,Female,Northeast,Silver,<20k,Mobile App,2.0,1
C10208,0,4.0,10.0,22486.77,2248.677,1060.1299348145963,258.0,18.0,8.6,1.0,7.0,28.22222222222222,21.770265144100666,60.0,0.14173228346456693,1.0,4076.23,2.0,6737.29,4.0,9152.97,10.0,22486.77,0.6666666666666666,0.5714285714285714,0.011022373280310537,12.0,0.0,,0.0,58.0,276.0,1.0,0.0,Female,Northeast,Gold,>120k,In-Store,3.0,1
C10209,0,29.0,73.0,235397.61,3224.6247945205478,1695.3001734633158,632.0,16.63013698630137,8.89041095890411,3.0,24.0,8.375,10.228980509000941,51.0,3.462686567164179,1.0,3571.24,7.0,23029.58,17.0,58336.770000000004,35.0,111461.06,0.6363636363636364,0.8947368421052632,0.0,14.0,0.0,,0.0,30.0,632.0,1.0,0.0,Female,East,Silver,40-70k,In-Store,1.0,1
C10210,1,2.0,3.0,6320.55,2106.85,684.3707228542147,11.0,12.333333333333334,5.333333333333333,1.0,3.0,4.5,3.5355339059327378,7.0,0.4444444444444444,3.0,6320.55,3.0,6320.55,3.0,6320.55,3.0,6320.55,3.0,3.0,0.016273651346046993,8.0,0.0,,0.0,29.0,27.0,0.0,1.0,Male,North,Silver,40-70k,In-Store,1.0,1
C10211,1,15.0,7.0,15937.689999999999,2276.812857142857,1323.4793601553229,307.0,12.857142857142858,6.857142857142857,1.0,1.0,48.666666666666664,37.855867004556465,117.0,0.3082191780821918,1.0,524.88,1.0,524.88,3.0,6549.97,7.0,15937.689999999999,0.3333333333333333,0.6,0.01051833631234902,12.0,0.0,,0.0,37.0,313.0,1.0,0.0,Female,Northeast,Gold,40-70k,Mobile App,2.0,1
C10212,1,86.0,5.0,2261.73,452.346,149.36012212099988,468.0,4.2,2.6,2.0,2.0,95.5,132.78930679840153,291.0,0.900523560209424,0.0,0.0,1.0,304.84,1.0,304.84,1.0,304.84,1.0,1.0,0.13945400932179206,8.0,0.0,,0.0,34.0,480.0,1.0,1.0,Male,Central,Gold,40-70k,Mobile App,2.0,1
C10213,0,21.0,43.0,31718.91,737.6490697674418,449.7201796080904,627.0,6.325581395348837,3.372093023255814,3.0,21.0,14.428571428571429,12.492227548716839,56.0,1.4554455445544554,2.0,701.4100000000001,7.0,4162.78,14.0,7402.18,27.0,15359.37,0.875,1.0,0.06172616371252101,14.0,0.0,,0.0,28.0,650.0,1.0,0.0,Female,Bangkok,Platinum,70-120k,In-Store,2.0,1
C10214,0,29.0,36.0,42099.41,1169.4280555555556,634.691585475382,604.0,7.166666666666667,3.638888888888889,3.0,20.0,16.428571428571427,19.90608200626974,109.0,1.765217391304348,1.0,1589.3,6.0,7166.110000000001,12.0,13717.29,20.0,21729.14,0.8571428571428571,1.3333333333333333,0.0037024450573245934,13.0,1.0,2.0,0.0,49.0,617.0,1.0,1.0,Female,Northeast,Silver,>120k,In-Store,3.0,1
C10215,0,29.0,66.0,193487.29,2931.625606060606,1930.2500311578835,598.0,15.590909090909092,8.318181818181818,3.0,4.0,8.753846153846155,7.24791083957726,35.0,3.312829525483304,1.0,1585.33,3.0,5255.49,17.0,48547.22,39.0,108797.89,0.2,0.7391304347826086,0.0,14.0,1.0,3.0,0.0,41.0,602.0,1.0,1.0,Female,Bangkok,Silver,70-120k,Mobile App,2.0,1
C10216,0,0.0,26.0,42776.89,1645.2649999999999,630.4634884923948,330.0,13.26923076923077,7.230769230769231,3.0,12.0,13.2,13.21615173439934,56.0,0.0,3.0,3660.18,11.0,17488.76,13.0,21237.67,26.0,42776.89,3.6666666666666665,0.9285714285714286,0.015204660322202052,14.0,0.0,,0.0,32.0,332.0,1.0,0.0,Male,Northeast,Gold,40-70k,In-Store,1.0,1
C10217,0,5.0,12.0,7412.4400000000005,617.7033333333334,451.6284287559919,367.0,6.5,3.4166666666666665,3.0,9.0,32.90909090909091,46.23300670614998,164.0,0.15193370165745856,3.0,1938.8899999999999,5.0,3049.17,9.0,5297.360000000001,11.0,5879.57,1.0,3.0,0.08886706386033402,10.0,0.0,,0.0,21.0,491.0,1.0,1.0,Male,Northeast,Bronze,70-120k,In-Store,2.0,1
C10218,0,18.0,18.0,18211.38,1011.7433333333333,741.1016173635189,357.0,7.944444444444445,4.055555555555555,3.0,12.0,19.941176470588236,18.328497579709357,73.0,0.9026548672566371,1.0,553.91,2.0,2019.2599999999998,6.0,5775.4800000000005,18.0,18211.38,0.4,0.46153846153846156,0.02373573708799382,13.0,1.0,3.0,0.0,44.0,367.0,1.0,0.0,Male,Northeast,Silver,70-120k,In-Store,1.0,1
C10219,0,7.0,47.0,90487.12,1925.2578723404254,1602.1685077038503,367.0,9.595744680851064,5.0,3.0,6.0,7.826086956521739,6.247859536855045,28.0,0.8944444444444445,4.0,6777.09,14.0,29426.94,26.0,56786.87,46.0,88917.79,1.0769230769230769,1.2380952380952381,0.0010549478112151242,14.0,0.0,,0.0,41.0,367.0,1.0,0.0,Male,Northeast,Platinum,40-70k,Mobile App,1.0,1
C10220,0,1.0,18.0,14378.98,798.8322222222222,437.7665151190496,447.0,6.833333333333333,3.888888888888889,3.0,4.0,26.235294117647058,21.75008451640104,80.0,0.03811659192825112,1.0,1257.99,4.0,2474.8199999999997,8.0,6256.95,15.0,12368.24,0.8,1.0,0.03107648435057304,13.0,0.0,,0.0,45.0,448.0,0.0,0.0,Male,Bangkok,Bronze,20-40k,Online Web,2.0,1
C10221,1,163.0,17.0,21048.5,1238.1470588235295,885.3888195149399,613.0,8.294117647058824,4.0588235294117645,2.0,1.0,28.125,20.35640767260602,66.0,5.795555555555556,0.0,0.0,0.0,0.0,1.0,638.34,5.0,6403.26,0.0,0.2,0.04705096716505756,14.0,1.0,4.0,1.0,23.0,665.0,1.0,1.0,Female,Bangkok,Silver,40-70k,Mobile App,2.0,1
C10222,0,36.0,18.0,9310.34,517.2411111111111,536.6689563122512,610.0,5.555555555555555,2.888888888888889,2.0,9.0,33.76470588235294,27.8063154062272,83.0,1.0662020905923344,0.0,0.0,2.0,870.23,6.0,1906.81,10.0,5954.58,0.4,1.2,0.036406164291406626,11.0,0.0,,0.0,40.0,619.0,0.0,0.0,Male,North,Silver,20-40k,In-Store,1.0,1
C10223,0,34.0,1.0,845.26,845.26,,34.0,12.0,5.0,1.0,1.0,,,,,0.0,0.0,1.0,845.26,1.0,845.26,1.0,845.26,1.0,1.0,0.049072990729907305,3.0,0.0,,0.0,18.0,50.0,1.0,1.0,Female,Bangkok,Bronze,40-70k,In-Store,2.0,1
C10224,1,49.0,4.0,1266.4099999999999,316.60249999999996,229.9167665881141,109.0,5.0,2.25,1.0,4.0,20.0,5.291502622129181,26.0,2.45,0.0,0.0,2.0,658.28,4.0,1266.4099999999999,4.0,1266.4099999999999,0.6666666666666666,4.0,0.1752404769812894,4.0,2.0,2.5,0.0,31.0,180.0,0.0,0.0,Male,Central,Bronze,40-70k,In-Store,1.0,1
C10225,0,42.0,4.0,2114.9300000000003,528.7325000000001,272.0491501395781,267.0,5.5,2.5,1.0,4.0,75.0,27.055498516937366,101.0,0.56,0.0,0.0,1.0,188.04,2.0,991.48,4.0,2114.9300000000003,0.5,0.6666666666666666,0.033660787718176,7.0,0.0,,0.0,42.0,399.0,0.0,0.0,Male,Bangkok,Silver,Unknown,In-Store,1.0,1
C10226,0,12.0,57.0,104971.45,1841.6043859649121,1011.2067364416945,515.0,10.912280701754385,5.7368421052631575,3.0,22.0,8.982142857142858,9.174056446758527,44.0,1.3359840954274353,1.0,1637.54,11.0,21852.5,19.0,35132.86,46.0,90232.06999999999,1.2222222222222223,0.6785714285714286,0.02516763783281703,14.0,0.0,,0.0,35.0,516.0,1.0,1.0,Male,Bangkok,Platinum,20-40k,In-Store,1.0,1
C10227,1,25.0,3.0,1601.3,533.7666666666667,488.77265495661,33.0,4.666666666666667,3.0,3.0,2.0,4.0,2.8284271247461903,6.0,6.25,1.0,318.45,3.0,1601.3,3.0,1601.3,3.0,1601.3,3.0,3.0,0.08727670683188746,5.0,0.0,,0.0,34.0,33.0,1.0,0.0,Male,Central,Bronze,40-70k,In-Store,1.0,1
C10228,0,0.0,4.0,5602.4400000000005,1400.6100000000001,583.9791079025573,93.0,13.0,6.0,1.0,1.0,31.0,6.557438524302,38.0,0.0,1.0,1850.13,3.0,4522.71,4.0,5602.4400000000005,4.0,5602.4400000000005,1.5,4.0,0.03657693537902785,10.0,0.0,,0.0,26.0,125.0,0.0,1.0,Female,South,Silver,70-120k,Mobile App,1.0,1
C10229,1,43.0,12.0,23062.3,1921.8583333333333,1293.0985967177187,322.0,14.083333333333334,7.0,2.0,3.0,25.363636363636363,19.494987700805186,76.0,1.6953405017921148,0.0,0.0,3.0,4226.33,5.0,7467.28,12.0,23062.3,1.0,0.625,0.04701239669421488,14.0,2.0,3.0,0.0,21.0,401.0,1.0,1.0,Female,North,Silver,40-70k,Mobile App,1.0,1
C10230,0,2.0,23.0,34040.74,1480.0321739130434,1069.0961666922058,290.0,11.782608695652174,6.086956521739131,3.0,8.0,13.090909090909092,14.444999434337431,50.0,0.15277777777777776,4.0,6019.4,9.0,15468.29,13.0,19386.22,23.0,34040.74,1.8,1.1818181818181819,0.027987581126579023,14.0,0.0,,0.0,32.0,300.0,1.0,1.0,Female,Northeast,Silver,40-70k,In-Store,1.0,1
C10231,0,27.0,22.0,33898.39,1540.8359090909091,788.7930946021215,472.0,11.681818181818182,5.909090909090909,3.0,13.0,21.19047619047619,24.1114475874408,98.0,1.2741573033707865,2.0,2382.81,4.0,4180.4,8.0,12303.48,13.0,21033.97,0.8,1.3333333333333333,0.04779749876263976,14.0,0.0,,0.0,35.0,481.0,1.0,0.0,Female,Northeast,Bronze,>120k,In-Store,2.0,1
C10232,0,139.0,4.0,924.13,231.0325,140.07113558831458,318.0,2.75,1.5,3.0,2.0,59.666666666666664,27.465129406819354,77.0,2.3296089385474863,0.0,0.0,0.0,0.0,2.0,300.87,4.0,924.13,0.0,0.6666666666666666,0.06992683245941567,4.0,0.0,,0.0,34.0,630.0,1.0,1.0,Female,East,Silver,<20k,Mobile App,2.0,1
C10233,1,86.0,15.0,20063.44,1337.5626666666665,914.0728426308475,436.0,7.4,3.933333333333333,3.0,11.0,25.0,19.59984301350004,56.0,3.44,0.0,0.0,1.0,880.73,3.0,5884.02,12.0,14967.35,0.3333333333333333,0.3,0.057930619987604,13.0,1.0,1.0,1.0,46.0,448.0,0.0,0.0,Male,Bangkok,Silver,70-120k,In-Store,1.0,1
C10234,0,16.0,25.0,13342.95,533.7180000000001,410.91461877742927,362.0,4.48,2.32,3.0,7.0,14.416666666666666,16.045903355459725,59.0,1.1098265895953758,1.0,519.43,6.0,3514.75,15.0,6964.68,25.0,13342.95,0.6,1.3636363636363635,0.0015362764788812496,11.0,0.0,,0.0,36.0,363.0,1.0,1.0,Female,Northeast,Gold,20-40k,Online Web,3.0,1
C10235,0,38.0,15.0,6917.13,461.142,320.51899386998673,582.0,4.066666666666666,2.0,3.0,11.0,38.857142857142854,42.569142205732405,167.0,0.9779411764705883,0.0,0.0,4.0,761.92,7.0,2785.01,10.0,3782.27,1.0,1.75,0.03979960687633262,12.0,0.0,,0.0,26.0,656.0,1.0,1.0,Male,Central,Silver,20-40k,In-Store,3.0,1
C10236,0,1.0,73.0,174645.37,2392.4023287671234,1071.7279830301063,492.0,13.013698630136986,6.698630136986301,3.0,5.0,6.819444444444445,6.701537323921457,35.0,0.14663951120162932,5.0,14440.31,13.0,37935.83,33.0,78608.87,60.0,140217.16,0.6190476190476191,1.1785714285714286,0.00569725243496766,14.0,1.0,5.0,0.0,23.0,496.0,0.0,1.0,Female,Central,Platinum,70-120k,Mobile App,1.0,1
C10237,0,41.0,15.0,11203.5,746.9,450.35455467252217,469.0,7.266666666666667,3.6666666666666665,3.0,2.0,30.571428571428573,38.84429328587561,141.0,1.3411214953271027,0.0,0.0,4.0,3695.6900000000005,6.0,5863.120000000001,10.0,7790.0,1.3333333333333333,1.2,0.10457101570667238,13.0,1.0,2.0,0.0,27.0,498.0,0.0,1.0,Male,Northeast,Bronze,20-40k,Mobile App,2.0,1
C10238,0,0.0,73.0,216535.39,2966.2382191780825,1555.4066287124463,562.0,15.32876712328767,8.246575342465754,3.0,11.0,7.805555555555555,6.579179470413645,35.0,0.0,4.0,9454.04,13.0,38240.090000000004,22.0,70370.12,43.0,131831.5,1.3,1.0,0.01594289166070421,14.0,0.0,,0.0,34.0,564.0,1.0,0.0,Male,Bangkok,Gold,Unknown,Mobile App,1.0,1
C10239,0,0.0,44.0,114378.18,2599.504090909091,1290.3377947010767,385.0,13.681818181818182,7.2272727272727275,2.0,22.0,8.953488372093023,6.683146850641735,29.0,0.0,4.0,15813.369999999999,11.0,31966.02,23.0,60633.44,43.0,113215.17,0.8461538461538461,1.0952380952380953,0.012385784242320418,14.0,0.0,,0.0,28.0,402.0,1.0,1.0,Female,South,Silver,Unknown,In-Store,2.0,1
C10240,0,37.0,1.0,79.01,79.01,,37.0,1.0,1.0,1.0,1.0,,,,,0.0,0.0,1.0,79.01,1.0,79.01,1.0,79.01,1.0,1.0,0.0,1.0,1.0,4.0,0.0,36.0,62.0,1.0,0.0,Male,South,Silver,Unknown,In-Store,1.0,1
C10241,0,,,,,,,,,,,,,,,,,,,,,,,,,,,,,,,,,,,,,,,,0
C10242,0,5.0,1.0,572.95,572.95,,5.0,9.0,4.0,1.0,1.0,,,,,1.0,572.95,1.0,572.95,1.0,572.95,1.0,572.95,1.0,1.0,0.11165033490449021,4.0,0.0,,0.0,41.0,31.0,0.0,1.0,Male,Central,Platinum,20-40k,In-Store,2.0,1
C10243,0,134.0,11.0,3366.7599999999998,306.0690909090909,211.49197031823905,604.0,4.090909090909091,2.090909090909091,3.0,2.0,47.0,32.28002478313794,95.0,2.851063829787234,0.0,0.0,0.0,0.0,2.0,677.4,6.0,2136.18,0.0,0.4,0.10106107453154121,9.0,0.0,,0.0,37.0,615.0,0.0,1.0,Female,East,Silver,20-40k,Mobile App,2.0,1
C10244,1,22.0,3.0,4779.889999999999,1593.2966666666664,700.9528311044426,36.0,11.666666666666666,6.0,2.0,1.0,7.0,1.4142135623730951,8.0,3.142857142857143,2.0,2401.67,3.0,4779.889999999999,3.0,4779.889999999999,3.0,4779.889999999999,3.0,3.0,0.009774045124682261,6.0,0.0,,0.0,18.0,36.0,1.0,1.0,Female,Bangkok,Bronze,20-40k,Online Web,2.0,1
C10245,0,1.0,26.0,34509.71,1327.2965384615384,948.2127190749652,519.0,9.384615384615385,5.115384615384615,3.0,17.0,20.72,15.975293424535273,51.0,0.04826254826254826,1.0,398.48,3.0,4000.91,10.0,17330.64,20.0,28178.97,0.375,0.9090909090909091,0.04127630504616275,13.0,0.0,,0.0,34.0,541.0,1.0,1.0,Female,Bangkok,Bronze,40-70k,In-Store,2.0,1
C10246,0,16.0,9.0,3768.37,418.7077777777778,401.4609580886346,582.0,3.4444444444444446,1.8888888888888888,1.0,7.0,70.75,76.35396893042673,220.0,0.22614840989399293,2.0,334.9,2.0,334.9,3.0,417.65999999999997,8.0,3361.91,1.0,0.5,0.14023828210557054,9.0,0.0,,0.0,35.0,610.0,0.0,0.0,Female,Bangkok,Bronze,20-40k,In-Store,2.0,1
C10247,0,4.0,80.0,305597.78,3819.9722500000003,1762.4174347286116,614.0,18.925,10.325,1.0,25.0,7.7215189873417724,7.925836862488951,41.0,0.5180327868852459,5.0,16853.56,19.0,71166.4,35.0,127048.76,53.0,196978.37,1.1176470588235294,1.8421052631578947,0.0,14.0,2.0,4.5,1.0,31.0,662.0,1.0,0.0,Female,East,Platinum,40-70k,In-Store,2.0,1
C10248,0,,,,,,,,,,,,,,,,,,,,,,,,,,,,,,,,,,,,,,,,0
C10249,1,51.0,3.0,3246.86,1082.2866666666666,832.9003321726636,92.0,5.666666666666667,3.6666666666666665,1.0,1.0,20.5,9.192388155425117,27.0,2.4878048780487805,0.0,0.0,2.0,1246.14,3.0,3246.86,3.0,3246.86,1.0,3.0,0.002460927778989637,5.0,1.0,1.0,0.0,34.0,119.0,0.0,1.0,Male,East,Bronze,20-40k,Mobile App,2.0,1
C10250,0,60.0,5.0,3017.0,603.4,228.76731923506912,296.0,6.8,4.6,1.0,5.0,59.0,65.31462317123173,153.0,1.0169491525423728,0.0,0.0,2.0,917.93,3.0,1572.06,5.0,3017.0,1.0,1.0,0.07670650161430997,8.0,1.0,5.0,0.0,41.0,377.0,0.0,0.0,Female,Bangkok,Silver,20-40k,In-Store,2.0,1
C10251,0,10.0,19.0,21996.6,1157.715789473684,1713.6974774942557,584.0,8.263157894736842,4.105263157894737,1.0,15.0,31.88888888888889,32.04388330893027,119.0,0.313588850174216,2.0,4134.75,3.0,4317.9400000000005,4.0,5084.1900000000005,10.0,17877.55,1.5,0.5714285714285714,0.049955038651211356,14.0,0.0,,0.0,51.0,643.0,0.0,1.0,Female,Bangkok,Bronze,20-40k,In-Store,2.0,1
C10252,0,71.0,9.0,4091.51,454.6122222222223,425.5046060202456,505.0,3.888888888888889,2.0,2.0,2.0,54.25,79.71870187460047,244.0,1.3087557603686637,0.0,0.0,2.0,1839.59,3.0,1889.03,4.0,2241.17,1.0,1.5,0.08595957813278407,10.0,0.0,,0.0,28.0,628.0,0.0,1.0,Male,Bangkok,Silver,20-40k,Mobile App,3.0,1
C10253,0,25.0,32.0,29527.44,922.7325,610.9720533601327,561.0,5.96875,3.40625,3.0,15.0,17.29032258064516,16.508974424813303,78.0,1.4458955223880599,1.0,690.63,1.0,690.63,9.0,10226.36,20.0,20034.66,0.1111111111111111,0.75,0.03302190642521448,14.0,1.0,3.0,1.0,40.0,566.0,1.0,0.0,Female,North,Bronze,20-40k,In-Store,2.0,1
C10254,0,26.0,6.0,4721.46,786.91,308.85096813835634,139.0,8.666666666666666,4.333333333333333,2.0,5.0,22.6,18.13284313062902,47.0,1.1504424778761062,1.0,684.79,3.0,2740.1099999999997,6.0,4721.46,6.0,4721.46,0.75,6.0,0.08417015977452726,11.0,0.0,,0.0,31.0,170.0,0.0,1.0,Male,Northeast,Bronze,70-120k,In-Store,1.0,1
C10255,0,36.0,14.0,9147.17,653.3692857142858,512.6885018810046,401.0,6.357142857142857,3.357142857142857,2.0,1.0,28.076923076923077,23.637757713953956,74.0,1.2821917808219179,0.0,0.0,2.0,632.49,7.0,5028.09,12.0,8388.300000000001,0.3333333333333333,1.1666666666666667,0.05257995488263893,14.0,0.0,,0.0,41.0,444.0,1.0,1.0,Female,Northeast,Gold,20-40k,Mobile App,1.0,1
C10256,1,52.0,3.0,3620.36,1206.7866666666666,1233.455818922321,128.0,3.6666666666666665,2.0,2.0,3.0,38.0,35.35533905932738,63.0,1.368421052631579,0.0,0.0,2.0,1050.19,3.0,3620.36,3.0,3620.36,1.0,3.0,0.10606849994938185,5.0,0.0,,0.0,18.0,138.0,0.0,0.0,Female,Bangkok,Silver,70-120k,In-Store,1.0,1
C10257,0,37.0,1.0,331.18,331.18,,37.0,2.0,1.0,1.0,1.0,,,,,0.0,0.0,1.0,331.18,1.0,331.18,1.0,331.18,1.0,1.0,0.0,1.0,0.0,,0.0,31.0,37.0,1.0,0.0,Female,Bangkok,Bronze,40-70k,In-Store,1.0,1
C10258,0,34.0,3.0,1162.43,387.4766666666667,122.39168122602669,264.0,4.333333333333333,2.3333333333333335,2.0,2.0,115.0,18.384776310850235,128.0,0.2956521739130435,0.0,0.0,1.0,386.0,2.0,896.6,3.0,1162.43,0.5,1.0,0.06493934811287365,4.0,0.0,,0.0,33.0,320.0,0.0,0.0,Male,Bangkok,Bronze,20-40k,Online Web,2.0,1
C10259,1,87.0,3.0,2362.99,787.6633333333333,468.87185523694353,113.0,6.0,3.0,1.0,3.0,13.0,11.313708498984761,21.0,6.6923076923076925,0.0,0.0,1.0,731.42,3.0,2362.99,3.0,2362.99,0.3333333333333333,3.0,0.029357639887285063,7.0,1.0,5.0,1.0,18.0,132.0,1.0,0.0,Female,North,Silver,40-70k,In-Store,1.0,1
C10260,0,49.0,9.0,3651.56,405.7288888888889,366.5615282747374,617.0,3.4444444444444446,2.0,1.0,1.0,71.0,72.52388769029338,227.0,0.6901408450704225,0.0,0.0,2.0,1185.22,3.0,1424.04,7.0,3259.95,1.0,0.6,0.08891622358673928,10.0,0.0,,0.0,41.0,638.0,0.0,1.0,Male,Bangkok,Bronze,<20k,Mobile App,2.0,1
C10261,0,31.0,3.0,4598.72,1532.9066666666668,735.7851814445122,144.0,11.666666666666666,6.333333333333333,1.0,3.0,56.5,34.64823227814083,81.0,0.5486725663716814,0.0,0.0,1.0,1104.87,3.0,4598.72,3.0,4598.72,0.3333333333333333,3.0,0.04858727607130962,12.0,0.0,,0.0,33.0,146.0,0.0,1.0,Female,Bangkok,Bronze,<20k,In-Store,1.0,1
C10262,1,44.0,12.0,17961.29,1496.7741666666668,978.8149888648596,348.0,9.25,5.333333333333333,2.0,9.0,27.636363636363637,16.27435238203184,59.0,1.5921052631578947,0.0,0.0,3.0,6075.3099999999995,4.0,6870.83,12.0,17961.29,1.5,0.4444444444444444,0.04491400057641362,14.0,1.0,2.0,0.0,18.0,391.0,0.0,0.0,Female,Unknown,Platinum,20-40k,In-Store,1.0,1
C10263,0,3.0,50.0,111793.66,2235.8732,1419.238566404233,489.0,11.56,6.08,1.0,1.0,9.918367346938776,9.371581009213168,37.0,0.3024691358024691,1.0,1571.66,8.0,21213.34,18.0,50303.61,35.0,86792.82,0.7272727272727273,1.0,0.013426456566945898,14.0,0.0,,0.0,49.0,495.0,0.0,1.0,Female,Northeast,Gold,70-120k,Mobile App,2.0,1
C10264,0,0.0,17.0,5107.05,300.41470588235296,219.20087229290533,453.0,3.9411764705882355,2.176470588235294,2.0,12.0,28.3125,27.55290365823537,100.0,0.0,2.0,207.35,4.0,536.65,7.0,1689.06,12.0,3792.2999999999997,1.0,1.1666666666666667,0.06033519964231633,10.0,2.0,4.0,0.0,42.0,463.0,0.0,1.0,Female,Unknown,Bronze,40-70k,In-Store,1.0,1
C10265,0,7.0,4.0,2554.5099999999998,638.6274999999999,303.42224246913736,53.0,4.25,2.75,2.0,1.0,15.333333333333334,9.018499505645789,24.0,0.45652173913043476,1.0,326.39,4.0,2554.5099999999998,4.0,2554.5099999999998,4.0,2554.5099999999998,4.0,4.0,0.04297151591669445,6.0,0.0,,0.0,24.0,78.0,0.0,1.0,Female,Bangkok,Silver,40-70k,Mobile App,2.0,1
C10266,0,30.0,9.0,4997.53,555.281111111111,472.38368214949077,501.0,5.555555555555555,3.111111111111111,2.0,8.0,58.875,69.82925604644518,215.0,0.5095541401273885,0.0,0.0,1.0,775.93,4.0,3077.1,8.0,4897.03,0.25,0.8,0.011155719037339407,10.0,1.0,4.0,0.0,28.0,533.0,0.0,0.0,Female,East,Bronze,20-40k,In-Store,2.0,1
C10267,0,43.0,5.0,2132.9700000000003,426.59400000000005,209.50911681833801,423.0,5.2,3.4,1.0,1.0,95.0,85.63099127457691,198.0,0.45263157894736844,0.0,0.0,1.0,603.73,2.0,1032.06,3.0,1439.98,0.5,1.0,0.07156412957368828,9.0,1.0,3.0,0.0,34.0,429.0,0.0,1.0,Male,North,Silver,70-120k,Mobile App,2.0,1
C10268,0,14.0,30.0,43195.44,1439.8480000000002,713.8037071448937,569.0,11.0,6.0,2.0,18.0,19.137931034482758,13.783333978631676,49.0,0.7315315315315316,1.0,1627.19,5.0,6340.11,11.0,15748.37,21.0,29325.78,0.7142857142857143,1.0,0.01180514217553017,14.0,0.0,,0.0,26.0,572.0,1.0,1.0,Female,South,Gold,70-120k,In-Store,1.0,1
C10269,0,44.0,17.0,9168.51,539.3241176470589,381.0793431993333,424.0,4.470588235294118,2.411764705882353,3.0,3.0,23.75,17.00392111641704,52.0,1.8526315789473684,0.0,0.0,2.0,2100.94,5.0,2910.69,14.0,7081.01,0.5,0.5,0.033081985193309564,11.0,0.0,,0.0,48.0,461.0,1.0,1.0,Male,Bangkok,Bronze,70-120k,Mobile App,2.0,1
C10270,0,66.0,5.0,3731.14,746.228,233.21762727118204,309.0,7.8,4.4,3.0,2.0,60.75,30.379543555930308,85.0,1.0864197530864197,0.0,0.0,1.0,938.66,2.0,1295.8899999999999,5.0,3731.14,0.5,0.5,0.06385423670978814,10.0,1.0,2.0,0.0,30.0,335.0,1.0,1.0,Female,Northeast,Bronze,<20k,Mobile App,2.0,1
C10271,0,14.0,54.0,146320.58,2709.64037037037,1728.6411866909768,381.0,12.11111111111111,6.444444444444445,3.0,23.0,6.9245283018867925,9.215056777244373,45.0,2.0217983651226157,1.0,4586.58,7.0,20858.25,18.0,45829.91,50.0,134626.85,0.5833333333333334,0.5454545454545454,0.008367240980511635,14.0,1.0,4.0,0.0,49.0,386.0,0.0,1.0,Male,Bangkok,Platinum,>120k,In-Store,1.0,1
C10272,1,112.0,13.0,14820.07,1140.0053846153846,537.4858585056818,453.0,9.846153846153847,5.461538461538462,1.0,1.0,28.416666666666668,48.79727699804818,169.0,3.941348973607038,0.0,0.0,0.0,0.0,3.0,3966.09,6.0,6593.58,0.0,0.75,0.020344609673291096,13.0,2.0,2.5,0.0,40.0,529.0,0.0,1.0,Female,Bangkok,Silver,40-70k,Mobile App,1.0,1
C10273,0,34.0,21.0,20952.23,997.7252380952381,551.7070208962276,399.0,8.476190476190476,4.666666666666667,2.0,13.0,18.25,11.63875106339978,42.0,1.8630136986301369,0.0,0.0,4.0,4823.2699999999995,7.0,8143.5,18.0,16056.64,1.0,0.5833333333333334,0.06970684010162427,13.0,1.0,3.0,0.0,36.0,399.0,1.0,1.0,Female,Central,Silver,20-40k,In-Store,3.0,1
C10274,0,7.0,3.0,523.6,174.53333333333333,145.07095413394555,170.0,2.3333333333333335,1.6666666666666667,1.0,3.0,81.5,48.79036790187178,116.0,0.08588957055214724,1.0,298.98,2.0,508.4,3.0,523.6,3.0,523.6,1.0,3.0,0.0304601425793908,3.0,1.0,5.0,0.0,25.0,267.0,1.0,1.0,Female,Central,Bronze,<20k,In-Store,2.0,1
C10275,0,3.0,55.0,146859.45,2670.1718181818183,1434.6804972163413,392.0,15.327272727272728,7.945454545454545,3.0,5.0,7.203703703703703,8.157366458189406,42.0,0.41645244215938304,2.0,4841.75,15.0,31739.379999999997,25.0,60596.29,51.0,134949.05,1.3636363636363635,0.9259259259259259,0.017893123420521337,14.0,0.0,,0.0,62.0,392.0,1.0,0.0,Male,Bangkok,Platinum,40-70k,Online Web,1.0,1
C10276,0,153.0,3.0,2299.25,766.4166666666666,395.54254946002123,284.0,7.333333333333333,4.0,2.0,2.0,65.5,38.890872965260115,93.0,2.33587786259542,0.0,0.0,0.0,0.0,1.0,731.5,3.0,2299.25,0.0,0.3333333333333333,0.021212559810649276,5.0,0.0,,0.0,18.0,367.0,0.0,0.0,Male,Central,Silver,<20k,In-Store,1.0,1
C10277,0,9.0,53.0,127534.68,2406.314716981132,1524.9029916101392,494.0,11.88679245283019,6.830188679245283,3.0,3.0,9.326923076923077,7.5789211137779215,26.0,0.9649484536082474,1.0,2714.25,8.0,27031.6,22.0,65392.81,39.0,98441.33,0.5333333333333333,1.2222222222222223,0.0,14.0,0.0,,0.0,34.0,494.0,1.0,1.0,Male,East,Gold,70-120k,Mobile App,3.0,1
C10278,0,17.0,63.0,126787.46,2012.4993650793651,1317.1334883715897,442.0,10.666666666666666,5.777777777777778,3.0,3.0,6.854838709677419,6.767440793356951,33.0,2.48,2.0,4676.18,11.0,35185.04,22.0,56956.0,48.0,99277.2,0.9166666666666666,0.8148148148148148,0.017862951218671434,14.0,0.0,,0.0,40.0,447.0,0.0,0.0,Male,East,Platinum,40-70k,Online Web,1.0,1
C10279,0,46.0,12.0,12647.2,1053.9333333333334,1082.8661923074449,252.0,4.833333333333333,2.6666666666666665,1.0,1.0,18.727272727272727,10.517517854426579,37.0,2.4563106796116507,0.0,0.0,3.0,1739.37,7.0,6427.34,12.0,12647.2,0.6,1.1666666666666667,0.0033114722575540495,10.0,1.0,3.0,0.0,39.0,264.0,0.0,0.0,Male,Bangkok,Silver,<20k,Mobile App,3.0,1
C10280,0,31.0,16.0,30144.9,1884.05625,1134.6994603087637,278.0,12.0,6.125,1.0,1.0,16.466666666666665,11.457166607266679,42.0,1.882591093117409,0.0,0.0,5.0,6459.58,10.0,19134.58,16.0,30144.9,0.8333333333333334,1.4285714285714286,0.004716099649561175,14.0,0.0,,0.0,44.0,285.0,1.0,0.0,Female,Central,Platinum,40-70k,Online Web,1.0,1
C10281,1,4.0,9.0,9686.42,1076.2688888888888,701.1673403589981,363.0,9.333333333333334,5.0,3.0,2.0,44.875,31.75098423671304,91.0,0.08913649025069638,1.0,1043.44,3.0,3100.2200000000003,4.0,4138.08,9.0,9686.42,1.5,0.6666666666666666,0.03882250443059202,13.0,1.0,5.0,0.0,38.0,374.0,0.0,1.0,Male,Northeast,Silver,70-120k,Mobile App,1.0,1
C10282,0,30.0,18.0,32418.85,1801.0472222222222,955.8750579800169,289.0,11.722222222222221,6.222222222222222,3.0,12.0,15.235294117647058,14.33321933379198,41.0,1.9691119691119692,0.0,0.0,3.0,3757.5299999999997,7.0,10392.66,18.0,32418.85,0.6,0.5833333333333334,0.023513320088145957,14.0,0.0,,0.0,41.0,291.0,1.0,1.0,Male,Central,Gold,40-70k,In-Store,3.0,1
C10283,1,9.0,3.0,2683.27,894.4233333333333,680.5910321428967,228.0,8.333333333333334,4.333333333333333,1.0,3.0,109.5,112.42997820866105,189.0,0.0821917808219178,1.0,1241.56,2.0,1351.82,2.0,1351.82,3.0,2683.27,2.0,1.0,0.0977299245774082,5.0,0.0,,0.0,22.0,280.0,0.0,0.0,Female,Northeast,Silver,20-40k,In-Store,1.0,1
C10284,1,47.0,7.0,4850.599999999999,692.9428571428571,389.6159094849817,406.0,7.571428571428571,4.0,3.0,5.0,59.833333333333336,47.70918849306354,136.0,0.7855153203342619,0.0,0.0,1.0,837.42,1.0,837.42,5.0,3379.0899999999997,1.0,0.2,0.04744324151298361,10.0,0.0,,0.0,28.0,501.0,1.0,0.0,Male,Central,Gold,70-120k,In-Store,2.0,1
C10285,0,14.0,1.0,649.06,649.06,,14.0,2.0,2.0,1.0,1.0,,,,,1.0,649.06,1.0,649.06,1.0,649.06,1.0,649.06,1.0,1.0,0.0,1.0,1.0,3.0,0.0,34.0,51.0,1.0,1.0,Male,South,Silver,70-120k,Mobile App,2.0,1
C10286,0,4.0,41.0,47985.73,1170.3836585365855,837.3830733653389,637.0,7.7073170731707314,3.8292682926829267,2.0,24.0,15.825,13.012592520422826,69.0,0.25276461295418645,2.0,1714.13,5.0,4781.67,10.0,10668.42,19.0,21296.29,0.8333333333333334,1.0,0.0012793669558267705,14.0,0.0,,0.0,39.0,658.0,1.0,1.0,Female,Bangkok,Platinum,40-70k,In-Store,1.0,1
C10287,0,31.0,23.0,28925.39,1257.625652173913,1307.1319719273883,631.0,7.304347826086956,3.739130434782609,3.0,4.0,27.272727272727273,29.47667652355772,103.0,1.1366666666666667,0.0,0.0,2.0,3012.2799999999997,3.0,3157.6800000000003,9.0,7009.69,1.0,0.42857142857142855,0.01614654371923905,13.0,0.0,,0.0,18.0,648.0,1.0,1.0,Male,North,Gold,40-70k,Mobile App,1.0,1
C10288,0,10.0,71.0,146766.62,2067.1354929577465,1159.597403859003,636.0,12.253521126760564,6.267605633802817,3.0,7.0,8.942857142857143,9.09512644506715,58.0,1.1182108626198082,4.0,11436.84,13.0,31179.47,24.0,47136.44,39.0,83356.12,1.0833333333333333,1.5,0.03029997502520604,14.0,1.0,2.0,0.0,45.0,654.0,1.0,0.0,Female,Northeast,Gold,70-120k,Mobile App,2.0,1
C10289,1,41.0,12.0,15891.85,1324.3208333333334,966.9906847953918,236.0,9.333333333333334,4.833333333333333,2.0,9.0,17.727272727272727,9.788676203562042,38.0,2.312820512820513,0.0,0.0,4.0,2785.54,7.0,7284.94,12.0,15891.85,1.0,1.1666666666666667,0.0596059917841973,13.0,1.0,4.0,0.0,24.0,326.0,0.0,0.0,Male,Central,Silver,20-40k,In-Store,2.0,1
C10290,0,1.0,56.0,138381.02,2471.0896428571427,1574.333097133761,446.0,13.714285714285714,7.553571428571429,3.0,21.0,8.090909090909092,7.643134724542569,37.0,0.12359550561797751,6.0,17869.35,15.0,38585.39,24.0,62711.9,44.0,110078.1,1.5,1.1428571428571428,0.021035484690686845,14.0,1.0,3.0,1.0,52.0,450.0,1.0,0.0,Male,Unknown,Gold,>120k,In-Store,1.0,1
C10291,0,7.0,27.0,28210.43,1044.8307407407408,528.8017129098139,473.0,9.148148148148149,4.518518518518518,2.0,2.0,17.923076923076923,13.951123472819173,56.0,0.3905579399141631,1.0,1620.39,5.0,6308.13,11.0,12073.02,20.0,19662.0,0.7142857142857143,1.1,0.02249881669065626,12.0,0.0,,0.0,32.0,495.0,1.0,1.0,Male,East,Gold,70-120k,Mobile App,2.0,1
C10292,0,30.0,3.0,1308.8899999999999,436.2966666666666,90.67049483339841,100.0,4.666666666666667,2.6666666666666665,2.0,2.0,35.0,26.870057685088806,54.0,0.8571428571428571,0.0,0.0,2.0,878.8199999999999,3.0,1308.8899999999999,3.0,1308.8899999999999,1.0,3.0,0.12023363826397897,5.0,2.0,3.0,1.0,34.0,194.0,0.0,1.0,Male,East,Bronze,<20k,Mobile App,3.0,1
C10293,0,13.0,6.0,3131.36,521.8933333333333,277.34196261414655,474.0,6.333333333333333,3.5,2.0,5.0,92.2,64.81280737632031,162.0,0.14099783080260303,1.0,205.46,1.0,205.46,2.0,897.52,5.0,2188.4,0.5,0.5,0.0788492086838854,6.0,1.0,2.0,0.0,24.0,489.0,0.0,1.0,Female,South,Silver,40-70k,In-Store,2.0,1
C10294,1,63.0,26.0,22495.15,865.198076923077,506.6602741721062,623.0,7.730769230769231,4.346153846153846,3.0,4.0,22.4,28.090627143823852,141.0,2.8125,0.0,0.0,1.0,679.37,5.0,4122.86,16.0,13800.48,0.2,0.4166666666666667,0.09153377315271015,13.0,1.0,3.0,0.0,28.0,633.0,1.0,0.0,Male,South,Bronze,<20k,Online Web,2.0,1
C10295,0,20.0,2.0,1778.27,889.135,208.60357151784342,30.0,8.0,4.0,1.0,2.0,10.0,,10.0,2.0,1.0,741.63,2.0,1778.27,2.0,1778.27,2.0,1778.27,2.0,2.0,0.0,5.0,1.0,5.0,0.0,22.0,144.0,1.0,0.0,Female,East,Bronze,<20k,In-Store,2.0,1
C10296,1,100.0,13.0,14531.0,1117.7692307692307,1009.0209093758624,397.0,7.3076923076923075,4.3076923076923075,3.0,2.0,24.75,17.63325886448158,52.0,4.040404040404041,0.0,0.0,0.0,0.0,5.0,7060.43,12.0,14297.26,0.0,0.625,0.02113344003793942,12.0,0.0,,0.0,21.0,451.0,0.0,0.0,Female,Bangkok,Silver,40-70k,Online Web,1.0,1
C10297,1,24.0,17.0,22612.26,1330.1329411764705,691.66373159004,551.0,12.176470588235293,6.411764705882353,3.0,6.0,32.9375,31.51818258296841,111.0,0.7286527514231499,1.0,825.03,1.0,825.03,3.0,4432.37,7.0,10706.14,0.3333333333333333,0.6,0.026497208293707566,14.0,1.0,4.0,0.0,33.0,552.0,1.0,0.0,Male,Bangkok,Gold,70-120k,Mobile App,3.0,1
C10298,0,1.0,74.0,165795.49,2240.4795945945943,1222.03593927762,402.0,12.932432432432432,7.081081081081081,3.0,11.0,5.493150684931507,4.291863386013226,19.0,0.18204488778054861,5.0,8901.060000000001,13.0,24902.69,33.0,73464.93000000001,62.0,137596.38,0.6190476190476191,1.1,0.013595850897565924,14.0,3.0,3.6666666666666665,2.0,36.0,405.0,1.0,1.0,Female,Bangkok,Platinum,<20k,Mobile App,2.0,1
C10299,0,0.0,66.0,165729.43,2511.0519696969695,1200.7628221813764,600.0,14.272727272727273,7.621212121212121,3.0,25.0,9.23076923076923,8.468266555886066,49.0,0.0,2.0,4223.13,13.0,30041.68,24.0,56640.98,42.0,106809.38,1.0833333333333333,1.263157894736842,0.0013078916351760904,14.0,1.0,4.0,0.0,30.0,604.0,1.0,0.0,Female,South,Bronze,40-70k,In-Store,1.0,1
C10300,0,57.0,4.0,4077.2999999999997,1019.3249999999999,89.34333495006771,297.0,9.5,4.5,1.0,1.0,80.0,21.283796653792763,99.0,0.7125,0.0,0.0,1.0,1107.59,2.0,2150.17,4.0,4077.2999999999997,0.5,0.6666666666666666,0.07306914981892418,7.0,0.0,,0.0,28.0,485.0,0.0,1.0,Male,Central,Silver,<20k,Online Web,2.0,1
C10301,0,22.0,25.0,33473.25,1338.93,725.3548494128006,420.0,10.0,5.08,3.0,15.0,16.583333333333332,18.591528380857557,63.0,1.326633165829146,2.0,1953.21,11.0,10672.77,13.0,15335.67,23.0,29545.87,3.6666666666666665,1.1818181818181819,0.0224399364165783,14.0,0.0,,0.0,41.0,422.0,1.0,0.0,Male,North,Silver,40-70k,In-Store,3.0,1
C10302,0,3.0,81.0,180108.57,2223.562592592593,1314.8578818904514,570.0,11.518518518518519,6.098765432098766,3.0,5.0,7.0875,5.996188135132081,24.0,0.42328042328042326,7.0,12923.4,15.0,29821.8,24.0,47988.04,47.0,101808.70999999999,1.5,1.0,0.013292038566009568,14.0,0.0,,0.0,48.0,571.0,1.0,1.0,Female,Northeast,Gold,40-70k,Online Web,3.0,1
C10303,1,82.0,13.0,19548.78,1503.7523076923076,1010.6822608033467,296.0,7.769230769230769,4.538461538461538,3.0,2.0,17.833333333333332,25.423086620891123,96.0,4.598130841121495,0.0,0.0,1.0,708.41,2.0,3999.02,13.0,19548.78,0.5,0.16666666666666666,0.022076928079399302,13.0,0.0,,0.0,47.0,333.0,0.0,1.0,Male,Bangkok,Silver,40-70k,Online Web,1.0,1
C10304,0,8.0,2.0,1243.94,621.97,334.32008614499966,37.0,8.0,3.5,1.0,2.0,29.0,,29.0,0.27586206896551724,1.0,858.37,2.0,1243.94,2.0,1243.94,2.0,1243.94,2.0,2.0,0.03510704312752094,6.0,0.0,,0.0,31.0,84.0,1.0,1.0,Male,Northeast,Silver,70-120k,In-Store,2.0,1
C10305,1,3.0,25.0,36076.1,1443.0439999999999,747.8586039374911,631.0,10.64,6.2,3.0,6.0,26.166666666666668,22.617166751917843,75.0,0.11464968152866241,1.0,1065.14,3.0,4382.18,5.0,7428.200000000001,13.0,18034.63,1.0,0.5555555555555556,0.04081701021608412,14.0,0.0,,0.0,36.0,664.0,1.0,0.0,Male,South,Bronze,<20k,Mobile App,2.0,1
C10306,0,,,,,,,,,,,,,,,,,,,,,,,,,,,,,,,,,,,,,,,,0
C10307,0,12.0,31.0,57108.04,1842.1948387096775,869.6940821954615,633.0,13.32258064516129,7.064516129032258,3.0,15.0,20.7,16.92406978037595,49.0,0.5797101449275363,2.0,4283.13,4.0,7204.16,6.0,9433.49,15.0,24783.62,1.3333333333333333,0.6,0.01756825778132084,14.0,1.0,3.0,1.0,42.0,659.0,1.0,1.0,Female,Central,Platinum,40-70k,In-Store,2.0,1
C10308,0,5.0,72.0,159429.07,2214.292638888889,1334.2995837569854,577.0,13.069444444444445,7.069444444444445,3.0,23.0,8.056338028169014,6.919717838887573,40.0,0.6206293706293706,3.0,8659.45,9.0,17567.16,17.0,31486.29,37.0,87664.79,1.0,0.8095238095238095,0.022235726891912538,14.0,0.0,,0.0,43.0,581.0,1.0,0.0,Male,South,Silver,40-70k,In-Store,3.0,1
C10309,0,2.0,9.0,13472.86,1496.9844444444445,691.0934003286226,219.0,11.222222222222221,6.444444444444445,2.0,7.0,27.125,42.70643143268102,122.0,0.07373271889400922,1.0,1612.95,1.0,1612.95,3.0,4894.52,9.0,13472.86,0.3333333333333333,0.42857142857142855,0.02075244323823008,12.0,0.0,,0.0,36.0,249.0,0.0,0.0,Female,Northeast,Silver,70-120k,In-Store,2.0,1
C10310,0,2.0,30.0,37132.73,1237.7576666666669,603.0641962493015,544.0,9.9,5.4,3.0,18.0,18.689655172413794,16.298780515898077,59.0,0.1070110701107011,2.0,2998.09,5.0,5836.99,10.0,12890.58,18.0,22114.84,0.8333333333333334,1.1111111111111112,0.013186662496116686,13.0,0.0,,0.0,28.0,546.0,1.0,0.0,Male,Northeast,Gold,Unknown,In-Store,1.0,1
C10311,1,175.0,10.0,5956.95,595.6949999999999,488.9775872902789,601.0,3.8,2.2,3.0,8.0,47.333333333333336,53.584046133154224,179.0,3.697183098591549,0.0,0.0,0.0,0.0,1.0,335.83,3.0,2048.17,0.0,0.3333333333333333,0.12756646558201046,11.0,0.0,,0.0,39.0,601.0,0.0,1.0,Male,Unknown,Silver,20-40k,In-Store,1.0,1
C10312,0,72.0,8.0,4724.67,590.58375,203.33670857805566,530.0,7.25,3.75,1.0,1.0,65.42857142857143,68.00210080788472,188.0,1.1004366812227073,0.0,0.0,1.0,709.58,2.0,1321.1399999999999,6.0,4063.36,0.5,0.4,0.04248424295239447,9.0,0.0,,0.0,28.0,552.0,0.0,0.0,Female,East,Bronze,20-40k,Mobile App,2.0,1
C10313,0,105.0,7.0,5253.78,750.54,838.7561503599641,325.0,4.714285714285714,2.5714285714285716,1.0,7.0,36.666666666666664,29.628814803610805,76.0,2.8636363636363638,0.0,0.0,0.0,0.0,3.0,1350.4499999999998,7.0,5253.78,0.0,0.6,0.007599154516141828,10.0,1.0,4.0,0.0,36.0,397.0,1.0,0.0,Male,Northeast,Silver,20-40k,In-Store,3.0,1
C10314,0,8.0,18.0,9490.83,527.2683333333333,763.6452590988289,469.0,4.777777777777778,2.7222222222222223,3.0,10.0,27.11764705882353,28.035429265799497,110.0,0.2950108459869848,1.0,178.38,5.0,2328.57,6.0,3203.0,13.0,4598.3,2.5,0.75,0.07176243108512143,12.0,0.0,,0.0,25.0,470.0,1.0,0.0,Female,Central,Bronze,20-40k,In-Store,3.0,1
C10315,1,164.0,14.0,8171.03,583.645,357.8951952898201,414.0,5.142857142857143,2.642857142857143,3.0,10.0,19.23076923076923,14.260398814863992,46.0,8.528,0.0,0.0,0.0,0.0,1.0,392.07,10.0,5902.16,0.0,0.1,0.06027079650699417,12.0,1.0,3.0,0.0,36.0,495.0,0.0,1.0,Male,Central,Gold,40-70k,In-Store,1.0,1
C10316,0,12.0,1.0,1528.45,1528.45,,12.0,15.0,6.0,1.0,1.0,,,,,1.0,1528.45,1.0,1528.45,1.0,1528.45,1.0,1528.45,1.0,1.0,0.06286979074059314,4.0,0.0,,0.0,36.0,12.0,1.0,1.0,Female,Bangkok,Silver,20-40k,In-Store,1.0,1
C10317,0,153.0,3.0,1724.67,574.89,674.5693521795961,431.0,2.3333333333333335,1.0,1.0,3.0,139.0,24.041630560342615,156.0,1.1007194244604317,0.0,0.0,0.0,0.0,1.0,229.52,2.0,1581.73,0.0,0.5,0.16388554917778467,2.0,0.0,,0.0,37.0,442.0,0.0,1.0,Female,Bangkok,Silver,20-40k,In-Store,2.0,1
C10318,0,30.0,19.0,29979.59,1577.8731578947368,879.7159397091557,361.0,11.894736842105264,6.368421052631579,2.0,1.0,18.38888888888889,18.92753639507604,72.0,1.6314199395770392,0.0,0.0,4.0,7523.8099999999995,10.0,18301.69,19.0,29979.59,0.5714285714285714,1.0,0.014557336914897743,14.0,1.0,2.0,0.0,36.0,409.0,1.0,1.0,Female,South,Silver,20-40k,Mobile App,1.0,1
C10319,1,21.0,21.0,15512.17,738.6747619047619,458.2905724277889,430.0,4.904761904761905,2.619047619047619,2.0,7.0,20.45,20.987402236379303,82.0,1.0268948655256724,1.0,893.79,3.0,1844.27,7.0,6616.09,13.0,11720.220000000001,0.6,1.0,0.08457713497972306,10.0,1.0,3.0,1.0,30.0,443.0,1.0,1.0,Male,Bangkok,Silver,40-70k,Mobile App,1.0,1
C10320,1,149.0,19.0,29881.97,1572.735263157895,838.0293124372761,417.0,12.31578947368421,6.684210526315789,3.0,15.0,14.88888888888889,16.116812153367306,53.0,10.007462686567164,0.0,0.0,0.0,0.0,2.0,4637.23,15.0,22906.79,0.0,0.14285714285714285,0.052783848937225715,13.0,2.0,2.5,0.0,33.0,432.0,1.0,1.0,Male,Bangkok,Gold,40-70k,In-Store,2.0,1
C10321,0,21.0,21.0,26598.7,1266.604761904762,864.9387357299884,339.0,10.952380952380953,5.666666666666667,2.0,13.0,15.9,17.004333812915238,78.0,1.320754716981132,1.0,1285.23,6.0,10220.460000000001,11.0,16218.53,21.0,26598.7,1.0,1.0,0.046416339916847744,13.0,0.0,,0.0,18.0,352.0,1.0,0.0,Female,North,Gold,<20k,In-Store,1.0,1
C10322,0,49.0,24.0,24004.11,1000.17125,703.5966452654563,577.0,9.125,4.583333333333333,3.0,17.0,22.956521739130434,20.82279839037789,75.0,2.1344696969696972,0.0,0.0,3.0,6030.46,4.0,7340.28,12.0,14286.05,1.5,0.4444444444444444,0.02685225200535464,13.0,1.0,3.0,0.0,33.0,601.0,1.0,1.0,Female,Bangkok,Silver,40-70k,In-Store,2.0,1
C10323,0,56.0,6.0,3069.27,511.545,389.03705842760024,308.0,5.333333333333333,2.8333333333333335,1.0,1.0,50.4,50.63891783993809,122.0,1.1111111111111112,0.0,0.0,1.0,1072.16,2.0,1440.0500000000002,6.0,3069.27,0.5,0.4,0.10193291277021571,8.0,0.0,,0.0,43.0,330.0,0.0,1.0,Female,Unknown,Bronze,>120k,Mobile App,1.0,1
C10324,0,7.0,21.0,24039.36,1144.7314285714285,694.794720923279,538.0,8.333333333333334,4.380952380952381,3.0,13.0,26.55,27.772525234388336,100.0,0.263653483992467,1.0,1339.62,1.0,1339.62,4.0,2594.5699999999997,10.0,11266.3,0.25,0.5714285714285714,0.018322814597324003,12.0,1.0,3.0,0.0,28.0,568.0,1.0,1.0,Male,South,Silver,70-120k,In-Store,2.0,1
C10325,1,97.0,17.0,15352.220000000001,903.0717647058824,638.8435178726801,606.0,7.823529411764706,4.176470588235294,3.0,10.0,31.8125,23.56613035693387,90.0,3.049115913555992,0.0,0.0,0.0,0.0,3.0,2660.7,10.0,7628.33,0.0,0.375,0.04102747012155015,11.0,2.0,2.5,1.0,32.0,664.0,1.0,0.0,Male,Bangkok,Silver,Unknown,In-Store,2.0,1
C10326,0,29.0,3.0,1747.52,582.5066666666667,328.112538214152,91.0,3.6666666666666665,2.6666666666666665,1.0,1.0,31.0,2.8284271247461903,33.0,0.9354838709677419,1.0,661.02,2.0,1525.26,3.0,1747.52,3.0,1747.52,1.0,3.0,0.04329878846606555,6.0,0.0,,0.0,29.0,95.0,1.0,0.0,Male,Northeast,Silver,40-70k,Mobile App,1.0,1
C10327,0,25.0,7.0,3452.0,493.14285714285717,382.44393047496885,465.0,6.142857142857143,2.5714285714285716,3.0,3.0,73.33333333333333,139.34226446655254,357.0,0.34090909090909094,1.0,485.94,1.0,485.94,1.0,485.94,1.0,485.94,1.0,1.0,0.055842589376314554,8.0,0.0,,0.0,33.0,480.0,1.0,0.0,Female,Bangkok,Silver,<20k,Mobile App,1.0,1
C10328,1,51.0,15.0,19683.33,1312.2220000000002,1022.6476567308719,479.0,8.866666666666667,4.733333333333333,2.0,11.0,30.571428571428573,23.14740153456102,81.0,1.6682242990654206,0.0,0.0,3.0,4831.95,4.0,6882.02,10.0,16351.35,1.5,0.5714285714285714,0.0985447257758852,14.0,0.0,,0.0,41.0,485.0,1.0,0.0,Female,Bangkok,Bronze,<20k,In-Store,1.0,1
C10329,0,11.0,34.0,42605.3,1253.0970588235296,804.3793139886839,489.0,9.794117647058824,5.411764705882353,3.0,15.0,14.484848484848484,12.214543616426107,44.0,0.7594142259414226,2.0,3651.42,5.0,9655.91,8.0,11020.98,23.0,29204.24,1.25,0.5,0.028925087699264967,14.0,0.0,,0.0,37.0,491.0,0.0,1.0,Male,South,Gold,20-40k,In-Store,2.0,1
C10330,1,206.0,3.0,400.03999999999996,133.34666666666666,165.68161404734482,276.0,2.3333333333333335,1.6666666666666667,3.0,2.0,35.0,24.041630560342615,52.0,5.885714285714286,0.0,0.0,0.0,0.0,0.0,0.0,3.0,400.03999999999996,0.0,0.0,0.0,3.0,0.0,,0.0,20.0,296.0,0.0,0.0,Female,Bangkok,Silver,20-40k,In-Store,3.0,1
C10331,0,54.0,2.0,2094.89,1047.445,1170.8486214921209,59.0,6.0,3.0,1.0,1.0,5.0,,5.0,10.8,0.0,0.0,2.0,2094.89,2.0,2094.89,2.0,2094.89,2.0,2.0,0.0,4.0,0.0,,0.0,34.0,101.0,1.0,0.0,Female,Central,Gold,20-40k,Mobile App,3.0,1
C10332,0,85.0,8.0,3646.1299999999997,455.76624999999996,312.3521928820323,432.0,5.75,3.25,2.0,6.0,49.57142857142857,26.78841256250634,90.0,1.7146974063400577,0.0,0.0,1.0,292.4,2.0,703.1099999999999,6.0,2415.25,0.5,0.4,0.029838196829924408,8.0,0.0,,0.0,18.0,441.0,0.0,1.0,Female,Bangkok,Silver,40-70k,In-Store,3.0,1
C10333,0,57.0,3.0,2254.8,751.6,142.65467289927798,114.0,8.333333333333334,4.0,2.0,3.0,28.5,7.7781745930520225,34.0,2.0,0.0,0.0,1.0,739.59,3.0,2254.8,3.0,2254.8,0.3333333333333333,3.0,0.14692050712602106,8.0,0.0,,0.0,35.0,155.0,1.0,0.0,Female,South,Bronze,40-70k,In-Store,2.0,1
C10334,1,16.0,23.0,21416.94,931.171304347826,780.9020188701614,532.0,4.913043478260869,2.6956521739130435,3.0,13.0,23.454545454545453,17.181738014884328,67.0,0.6821705426356589,2.0,814.22,4.0,3682.6,7.0,6197.23,16.0,14402.2,1.0,0.7,0.07565398623986451,12.0,1.0,2.0,1.0,38.0,539.0,0.0,0.0,Male,Bangkok,Gold,<20k,In-Store,3.0,1
C10335,1,178.0,8.0,6265.58,783.1975,439.5161686851967,517.0,5.25,2.25,2.0,1.0,48.42857142857143,31.790235098518032,84.0,3.67551622418879,0.0,0.0,0.0,0.0,1.0,1131.36,6.0,5253.32,0.0,0.16666666666666666,0.07510104305364065,9.0,0.0,,0.0,27.0,632.0,0.0,0.0,Male,Bangkok,Bronze,<20k,Mobile App,3.0,1
C10336,0,1.0,38.0,50250.94,1322.393157894737,900.2542435487856,614.0,9.526315789473685,5.2368421052631575,3.0,18.0,16.56756756756757,14.336318566146263,58.0,0.06035889070146819,2.0,1596.77,5.0,8777.84,13.0,20816.88,25.0,31667.62,0.5555555555555556,1.0,0.028190458730003098,14.0,0.0,,0.0,41.0,619.0,1.0,1.0,Female,Unknown,Gold,<20k,In-Store,2.0,1
C10337,0,32.0,14.0,7991.45,570.8178571428572,562.9182054420801,530.0,5.642857142857143,2.857142857142857,2.0,11.0,38.30769230769231,28.68909379126679,94.0,0.8353413654618475,0.0,0.0,2.0,455.05,6.0,2074.83,9.0,5926.66,0.4,1.5,0.0569325303963115,12.0,0.0,,0.0,41.0,641.0,0.0,1.0,Male,North,Gold,70-120k,In-Store,1.0,1
C10338,1,43.0,26.0,24675.21,949.0465384615384,654.343547485217,526.0,7.884615384615385,4.230769230769231,3.0,4.0,19.32,22.72612300122189,83.0,2.2256728778467907,0.0,0.0,5.0,4770.08,7.0,7610.21,16.0,15474.550000000001,1.6666666666666667,0.7,0.02956431249690289,14.0,0.0,,0.0,18.0,567.0,0.0,1.0,Female,Bangkok,Silver,70-120k,Mobile App,2.0,1
C10339,0,1.0,12.0,6785.7,565.475,428.19946009689545,557.0,4.833333333333333,2.5833333333333335,2.0,10.0,50.54545454545455,35.67734193115747,123.0,0.019784172661870502,1.0,777.51,4.0,2329.55,4.0,2329.55,7.0,4617.58,4.0,1.0,0.08980309046034983,11.0,0.0,,0.0,27.0,609.0,1.0,1.0,Male,East,Bronze,20-40k,In-Store,1.0,1
C10340,0,14.0,23.0,34227.62,1488.157391304348,733.9619718797511,561.0,11.91304347826087,6.3478260869565215,3.0,15.0,24.863636363636363,25.41521002142025,93.0,0.5630712979890311,1.0,2021.11,5.0,9104.73,8.0,13659.81,14.0,22104.92,1.25,1.1428571428571428,0.017870941621093338,14.0,0.0,,0.0,23.0,603.0,0.0,0.0,Female,Central,Silver,20-40k,In-Store,1.0,1
C10341,0,4.0,3.0,2780.04,926.68,668.16849162468,40.0,5.333333333333333,4.0,1.0,3.0,18.0,14.142135623730951,28.0,0.2222222222222222,1.0,1661.66,3.0,2780.04,3.0,2780.04,3.0,2780.04,3.0,3.0,0.02980006491172355,8.0,0.0,,0.0,32.0,49.0,1.0,0.0,Male,North,Silver,70-120k,In-Store,1.0,1
C10342,0,8.0,46.0,146897.51,3193.424130434783,1183.094942638119,367.0,15.41304347826087,8.304347826086957,3.0,21.0,7.977777777777778,7.593325085796463,36.0,1.0027855153203342,3.0,10826.99,12.0,38272.74,20.0,57083.21,45.0,144585.94,1.3333333333333333,0.7692307692307693,0.010395869919216216,14.0,0.0,,0.0,35.0,375.0,1.0,0.0,Female,Bangkok,Silver,>120k,In-Store,1.0,1
C10343,0,24.0,4.0,6468.330000000001,1617.0825000000002,1808.2796409179455,92.0,6.5,3.5,2.0,4.0,22.666666666666668,26.312227829154512,53.0,1.0588235294117647,1.0,1442.09,3.0,5679.650000000001,4.0,6468.330000000001,4.0,6468.330000000001,1.5,4.0,0.020358184089962518,8.0,1.0,3.0,1.0,36.0,114.0,1.0,1.0,Male,Northeast,Bronze,20-40k,In-Store,3.0,1
C10344,0,18.0,11.0,7218.27,656.2063636363637,376.10815833408157,316.0,8.090909090909092,3.727272727272727,2.0,3.0,29.8,25.64197946943861,72.0,0.6040268456375839,2.0,2305.5,3.0,2750.5,4.0,3020.88,11.0,7218.27,1.5,0.5,0.06784053928405392,10.0,0.0,,0.0,40.0,459.0,0.0,0.0,Male,Central,Silver,70-120k,Online Web,2.0,1
C10345,0,28.0,5.0,7248.55,1449.71,439.4080487997461,119.0,13.4,6.6,2.0,5.0,22.75,14.522970311429637,37.0,1.2307692307692308,1.0,864.68,4.0,5313.3099999999995,5.0,7248.55,5.0,7248.55,2.0,5.0,0.022865477604314812,12.0,0.0,,0.0,26.0,129.0,0.0,1.0,Male,Northeast,Bronze,40-70k,In-Store,2.0,1
C10346,1,81.0,12.0,13077.48,1089.79,594.9206994519217,296.0,8.833333333333334,5.0,2.0,9.0,19.545454545454547,24.32432377832377,87.0,4.144186046511628,0.0,0.0,1.0,894.61,4.0,3477.15,12.0,13077.48,0.25,0.4444444444444444,0.050279524351080844,12.0,0.0,,0.0,27.0,358.0,0.0,1.0,Female,Bangkok,Bronze,Unknown,In-Store,3.0,1
C10347,0,0.0,86.0,218499.56,2540.692558139535,1444.391898578927,479.0,12.44186046511628,6.976744186046512,3.0,9.0,5.635294117647059,4.3228271690982005,18.0,0.0,4.0,11992.74,13.0,39638.659999999996,28.0,79431.92,60.0,147919.73,0.8125,0.8484848484848485,0.005624807239866944,14.0,2.0,2.0,1.0,45.0,485.0,1.0,0.0,Female,North,Platinum,70-120k,Online Web,1.0,1
C10348,1,33.0,26.0,23355.2,898.2769230769231,689.060777439954,605.0,7.8076923076923075,4.230769230769231,2.0,16.0,22.88,22.1139473334515,71.0,1.4423076923076923,0.0,0.0,2.0,1003.08,5.0,4832.2,14.0,12131.07,0.5,0.5,0.02707989832228437,13.0,0.0,,0.0,32.0,652.0,1.0,0.0,Female,Bangkok,Silver,Unknown,In-Store,1.0,1
C10349,0,26.0,26.0,49828.07,1916.4642307692307,1200.8253718944252,424.0,11.961538461538462,5.884615384615385,3.0,2.0,15.92,17.480751318712436,62.0,1.6331658291457287,1.0,1932.92,8.0,18475.01,10.0,23368.87,21.0,42760.51,2.6666666666666665,0.8333333333333334,0.01793970235502569,13.0,0.0,,0.0,51.0,427.0,0.0,1.0,Male,Bangkok,Bronze,70-120k,Mobile App,2.0,1
C10350,0,7.0,28.0,29266.36,1045.2271428571428,801.5865743768193,492.0,8.178571428571429,4.464285714285714,3.0,4.0,17.962962962962962,20.584687141886434,103.0,0.38969072164948454,2.0,1418.0900000000001,7.0,8008.76,13.0,15130.789999999999,21.0,23215.62,1.0,1.4444444444444444,0.0073590737545589325,14.0,0.0,,0.0,41.0,524.0,1.0,0.0,Female,North,Platinum,40-70k,Online Web,3.0,1
C10351,0,31.0,4.0,1395.29,348.8225,67.08320672865901,167.0,3.5,2.5,1.0,4.0,45.333333333333336,21.22105872319601,60.0,0.6838235294117647,0.0,0.0,2.0,623.5699999999999,4.0,1395.29,4.0,1395.29,0.6666666666666666,4.0,0.03417413093738319,9.0,0.0,,0.0,37.0,168.0,0.0,1.0,Male,Northeast,Bronze,20-40k,In-Store,1.0,1
C10352,0,,,,,,,,,,,,,,,,,,,,,,,,,,,,,,,,,,,,,,,,0
C10353,0,23.0,18.0,17674.13,981.8961111111112,508.99900625280196,391.0,9.0,4.722222222222222,3.0,11.0,21.647058823529413,14.46090063097121,51.0,1.0625,1.0,355.14,3.0,1938.29,8.0,6147.11,16.0,16500.1,0.5,0.8888888888888888,0.06069011186176931,12.0,0.0,,0.0,36.0,399.0,1.0,1.0,Male,South,Bronze,40-70k,In-Store,1.0,1
C10354,1,61.0,3.0,247.75,82.58333333333333,50.41897096662459,155.0,1.0,1.0,2.0,1.0,47.0,32.526911934581186,70.0,1.297872340425532,0.0,0.0,2.0,113.78999999999999,3.0,247.75,3.0,247.75,1.0,3.0,0.0,2.0,0.0,,0.0,22.0,164.0,1.0,1.0,Female,Bangkok,Bronze,20-40k,Mobile App,1.0,1
C10355,0,10.0,8.0,3095.02,386.8775,266.0709356409624,332.0,4.375,2.875,1.0,1.0,46.0,36.51483716701107,99.0,0.21739130434782608,1.0,312.32,3.0,870.39,4.0,1536.67,8.0,3095.02,1.5,0.8,0.08654859264462396,11.0,0.0,,0.0,32.0,350.0,0.0,1.0,Female,Bangkok,Bronze,Unknown,Mobile App,1.0,1
C10356,0,6.0,8.0,6867.58,858.4475,953.6826083998207,73.0,6.375,3.5,1.0,7.0,9.571428571428571,8.343802947040853,25.0,0.6268656716417911,3.0,1649.4,8.0,6867.58,8.0,6867.58,8.0,6867.58,8.0,8.0,0.028093330257610644,12.0,0.0,,0.0,21.0,86.0,1.0,1.0,Male,Unknown,Silver,40-70k,In-Store,1.0,1
C10357,0,31.0,22.0,32955.9,1497.9954545454545,830.7561468280812,426.0,14.5,7.909090909090909,3.0,3.0,18.80952380952381,21.049035720476716,78.0,1.6481012658227847,0.0,0.0,4.0,5903.47,11.0,15169.4,20.0,29409.93,0.5,1.1,0.05764520388678212,14.0,1.0,4.0,1.0,43.0,439.0,0.0,0.0,Male,Bangkok,Silver,20-40k,Online Web,2.0,1
C10358,0,16.0,24.0,37033.84,1543.0766666666666,942.7811048339291,440.0,11.791666666666666,6.25,3.0,4.0,18.434782608695652,17.913494372467117,81.0,0.8679245283018868,1.0,964.84,4.0,4420.17,11.0,15498.91,19.0,27055.59,0.5,1.2222222222222223,0.00020490569613538137,14.0,0.0,,0.0,47.0,449.0,1.0,1.0,Male,Bangkok,Silver,40-70k,Mobile App,2.0,1
C10359,0,65.0,13.0,4503.3,346.40769230769234,331.1998146425067,549.0,3.1538461538461537,1.8461538461538463,3.0,2.0,40.333333333333336,22.268335992587946,85.0,1.6115702479338843,0.0,0.0,1.0,476.71,4.0,844.02,8.0,2560.75,0.25,0.8,0.03192312653166516,9.0,0.0,,0.0,35.0,561.0,1.0,1.0,Female,East,Bronze,Unknown,Mobile App,1.0,1
C10360,0,0.0,65.0,159102.08,2447.7243076923073,1509.8628736059622,431.0,12.784615384615385,6.7384615384615385,3.0,7.0,6.734375,7.1586160485221395,41.0,0.0,7.0,13866.27,20.0,44169.69,27.0,64292.4,54.0,134994.13,2.5,0.9642857142857143,0.046147797436575204,14.0,0.0,,0.0,42.0,435.0,0.0,1.0,Female,Northeast,Gold,70-120k,Mobile App,2.0,1
C10361,0,58.0,4.0,1938.87,484.7175,341.1214904180034,216.0,4.5,2.75,1.0,1.0,52.666666666666664,41.47690120215508,99.0,1.1012658227848102,0.0,0.0,1.0,787.76,3.0,1863.61,4.0,1938.87,0.3333333333333333,1.5,0.06420225011945614,5.0,0.0,,0.0,18.0,267.0,0.0,1.0,Female,Bangkok,Silver,20-40k,Mobile App,1.0,1
C10362,0,22.0,9.0,2086.23,231.80333333333334,103.9871230008793,385.0,3.888888888888889,2.4444444444444446,3.0,4.0,45.375,25.179002022660526,82.0,0.48484848484848486,1.0,464.58,1.0,464.58,3.0,970.9100000000001,8.0,1966.8400000000001,0.3333333333333333,0.5,0.08188215412645393,8.0,0.0,,0.0,22.0,394.0,1.0,1.0,Female,Bangkok,Bronze,<20k,Mobile App,3.0,1
C10363,0,332.0,10.0,5507.0,550.7,393.8175353581346,549.0,7.0,3.9,1.0,1.0,24.11111111111111,24.323057190885997,78.0,13.76958525345622,0.0,0.0,0.0,0.0,0.0,0.0,1.0,523.32,0.0,0.0,0.07494817895645688,8.0,0.0,,0.0,23.0,608.0,1.0,0.0,Male,Northeast,Silver,Unknown,Mobile App,2.0,1
C10364,1,69.0,3.0,5862.34,1954.1133333333335,912.0918912770431,94.0,9.666666666666666,5.333333333333333,1.0,1.0,12.5,16.263455967290593,24.0,5.52,0.0,0.0,2.0,4939.48,3.0,5862.34,3.0,5862.34,1.0,3.0,0.02285701903668157,8.0,0.0,,0.0,36.0,103.0,0.0,0.0,Male,Central,Silver,<20k,Mobile App,3.0,1
C10365,1,285.0,6.0,12607.24,2101.2066666666665,1416.644758768643,424.0,16.5,8.666666666666666,1.0,6.0,27.8,12.911235417263523,45.0,10.251798561151078,0.0,0.0,0.0,0.0,0.0,0.0,3.0,8817.93,0.0,0.0,0.04446159046708089,11.0,3.0,2.3333333333333335,1.0,34.0,444.0,0.0,0.0,Female,North,Bronze,70-120k,In-Store,1.0,1
C10366,1,69.0,23.0,31308.43,1361.2360869565218,805.0904578975138,469.0,9.0,4.826086956521739,2.0,12.0,18.181818181818183,17.305755617400166,84.0,3.7949999999999995,0.0,0.0,2.0,3290.07,8.0,13904.59,20.0,28059.72,0.2857142857142857,0.6153846153846154,0.012754427140240361,14.0,1.0,5.0,0.0,29.0,470.0,1.0,0.0,Female,Bangkok,Silver,Unknown,In-Store,2.0,1
C10367,0,0.0,14.0,4281.95,305.8535714285714,274.2968237457972,373.0,3.142857142857143,1.9285714285714286,1.0,11.0,28.692307692307693,30.80688401257262,102.0,0.0,4.0,2229.0299999999997,7.0,3112.47,8.0,3144.1,13.0,4232.38,3.5,1.3333333333333333,0.03985478811307513,9.0,1.0,3.0,0.0,37.0,407.0,1.0,1.0,Female,Northeast,Silver,<20k,In-Store,1.0,1
C10368,0,5.0,24.0,46402.590000000004,1933.44125,1289.1389605311133,373.0,14.5,7.708333333333333,2.0,2.0,16.0,15.105688272363432,61.0,0.3125,5.0,6981.63,7.0,8517.34,12.0,25652.21,22.0,44195.22,1.1666666666666667,1.0909090909090908,0.014653032830607924,13.0,0.0,,0.0,40.0,385.0,1.0,1.0,Male,Unknown,Platinum,70-120k,Mobile App,2.0,1
C10369,0,9.0,30.0,42576.07,1419.2023333333334,870.0166383374647,574.0,10.133333333333333,5.466666666666667,2.0,1.0,19.482758620689655,21.19235153414547,95.0,0.46194690265486726,2.0,3655.33,6.0,8479.67,10.0,15248.16,23.0,30502.1,1.2,0.7142857142857143,0.0,13.0,1.0,5.0,0.0,51.0,588.0,1.0,1.0,Female,Central,Gold,<20k,Online Web,1.0,1
C10370,0,3.0,54.0,153955.09,2851.0201851851853,1391.95461726808,400.0,16.166666666666668,8.703703703703704,3.0,24.0,7.490566037735849,6.643743851605619,30.0,0.4005037783375315,3.0,7284.04,15.0,40434.72,27.0,74212.66,48.0,138418.45,1.1538461538461537,1.2272727272727273,0.04376932118375643,14.0,0.0,,0.0,19.0,401.0,0.0,1.0,Male,North,Silver,>120k,In-Store,2.0,1
C10371,0,9.0,31.0,43720.08,1410.3251612903227,822.0452050338472,635.0,9.903225806451612,4.967741935483871,2.0,1.0,20.866666666666667,23.36772506498319,105.0,0.43130990415335463,1.0,443.22,3.0,2757.84,9.0,11894.32,19.0,28876.86,0.42857142857142855,0.8181818181818182,0.038066279136285436,14.0,0.0,,0.0,44.0,636.0,0.0,1.0,Female,North,Gold,70-120k,Mobile App,3.0,1
C10372,0,18.0,8.0,6608.86,826.1075,650.998857948307,219.0,8.375,4.125,2.0,7.0,28.714285714285715,26.775077253012025,84.0,0.6268656716417911,1.0,1720.6,3.0,3009.6499999999996,6.0,4451.44,8.0,6608.86,0.75,2.0,0.07663311141693503,10.0,0.0,,0.0,19.0,221.0,0.0,0.0,Female,North,Bronze,>120k,In-Store,2.0,1
C10373,0,36.0,4.0,1129.6799999999998,282.41999999999996,274.69327233601234,243.0,3.75,2.0,1.0,4.0,69.0,65.02307282803544,143.0,0.5217391304347826,0.0,0.0,2.0,307.0,3.0,997.18,4.0,1129.6799999999998,1.0,1.5,0.0066214683303875265,5.0,1.0,3.0,0.0,48.0,255.0,1.0,1.0,Male,Bangkok,Gold,Unknown,In-Store,2.0,1
C10374,1,50.0,20.0,13216.85,660.8425,464.6397663824604,624.0,5.25,3.3,3.0,3.0,30.210526315789473,24.96793265007565,91.0,1.6550522648083625,0.0,0.0,1.0,53.4,4.0,1849.61,12.0,7468.21,0.25,0.4444444444444444,0.05222876131483328,12.0,2.0,2.5,1.0,40.0,648.0,1.0,0.0,Female,South,Silver,20-40k,Online Web,2.0,1
C10375,0,72.0,3.0,1341.8200000000002,447.27333333333337,440.68194135150736,380.0,3.6666666666666665,2.6666666666666665,3.0,2.0,154.0,67.88225099390856,202.0,0.4675324675324675,0.0,0.0,1.0,955.94,2.0,1136.8700000000001,2.0,1136.8700000000001,0.5,2.0,0.06180867279159849,5.0,0.0,,0.0,49.0,488.0,1.0,0.0,Male,Bangkok,Bronze,40-70k,In-Store,3.0,1
C10376,0,28.0,15.0,8140.27,542.6846666666667,340.4887833031186,589.0,7.0,3.8666666666666667,2.0,12.0,40.07142857142857,42.615389574324304,147.0,0.6987522281639929,1.0,274.71,1.0,274.71,2.0,821.3699999999999,4.0,2014.0,0.5,0.6666666666666666,0.07852641564324987,12.0,1.0,4.0,0.0,31.0,654.0,0.0,0.0,Female,Central,Bronze,40-70k,In-Store,2.0,1
C10377,0,113.0,9.0,6044.76,671.64,400.9101213489128,497.0,6.111111111111111,3.0,2.0,9.0,48.0,54.36910887627274,166.0,2.3541666666666665,0.0,0.0,0.0,0.0,2.0,1044.99,6.0,5034.42,0.0,0.4,0.07323071262112106,9.0,0.0,,0.0,33.0,535.0,1.0,1.0,Female,North,Bronze,40-70k,In-Store,3.0,1
C10378,0,3.0,27.0,46890.2,1736.674074074074,912.2780848524172,324.0,12.925925925925926,7.222222222222222,3.0,14.0,12.346153846153847,10.357383096872715,37.0,0.24299065420560748,2.0,2468.14,8.0,11874.74,12.0,19492.89,27.0,46890.2,1.6,0.75,0.02645623483710496,14.0,1.0,1.0,0.0,32.0,333.0,0.0,0.0,Female,Bangkok,Platinum,40-70k,In-Store,1.0,1
C10379,0,32.0,8.0,3460.2400000000002,432.53000000000003,313.2845116321128,449.0,4.0,2.375,2.0,8.0,59.57142857142857,49.27425677727043,131.0,0.5371702637889688,0.0,0.0,1.0,214.2,3.0,973.14,5.0,1593.25,0.3333333333333333,1.0,0.07903758117747259,9.0,0.0,,0.0,33.0,545.0,1.0,0.0,Male,Bangkok,Bronze,20-40k,In-Store,2.0,1
C10380,0,21.0,15.0,7146.09,476.406,305.5769317396661,441.0,5.2,2.8666666666666667,3.0,4.0,30.0,30.40242905275321,111.0,0.7,1.0,158.07,1.0,158.07,7.0,2719.55,12.0,6084.02,0.14285714285714285,1.1666666666666667,0.024738787230325795,12.0,1.0,4.0,0.0,34.0,476.0,1.0,1.0,Female,Bangkok,Bronze,70-120k,Mobile App,2.0,1
C10381,1,20.0,3.0,1298.33,432.77666666666664,246.62702089052073,139.0,3.0,2.0,2.0,3.0,59.5,81.31727983645297,117.0,0.33613445378151263,1.0,717.22,1.0,717.22,3.0,1298.33,3.0,1298.33,0.3333333333333333,3.0,0.0495944600609042,4.0,0.0,,0.0,36.0,163.0,0.0,1.0,Male,South,Bronze,40-70k,In-Store,3.0,1
C10382,0,27.0,18.0,23681.35,1315.6305555555555,677.9012426988273,501.0,11.444444444444445,5.777777777777778,3.0,11.0,27.88235294117647,34.36364785813123,150.0,0.9683544303797468,1.0,1250.3,6.0,10979.35,8.0,12206.13,16.0,20985.56,2.0,0.8888888888888888,0.07289532222489306,12.0,1.0,2.0,0.0,36.0,502.0,1.0,0.0,Female,East,Silver,20-40k,In-Store,1.0,1
C10383,0,11.0,1.0,393.74,393.74,,11.0,10.0,5.0,1.0,1.0,,,,,1.0,393.74,1.0,393.74,1.0,393.74,1.0,393.74,1.0,1.0,0.01849636055439226,3.0,0.0,,0.0,28.0,55.0,0.0,0.0,Male,Bangkok,Silver,20-40k,In-Store,3.0,1
C10384,0,7.0,1.0,965.22,965.22,,7.0,4.0,2.0,1.0,1.0,,,,,1.0,965.22,1.0,965.22,1.0,965.22,1.0,965.22,1.0,1.0,0.0,1.0,1.0,4.0,0.0,30.0,70.0,0.0,0.0,Female,Central,Silver,20-40k,In-Store,2.0,1
C10385,1,21.0,3.0,1918.3400000000001,639.4466666666667,747.7901466543493,35.0,4.333333333333333,2.3333333333333335,1.0,1.0,7.0,1.4142135623730951,8.0,3.0,2.0,434.95,3.0,1918.3400000000001,3.0,1918.3400000000001,3.0,1918.3400000000001,3.0,3.0,0.06353460353723964,5.0,1.0,3.0,0.0,28.0,40.0,0.0,1.0,Male,South,Bronze,<20k,Mobile App,1.0,1
C10386,0,2.0,67.0,206147.39,3076.8267164179106,1791.2293671516861,533.0,14.149253731343284,7.8059701492537314,3.0,8.0,8.045454545454545,7.5984448169585095,40.0,0.24858757062146894,4.0,11887.34,10.0,33298.43,21.0,63637.2,49.0,142809.21,0.8333333333333334,0.7241379310344828,0.023791194082570175,14.0,2.0,4.0,1.0,49.0,534.0,1.0,1.0,Male,Bangkok,Platinum,Unknown,Mobile App,1.0,1
C10387,1,49.0,3.0,1008.99,336.33,162.76989033602007,165.0,5.666666666666667,2.6666666666666665,1.0,3.0,58.0,62.22539674441618,102.0,0.8448275862068966,0.0,0.0,2.0,573.68,3.0,1008.99,3.0,1008.99,1.0,3.0,0.06161415125925375,6.0,3.0,2.6666666666666665,1.0,46.0,260.0,1.0,0.0,Female,East,Gold,70-120k,In-Store,1.0,1
C10388,0,1.0,15.0,16925.94,1128.396,819.0016926792207,336.0,10.6,5.333333333333333,3.0,2.0,23.928571428571427,24.518326852547496,78.0,0.041791044776119404,1.0,843.34,5.0,6824.83,9.0,13063.369999999999,15.0,16925.94,1.0,1.2857142857142858,0.02124687091064379,12.0,1.0,3.0,0.0,36.0,342.0,1.0,1.0,Male,Central,Silver,40-70k,Online Web,3.0,1
C10389,0,28.0,1.0,1575.11,1575.11,,28.0,6.0,4.0,1.0,1.0,,,,,1.0,1575.11,1.0,1575.11,1.0,1575.11,1.0,1575.11,1.0,1.0,0.0,2.0,0.0,,0.0,28.0,34.0,1.0,1.0,Female,Bangkok,Bronze,>120k,In-Store,2.0,1
C10390,1,53.0,23.0,17341.079999999998,753.9599999999999,526.8461329113428,409.0,6.869565217391305,3.6956521739130435,3.0,14.0,16.181818181818183,21.96672020436361,97.0,3.275280898876404,0.0,0.0,1.0,92.28,4.0,4359.05,20.0,14703.949999999999,0.25,0.23529411764705882,0.03927853979432755,14.0,0.0,,0.0,26.0,437.0,1.0,1.0,Female,Northeast,Bronze,70-120k,In-Store,2.0,1
C10391,1,57.0,4.0,2214.99,553.7475,254.7157709258171,530.0,8.25,5.0,1.0,1.0,157.66666666666666,104.64384039843594,278.0,0.3615221987315011,0.0,0.0,1.0,701.9,1.0,701.9,2.0,922.42,1.0,0.5,0.1074095416940355,9.0,0.0,,0.0,47.0,665.0,1.0,1.0,Female,Bangkok,Bronze,20-40k,Mobile App,2.0,1
C10392,0,16.0,24.0,15291.210000000001,637.1337500000001,324.0746750205482,418.0,5.916666666666667,3.1666666666666665,3.0,15.0,17.47826086956522,16.317501940101536,59.0,0.9154228855721392,2.0,1497.16,4.0,2270.02,8.0,5622.02,21.0,12944.86,0.8,0.5714285714285714,0.04239313884200738,12.0,2.0,4.5,0.0,45.0,437.0,0.0,0.0,Female,Bangkok,Bronze,20-40k,In-Store,1.0,1
C10393,0,44.0,13.0,24733.25,1902.5576923076924,711.8577494972087,294.0,13.76923076923077,7.846153846153846,3.0,10.0,20.833333333333332,13.630402737552505,48.0,2.112,0.0,0.0,1.0,2029.23,6.0,13026.060000000001,13.0,24733.25,0.16666666666666666,0.75,0.04325334672267393,14.0,0.0,,0.0,28.0,309.0,1.0,1.0,Female,East,Gold,40-70k,In-Store,2.0,1
C10394,0,14.0,5.0,2719.36,543.8720000000001,244.61183295171966,179.0,9.8,4.4,2.0,4.0,41.25,64.58263440482021,138.0,0.3393939393939394,2.0,783.31,2.0,783.31,5.0,2719.36,5.0,2719.36,0.5,5.0,0.09684018944249968,10.0,0.0,,0.0,18.0,216.0,0.0,0.0,Female,Bangkok,Bronze,20-40k,In-Store,1.0,1
C10395,0,143.0,8.0,2298.4700000000003,287.30875000000003,155.5087563393595,518.0,3.75,2.0,1.0,8.0,53.57142857142857,72.01587126658758,214.0,2.6693333333333333,0.0,0.0,0.0,0.0,2.0,764.52,7.0,2056.78,0.0,0.3333333333333333,0.1417598912670082,9.0,0.0,,0.0,30.0,557.0,0.0,0.0,Male,South,Silver,20-40k,In-Store,2.0,1
C10396,0,11.0,8.0,2553.4,319.175,214.82834582854417,453.0,4.125,2.0,1.0,1.0,63.142857142857146,57.339423818255476,181.0,0.17420814479638008,1.0,194.4,3.0,811.21,5.0,1728.5,6.0,1853.82,1.0,2.5,0.03958053583988746,7.0,0.0,,0.0,35.0,479.0,0.0,0.0,Male,Northeast,Bronze,70-120k,Online Web,1.0,1
C10397,0,39.0,5.0,4972.84,994.568,284.8373558190709,69.0,7.0,4.8,1.0,1.0,7.5,3.872983346207417,13.0,5.2,0.0,0.0,5.0,4972.84,5.0,4972.84,5.0,4972.84,5.0,5.0,0.06677125870766275,11.0,0.0,,0.0,19.0,107.0,1.0,1.0,Male,Central,Bronze,20-40k,Mobile App,2.0,1
C10398,0,19.0,2.0,2655.39,1327.695,1411.7740439780014,22.0,7.5,4.0,1.0,2.0,3.0,,3.0,6.333333333333333,2.0,2655.39,2.0,2655.39,2.0,2655.39,2.0,2655.39,2.0,2.0,0.05973272711821194,7.0,0.0,,0.0,46.0,80.0,0.0,0.0,Female,North,Silver,<20k,In-Store,1.0,1
C10399,0,202.0,4.0,1106.6499999999999,276.66249999999997,281.25683261330147,288.0,4.0,2.25,2.0,4.0,28.666666666666668,11.239810200058244,41.0,7.046511627906977,0.0,0.0,0.0,0.0,0.0,0.0,4.0,1106.6499999999999,0.0,0.0,0.0342019828248272,5.0,1.0,4.0,0.0,39.0,373.0,0.0,1.0,Male,South,Bronze,40-70k,In-Store,1.0,1
C10400,0,8.0,42.0,107762.11,2565.764523809524,1406.0004050795694,404.0,13.880952380952381,7.761904761904762,3.0,20.0,9.658536585365853,9.358444732159189,41.0,0.8282828282828283,1.0,1877.56,7.0,20038.14,17.0,45585.54,35.0,93274.27,0.6363636363636364,0.8947368421052632,0.001715189436026445,14.0,1.0,2.0,0.0,40.0,414.0,1.0,1.0,Female,East,Gold,70-120k,In-Store,1.0,1
C10401,0,1.0,26.0,40522.36,1558.5523076923077,709.1573641798141,527.0,11.423076923076923,5.538461538461538,3.0,16.0,21.04,19.031727894930263,67.0,0.047528517110266164,4.0,7351.5599999999995,7.0,11029.039999999999,10.0,15886.63,18.0,28353.21,1.75,1.1111111111111112,0.0346449834955823,14.0,0.0,,0.0,29.0,534.0,0.0,1.0,Female,Northeast,Silver,40-70k,In-Store,3.0,1
C10402,0,1.0,78.0,147579.31,1892.0424358974358,1056.720082233364,502.0,11.333333333333334,6.153846153846154,3.0,23.0,6.5064935064935066,6.524495093639887,36.0,0.1536926147704591,7.0,10324.380000000001,11.0,21352.74,32.0,55829.15,56.0,99005.19,0.5,1.28,0.0,14.0,0.0,,0.0,38.0,506.0,0.0,1.0,Male,Northeast,Gold,40-70k,In-Store,1.0,1
C10403,0,0.0,27.0,30607.670000000002,1133.6174074074074,870.8106073370445,576.0,7.037037037037037,4.0,3.0,15.0,22.153846153846153,23.29582332984573,90.0,0.0,1.0,848.47,4.0,3366.87,6.0,4656.53,11.0,8246.41,1.3333333333333333,1.0,0.0037473797961123335,13.0,0.0,,0.0,34.0,582.0,0.0,1.0,Female,Central,Platinum,Unknown,In-Store,2.0,1
C10404,0,,,,,,,,,,,,,,,,,,,,,,,,,,,,,,,,,,,,,,,,0
C10405,0,6.0,6.0,2869.17,478.195,316.75670687453487,182.0,4.666666666666667,2.3333333333333335,1.0,6.0,35.2,20.339616515558987,66.0,0.17045454545454544,2.0,1352.71,3.0,1383.97,5.0,2422.81,6.0,2869.17,1.0,2.5,0.06384040876655475,9.0,0.0,,0.0,38.0,357.0,1.0,0.0,Male,Bangkok,Bronze,Unknown,In-Store,2.0,1
C10406,0,5.0,33.0,24901.21,754.5821212121211,648.4394402561699,495.0,5.545454545454546,3.121212121212121,3.0,17.0,15.3125,12.514346605705867,56.0,0.32653061224489793,3.0,2440.5400000000004,7.0,5246.38,12.0,7655.150000000001,24.0,17768.8,1.1666666666666667,0.9230769230769231,0.016848968491737986,13.0,0.0,,0.0,27.0,498.0,1.0,1.0,Male,Central,Silver,>120k,In-Store,1.0,1
C10407,0,28.0,5.0,2039.8899999999999,407.97799999999995,230.57217193321486,281.0,5.2,3.8,2.0,5.0,63.25,46.50000000000001,114.0,0.4426877470355731,1.0,203.43,1.0,203.43,2.0,612.56,5.0,2039.8899999999999,0.5,0.5,0.07316906943882812,9.0,0.0,,0.0,29.0,334.0,1.0,0.0,Female,Central,Bronze,40-70k,In-Store,1.0,1
C10408,0,78.0,7.0,3461.8999999999996,494.5571428571428,258.5534138054963,633.0,5.0,2.7142857142857144,2.0,5.0,92.5,102.16016836321288,267.0,0.8432432432432433,0.0,0.0,1.0,709.31,1.0,709.31,3.0,1781.09,1.0,0.3333333333333333,0.03660827338630008,7.0,0.0,,0.0,33.0,649.0,0.0,0.0,Female,Central,Bronze,40-70k,In-Store,1.0,1
C10409,0,1.0,14.0,5427.45,387.675,472.1122271851179,358.0,3.642857142857143,2.142857142857143,2.0,11.0,27.46153846153846,30.32220139494983,117.0,0.036414565826330535,3.0,515.24,3.0,515.24,5.0,2724.78,14.0,5427.45,1.0,0.5,0.03927205269316076,7.0,0.0,,0.0,39.0,489.0,0.0,1.0,Female,Central,Silver,40-70k,In-Store,1.0,1
C10410,0,27.0,5.0,2587.53,517.5060000000001,335.75865086397994,339.0,7.6,4.2,1.0,1.0,78.0,96.50215887049713,206.0,0.34615384615384615,2.0,1543.99,3.0,1679.56,3.0,1679.56,5.0,2587.53,3.0,1.0,0.12335853965930806,10.0,0.0,,0.0,33.0,401.0,1.0,0.0,Male,Northeast,Bronze,20-40k,Mobile App,1.0,1
C10411,1,74.0,8.0,7667.97,958.49625,752.1890905870772,281.0,6.25,3.25,2.0,6.0,29.571428571428573,38.170045597986665,101.0,2.502415458937198,0.0,0.0,1.0,906.6,2.0,3587.8199999999997,8.0,7667.97,0.5,0.2857142857142857,0.16307815557769986,10.0,1.0,1.0,0.0,34.0,326.0,0.0,0.0,Female,Central,Platinum,20-40k,In-Store,3.0,1
C10412,0,16.0,36.0,44725.48,1242.3744444444446,756.1970501980644,424.0,9.416666666666666,5.027777777777778,3.0,18.0,11.657142857142857,12.048780404825106,52.0,1.3725490196078431,1.0,422.88,4.0,5841.7300000000005,14.0,19720.170000000002,28.0,37294.15,0.36363636363636365,0.9333333333333333,0.030723303458909935,14.0,0.0,,0.0,38.0,436.0,0.0,1.0,Female,Bangkok,Gold,40-70k,In-Store,2.0,1
C10413,1,48.0,18.0,19470.73,1081.7072222222223,821.4611231845331,569.0,8.0,4.555555555555555,2.0,12.0,30.647058823529413,25.526802523207316,82.0,1.566218809980806,0.0,0.0,1.0,391.02,5.0,8691.7,11.0,13461.04,0.2,0.7142857142857143,0.03830817733386742,13.0,2.0,3.0,1.0,38.0,592.0,0.0,0.0,Male,Northeast,Silver,20-40k,In-Store,1.0,1
C10414,0,,,,,,,,,,,,,,,,,,,,,,,,,,,,,,,,,,,,,,,,0
C10415,1,61.0,8.0,5033.45,629.18125,637.5004146427223,380.0,3.75,2.125,1.0,7.0,45.57142857142857,23.51493952687059,82.0,1.3385579937304075,0.0,0.0,1.0,344.47,3.0,2131.99,7.0,4546.37,0.3333333333333333,0.6,0.05806254818740502,8.0,1.0,3.0,0.0,38.0,382.0,0.0,0.0,Female,Northeast,Silver,<20k,In-Store,1.0,1
C10416,1,73.0,14.0,19035.86,1359.7042857142858,742.6975292572579,360.0,11.214285714285714,5.5,3.0,9.0,22.076923076923077,17.351568317501535,59.0,3.3066202090592336,0.0,0.0,1.0,1162.28,4.0,5679.85,14.0,19035.86,0.25,0.36363636363636365,0.017758495605267693,12.0,0.0,,0.0,39.0,376.0,1.0,1.0,Male,Northeast,Bronze,20-40k,In-Store,3.0,1
C10417,0,54.0,30.0,41799.28,1393.3093333333334,777.9767918794162,485.0,10.666666666666666,5.833333333333333,3.0,15.0,14.862068965517242,13.359651775645295,46.0,3.6334106728538282,0.0,0.0,3.0,2878.9,7.0,6389.0,20.0,21098.91,0.6,0.5,0.0026180534014173568,13.0,0.0,,0.0,42.0,528.0,1.0,1.0,Female,Bangkok,Silver,70-120k,In-Store,3.0,1
C10418,0,3.0,17.0,32820.8,1930.6352941176472,1045.7686328552652,339.0,15.058823529411764,7.529411764705882,1.0,13.0,21.0,15.44884030167529,51.0,0.14285714285714285,1.0,1622.78,7.0,14204.57,12.0,22362.850000000002,17.0,32820.8,1.1666666666666667,2.0,0.010985567129601729,13.0,0.0,,0.0,43.0,352.0,1.0,1.0,Male,Bangkok,Gold,Unknown,In-Store,1.0,1
C10419,0,72.0,7.0,5006.7,715.2428571428571,440.63601164355924,500.0,8.0,4.0,2.0,1.0,71.33333333333333,58.34609384240445,181.0,1.0093457943925235,0.0,0.0,1.0,779.48,3.0,3324.6800000000003,6.0,4503.08,0.3333333333333333,0.75,0.07318346402470177,11.0,1.0,3.0,0.0,19.0,504.0,1.0,0.0,Female,Unknown,Bronze,20-40k,Online Web,2.0,1
C10420,1,107.0,18.0,18948.03,1052.6683333333333,594.595670709492,409.0,10.61111111111111,5.611111111111111,2.0,4.0,17.764705882352942,16.122691353201184,50.0,6.023178807947019,0.0,0.0,0.0,0.0,4.0,4153.530000000001,17.0,17419.68,0.0,0.2857142857142857,0.04310417967069262,13.0,0.0,,0.0,18.0,409.0,1.0,1.0,Female,South,Gold,20-40k,Mobile App,3.0,1
C10421,1,11.0,23.0,16570.16,720.4417391304348,758.6921323786096,413.0,5.260869565217392,3.0434782608695654,3.0,17.0,18.272727272727273,15.700111671370571,63.0,0.6019900497512437,1.0,216.65,4.0,1891.2600000000002,11.0,6803.56,18.0,12790.210000000001,0.5,1.375,0.057231256606998376,13.0,2.0,2.5,0.0,35.0,418.0,1.0,1.0,Male,Bangkok,Gold,>120k,In-Store,2.0,1
C10422,0,10.0,4.0,7410.42,1852.605,1587.9998860306425,107.0,9.5,5.25,2.0,2.0,32.333333333333336,15.275252316519468,49.0,0.3092783505154639,2.0,4155.12,3.0,4459.18,4.0,7410.42,4.0,7410.42,1.5,4.0,0.00630644523261973,9.0,0.0,,0.0,34.0,141.0,0.0,1.0,Female,Northeast,Bronze,20-40k,Mobile App,2.0,1
C10423,0,0.0,4.0,1867.56,466.89,105.567549306909,65.0,5.0,2.75,1.0,4.0,21.666666666666668,19.139836293274122,43.0,0.0,2.0,984.3,4.0,1867.56,4.0,1867.56,4.0,1867.56,4.0,4.0,0.034997338900113154,7.0,0.0,,0.0,36.0,104.0,0.0,1.0,Female,Northeast,Gold,Unknown,In-Store,2.0,1
C10424,1,66.0,3.0,2058.7,686.2333333333332,284.71505445503465,82.0,9.0,5.666666666666667,2.0,3.0,8.0,7.0710678118654755,13.0,8.25,0.0,0.0,3.0,2058.7,3.0,2058.7,3.0,2058.7,3.0,3.0,0.026099050556562135,10.0,1.0,4.0,0.0,18.0,93.0,1.0,1.0,Male,Central,Gold,20-40k,In-Store,1.0,1
C10425,1,0.0,3.0,2704.7799999999997,901.5933333333332,642.0452053658943,39.0,5.333333333333333,2.6666666666666665,1.0,3.0,19.5,24.748737341529164,37.0,0.0,2.0,1149.5,3.0,2704.7799999999997,3.0,2704.7799999999997,3.0,2704.7799999999997,3.0,3.0,0.030746296468834436,7.0,3.0,3.0,0.0,24.0,45.0,0.0,0.0,Female,East,Bronze,40-70k,In-Store,2.0,1
C10426,1,2.0,3.0,2038.52,679.5066666666667,447.43921333889966,22.0,6.666666666666667,3.6666666666666665,1.0,1.0,10.0,12.727922061357855,19.0,0.2,3.0,2038.52,3.0,2038.52,3.0,2038.52,3.0,2038.52,3.0,3.0,0.037257781912808575,6.0,1.0,3.0,1.0,27.0,38.0,1.0,0.0,Male,Central,Bronze,<20k,Online Web,2.0,1
C10427,0,61.0,6.0,3972.49,662.0816666666666,562.4799991970084,563.0,5.333333333333333,2.8333333333333335,3.0,5.0,100.4,82.72726273726214,223.0,0.6075697211155379,0.0,0.0,1.0,150.82,3.0,2266.79,4.0,2467.47,0.3333333333333333,1.5,0.13843054073514993,9.0,0.0,,0.0,18.0,610.0,0.0,1.0,Female,North,Bronze,40-70k,In-Store,1.0,1
C10428,0,33.0,15.0,14361.02,957.4013333333334,627.6426823538859,347.0,7.2,3.7333333333333334,1.0,1.0,22.428571428571427,24.672358515660285,95.0,1.4713375796178345,0.0,0.0,6.0,7767.44,10.0,11042.96,15.0,14361.02,1.2,1.6666666666666667,0.01573343897226841,13.0,0.0,,0.0,41.0,358.0,1.0,1.0,Female,Northeast,Silver,40-70k,Mobile App,3.0,1
C10429,0,27.0,7.0,5447.61,778.2299999999999,535.3263258673785,273.0,7.0,3.857142857142857,1.0,6.0,41.0,60.557410776881795,163.0,0.6585365853658537,1.0,431.33,4.0,1554.49,4.0,1554.49,7.0,5447.61,4.0,1.0,0.04345329652963611,11.0,0.0,,0.0,30.0,301.0,0.0,0.0,Male,Bangkok,Bronze,<20k,In-Store,1.0,1
C10430,0,87.0,11.0,5105.91,464.1736363636364,240.76289212720167,313.0,6.636363636363637,3.6363636363636362,1.0,11.0,22.6,16.80079363204806,59.0,3.8495575221238933,0.0,0.0,1.0,262.0,3.0,1659.33,11.0,5105.91,0.3333333333333333,0.3333333333333333,0.08283052184019127,11.0,0.0,,0.0,42.0,394.0,0.0,0.0,Male,East,Bronze,70-120k,In-Store,2.0,1
C10431,0,3.0,69.0,118118.84,1711.8672463768116,1017.7389418242484,495.0,9.18840579710145,4.971014492753623,3.0,23.0,7.235294117647059,6.348387142825236,29.0,0.4146341463414634,2.0,2923.04,12.0,18202.03,23.0,41045.88,46.0,85531.55,1.0,0.9583333333333334,0.02775773974007656,14.0,0.0,,0.0,53.0,500.0,1.0,1.0,Female,South,Silver,40-70k,In-Store,1.0,1
C10432,0,27.0,9.0,8326.99,925.2211111111111,939.9584204027916,295.0,5.888888888888889,3.2222222222222223,3.0,6.0,33.5,42.227276222163056,127.0,0.8059701492537313,1.0,285.36,5.0,2337.64,7.0,7264.01,9.0,8326.99,1.6666666666666667,2.3333333333333335,0.0038031865894305153,10.0,0.0,,0.0,42.0,308.0,0.0,0.0,Female,Bangkok,Bronze,20-40k,In-Store,3.0,1
C10433,0,51.0,4.0,2433.96,608.49,273.0502121100318,80.0,5.75,2.75,1.0,4.0,9.666666666666666,1.5275252316519465,11.0,5.275862068965518,0.0,0.0,4.0,2433.96,4.0,2433.96,4.0,2433.96,4.0,4.0,0.03762573543366863,6.0,0.0,,0.0,20.0,100.0,0.0,1.0,Female,Northeast,Bronze,70-120k,In-Store,1.0,1
C10434,0,1.0,5.0,1147.19,229.43800000000002,224.5810767184092,58.0,2.4,1.8,1.0,1.0,14.25,12.446552400832395,26.0,0.07017543859649122,2.0,264.49,5.0,1147.19,5.0,1147.19,5.0,1147.19,5.0,5.0,0.025103464686036726,6.0,1.0,5.0,0.0,35.0,60.0,1.0,1.0,Male,Northeast,Silver,20-40k,Online Web,3.0,1
C10435,1,143.0,3.0,1010.82,336.94,277.231291163173,338.0,3.6666666666666665,2.0,1.0,3.0,97.5,105.35891039679558,172.0,1.4666666666666666,0.0,0.0,0.0,0.0,2.0,711.6,3.0,1010.82,0.0,1.0,0.042521146905873775,4.0,0.0,,0.0,26.0,423.0,1.0,0.0,Female,Bangkok,Silver,40-70k,In-Store,1.0,1
C10436,0,4.0,8.0,6011.27,751.40875,779.7988276552485,130.0,4.875,2.625,1.0,1.0,18.0,13.892443989449804,32.0,0.2222222222222222,1.0,41.26,4.0,3822.74,8.0,6011.27,8.0,6011.27,0.8,8.0,0.03214967114531594,8.0,0.0,,0.0,23.0,148.0,1.0,1.0,Female,East,Gold,40-70k,Mobile App,3.0,1
C10437,0,10.0,28.0,17694.02,631.9292857142857,428.99568789103296,568.0,5.928571428571429,3.107142857142857,3.0,14.0,20.666666666666668,21.300054171112045,81.0,0.48387096774193544,1.0,422.38,5.0,3187.92,8.0,6413.3,18.0,12473.9,1.25,0.7272727272727273,0.011523276997188314,13.0,0.0,,0.0,52.0,575.0,1.0,0.0,Female,North,Gold,20-40k,In-Store,3.0,1
C10438,0,9.0,23.0,41278.34,1794.7104347826084,732.2706039217908,377.0,11.73913043478261,6.304347826086956,2.0,1.0,16.727272727272727,22.084646289483597,106.0,0.5380434782608696,2.0,3956.02,6.0,11211.54,7.0,13481.06,21.0,37224.19,3.0,0.4666666666666667,0.0015077162513331304,14.0,1.0,4.0,0.0,44.0,394.0,1.0,0.0,Female,Bangkok,Silver,<20k,Mobile App,3.0,1
C10439,1,285.0,3.0,2870.34,956.7800000000001,324.20456057865687,311.0,7.0,4.333333333333333,2.0,3.0,13.0,5.656854249492381,17.0,21.923076923076923,0.0,0.0,0.0,0.0,0.0,0.0,3.0,2870.34,0.0,0.0,0.009763199293461762,7.0,1.0,3.0,1.0,36.0,320.0,0.0,0.0,Male,Central,Silver,20-40k,In-Store,2.0,1
C10440,0,3.0,19.0,45906.35,2416.1236842105263,2090.3034369233214,370.0,11.421052631578947,5.631578947368421,1.0,1.0,20.38888888888889,13.835754571947401,47.0,0.14713896457765668,2.0,4199.21,6.0,9758.41,9.0,17396.02,18.0,45556.64,1.5,0.9,0.002478465533010245,13.0,0.0,,0.0,34.0,374.0,1.0,1.0,Female,Central,Gold,20-40k,Mobile App,1.0,1
C10441,0,8.0,5.0,2125.66,425.13199999999995,158.44369605635944,318.0,5.2,2.4,2.0,2.0,77.5,102.80564186852781,224.0,0.1032258064516129,1.0,520.47,2.0,797.09,4.0,1556.77,5.0,2125.66,0.6666666666666666,2.0,0.061966038268728374,5.0,1.0,1.0,0.0,26.0,508.0,0.0,1.0,Male,Central,Bronze,20-40k,Online Web,1.0,1
C10442,0,1.0,75.0,184398.27,2458.6436,1340.7971515469164,548.0,12.586666666666666,7.133333333333334,3.0,24.0,7.391891891891892,7.374182225508252,32.0,0.1352833638025594,3.0,7589.72,9.0,24197.78,22.0,59180.35,47.0,114145.45,0.6428571428571429,0.8461538461538461,0.02627647164061703,14.0,0.0,,0.0,47.0,548.0,1.0,1.0,Male,Bangkok,Bronze,>120k,In-Store,2.0,1
C10443,0,58.0,4.0,3882.08,970.52,119.84929063897985,97.0,7.5,5.0,1.0,4.0,13.0,8.18535277187245,22.0,4.461538461538462,0.0,0.0,3.0,2856.71,4.0,3882.08,4.0,3882.08,1.5,4.0,0.062437660151523564,10.0,0.0,,0.0,37.0,136.0,1.0,0.0,Male,East,Gold,<20k,In-Store,1.0,1
C10444,1,168.0,14.0,16171.36,1155.097142857143,937.131194619873,517.0,10.714285714285714,5.785714285714286,1.0,1.0,26.846153846153847,24.795315934823098,80.0,6.257879656160458,0.0,0.0,0.0,0.0,1.0,3182.06,9.0,8698.119999999999,0.0,0.1111111111111111,0.07946765030681831,14.0,2.0,3.0,0.0,32.0,565.0,1.0,1.0,Female,Central,Bronze,20-40k,Mobile App,1.0,1
C10445,0,63.0,33.0,27257.49,825.9845454545455,537.2719331963733,578.0,5.393939393939394,2.878787878787879,3.0,7.0,16.09375,19.53220562178304,85.0,3.9145631067961166,0.0,0.0,6.0,2842.23,8.0,4351.27,16.0,12399.47,2.0,0.8888888888888888,0.0030882969856187914,13.0,2.0,4.0,0.0,45.0,578.0,1.0,1.0,Male,Bangkok,Gold,>120k,Mobile App,1.0,1
C10446,0,21.0,2.0,4182.860000000001,2091.4300000000003,1172.694170191018,24.0,10.5,5.0,1.0,1.0,3.0,,3.0,7.0,2.0,4182.860000000001,2.0,4182.860000000001,2.0,4182.860000000001,2.0,4182.860000000001,2.0,2.0,0.034467635232146396,7.0,0.0,,0.0,25.0,62.0,0.0,1.0,Female,Bangkok,Bronze,40-70k,Mobile App,1.0,1
C10447,0,55.0,11.0,3706.69,336.9718181818182,268.36016037475395,383.0,4.0,2.0,3.0,7.0,32.8,45.491879617258185,127.0,1.676829268292683,0.0,0.0,4.0,1361.37,5.0,1544.2,10.0,3440.23,2.0,0.8333333333333334,0.07501328828210586,9.0,1.0,4.0,0.0,47.0,431.0,0.0,0.0,Female,South,Silver,<20k,In-Store,1.0,1
C10448,0,9.0,19.0,24629.42,1296.2852631578946,930.6888180945958,308.0,8.68421052631579,4.842105263157895,3.0,2.0,16.61111111111111,12.779298005615953,50.0,0.5418060200668896,2.0,972.9300000000001,6.0,7919.2,10.0,13878.54,19.0,24629.42,1.2,1.0,0.02221098269911854,14.0,0.0,,0.0,50.0,309.0,1.0,0.0,Female,Bangkok,Platinum,70-120k,Mobile App,2.0,1
C10449,0,,,,,,,,,,,,,,,,,,,,,,,,,,,,,,,,,,,,,,,,0
C10450,0,22.0,24.0,35322.37,1471.7654166666669,796.1122768477101,570.0,9.583333333333334,5.083333333333333,3.0,3.0,23.82608695652174,26.39499293756134,114.0,0.9233576642335767,1.0,953.52,3.0,3846.31,6.0,11087.82,15.0,24031.17,0.75,0.6,0.002866707016050172,13.0,0.0,,0.0,34.0,623.0,1.0,1.0,Male,Northeast,Gold,70-120k,Mobile App,2.0,1
C10451,1,91.0,15.0,25579.89,1705.326,932.5609745120462,298.0,10.466666666666667,5.333333333333333,3.0,9.0,14.785714285714286,13.503153884747253,44.0,6.154589371980676,0.0,0.0,0.0,0.0,5.0,9113.880000000001,15.0,25579.89,0.0,0.45454545454545453,0.04596221725599949,14.0,1.0,4.0,0.0,30.0,311.0,0.0,1.0,Male,Bangkok,Bronze,40-70k,In-Store,1.0,1
C10452,0,5.0,1.0,414.66,414.66,,5.0,7.0,5.0,1.0,1.0,,,,,1.0,414.66,1.0,414.66,1.0,414.66,1.0,414.66,1.0,1.0,0.10071567989590109,4.0,0.0,,0.0,24.0,115.0,0.0,0.0,Female,Northeast,Bronze,40-70k,In-Store,1.0,1
C10453,0,27.0,11.0,7012.2,637.4727272727273,483.7200224322105,559.0,5.636363636363637,2.6363636363636362,2.0,8.0,53.2,40.93572197156578,140.0,0.5075187969924811,1.0,749.1,4.0,3465.47,4.0,3465.47,8.0,5978.16,4.0,0.8,0.04681899184816961,12.0,0.0,,0.0,22.0,573.0,1.0,1.0,Female,Bangkok,Bronze,70-120k,In-Store,1.0,1
C10454,0,30.0,23.0,40722.32,1770.535652173913,1029.3885765294503,336.0,11.826086956521738,5.913043478260869,2.0,14.0,13.909090909090908,14.693403414325216,57.0,2.1568627450980395,0.0,0.0,5.0,8844.810000000001,13.0,23106.25,23.0,40722.32,0.5555555555555556,1.1818181818181819,0.011109810581979232,13.0,0.0,,0.0,27.0,377.0,0.0,0.0,Male,East,Gold,70-120k,In-Store,1.0,1
C10455,0,82.0,11.0,5434.04,494.00363636363636,261.89653503903895,574.0,8.181818181818182,4.363636363636363,3.0,2.0,49.2,40.77798970577687,135.0,1.6666666666666665,0.0,0.0,1.0,187.3,3.0,1090.52,5.0,2025.0,0.3333333333333333,1.0,0.10419397008616751,11.0,0.0,,0.0,25.0,661.0,1.0,1.0,Female,Unknown,Silver,40-70k,Mobile App,3.0,1
C10456,1,31.0,3.0,1881.95,627.3166666666667,395.7715957889517,78.0,5.333333333333333,3.0,1.0,2.0,23.5,23.33452377915607,40.0,1.3191489361702127,0.0,0.0,3.0,1881.95,3.0,1881.95,3.0,1881.95,3.0,3.0,0.026837655454145876,6.0,0.0,,0.0,26.0,220.0,0.0,0.0,Male,North,Silver,70-120k,In-Store,1.0,1
C10457,0,39.0,16.0,22735.75,1420.984375,1105.0998397790054,412.0,11.6875,6.5,3.0,3.0,24.866666666666667,16.057337738183598,69.0,1.5683646112600536,0.0,0.0,4.0,5379.04,6.0,6884.18,14.0,21256.79,1.3333333333333333,0.6666666666666666,0.04392863195262988,14.0,0.0,,0.0,40.0,414.0,1.0,1.0,Female,Bangkok,Silver,70-120k,Mobile App,1.0,1
C10458,0,59.0,5.0,2354.21,470.842,366.383495698155,213.0,4.2,3.2,3.0,4.0,38.5,21.79449471770337,57.0,1.5324675324675325,0.0,0.0,2.0,847.1800000000001,4.0,1892.72,5.0,2354.21,0.6666666666666666,2.0,0.07706993884271601,8.0,0.0,,0.0,52.0,353.0,1.0,0.0,Female,Northeast,Bronze,>120k,In-Store,3.0,1
C10459,0,30.0,16.0,16220.2,1013.7625,835.5186414956083,334.0,6.875,3.625,3.0,8.0,20.266666666666666,23.34360318210986,70.0,1.480263157894737,0.0,0.0,3.0,4057.2799999999997,10.0,12297.25,16.0,16220.2,0.375,1.4285714285714286,0.04351989772511501,13.0,1.0,1.0,0.0,37.0,361.0,1.0,0.0,Female,North,Bronze,20-40k,In-Store,1.0,1
C10460,1,86.0,15.0,10745.03,716.3353333333333,367.92534586063334,354.0,5.8,3.6,2.0,1.0,19.142857142857142,19.001445867484534,69.0,4.492537313432836,0.0,0.0,1.0,1298.67,2.0,1935.4,15.0,10745.03,0.5,0.14285714285714285,0.0678696565310968,12.0,1.0,1.0,0.0,22.0,360.0,0.0,1.0,Female,Central,Silver,40-70k,Online Web,2.0,1
C10461,0,68.0,6.0,3998.77,666.4616666666667,252.38102887631368,239.0,8.166666666666666,3.5,2.0,5.0,34.2,24.468346899617064,70.0,1.9883040935672514,0.0,0.0,1.0,968.07,3.0,1870.42,6.0,3998.77,0.3333333333333333,0.75,0.07389788899568073,8.0,1.0,2.0,0.0,34.0,279.0,1.0,0.0,Male,North,Gold,20-40k,In-Store,1.0,1
C10462,1,17.0,3.0,6478.77,2159.59,1868.144085262162,125.0,9.0,5.0,1.0,2.0,54.0,38.18376618407357,81.0,0.3148148148148148,1.0,1428.96,2.0,2196.14,3.0,6478.77,3.0,6478.77,1.0,3.0,0.009277552817978298,10.0,2.0,2.0,2.0,18.0,143.0,0.0,0.0,Female,Bangkok,Silver,20-40k,In-Store,3.0,1
C10463,0,7.0,20.0,24720.71,1236.0355,757.0765739722975,454.0,7.95,4.95,2.0,14.0,23.526315789473685,30.971973748773856,115.0,0.2975391498881432,2.0,2217.42,6.0,5184.55,7.0,5875.66,14.0,16688.2,3.0,0.875,0.015558272338459822,13.0,0.0,,0.0,44.0,483.0,1.0,1.0,Female,Bangkok,Bronze,70-120k,In-Store,3.0,1
C10464,0,6.0,8.0,4248.74,531.0925,496.34634237884455,408.0,4.0,2.5,3.0,5.0,57.42857142857143,62.02649203594956,190.0,0.1044776119402985,1.0,282.78,3.0,1257.9299999999998,5.0,3378.82,7.0,3860.37,1.0,1.6666666666666667,0.04024053057683966,7.0,0.0,,0.0,18.0,415.0,1.0,1.0,Male,Bangkok,Gold,<20k,In-Store,1.0,1
C10465,0,35.0,2.0,1785.02,892.51,424.0377945419488,38.0,6.5,3.5,2.0,1.0,3.0,,3.0,11.666666666666666,0.0,0.0,2.0,1785.02,2.0,1785.02,2.0,1785.02,2.0,2.0,0.0,7.0,0.0,,0.0,18.0,42.0,0.0,0.0,Female,East,Bronze,40-70k,Online Web,3.0,1
C10466,0,26.0,4.0,1944.69,486.1725,386.36202102648065,131.0,4.25,2.25,1.0,4.0,35.0,12.529964086141668,48.0,0.7428571428571429,1.0,433.72,3.0,1568.0500000000002,4.0,1944.69,4.0,1944.69,1.5,4.0,0.021539622641509434,5.0,0.0,,0.0,36.0,136.0,1.0,0.0,Female,East,Silver,40-70k,In-Store,3.0,1
C10467,0,40.0,25.0,31055.82,1242.2328,773.4352096034504,449.0,9.36,5.28,3.0,16.0,17.041666666666668,16.409115087993456,70.0,2.3471882640586794,0.0,0.0,3.0,4049.92,6.0,7086.139999999999,17.0,22074.77,0.75,0.5,0.020161950600807388,13.0,1.0,4.0,0.0,31.0,541.0,1.0,1.0,Male,South,Silver,40-70k,In-Store,2.0,1
C10468,1,47.0,20.0,22131.69,1106.5845,626.6177157479754,614.0,9.4,5.05,3.0,14.0,29.842105263157894,22.19675441213757,80.0,1.5749559082892417,0.0,0.0,2.0,4454.11,6.0,9403.880000000001,11.0,14488.27,0.4,1.0,0.06736144969762148,14.0,1.0,3.0,0.0,34.0,647.0,0.0,0.0,Male,North,Bronze,<20k,In-Store,1.0,1
C10469,1,220.0,16.0,11777.82,736.11375,417.58808226728246,546.0,6.6875,3.875,2.0,12.0,21.733333333333334,23.29459369120001,73.0,10.122699386503067,0.0,0.0,0.0,0.0,0.0,0.0,5.0,3513.09,0.0,0.0,0.03671545867128823,11.0,0.0,,0.0,41.0,546.0,0.0,1.0,Male,Central,Gold,40-70k,In-Store,2.0,1
C10470,0,23.0,18.0,20038.18,1113.2322222222222,821.3044830566122,337.0,6.111111111111111,3.0555555555555554,3.0,10.0,18.470588235294116,15.256628260607023,64.0,1.2452229299363058,1.0,123.5,6.0,6079.73,12.0,12950.470000000001,18.0,20038.18,0.8571428571428571,1.7142857142857142,0.024333026746122904,13.0,0.0,,0.0,29.0,347.0,1.0,0.0,Male,Bangkok,Silver,40-70k,In-Store,3.0,1
C10471,0,34.0,10.0,5017.19,501.71899999999994,259.39167953116765,446.0,7.5,3.8,3.0,9.0,45.77777777777778,53.99254063705879,146.0,0.7427184466019418,0.0,0.0,2.0,895.1,4.0,2051.66,5.0,2670.81,0.6666666666666666,2.0,0.08588393698176393,10.0,0.0,,0.0,46.0,448.0,1.0,1.0,Male,Central,Bronze,40-70k,In-Store,2.0,1
C10472,1,109.0,11.0,4521.5,411.04545454545456,397.70467327814083,467.0,4.363636363636363,2.090909090909091,2.0,9.0,35.8,28.114053425288926,93.0,3.044692737430168,0.0,0.0,0.0,0.0,4.0,2725.48,9.0,3938.63,0.0,0.6666666666666666,0.021784046090705923,8.0,0.0,,0.0,28.0,471.0,0.0,0.0,Female,Central,Silver,<20k,In-Store,3.0,1
C10473,0,6.0,26.0,44674.84,1718.2630769230768,926.6664871150537,467.0,10.576923076923077,5.923076923076923,2.0,19.0,18.44,16.31226532398244,62.0,0.32537960954446854,1.0,1059.58,4.0,5003.62,9.0,13677.66,19.0,34926.01,0.6666666666666666,0.8181818181818182,0.009040774652292402,13.0,1.0,3.0,0.0,30.0,499.0,1.0,1.0,Female,Central,Silver,40-70k,In-Store,2.0,1
C10474,0,11.0,41.0,99161.69,2418.577804878049,1418.2710997593376,500.0,12.853658536585366,6.317073170731708,3.0,19.0,12.225,11.828881430525708,53.0,0.899795501022495,2.0,2902.57,8.0,20013.14,13.0,29405.49,26.0,59118.3,1.3333333333333333,0.9285714285714286,0.026391737313264014,14.0,1.0,1.0,1.0,44.0,508.0,1.0,1.0,Male,Northeast,Gold,20-40k,In-Store,2.0,1
C10475,0,40.0,10.0,2541.68,254.16799999999998,231.18368194047684,291.0,4.0,1.7,3.0,9.0,27.88888888888889,22.132806218622868,68.0,1.4342629482071714,0.0,0.0,2.0,241.92000000000002,6.0,926.03,10.0,2541.68,0.4,1.2,0.01083855802423011,8.0,1.0,4.0,0.0,33.0,304.0,1.0,1.0,Female,East,Bronze,Unknown,In-Store,2.0,1
C10476,0,,,,,,,,,,,,,,,,,,,,,,,,,,,,,,,,,,,,,,,,0
C10477,1,64.0,17.0,17257.57,1015.1511764705882,761.8191808336342,338.0,7.235294117647059,3.4705882352941178,3.0,13.0,17.125,16.165292037778553,53.0,3.7372262773722627,0.0,0.0,2.0,1877.42,10.0,13031.89,17.0,17257.57,0.2222222222222222,1.25,0.03972888274584955,12.0,3.0,2.6666666666666665,0.0,27.0,339.0,0.0,0.0,Male,Bangkok,Silver,20-40k,In-Store,2.0,1
C10478,0,5.0,61.0,196273.37,3217.5962295081968,1527.6938217873414,477.0,19.131147540983605,10.311475409836065,2.0,1.0,7.866666666666666,5.5798264557991555,23.0,0.6355932203389831,4.0,9711.26,12.0,39874.82,22.0,72174.69,44.0,139309.09,1.0909090909090908,0.9565217391304348,0.0008256143045390716,14.0,0.0,,0.0,56.0,482.0,1.0,1.0,Male,Bangkok,Gold,40-70k,Mobile App,1.0,1
C10479,1,52.0,10.0,11295.45,1129.545,1251.7390296902947,402.0,6.8,3.8,3.0,2.0,38.888888888888886,29.68772660732228,102.0,1.3371428571428572,0.0,0.0,2.0,1589.9,4.0,6475.52,8.0,10189.43,0.6666666666666666,0.8,0.018361428485764417,13.0,1.0,2.0,0.0,36.0,415.0,1.0,1.0,Female,Bangkok,Silver,40-70k,Mobile App,2.0,1
C10480,0,10.0,15.0,17686.49,1179.0993333333333,664.4589733596013,396.0,9.2,5.0,3.0,11.0,27.571428571428573,21.717466510814553,65.0,0.36269430051813467,2.0,1555.69,3.0,2364.05,4.0,4176.85,11.0,10964.44,1.5,0.5,0.0,14.0,0.0,,0.0,40.0,400.0,1.0,1.0,Female,East,Gold,20-40k,In-Store,3.0,1
C10481,0,95.0,3.0,1116.28,372.0933333333333,251.94304859101257,217.0,3.3333333333333335,2.3333333333333335,2.0,3.0,61.0,39.59797974644666,89.0,1.5573770491803278,0.0,0.0,0.0,0.0,2.0,787.92,3.0,1116.28,0.0,1.0,0.045473979443503836,5.0,0.0,,0.0,36.0,304.0,1.0,1.0,Female,Bangkok,Bronze,>120k,In-Store,2.0,1
C10482,0,46.0,12.0,4158.36,346.53,307.553290223455,611.0,4.583333333333333,2.25,1.0,11.0,51.36363636363637,37.11407476220504,107.0,0.895575221238938,0.0,0.0,1.0,875.32,4.0,2013.65,6.0,2232.31,0.25,1.3333333333333333,0.06090491299782071,9.0,0.0,,0.0,32.0,660.0,1.0,0.0,Male,Northeast,Bronze,70-120k,In-Store,3.0,1
C10483,0,163.0,6.0,3940.0099999999998,656.6683333333333,326.94564902544073,503.0,9.5,4.833333333333333,3.0,5.0,68.0,70.3455755538328,182.0,2.3970588235294117,0.0,0.0,0.0,0.0,1.0,864.56,3.0,1464.2199999999998,0.0,0.3333333333333333,0.1144671870469803,8.0,0.0,,0.0,28.0,525.0,1.0,0.0,Male,North,Bronze,<20k,In-Store,1.0,1
C10484,0,24.0,17.0,20989.39,1234.67,956.3288972092707,398.0,9.235294117647058,5.0588235294117645,2.0,12.0,23.375,28.51636956790491,97.0,1.0267379679144386,1.0,1144.55,4.0,4509.13,5.0,8498.52,15.0,19784.809999999998,2.0,0.45454545454545453,0.05470613747287099,13.0,0.0,,0.0,34.0,412.0,1.0,0.0,Female,Bangkok,Silver,40-70k,In-Store,2.0,1
C10485,0,29.0,25.0,41499.3,1659.9720000000002,1161.4682227680617,433.0,10.16,5.52,2.0,15.0,16.833333333333332,16.580938943011763,56.0,1.722772277227723,1.0,2050.44,4.0,6565.96,13.0,22909.09,20.0,31127.35,0.4,1.625,0.04277352170022898,14.0,0.0,,0.0,49.0,455.0,1.0,0.0,Male,North,Bronze,>120k,In-Store,2.0,1
C10486,0,55.0,15.0,5517.44,367.8293333333333,315.47691585160095,390.0,5.133333333333334,2.933333333333333,2.0,12.0,23.928571428571427,25.30571320629239,78.0,2.298507462686567,0.0,0.0,3.0,927.78,4.0,1197.91,14.0,5474.46,1.5,0.36363636363636365,0.07421775373504973,10.0,1.0,5.0,0.0,35.0,509.0,0.0,0.0,Female,South,Bronze,40-70k,In-Store,2.0,1
C10487,0,227.0,4.0,7178.6,1794.65,1785.8488312471093,441.0,7.25,4.25,3.0,3.0,71.33333333333333,53.631458430042095,127.0,3.182242990654206,0.0,0.0,0.0,0.0,0.0,0.0,3.0,6347.49,0.0,0.0,0.011048658180415496,10.0,1.0,3.0,0.0,27.0,445.0,0.0,1.0,Male,Bangkok,Bronze,Unknown,In-Store,3.0,1
C10488,0,68.0,9.0,11179.02,1242.1133333333335,1570.5557699744381,462.0,7.222222222222222,3.5555555555555554,2.0,1.0,49.25,29.358620053207055,102.0,1.380710659898477,0.0,0.0,1.0,261.89,2.0,444.24,7.0,10092.14,0.5,0.3333333333333333,0.08160393285426866,10.0,0.0,,0.0,20.0,490.0,1.0,1.0,Male,South,Bronze,<20k,Mobile App,3.0,1
C10489,0,11.0,3.0,2509.13,836.3766666666667,503.66680537169935,382.0,11.666666666666666,5.666666666666667,1.0,3.0,185.5,105.35891039679558,260.0,0.05929919137466307,1.0,1347.36,1.0,1347.36,2.0,2168.77,2.0,2168.77,0.5,2.0,0.06947601864660093,8.0,0.0,,0.0,33.0,397.0,1.0,0.0,Male,Bangkok,Silver,40-70k,In-Store,1.0,1
C10490,0,44.0,8.0,5278.22,659.7775,492.50852232655404,430.0,6.0,3.25,2.0,7.0,55.142857142857146,38.92911751473684,111.0,0.7979274611398963,0.0,0.0,2.0,810.74,3.0,1145.94,7.0,4882.49,1.0,0.6,0.04134503964866524,9.0,0.0,,0.0,38.0,452.0,1.0,1.0,Female,Bangkok,Bronze,<20k,In-Store,2.0,1
C10491,0,33.0,10.0,6829.46,682.946,440.73722539500665,526.0,7.1,3.5,2.0,2.0,54.77777777777778,34.69790259431316,117.0,0.6024340770791075,0.0,0.0,1.0,174.99,2.0,1559.35,7.0,4621.03,0.5,0.3333333333333333,0.002972340879030398,11.0,1.0,3.0,0.0,30.0,564.0,0.0,1.0,Male,Bangkok,Bronze,<20k,Mobile App,1.0,1
C10492,0,6.0,60.0,195335.51,3255.5918333333334,1487.5196695779614,570.0,17.966666666666665,9.65,2.0,23.0,9.559322033898304,10.905979357184469,48.0,0.6276595744680852,6.0,18305.54,14.0,43664.2,21.0,60868.84,38.0,117851.44,1.75,1.1666666666666667,0.02267340740986089,14.0,0.0,,0.0,44.0,576.0,1.0,0.0,Female,Bangkok,Platinum,40-70k,In-Store,2.0,1
C10493,0,17.0,25.0,28528.03,1141.1212,746.3777779902525,550.0,7.8,4.2,2.0,2.0,22.208333333333332,21.731522219370977,95.0,0.7654784240150094,2.0,2067.37,7.0,8018.34,13.0,14701.6,18.0,20659.86,1.0,2.1666666666666665,0.014248939199181767,13.0,0.0,,0.0,35.0,552.0,1.0,0.0,Female,Unknown,Gold,20-40k,Online Web,2.0,1
C10494,1,22.0,14.0,18943.59,1353.1135714285715,1027.760279409755,517.0,8.857142857142858,4.857142857142857,2.0,9.0,38.07692307692308,42.17120174254294,139.0,0.5777777777777777,1.0,1286.67,1.0,1286.67,3.0,2806.98,11.0,15933.75,0.3333333333333333,0.3333333333333333,0.05086480693468893,14.0,0.0,,0.0,41.0,521.0,1.0,1.0,Male,Bangkok,Silver,<20k,In-Store,3.0,1
C10495,0,230.0,5.0,1992.87,398.57399999999996,236.31942584138105,499.0,6.4,3.4,2.0,4.0,67.25,67.52468684365247,168.0,3.420074349442379,0.0,0.0,0.0,0.0,0.0,0.0,1.0,803.25,0.0,0.0,0.08191442313007906,6.0,0.0,,0.0,36.0,500.0,0.0,1.0,Female,Bangkok,Bronze,20-40k,In-Store,2.0,1
C10496,0,61.0,10.0,10091.54,1009.1540000000001,605.5147191017646,314.0,9.9,5.2,2.0,9.0,28.11111111111111,31.833333333333332,106.0,2.1699604743083003,0.0,0.0,1.0,322.84,6.0,4376.47,10.0,10091.54,0.16666666666666666,1.2,0.05961451010503872,9.0,1.0,4.0,0.0,41.0,343.0,0.0,0.0,Female,Bangkok,Bronze,70-120k,In-Store,2.0,1
C10497,0,10.0,62.0,182151.02,2937.9196774193547,1505.9982815928274,396.0,14.903225806451612,7.919354838709677,3.0,23.0,6.327868852459017,5.340790551580074,24.0,1.5803108808290154,6.0,17383.52,9.0,25098.25,22.0,68846.71,53.0,162469.16,0.6428571428571429,0.6875,0.018519990316189977,14.0,0.0,,0.0,34.0,398.0,0.0,0.0,Female,Northeast,Gold,40-70k,In-Store,3.0,1
C10498,0,17.0,72.0,212561.83,2952.2476388888886,1680.741915300882,484.0,15.347222222222221,8.402777777777779,3.0,8.0,6.577464788732394,5.761105974751191,31.0,2.5845824411134903,5.0,17650.42,15.0,42100.79,29.0,75054.69,53.0,153260.6,1.0,1.16,0.02459387184441213,14.0,0.0,,0.0,34.0,484.0,0.0,0.0,Male,North,Platinum,70-120k,Online Web,1.0,1
C10499,1,156.0,19.0,32264.13,1698.112105263158,1193.3443781266299,615.0,14.0,7.578947368421052,3.0,3.0,25.5,24.52669613970483,103.0,6.117647058823529,0.0,0.0,0.0,0.0,3.0,5173.5599999999995,9.0,18342.52,0.0,0.42857142857142855,0.05731277957791952,14.0,0.0,,0.0,32.0,637.0,1.0,1.0,Male,North,Bronze,Unknown,Mobile App,1.0,1
C10500,0,,,,,,,,,,,,,,,,,,,,,,,,,,,,,,,,,,,,,,,,0
C10501,0,99.0,5.0,1431.28,286.256,321.7375622770832,247.0,4.2,2.2,1.0,4.0,37.0,29.06314963431642,79.0,2.675675675675676,0.0,0.0,0.0,0.0,3.0,910.4399999999999,5.0,1431.28,0.0,1.0,0.019120327855370822,7.0,1.0,4.0,1.0,26.0,279.0,0.0,0.0,Male,Northeast,Gold,<20k,In-Store,2.0,1
C10502,1,44.0,27.0,42404.43,1570.5344444444445,817.2582583922028,599.0,12.62962962962963,6.703703703703703,3.0,14.0,21.346153846153847,22.93458926197251,92.0,2.061261261261261,0.0,0.0,3.0,5865.6900000000005,13.0,19680.39,22.0,35051.43,0.2727272727272727,1.3,0.03463565742525525,13.0,0.0,,0.0,36.0,621.0,1.0,0.0,Male,Bangkok,Gold,70-120k,In-Store,2.0,1
C10503,1,150.0,17.0,12735.88,749.1694117647058,488.90559364092195,440.0,6.647058823529412,3.764705882352941,3.0,12.0,18.125,16.020299622666236,57.0,8.275862068965518,0.0,0.0,0.0,0.0,1.0,974.68,11.0,8386.82,0.0,0.09090909090909091,0.041909338613313196,12.0,2.0,3.0,0.0,36.0,452.0,0.0,1.0,Female,Bangkok,Silver,40-70k,In-Store,3.0,1
C10504,0,57.0,4.0,1250.18,312.545,160.39441563429403,141.0,3.0,2.0,1.0,4.0,28.0,19.924858845171276,51.0,2.0357142857142856,0.0,0.0,2.0,846.34,4.0,1250.18,4.0,1250.18,0.6666666666666666,4.0,0.018974230201826797,4.0,0.0,,0.0,26.0,152.0,0.0,0.0,Male,Central,Silver,20-40k,In-Store,2.0,1
C10505,0,39.0,2.0,340.09,170.045,166.47414949474887,49.0,3.0,2.0,1.0,2.0,10.0,,10.0,3.9,0.0,0.0,2.0,340.09,2.0,340.09,2.0,340.09,2.0,2.0,0.05422842681943325,3.0,1.0,3.0,0.0,20.0,209.0,1.0,0.0,Male,East,Bronze,40-70k,In-Store,1.0,1
C10506,0,37.0,22.0,48991.0,2226.8636363636365,986.4876864075732,582.0,15.045454545454545,8.227272727272727,3.0,3.0,25.952380952380953,26.050865994197178,91.0,1.4256880733944954,0.0,0.0,1.0,2246.59,4.0,7974.42,10.0,23170.940000000002,0.25,0.5714285714285714,0.004557121284284068,14.0,0.0,,0.0,38.0,665.0,1.0,0.0,Male,Northeast,Platinum,40-70k,Mobile App,1.0,1
C10507,1,50.0,12.0,6818.1,568.1750000000001,662.1674175079071,453.0,5.0,2.5833333333333335,2.0,1.0,36.63636363636363,23.749832535294757,75.0,1.3647642679900747,0.0,0.0,2.0,1251.07,3.0,1551.74,7.0,2320.7,1.0,0.6,0.02495216357910814,11.0,1.0,2.0,0.0,32.0,481.0,0.0,0.0,Male,Northeast,Gold,70-120k,Online Web,1.0,1
C10508,1,14.0,17.0,18833.56,1107.8564705882354,684.543140778406,527.0,8.294117647058824,4.411764705882353,2.0,1.0,32.0625,28.692551298202815,85.0,0.43664717348927873,1.0,1298.29,3.0,3169.38,5.0,4895.21,11.0,12785.26,1.0,0.7142857142857143,0.08298332932447684,14.0,1.0,3.0,0.0,23.0,579.0,1.0,1.0,Male,Bangkok,Bronze,70-120k,Mobile App,3.0,1
C10509,0,2.0,16.0,8825.2,551.575,431.8776769256159,621.0,7.9375,3.8125,3.0,10.0,41.266666666666666,55.68978704351795,154.0,0.048465266558966075,1.0,553.29,1.0,553.29,4.0,1551.04,10.0,5274.61,0.25,0.5714285714285714,0.08529709291719872,13.0,0.0,,0.0,54.0,621.0,0.0,0.0,Female,Bangkok,Bronze,20-40k,In-Store,1.0,1
C10510,0,2.0,59.0,203511.21,3449.3425423728813,1483.8768435170703,448.0,18.64406779661017,10.067796610169491,3.0,5.0,7.689655172413793,7.096346716523447,29.0,0.26008968609865474,3.0,10890.66,13.0,45538.12,22.0,82512.99,47.0,162205.71,1.3,0.8461538461538461,0.0025571359920052127,14.0,1.0,4.0,0.0,46.0,452.0,1.0,1.0,Male,Bangkok,Gold,Unknown,Online Web,3.0,1
C10511,0,191.0,2.0,2021.8000000000002,1010.9000000000001,398.89307740295527,485.0,8.0,3.5,1.0,2.0,294.0,,294.0,0.6496598639455783,0.0,0.0,0.0,0.0,0.0,0.0,1.0,728.84,0.0,0.0,0.025868590067887585,5.0,1.0,3.0,0.0,37.0,509.0,1.0,0.0,Female,East,Silver,<20k,In-Store,1.0,1
C10512,0,66.0,2.0,2335.1099999999997,1167.5549999999998,182.1436357658428,81.0,10.0,4.5,1.0,1.0,15.0,,15.0,4.4,0.0,0.0,2.0,2335.1099999999997,2.0,2335.1099999999997,2.0,2335.1099999999997,2.0,2.0,0.020055394687145914,6.0,0.0,,0.0,32.0,115.0,1.0,1.0,Male,South,Bronze,20-40k,Online Web,1.0,1
C10513,0,19.0,3.0,1847.09,615.6966666666666,281.49082424358585,156.0,4.333333333333333,2.3333333333333335,1.0,3.0,68.5,82.73149339882606,127.0,0.2773722627737226,2.0,1189.92,2.0,1189.92,3.0,1847.09,3.0,1847.09,1.0,3.0,0.06511484304614981,6.0,0.0,,0.0,41.0,189.0,1.0,1.0,Female,Bangkok,Silver,20-40k,In-Store,1.0,1
C10514,0,14.0,22.0,19461.59,884.6177272727273,706.636051268071,480.0,6.318181818181818,3.5,3.0,16.0,22.19047619047619,18.76064777031712,75.0,0.630901287553648,1.0,371.48,3.0,2879.74,4.0,3710.1099999999997,15.0,15091.41,1.5,0.3333333333333333,0.011746359476583196,13.0,0.0,,0.0,23.0,487.0,1.0,1.0,Female,Bangkok,Platinum,20-40k,In-Store,1.0,1
C10515,1,32.0,22.0,21873.35,994.2431818181817,786.8141753836366,571.0,6.681818181818182,3.727272727272727,2.0,13.0,25.666666666666668,18.4887353091912,63.0,1.2467532467532467,0.0,0.0,2.0,981.8199999999999,5.0,4102.18,11.0,12971.789999999999,0.5,0.7142857142857143,0.04522796219908772,11.0,0.0,,0.0,18.0,618.0,0.0,1.0,Female,North,Gold,<20k,In-Store,1.0,1
C10516,0,59.0,6.0,2794.87,465.81166666666667,278.11857236917257,269.0,6.166666666666667,3.1666666666666665,1.0,1.0,42.0,27.13853349022382,90.0,1.4047619047619047,0.0,0.0,1.0,256.29,2.0,680.3199999999999,6.0,2794.87,0.5,0.4,0.05022649498584619,10.0,1.0,3.0,0.0,32.0,321.0,0.0,1.0,Male,Bangkok,Silver,20-40k,Mobile App,2.0,1
C10517,1,33.0,19.0,30026.26,1580.3294736842104,1229.5705625383273,496.0,6.368421052631579,3.736842105263158,3.0,3.0,25.72222222222222,26.525915309495655,115.0,1.2829373650107991,0.0,0.0,1.0,238.56,3.0,2425.88,13.0,22826.3,0.3333333333333333,0.2727272727272727,0.03662036542399919,14.0,5.0,3.2,1.0,24.0,511.0,0.0,0.0,Female,Bangkok,Silver,40-70k,Online Web,1.0,1
C10518,1,42.0,15.0,22599.260000000002,1506.6173333333334,1031.2732231114444,576.0,11.866666666666667,6.133333333333334,2.0,10.0,38.142857142857146,33.720245329103776,96.0,1.1011235955056178,0.0,0.0,1.0,967.19,3.0,4695.65,8.0,11856.39,0.3333333333333333,0.5,0.0641031640560778,14.0,2.0,3.5,1.0,47.0,576.0,0.0,1.0,Male,North,Bronze,70-120k,In-Store,3.0,1
C10519,0,34.0,20.0,11886.81,594.3405,342.61179648285685,514.0,6.45,3.35,3.0,14.0,25.263157894736842,22.43470056572372,80.0,1.3458333333333332,0.0,0.0,4.0,2350.98,6.0,3644.41,13.0,8956.51,1.3333333333333333,0.75,0.0521701480255289,13.0,1.0,3.0,0.0,32.0,518.0,1.0,0.0,Female,Northeast,Silver,20-40k,In-Store,1.0,1
C10520,0,29.0,2.0,1198.85,599.425,239.8294069750413,59.0,5.0,3.0,2.0,2.0,30.0,,30.0,0.9666666666666667,1.0,429.84,2.0,1198.85,2.0,1198.85,2.0,1198.85,2.0,2.0,0.060094080752646016,4.0,0.0,,0.0,18.0,78.0,1.0,0.0,Female,Northeast,Silver,40-70k,Online Web,2.0,1
C10521,0,19.0,3.0,1600.25,533.4166666666666,197.1219980959338,114.0,6.666666666666667,3.3333333333333335,1.0,1.0,47.5,65.76093065034893,94.0,0.4,2.0,1179.54,2.0,1179.54,3.0,1600.25,3.0,1600.25,1.0,3.0,0.04235710908840655,5.0,0.0,,0.0,23.0,166.0,1.0,0.0,Female,North,Bronze,Unknown,Online Web,2.0,1
C10522,0,30.0,7.0,15148.48,2164.0685714285714,2138.736541772802,133.0,7.714285714285714,4.571428571428571,2.0,1.0,17.166666666666668,8.727351641057364,27.0,1.7475728155339805,0.0,0.0,5.0,13067.199999999999,7.0,15148.48,7.0,15148.48,1.6666666666666667,7.0,0.009039253833080609,11.0,0.0,,0.0,34.0,145.0,1.0,0.0,Female,South,Silver,20-40k,Mobile App,1.0,1
C10523,1,11.0,6.0,1649.97,274.995,149.21878256439433,239.0,3.6666666666666665,2.3333333333333335,2.0,4.0,45.6,46.773924359625845,128.0,0.2412280701754386,2.0,674.03,4.0,1021.49,5.0,1447.75,6.0,1649.97,2.0,2.5,0.073435762660467,7.0,1.0,3.0,1.0,33.0,250.0,1.0,1.0,Male,East,Bronze,<20k,In-Store,3.0,1
C10524,0,2.0,1.0,343.95,343.95,,2.0,7.0,4.0,1.0,1.0,,,,,1.0,343.95,1.0,343.95,1.0,343.95,1.0,343.95,1.0,1.0,0.0,3.0,0.0,,0.0,34.0,19.0,1.0,0.0,Male,Bangkok,Bronze,<20k,In-Store,2.0,1
C10525,1,77.0,15.0,22603.75,1506.9166666666667,1221.8547848173089,329.0,9.6,5.2,2.0,12.0,18.0,23.218030129124283,91.0,4.277777777777778,0.0,0.0,3.0,4718.27,9.0,8982.93,15.0,22603.75,0.42857142857142855,1.2857142857142858,0.031989163503309534,14.0,1.0,5.0,0.0,42.0,329.0,0.0,0.0,Male,Bangkok,Bronze,20-40k,In-Store,1.0,1
C10526,1,19.0,8.0,11169.58,1396.1975,881.141179603392,413.0,10.375,5.375,1.0,7.0,56.285714285714285,48.6987826189878,149.0,0.33756345177664976,1.0,2082.93,2.0,5167.36,4.0,6612.889999999999,7.0,9715.64,0.6666666666666666,1.0,0.014902258225258081,13.0,1.0,3.0,0.0,42.0,481.0,1.0,1.0,Male,Bangkok,Gold,20-40k,In-Store,1.0,1
C10527,0,136.0,4.0,1891.17,472.7925,389.1509811007376,161.0,6.25,3.75,1.0,4.0,8.333333333333334,9.237604307034013,19.0,16.32,0.0,0.0,0.0,0.0,4.0,1891.17,4.0,1891.17,0.0,4.0,0.007629702315672374,8.0,0.0,,0.0,26.0,309.0,0.0,0.0,Male,Bangkok,Bronze,Unknown,In-Store,1.0,1
C10528,1,12.0,13.0,14880.09,1144.6223076923077,1000.1843554994737,321.0,9.461538461538462,5.076923076923077,3.0,10.0,25.75,24.97316741843315,89.0,0.46601941747572817,2.0,1285.33,2.0,1285.33,7.0,6215.17,13.0,14880.09,0.3333333333333333,1.0,0.06417471148706017,12.0,0.0,,0.0,35.0,336.0,1.0,1.0,Male,Central,Silver,>120k,In-Store,1.0,1
C10529,0,22.0,15.0,15668.16,1044.544,880.4759816615426,505.0,8.266666666666667,4.2,1.0,11.0,34.5,27.497552338624335,90.0,0.6376811594202898,1.0,666.09,2.0,4066.57,6.0,7382.53,11.0,11081.699999999999,0.4,1.0,0.028473954525753426,13.0,2.0,4.0,0.0,30.0,514.0,1.0,1.0,Male,Central,Bronze,40-70k,In-Store,1.0,1
C10530,0,5.0,54.0,197235.72,3652.5133333333333,1643.6063385439616,477.0,17.51851851851852,9.37037037037037,3.0,3.0,8.90566037735849,7.351776736961656,31.0,0.5614406779661018,3.0,10556.07,10.0,27287.56,23.0,67746.77,42.0,151141.69,0.7142857142857143,1.15,0.0,14.0,0.0,,0.0,43.0,479.0,1.0,1.0,Female,Central,Platinum,Unknown,Mobile App,1.0,1
C10531,0,48.0,11.0,16797.92,1527.0836363636363,843.8523705752413,274.0,10.454545454545455,5.454545454545454,2.0,9.0,22.6,17.683639645477715,53.0,2.1238938053097343,0.0,0.0,4.0,5339.09,5.0,6557.11,11.0,16797.92,2.0,0.7142857142857143,0.010695820202325979,13.0,0.0,,0.0,43.0,282.0,1.0,0.0,Female,Northeast,Silver,20-40k,In-Store,2.0,1
C10532,0,17.0,34.0,62889.840000000004,1849.7011764705883,1127.66794300333,625.0,12.0,6.029411764705882,3.0,4.0,18.424242424242426,14.56028481656159,56.0,0.9226973684210525,1.0,763.65,6.0,10829.9,12.0,20301.29,20.0,38805.81,0.8571428571428571,1.3333333333333333,0.04047514680889661,14.0,0.0,,0.0,47.0,638.0,0.0,1.0,Female,Bangkok,Silver,Unknown,Mobile App,2.0,1
C10533,0,115.0,11.0,3794.76,344.97818181818184,161.1389628127339,548.0,6.090909090909091,3.0,3.0,2.0,43.3,35.46531952328766,122.0,2.655889145496536,0.0,0.0,0.0,0.0,5.0,1560.16,8.0,2269.5,0.0,1.25,0.08224965839147731,7.0,0.0,,0.0,39.0,573.0,0.0,0.0,Female,East,Silver,70-120k,Mobile App,2.0,1
C10534,1,5.0,3.0,5807.63,1935.8766666666668,480.6606370749879,15.0,12.0,5.666666666666667,1.0,1.0,5.0,2.8284271247461903,7.0,1.0,3.0,5807.63,3.0,5807.63,3.0,5807.63,3.0,5807.63,3.0,3.0,0.04556062095101613,9.0,1.0,3.0,0.0,45.0,19.0,1.0,0.0,Female,North,Silver,Unknown,Online Web,3.0,1
C10535,1,31.0,3.0,4261.8099999999995,1420.6033333333332,738.6285231652873,96.0,9.0,4.333333333333333,1.0,1.0,32.5,28.991378028648448,53.0,0.9538461538461539,0.0,0.0,2.0,2473.59,3.0,4261.8099999999995,3.0,4261.8099999999995,1.0,3.0,0.034144141489913814,8.0,1.0,2.0,0.0,38.0,111.0,1.0,1.0,Male,Northeast,Silver,40-70k,Mobile App,2.0,1
C10536,1,157.0,17.0,24722.06,1454.2388235294118,954.2521595396206,586.0,10.058823529411764,5.176470588235294,2.0,12.0,26.8125,20.17991988751855,64.0,5.855477855477855,0.0,0.0,0.0,0.0,3.0,3365.3,8.0,9804.82,0.0,0.5,0.0036614004564559334,13.0,1.0,2.0,0.0,50.0,625.0,1.0,1.0,Female,Northeast,Platinum,70-120k,In-Store,2.0,1
C10537,0,7.0,13.0,18056.06,1388.9276923076925,1357.2149006277148,288.0,8.846153846153847,5.076923076923077,2.0,10.0,23.416666666666668,17.265090018106864,52.0,0.298932384341637,3.0,6847.01,4.0,7307.01,9.0,10937.25,13.0,18056.06,0.6666666666666666,1.8,0.016919640961255134,14.0,0.0,,0.0,36.0,339.0,0.0,1.0,Male,Central,Platinum,<20k,In-Store,1.0,1
C10538,0,77.0,3.0,1085.24,361.74666666666667,215.29567049370343,287.0,6.666666666666667,3.0,1.0,1.0,105.0,50.91168824543142,141.0,0.7333333333333333,0.0,0.0,1.0,127.66,1.0,127.66,3.0,1085.24,1.0,0.3333333333333333,0.0688391807596935,6.0,1.0,4.0,1.0,24.0,363.0,0.0,1.0,Male,Central,Bronze,20-40k,Online Web,2.0,1
C10539,0,21.0,2.0,2038.29,1019.145,738.2265506265676,34.0,5.5,4.0,2.0,2.0,13.0,,13.0,1.6153846153846154,1.0,497.14,2.0,2038.29,2.0,2038.29,2.0,2038.29,2.0,2.0,0.05219178528083774,6.0,0.0,,0.0,24.0,60.0,1.0,1.0,Female,Bangkok,Bronze,20-40k,In-Store,1.0,1
C10540,1,28.0,26.0,39880.880000000005,1533.88,947.7518234263653,492.0,11.384615384615385,6.0,2.0,18.0,18.56,14.852272553383875,54.0,1.5086206896551726,1.0,1990.65,3.0,3811.42,9.0,10441.43,17.0,24024.84,0.42857142857142855,1.0,0.06931664425577079,14.0,1.0,3.0,1.0,35.0,502.0,0.0,0.0,Male,Central,Bronze,40-70k,In-Store,1.0,1
C10541,0,0.0,42.0,49395.47,1176.0826190476191,1084.9691344357864,625.0,9.333333333333334,4.714285714285714,3.0,17.0,15.24390243902439,17.289853220610173,84.0,0.0,2.0,1916.71,10.0,11906.470000000001,14.0,17588.66,28.0,38001.16,2.0,0.9333333333333333,0.047609801957939055,14.0,2.0,3.5,1.0,54.0,645.0,1.0,0.0,Female,Bangkok,Silver,20-40k,In-Store,1.0,1
C10542,0,134.0,4.0,1783.17,445.7925,221.05317676598392,449.0,7.75,4.25,1.0,4.0,105.0,58.27520913733386,169.0,1.276190476190476,0.0,0.0,0.0,0.0,1.0,145.36,2.0,594.35,0.0,0.5,0.12385271515890017,8.0,1.0,3.0,0.0,26.0,506.0,1.0,1.0,Male,East,Silver,<20k,In-Store,1.0,1
C10543,1,59.0,18.0,25694.95,1427.4972222222223,986.7676225273611,553.0,8.944444444444445,5.111111111111111,3.0,10.0,29.058823529411764,35.248174754580006,153.0,2.0303643724696356,0.0,0.0,2.0,3976.21,7.0,8951.59,11.0,16538.05,0.3333333333333333,1.4,0.009512094615196916,13.0,0.0,,0.0,26.0,603.0,1.0,0.0,Male,Northeast,Silver,>120k,In-Store,3.0,1
C10544,0,95.0,7.0,1982.33,283.19,122.8776958334316,342.0,4.714285714285714,2.857142857142857,1.0,7.0,41.166666666666664,35.510092462096836,89.0,2.307692307692308,0.0,0.0,0.0,0.0,4.0,1210.16,7.0,1982.33,0.0,1.0,0.05463779865515761,9.0,1.0,3.0,0.0,30.0,359.0,1.0,1.0,Female,Central,Bronze,<20k,In-Store,2.0,1
C10545,0,198.0,6.0,2737.94,456.3233333333333,556.3730272637833,590.0,4.166666666666667,2.0,2.0,5.0,78.4,68.16744090839849,183.0,2.5255102040816326,0.0,0.0,0.0,0.0,0.0,0.0,1.0,1457.76,0.0,0.0,0.03591964647264916,6.0,0.0,,0.0,19.0,646.0,0.0,0.0,Male,South,Silver,<20k,In-Store,1.0,1
C10546,1,31.0,33.0,23551.64,713.6860606060606,514.5155898144595,578.0,6.212121212121212,3.242424242424242,3.0,17.0,17.09375,16.49899190468823,63.0,1.813528336380256,0.0,0.0,4.0,3297.79,9.0,6314.62,24.0,18315.24,0.6666666666666666,0.5625,0.06524975541412902,13.0,0.0,,0.0,34.0,621.0,1.0,1.0,Male,Bangkok,Silver,20-40k,In-Store,3.0,1
C10547,0,25.0,4.0,1567.33,391.8325,176.3076871787879,156.0,5.75,2.75,1.0,3.0,43.666666666666664,30.6648550189518,78.0,0.5725190839694657,1.0,235.19,2.0,825.8299999999999,4.0,1567.33,4.0,1567.33,0.6666666666666666,4.0,0.08434840013787381,6.0,1.0,4.0,0.0,23.0,301.0,0.0,0.0,Female,Bangkok,Bronze,20-40k,In-Store,2.0,1
C10548,1,73.0,3.0,3591.24,1197.08,628.8363913610598,113.0,8.666666666666666,5.0,2.0,2.0,20.0,1.4142135623730951,21.0,3.65,0.0,0.0,1.0,820.59,3.0,3591.24,3.0,3591.24,0.3333333333333333,3.0,0.04973539373412362,7.0,0.0,,0.0,20.0,115.0,1.0,1.0,Female,Central,Silver,20-40k,Mobile App,2.0,1
C10549,0,2.0,17.0,33962.76,1997.809411764706,1430.2279666475838,271.0,12.352941176470589,6.176470588235294,2.0,11.0,16.8125,9.64861820849666,30.0,0.11895910780669144,3.0,4558.23,6.0,10573.79,10.0,25043.63,17.0,33962.76,1.2,1.25,0.05390730159296138,14.0,0.0,,0.0,52.0,301.0,1.0,0.0,Male,East,Gold,40-70k,In-Store,2.0,1
C10550,0,10.0,14.0,8387.35,599.0964285714286,374.00129431300394,584.0,5.571428571428571,2.7857142857142856,2.0,9.0,44.15384615384615,36.18896275994969,116.0,0.2264808362369338,1.0,512.27,4.0,2874.81,5.0,3123.02,10.0,6218.7699999999995,2.0,0.8333333333333334,0.07932693890902544,10.0,0.0,,0.0,45.0,584.0,1.0,1.0,Female,Bangkok,Silver,70-120k,In-Store,2.0,1
C10551,0,6.0,14.0,12488.51,892.0364285714286,730.5930557336716,399.0,8.071428571428571,4.857142857142857,2.0,11.0,30.23076923076923,30.033741708712235,112.0,0.1984732824427481,2.0,1145.24,5.0,3943.3500000000004,5.0,3943.3500000000004,13.0,12003.32,5.0,0.5555555555555556,0.041128884889490167,12.0,2.0,3.0,0.0,34.0,399.0,1.0,0.0,Female,Northeast,Gold,20-40k,In-Store,1.0,1
C10552,0,14.0,12.0,4793.1,399.425,335.46720361311026,429.0,3.75,1.8333333333333333,2.0,9.0,37.72727272727273,28.295197151074632,97.0,0.3710843373493976,1.0,436.48,1.0,436.48,4.0,617.95,10.0,3291.19,0.25,0.5714285714285714,0.08827026050236346,8.0,0.0,,0.0,26.0,479.0,0.0,1.0,Male,Bangkok,Silver,20-40k,In-Store,3.0,1
C10553,0,,,,,,,,,,,,,,,,,,,,,,,,,,,,,,,,,,,,,,,,0
C10554,0,40.0,21.0,23493.13,1118.7204761904763,733.5434108249913,413.0,8.857142857142858,4.714285714285714,3.0,3.0,18.65,15.479273068747194,60.0,2.1447721179624666,0.0,0.0,5.0,4837.85,12.0,13142.84,18.0,18941.9,0.625,1.7142857142857142,0.011465306381784435,13.0,0.0,,0.0,39.0,428.0,1.0,0.0,Male,North,Bronze,20-40k,Mobile App,1.0,1
C10555,1,3.0,15.0,4979.26,331.9506666666667,249.1612811145959,606.0,4.066666666666666,2.1333333333333333,2.0,13.0,43.07142857142857,29.80310847420575,108.0,0.06965174129353234,2.0,656.83,5.0,2236.62,5.0,2236.62,8.0,3193.98,5.0,1.25,0.07962092491511105,10.0,1.0,4.0,0.0,34.0,644.0,0.0,1.0,Male,Bangkok,Bronze,20-40k,In-Store,3.0,1
C10556,0,6.0,66.0,157272.96,2382.9236363636364,1398.6605723967994,547.0,12.757575757575758,6.984848484848484,3.0,25.0,8.323076923076924,6.562458791079406,30.0,0.720887245841035,3.0,3974.04,8.0,11863.710000000001,22.0,51914.41,41.0,89726.66,0.5333333333333333,1.1,0.00038046734305022945,14.0,0.0,,0.0,42.0,559.0,1.0,0.0,Male,Bangkok,Platinum,70-120k,In-Store,2.0,1
C10557,0,60.0,11.0,6171.8,561.0727272727273,365.94097108935233,479.0,5.7272727272727275,3.3636363636363638,2.0,2.0,41.9,44.31816783216563,133.0,1.431980906921241,0.0,0.0,3.0,1449.09,6.0,4062.78,7.0,4127.38,0.75,3.0,0.13748913441462793,12.0,0.0,,0.0,36.0,604.0,1.0,0.0,Female,Northeast,Silver,Unknown,Online Web,1.0,1
C10558,0,116.0,2.0,811.12,405.56,47.644854916349566,302.0,5.0,3.0,1.0,2.0,186.0,,186.0,0.6236559139784946,0.0,0.0,0.0,0.0,1.0,439.25,2.0,811.12,0.0,0.5,0.049576415171718825,4.0,0.0,,0.0,25.0,372.0,1.0,0.0,Female,Northeast,Bronze,20-40k,In-Store,1.0,1
C10559,0,8.0,70.0,176130.86,2516.1551428571424,1474.5606249642321,634.0,12.771428571428572,6.957142857142857,3.0,25.0,9.072463768115941,10.825241256080366,66.0,0.8817891373801917,5.0,9339.95,8.0,17129.3,16.0,44147.19,36.0,97255.95,0.8888888888888888,0.7619047619047619,0.03628382175589183,14.0,0.0,,0.0,47.0,666.0,1.0,1.0,Male,Central,Gold,Unknown,In-Store,3.0,1
C10560,0,16.0,5.0,5037.62,1007.524,496.0743839687754,180.0,9.0,4.4,2.0,5.0,41.0,39.5558676641869,99.0,0.3902439024390244,1.0,538.04,3.0,2411.01,4.0,3812.95,5.0,5037.62,1.5,2.0,0.05607572949789109,10.0,0.0,,0.0,40.0,217.0,0.0,0.0,Female,Central,Platinum,20-40k,In-Store,3.0,1
C10561,1,30.0,14.0,31635.12,2259.6514285714284,1999.6853366538876,273.0,8.857142857142858,4.714285714285714,3.0,2.0,18.692307692307693,20.81819963151079,73.0,1.604938271604938,0.0,0.0,6.0,13536.119999999999,11.0,22696.11,14.0,31635.12,1.0,2.75,0.0,13.0,0.0,,0.0,29.0,281.0,1.0,0.0,Female,North,Bronze,20-40k,Mobile App,1.0,1
C10562,0,119.0,4.0,3201.28,800.32,565.61295299878,337.0,5.75,2.75,2.0,3.0,72.66666666666667,76.35661944673384,159.0,1.6376146788990824,0.0,0.0,0.0,0.0,2.0,2073.51,4.0,3201.28,0.0,0.6666666666666666,0.009701049297168876,5.0,0.0,,0.0,36.0,341.0,0.0,0.0,Male,Bangkok,Bronze,20-40k,In-Store,1.0,1
C10563,1,131.0,6.0,1958.0,326.3333333333333,382.09530469068403,422.0,4.833333333333333,2.5,2.0,2.0,58.2,35.25904139366242,118.0,2.2508591065292096,0.0,0.0,0.0,0.0,2.0,756.73,5.0,1929.32,0.0,0.5,0.041098573891239616,7.0,0.0,,0.0,25.0,426.0,1.0,1.0,Male,Central,Bronze,<20k,Mobile App,2.0,1
C10564,0,5.0,16.0,8019.77,501.235625,312.3903669656231,438.0,6.5,3.4375,1.0,1.0,28.866666666666667,31.043441144551583,105.0,0.17321016166281755,2.0,1044.68,3.0,1116.44,5.0,2898.6499999999996,11.0,5371.12,1.0,0.7142857142857143,0.06992033789997762,12.0,1.0,5.0,0.0,39.0,469.0,0.0,0.0,Female,North,Bronze,40-70k,Mobile App,2.0,1
C10565,0,83.0,4.0,3263.99,815.9975,490.5229313956688,174.0,7.75,5.25,1.0,1.0,30.333333333333332,1.154700538379251,31.0,2.7362637362637363,0.0,0.0,1.0,455.43,4.0,3263.99,4.0,3263.99,0.25,4.0,0.04472872436944294,9.0,0.0,,0.0,18.0,405.0,1.0,0.0,Female,North,Silver,70-120k,Online Web,1.0,1
C10566,0,6.0,4.0,1309.56,327.39,281.2916628696983,150.0,4.0,1.75,1.0,4.0,48.0,46.50806381693394,94.0,0.125,1.0,45.26,2.0,264.28000000000003,4.0,1309.56,4.0,1309.56,0.6666666666666666,4.0,0.036358418508134836,5.0,2.0,4.5,0.0,28.0,157.0,1.0,1.0,Female,Bangkok,Bronze,20-40k,In-Store,1.0,1
C10567,1,75.0,18.0,16532.43,918.4683333333334,1344.0523919596117,455.0,5.0,2.611111111111111,3.0,13.0,22.352941176470587,20.463202267944858,84.0,3.355263157894737,0.0,0.0,1.0,314.05,4.0,4555.76,15.0,9792.3,0.25,0.3333333333333333,0.039928013895478454,12.0,0.0,,0.0,43.0,460.0,0.0,0.0,Male,North,Silver,20-40k,In-Store,2.0,1
C10568,0,87.0,5.0,2191.0699999999997,438.21399999999994,457.71878225609225,243.0,4.0,2.2,2.0,2.0,39.0,47.630522426976036,107.0,2.230769230769231,0.0,0.0,2.0,1434.62,4.0,1870.99,5.0,2191.0699999999997,0.6666666666666666,2.0,0.039918148078364,7.0,0.0,,0.0,28.0,295.0,1.0,1.0,Male,Bangkok,Bronze,20-40k,Online Web,2.0,1
C10569,0,1.0,31.0,37219.43,1200.6267741935485,838.775952518061,526.0,8.774193548387096,4.419354838709677,2.0,14.0,17.5,21.837566493197627,99.0,0.05714285714285714,4.0,5424.88,7.0,8060.68,14.0,16097.96,21.0,27924.120000000003,0.875,1.75,0.028088464627832082,14.0,0.0,,0.0,43.0,529.0,0.0,1.0,Female,Central,Gold,20-40k,In-Store,1.0,1
C10570,0,13.0,9.0,15977.38,1775.2644444444443,614.6394430296332,247.0,11.88888888888889,6.333333333333333,1.0,8.0,29.25,22.3526923913621,77.0,0.4444444444444444,1.0,1800.47,1.0,1800.47,7.0,13309.17,9.0,15977.38,0.14285714285714285,2.3333333333333335,0.058654055197370394,13.0,0.0,,0.0,33.0,263.0,1.0,0.0,Female,South,Gold,20-40k,In-Store,3.0,1
C10571,1,105.0,9.0,6732.53,748.0588888888889,509.8851418075556,295.0,6.888888888888889,3.0,2.0,8.0,23.75,18.971783559501503,57.0,4.421052631578948,0.0,0.0,0.0,0.0,4.0,2944.33,9.0,6732.53,0.0,0.6666666666666666,0.04556460644689351,11.0,2.0,3.5,1.0,30.0,387.0,0.0,1.0,Male,South,Silver,40-70k,In-Store,2.0,1
C10572,0,148.0,5.0,2982.67,596.534,318.63008933558046,223.0,8.8,4.8,1.0,5.0,18.75,30.236567265481707,64.0,7.8933333333333335,0.0,0.0,0.0,0.0,1.0,457.04,5.0,2982.67,0.0,0.2,0.1440865707447816,8.0,0.0,,0.0,37.0,268.0,0.0,0.0,Female,Northeast,Silver,>120k,In-Store,1.0,1
C10573,1,99.0,3.0,1384.52,461.50666666666666,717.8045369272427,127.0,3.3333333333333335,1.6666666666666667,3.0,2.0,14.0,1.4142135623730951,15.0,7.071428571428571,0.0,0.0,0.0,0.0,3.0,1384.52,3.0,1384.52,0.0,3.0,0.09130169398082214,4.0,1.0,4.0,0.0,18.0,142.0,0.0,1.0,Female,East,Silver,20-40k,Online Web,3.0,1
C10574,0,0.0,54.0,140917.88,2609.5903703703702,1494.9397136894515,547.0,13.11111111111111,6.944444444444445,3.0,6.0,10.320754716981131,8.855188798112534,38.0,0.0,3.0,7526.24,12.0,25279.71,19.0,48683.020000000004,39.0,100648.61,1.5,0.9047619047619048,0.014240907561169993,14.0,0.0,,0.0,29.0,566.0,0.0,1.0,Male,Bangkok,Gold,20-40k,Mobile App,2.0,1
C10575,0,10.0,88.0,208325.66,2367.3370454545457,1273.2434585491874,532.0,12.761363636363637,6.920454545454546,3.0,3.0,6.0,5.413162253377904,28.0,1.6666666666666667,3.0,5732.889999999999,15.0,27828.04,31.0,66379.08,57.0,128909.93000000001,0.8823529411764706,1.1481481481481481,0.020666147052159203,14.0,0.0,,0.0,62.0,532.0,0.0,1.0,Male,Central,Platinum,70-120k,Mobile App,3.0,1
C10576,0,42.0,16.0,26025.449999999997,1626.5906249999998,887.618915634923,533.0,9.3125,4.75,2.0,14.0,32.733333333333334,29.829196307995833,94.0,1.2830957230142566,0.0,0.0,1.0,1510.88,7.0,11960.45,12.0,20177.37,0.14285714285714285,1.1666666666666667,0.001598565549243645,12.0,0.0,,0.0,34.0,533.0,1.0,1.0,Female,Northeast,Silver,40-70k,In-Store,2.0,1
C10577,0,11.0,29.0,31619.1,1090.3137931034482,1002.7730113020657,503.0,6.310344827586207,3.310344827586207,1.0,1.0,17.571428571428573,13.886920495436016,47.0,0.6260162601626016,1.0,605.38,4.0,3444.05,9.0,9351.89,18.0,18048.31,0.6666666666666666,0.9,0.011927518039398403,14.0,0.0,,0.0,42.0,503.0,1.0,1.0,Female,East,Gold,20-40k,Online Web,2.0,1
C10578,0,29.0,4.0,4819.88,1204.97,960.5248149839754,106.0,7.25,3.5,1.0,3.0,25.666666666666668,15.275252316519467,39.0,1.12987012987013,1.0,983.82,2.0,3553.11,4.0,4819.88,4.0,4819.88,0.6666666666666666,4.0,0.035495451507426064,8.0,0.0,,0.0,18.0,110.0,1.0,1.0,Female,Bangkok,Silver,Unknown,In-Store,2.0,1
C10579,1,51.0,14.0,13629.3,973.5214285714285,653.5570233241043,358.0,7.071428571428571,3.857142857142857,1.0,10.0,23.615384615384617,21.850013201897085,61.0,2.1596091205211727,0.0,0.0,2.0,1995.1799999999998,7.0,6421.76,14.0,13629.3,0.3333333333333333,0.875,0.08690155650078418,13.0,0.0,,0.0,35.0,366.0,1.0,0.0,Male,South,Bronze,<20k,In-Store,3.0,1
C10580,1,25.0,3.0,3881.83,1293.9433333333334,519.0557201624248,64.0,10.0,5.666666666666667,2.0,3.0,19.5,12.020815280171307,28.0,1.2820512820512822,1.0,731.65,3.0,3881.83,3.0,3881.83,3.0,3881.83,3.0,3.0,0.0,9.0,0.0,,0.0,35.0,113.0,1.0,0.0,Male,Northeast,Bronze,<20k,In-Store,2.0,1
C10581,1,16.0,15.0,14272.07,951.4713333333333,605.8453204392151,369.0,8.266666666666667,4.2,3.0,7.0,25.214285714285715,22.992234713982395,67.0,0.6345609065155807,2.0,2764.44,3.0,3081.9900000000002,8.0,5968.28,14.0,13164.17,0.5,1.1428571428571428,0.023853638952097793,11.0,2.0,3.5,1.0,53.0,395.0,1.0,1.0,Male,South,Bronze,40-70k,Mobile App,1.0,1
C10582,0,30.0,63.0,133569.6,2120.152380952381,1154.4839828541672,574.0,10.285714285714286,5.412698412698413,3.0,18.0,8.774193548387096,8.474492788804454,42.0,3.419117647058824,0.0,0.0,7.0,9803.13,12.0,15716.109999999999,40.0,75443.77,1.1666666666666667,0.41379310344827586,0.0005084648738322426,14.0,0.0,,0.0,28.0,583.0,0.0,1.0,Female,Bangkok,Platinum,40-70k,In-Store,1.0,1
C10583,0,20.0,7.0,2493.9900000000002,356.2842857142858,247.07582478914867,500.0,3.2857142857142856,2.0,3.0,6.0,80.0,64.93381245545343,164.0,0.25,1.0,13.87,1.0,13.87,3.0,823.3299999999999,5.0,1915.65,0.3333333333333333,1.0,0.06693478992854203,8.0,0.0,,0.0,46.0,548.0,0.0,0.0,Male,Bangkok,Platinum,20-40k,In-Store,1.0,1
C10584,0,8.0,33.0,30996.84,939.2981818181818,798.9591186015659,514.0,7.424242424242424,4.0,3.0,19.0,15.8125,18.21987128597289,73.0,0.5059288537549407,3.0,2486.92,7.0,9637.29,14.0,17506.98,30.0,28232.0,0.875,0.8235294117647058,0.0309187201820808,13.0,0.0,,0.0,30.0,562.0,0.0,1.0,Male,Unknown,Silver,20-40k,In-Store,3.0,1
C10585,1,177.0,3.0,675.6,225.20000000000002,237.35604226562253,239.0,2.6666666666666665,1.6666666666666667,1.0,3.0,31.0,26.870057685088806,50.0,5.709677419354839,0.0,0.0,0.0,0.0,1.0,498.26,3.0,675.6,0.0,0.3333333333333333,0.05103029792254856,2.0,1.0,3.0,0.0,35.0,278.0,1.0,1.0,Female,Northeast,Platinum,70-120k,In-Store,1.0,1
C10586,0,13.0,1.0,861.32,861.32,,13.0,5.0,2.0,1.0,1.0,,,,,1.0,861.32,1.0,861.32,1.0,861.32,1.0,861.32,1.0,1.0,0.05413893830576969,2.0,0.0,,0.0,28.0,61.0,0.0,0.0,Female,South,Bronze,70-120k,In-Store,3.0,1
C10587,0,18.0,2.0,2662.07,1331.035,416.67681294979684,46.0,8.0,3.0,1.0,2.0,28.0,,28.0,0.6428571428571429,1.0,1625.67,2.0,2662.07,2.0,2662.07,2.0,2662.07,2.0,2.0,0.07480919744762488,2.0,0.0,,0.0,30.0,47.0,1.0,0.0,Female,Bangkok,Bronze,20-40k,In-Store,2.0,1
C10588,0,7.0,11.0,20900.48,1900.0436363636363,908.9785334679001,252.0,12.636363636363637,6.909090909090909,2.0,8.0,24.5,27.677708639906513,99.0,0.2857142857142857,2.0,2582.3,3.0,6542.5199999999995,5.0,10217.71,11.0,20900.48,1.0,0.7142857142857143,0.0,11.0,0.0,,0.0,33.0,255.0,1.0,0.0,Male,Northeast,Platinum,70-120k,In-Store,1.0,1
C10589,1,91.0,9.0,10560.66,1173.4066666666668,387.746859336088,285.0,11.0,6.333333333333333,2.0,6.0,24.25,19.34461903771397,55.0,3.752577319587629,0.0,0.0,0.0,0.0,3.0,2817.9900000000002,9.0,10560.66,0.0,0.42857142857142855,0.01651060025423847,12.0,0.0,,0.0,32.0,309.0,0.0,0.0,Female,Northeast,Platinum,<20k,In-Store,3.0,1
C10590,0,31.0,13.0,26129.1,2009.930769230769,816.4523690277501,273.0,15.0,8.076923076923077,2.0,9.0,20.166666666666668,23.284147292772293,77.0,1.537190082644628,0.0,0.0,4.0,7320.88,11.0,22250.13,13.0,26129.1,0.5,3.6666666666666665,0.008473987768101664,14.0,0.0,,0.0,46.0,288.0,1.0,1.0,Male,Northeast,Gold,40-70k,In-Store,3.0,1
C10591,0,52.0,37.0,34439.83,930.8062162162163,590.0362246146481,608.0,7.54054054054054,4.0,3.0,21.0,15.444444444444445,17.973702129888775,102.0,3.366906474820144,0.0,0.0,3.0,3579.31,7.0,5920.5199999999995,19.0,16087.55,0.6,0.5384615384615384,0.014310597873373205,14.0,0.0,,0.0,40.0,629.0,1.0,0.0,Male,Bangkok,Bronze,70-120k,In-Store,2.0,1
C10592,0,0.0,34.0,23707.15,697.2691176470589,520.2607203000017,572.0,5.470588235294118,3.264705882352941,3.0,4.0,17.333333333333332,14.800056306199197,63.0,0.0,4.0,1741.88,8.0,4690.13,16.0,9790.5,23.0,15699.300000000001,0.8888888888888888,2.0,0.06277846258214029,14.0,1.0,4.0,0.0,32.0,575.0,1.0,0.0,Female,Bangkok,Bronze,20-40k,Mobile App,1.0,1
C10593,0,16.0,54.0,175954.79,3258.422037037037,1562.5736425844207,578.0,15.462962962962964,8.407407407407407,3.0,22.0,10.60377358490566,11.904006472679546,72.0,1.508896797153025,3.0,8244.87,14.0,42095.23,16.0,46124.91,33.0,109777.92,4.666666666666667,0.8888888888888888,0.009118173533796682,14.0,0.0,,0.0,31.0,586.0,1.0,1.0,Male,South,Platinum,40-70k,In-Store,1.0,1
C10594,0,3.0,1.0,991.38,991.38,,3.0,6.0,3.0,1.0,1.0,,,,,1.0,991.38,1.0,991.38,1.0,991.38,1.0,991.38,1.0,1.0,0.0,3.0,0.0,,0.0,27.0,10.0,0.0,0.0,Female,Central,Bronze,40-70k,In-Store,3.0,1
C10595,0,39.0,8.0,5844.42,730.5525,451.61012853218557,417.0,7.375,4.0,1.0,1.0,54.0,64.91532946846992,195.0,0.7222222222222222,0.0,0.0,2.0,746.24,4.0,1816.69,6.0,4157.48,0.6666666666666666,1.3333333333333333,0.05892866631564202,10.0,0.0,,0.0,28.0,525.0,1.0,1.0,Male,Unknown,Bronze,70-120k,Mobile App,1.0,1
C10596,0,1.0,62.0,155251.15,2504.050806451613,1614.6181784398811,437.0,12.548387096774194,6.82258064516129,2.0,7.0,7.147540983606557,8.50653879000104,59.0,0.13990825688073394,5.0,12694.45,14.0,42114.99,21.0,59470.090000000004,54.0,136458.38,1.75,0.6176470588235294,0.0,14.0,0.0,,0.0,44.0,437.0,1.0,1.0,Male,Central,Platinum,70-120k,Online Web,1.0,1
C10597,0,79.0,9.0,4872.97,541.4411111111111,406.8192527230135,565.0,5.333333333333333,2.7777777777777777,3.0,2.0,60.75,34.751156198648374,131.0,1.300411522633745,0.0,0.0,1.0,302.79,3.0,1855.58,4.0,1872.5100000000002,0.3333333333333333,1.5,0.08011696348005996,9.0,0.0,,0.0,33.0,597.0,1.0,0.0,Female,Northeast,Silver,<20k,Online Web,3.0,1
C10598,0,19.0,86.0,210750.47,2450.5868604651164,1195.8011264826127,629.0,16.08139534883721,8.732558139534884,3.0,25.0,7.176470588235294,6.412741168932354,33.0,2.6475409836065573,3.0,6584.57,13.0,35090.15,24.0,59272.52,47.0,112516.56999999999,1.0833333333333333,1.0,0.008251097180070048,14.0,0.0,,0.0,52.0,639.0,1.0,1.0,Male,Northeast,Platinum,40-70k,In-Store,2.0,1
C10599,1,30.0,17.0,28962.02,1703.6482352941177,1446.8373847863625,402.0,9.470588235294118,5.294117647058823,1.0,1.0,23.25,25.80310058888272,87.0,1.2903225806451613,0.0,0.0,1.0,386.7,8.0,8746.79,15.0,26371.32,0.125,1.0,0.01816139134726932,13.0,0.0,,0.0,46.0,407.0,0.0,1.0,Female,Bangkok,Gold,40-70k,Mobile App,1.0,1
C10600,0,0.0,77.0,217432.15,2823.7941558441557,1508.8129457835657,538.0,12.896103896103897,7.038961038961039,3.0,25.0,7.078947368421052,6.803456293962624,40.0,0.0,1.0,5766.54,10.0,24951.57,26.0,63514.89,56.0,164800.3,0.5882352941176471,0.8387096774193549,0.005941160692459395,14.0,1.0,5.0,0.0,37.0,538.0,1.0,0.0,Female,Northeast,Platinum,40-70k,In-Store,2.0,1
C10601,0,5.0,29.0,53041.43,1829.0148275862068,1201.1027831408599,363.0,13.344827586206897,6.862068965517241,2.0,5.0,12.785714285714286,15.102997354847451,76.0,0.39106145251396646,4.0,5333.9800000000005,9.0,13482.87,19.0,33354.94,29.0,53041.43,0.8181818181818182,1.7272727272727273,0.032049184590945044,14.0,0.0,,0.0,40.0,385.0,0.0,1.0,Female,Bangkok,Silver,<20k,Mobile App,1.0,1
C10602,0,23.0,18.0,18488.86,1027.158888888889,411.84189266226184,410.0,9.777777777777779,5.333333333333333,3.0,10.0,22.764705882352942,21.040227576492327,63.0,1.0103359173126614,2.0,2315.91,3.0,3156.51,7.0,7947.01,13.0,14534.06,0.6,1.0,0.018984275720088182,11.0,1.0,2.0,0.0,35.0,445.0,1.0,1.0,Female,Central,Platinum,20-40k,In-Store,2.0,1
C10603,0,10.0,3.0,2324.8900000000003,774.9633333333335,478.22229897123515,108.0,10.0,5.0,1.0,3.0,49.0,12.727922061357855,58.0,0.20408163265306123,1.0,474.86,2.0,998.44,3.0,2324.8900000000003,3.0,2324.8900000000003,1.0,3.0,0.027417661257597998,6.0,0.0,,0.0,42.0,255.0,1.0,0.0,Male,Central,Silver,40-70k,In-Store,2.0,1
C10604,1,24.0,13.0,21437.68,1649.0523076923077,734.826548061444,582.0,12.461538461538462,7.461538461538462,3.0,3.0,46.5,39.89645689440695,123.0,0.5161290322580645,1.0,1609.25,2.0,4194.8099999999995,5.0,8898.9,9.0,15974.96,0.5,1.0,0.04575443856780016,13.0,0.0,,0.0,25.0,604.0,1.0,1.0,Male,Bangkok,Silver,40-70k,Mobile App,2.0,1
C10605,0,41.0,1.0,1540.14,1540.14,,41.0,6.0,3.0,1.0,1.0,,,,,0.0,0.0,1.0,1540.14,1.0,1540.14,1.0,1540.14,1.0,1.0,0.0,2.0,1.0,5.0,0.0,31.0,67.0,1.0,1.0,Male,South,Silver,<20k,In-Store,2.0,1
C10606,0,3.0,13.0,4263.69,327.9761538461538,288.8305965307479,457.0,3.8461538461538463,2.3846153846153846,1.0,1.0,37.833333333333336,23.961458952900074,93.0,0.07929515418502202,1.0,426.91,4.0,1294.99,5.0,1335.17,12.0,3362.81,2.0,0.625,0.06405663483701021,10.0,0.0,,0.0,31.0,618.0,0.0,1.0,Male,Central,Bronze,<20k,Mobile App,1.0,1
C10607,0,5.0,47.0,119783.17,2548.578085106383,1698.1705785583013,448.0,12.702127659574469,6.829787234042553,3.0,22.0,9.630434782608695,8.574791725756178,40.0,0.5191873589164786,2.0,5955.02,11.0,26823.329999999998,23.0,50582.44,37.0,94906.27,0.8461538461538461,1.5333333333333334,0.0,14.0,0.0,,0.0,34.0,448.0,1.0,1.0,Female,East,Silver,Unknown,In-Store,3.0,1
C10608,1,98.0,17.0,17435.43,1025.6135294117648,609.8785353959955,512.0,8.529411764705882,4.588235294117647,3.0,3.0,25.875,35.69663849720306,135.0,3.78743961352657,0.0,0.0,0.0,0.0,2.0,2293.21,8.0,6480.16,0.0,0.2857142857142857,0.03237025978566711,12.0,0.0,,0.0,33.0,525.0,1.0,0.0,Female,Bangkok,Gold,20-40k,Online Web,1.0,1
C10609,0,5.0,14.0,6362.99,454.4992857142857,229.42802502894307,451.0,5.285714285714286,2.857142857142857,3.0,3.0,34.30769230769231,32.09980429687128,88.0,0.14573991031390135,1.0,496.48,1.0,496.48,6.0,3317.52,9.0,4636.72,0.16666666666666666,1.5,0.04981639909267254,13.0,0.0,,0.0,34.0,506.0,1.0,1.0,Male,Northeast,Bronze,<20k,Mobile App,2.0,1
C10610,0,13.0,9.0,5525.599999999999,613.9555555555555,389.3335501890092,513.0,8.0,4.333333333333333,2.0,2.0,62.5,61.05735008989499,160.0,0.208,1.0,368.55,2.0,886.1500000000001,3.0,1655.82,6.0,3506.27,1.0,0.75,0.08503983163249255,12.0,0.0,,0.0,25.0,517.0,0.0,1.0,Male,Central,Bronze,>120k,Mobile App,2.0,1
C10611,0,15.0,25.0,27126.01,1085.0403999999999,913.2765878896345,589.0,7.52,4.04,3.0,4.0,23.916666666666668,18.41765850827776,86.0,0.627177700348432,1.0,1054.97,3.0,2663.54,8.0,8798.36,16.0,15051.82,0.5,0.8888888888888888,0.013850297687969497,13.0,0.0,,0.0,32.0,595.0,1.0,1.0,Male,East,Gold,40-70k,Mobile App,3.0,1
C10612,0,213.0,9.0,6500.4,722.2666666666667,619.1656931710606,564.0,6.111111111111111,2.7777777777777777,3.0,4.0,43.875,32.29965722949482,99.0,4.854700854700854,0.0,0.0,0.0,0.0,0.0,0.0,4.0,3249.16,0.0,0.0,0.021424958450755115,9.0,2.0,2.5,1.0,42.0,646.0,0.0,1.0,Female,North,Bronze,<20k,In-Store,1.0,1
C10613,1,43.0,19.0,15746.57,828.7668421052631,531.5004269785327,525.0,6.315789473684211,3.3157894736842106,3.0,12.0,26.77777777777778,20.43801404982034,83.0,1.6058091286307052,0.0,0.0,2.0,1473.67,5.0,4491.01,12.0,10015.869999999999,0.5,0.625,0.05182041962623351,11.0,0.0,,0.0,35.0,538.0,0.0,0.0,Male,South,Silver,70-120k,In-Store,2.0,1
C10614,0,192.0,8.0,3281.7,410.2125,183.1359962081263,564.0,7.625,3.5,1.0,1.0,53.142857142857146,41.47058624868382,138.0,3.6129032258064515,0.0,0.0,0.0,0.0,0.0,0.0,4.0,2122.95,0.0,0.0,0.06842929975360229,8.0,1.0,2.0,1.0,34.0,572.0,0.0,1.0,Female,Bangkok,Silver,<20k,Mobile App,1.0,1
C10615,0,51.0,4.0,4330.9400000000005,1082.7350000000001,655.5900879106293,103.0,6.5,4.0,1.0,1.0,17.333333333333332,15.50268793897798,33.0,2.9423076923076925,0.0,0.0,3.0,2472.86,4.0,4330.9400000000005,4.0,4330.9400000000005,1.5,4.0,0.0207563637021394,10.0,0.0,,0.0,39.0,131.0,1.0,1.0,Female,South,Silver,<20k,Mobile App,2.0,1
C10616,0,13.0,15.0,18965.57,1264.3713333333333,1124.2834257864406,302.0,7.733333333333333,4.133333333333334,3.0,6.0,20.642857142857142,17.55258974036044,54.0,0.629757785467128,2.0,1344.98,4.0,6167.16,8.0,12955.32,15.0,18965.57,0.8,1.0,0.060193386715453545,12.0,0.0,,0.0,32.0,315.0,1.0,1.0,Female,South,Platinum,Unknown,Mobile App,1.0,1
C10617,1,57.0,26.0,22770.7,875.7961538461539,617.7878397124821,541.0,6.846153846153846,3.3846153846153846,3.0,15.0,19.36,21.889647476984788,81.0,2.9442148760330578,0.0,0.0,2.0,3116.8900000000003,9.0,9400.61,18.0,15291.83,0.25,0.9,0.03601844251277755,14.0,1.0,3.0,0.0,43.0,541.0,1.0,1.0,Female,Bangkok,Bronze,40-70k,In-Store,2.0,1
C10618,0,3.0,5.0,5339.54,1067.908,867.089790027538,41.0,7.2,4.2,1.0,1.0,9.5,11.210114480533491,26.0,0.3157894736842105,3.0,4283.4400000000005,5.0,5339.54,5.0,5339.54,5.0,5339.54,5.0,5.0,0.018540882029111774,6.0,0.0,,0.0,28.0,74.0,0.0,1.0,Male,Northeast,Silver,70-120k,Mobile App,2.0,1
C10619,0,2.0,52.0,95068.76000000001,1828.2453846153849,827.0813394773297,626.0,12.673076923076923,6.884615384615385,3.0,21.0,12.235294117647058,9.274887029595815,31.0,0.16346153846153846,2.0,3383.5200000000004,7.0,12141.1,21.0,39147.7,35.0,60512.76,0.4666666666666667,1.4,0.005259105811802655,14.0,1.0,3.0,1.0,36.0,643.0,0.0,1.0,Male,East,Gold,40-70k,In-Store,3.0,1
C10620,0,17.0,18.0,12266.84,681.4911111111111,451.1922089946992,560.0,6.888888888888889,3.888888888888889,2.0,11.0,31.941176470588236,29.92380028554882,92.0,0.5322283609576427,1.0,133.54,4.0,2708.02,7.0,3870.08,13.0,9194.08,1.0,1.0,0.01782148410414575,12.0,1.0,3.0,0.0,39.0,564.0,0.0,1.0,Female,North,Bronze,20-40k,In-Store,1.0,1
C10621,0,3.0,29.0,40545.1,1398.106896551724,794.3914878702684,479.0,9.517241379310345,5.448275862068965,3.0,4.0,17.0,15.883837580896385,55.0,0.17647058823529413,3.0,4001.68,7.0,9710.18,10.0,13931.22,20.0,28229.0,1.75,0.9090909090909091,0.036828480824869024,13.0,0.0,,0.0,36.0,503.0,1.0,0.0,Male,Bangkok,Gold,20-40k,Online Web,1.0,1
C10622,0,,,,,,,,,,,,,,,,,,,,,,,,,,,,,,,,,,,,,,,,0
C10623,0,5.0,5.0,2293.31,458.662,392.86165334631477,172.0,3.8,2.0,2.0,5.0,41.75,28.241517900660604,73.0,0.11976047904191617,1.0,87.27,2.0,264.71,5.0,2293.31,5.0,2293.31,0.5,5.0,0.042595205691050124,4.0,1.0,1.0,0.0,21.0,252.0,0.0,0.0,Male,East,Bronze,70-120k,In-Store,1.0,1
C10624,0,31.0,30.0,43257.88,1441.9293333333333,1167.437800626044,570.0,7.466666666666667,4.133333333333334,3.0,4.0,18.586206896551722,14.700624965770553,66.0,1.6679035250463823,0.0,0.0,5.0,6608.88,7.0,7011.18,19.0,21813.86,1.6666666666666667,0.5384615384615384,0.034956541914297444,14.0,0.0,,0.0,30.0,585.0,0.0,0.0,Female,Bangkok,Silver,20-40k,Mobile App,1.0,1
C10625,0,8.0,20.0,31863.59,1593.1795,1154.026381220277,281.0,12.05,6.2,3.0,3.0,14.368421052631579,9.667876512311787,35.0,0.5567765567765568,1.0,555.33,5.0,9437.3,13.0,18897.76,20.0,31863.59,0.5555555555555556,1.625,0.032508720407697284,13.0,0.0,,0.0,32.0,290.0,1.0,1.0,Male,North,Gold,40-70k,Mobile App,1.0,1
C10626,1,1.0,3.0,2055.88,685.2933333333334,451.4913791351207,7.0,3.6666666666666665,2.0,2.0,1.0,3.0,2.8284271247461903,5.0,0.3333333333333333,3.0,2055.88,3.0,2055.88,3.0,2055.88,3.0,2055.88,3.0,3.0,0.005038014993055186,4.0,0.0,,0.0,18.0,16.0,1.0,1.0,Male,Bangkok,Silver,20-40k,Online Web,1.0,1
C10627,0,1.0,78.0,206274.52,2644.545128205128,1388.6590095790425,590.0,12.743589743589743,6.8076923076923075,3.0,23.0,7.64935064935065,6.97130629185814,36.0,0.13073005093378606,3.0,10063.35,9.0,20147.78,24.0,59343.6,52.0,132838.26,0.5625,0.8275862068965517,0.002168073357784445,14.0,0.0,,0.0,47.0,592.0,1.0,1.0,Male,Central,Silver,40-70k,In-Store,1.0,1
C10628,0,9.0,14.0,16682.06,1191.5757142857144,736.1115838357273,420.0,9.285714285714286,4.857142857142857,2.0,1.0,31.615384615384617,17.713170530890572,62.0,0.2846715328467153,2.0,2996.26,3.0,3432.92,5.0,5294.99,10.0,12818.64,1.0,0.8333333333333334,0.004046011213248134,14.0,0.0,,0.0,47.0,422.0,0.0,1.0,Female,Central,Silver,40-70k,Mobile App,1.0,1
C10629,1,75.0,19.0,23261.9,1224.3105263157895,671.2619054228609,515.0,8.578947368421053,4.578947368421052,3.0,3.0,24.444444444444443,22.14981668287499,68.0,3.0681818181818183,0.0,0.0,1.0,1081.93,4.0,5692.34,11.0,10652.12,0.25,0.5,0.04853311824139434,13.0,0.0,,0.0,35.0,547.0,1.0,0.0,Male,Northeast,Gold,70-120k,Mobile App,1.0,1
C10630,0,5.0,7.0,8577.56,1225.3657142857141,563.5707838670945,219.0,8.142857142857142,4.285714285714286,2.0,3.0,35.666666666666664,25.555169079203264,85.0,0.14018691588785048,2.0,2839.6000000000004,2.0,2839.6000000000004,5.0,6655.39,7.0,8577.56,0.5,1.6666666666666667,0.02419168597792317,12.0,0.0,,0.0,50.0,254.0,1.0,0.0,Male,Bangkok,Silver,20-40k,Online Web,1.0,1
C10631,1,43.0,7.0,2899.57,414.2242857142857,408.2007396635934,279.0,3.5714285714285716,2.142857142857143,2.0,2.0,39.333333333333336,30.631138840511085,84.0,1.0932203389830508,0.0,0.0,1.0,156.05,4.0,885.21,7.0,2899.57,0.25,1.0,0.023795976769632188,8.0,1.0,3.0,1.0,33.0,296.0,1.0,0.0,Female,Bangkok,Gold,Unknown,Online Web,2.0,1
C10632,0,2.0,74.0,144815.73,1956.9693243243244,1072.6094161325686,626.0,10.445945945945946,5.837837837837838,3.0,7.0,8.547945205479452,6.722766245895797,29.0,0.23397435897435898,4.0,5594.360000000001,9.0,15311.49,20.0,38049.52,38.0,71573.34,0.75,1.0526315789473684,0.0,14.0,0.0,,0.0,39.0,628.0,1.0,1.0,Male,Bangkok,Gold,20-40k,Online Web,2.0,1
C10633,1,70.0,13.0,15692.47,1207.113076923077,1382.1631409821866,514.0,5.461538461538462,3.0,2.0,11.0,37.0,36.017672429971476,134.0,1.8918918918918919,0.0,0.0,1.0,644.32,2.0,1434.1100000000001,6.0,3290.54,0.5,0.4,0.036466667239742664,13.0,1.0,2.0,0.0,56.0,514.0,1.0,0.0,Female,East,Bronze,20-40k,In-Store,1.0,1
C10634,0,3.0,53.0,128185.81,2418.600188679245,1116.6172506581074,429.0,13.11320754716981,7.0,3.0,19.0,8.192307692307692,6.6834253913912,31.0,0.36619718309859156,5.0,10015.73,11.0,20912.97,23.0,49249.0,40.0,93122.84,0.8461538461538461,1.2777777777777777,0.009419898598807664,14.0,0.0,,0.0,40.0,430.0,1.0,1.0,Male,Central,Gold,>120k,In-Store,1.0,1
C10635,0,3.0,1.0,1238.91,1238.91,,3.0,15.0,7.0,1.0,1.0,,,,,1.0,1238.91,1.0,1238.91,1.0,1238.91,1.0,1238.91,1.0,1.0,0.054425974263864085,6.0,0.0,,0.0,40.0,19.0,1.0,0.0,Male,North,Silver,20-40k,In-Store,1.0,1
C10636,1,183.0,11.0,9985.91,907.81,756.2980834829611,453.0,7.090909090909091,4.090909090909091,2.0,1.0,27.0,32.859972272930754,114.0,6.777777777777778,0.0,0.0,0.0,0.0,0.0,0.0,6.0,3731.25,0.0,0.0,0.07674648668639053,11.0,1.0,2.0,0.0,44.0,530.0,1.0,1.0,Female,Northeast,Bronze,20-40k,Online Web,2.0,1
C10637,1,33.0,35.0,40712.76,1163.2217142857144,807.1443144214405,614.0,9.228571428571428,5.285714285714286,3.0,16.0,17.08823529411765,14.571386754285228,60.0,1.9311531841652323,0.0,0.0,5.0,4543.35,9.0,8338.98,16.0,16908.3,1.0,1.125,0.04823959639304689,14.0,1.0,4.0,1.0,21.0,651.0,1.0,1.0,Male,South,Silver,<20k,In-Store,2.0,1
C10638,0,191.0,2.0,2947.32,1473.66,1697.904802985138,197.0,7.0,3.5,1.0,1.0,6.0,,6.0,31.833333333333332,0.0,0.0,0.0,0.0,0.0,0.0,2.0,2947.32,0.0,0.0,0.010883463377800152,4.0,0.0,,0.0,41.0,213.0,0.0,1.0,Male,North,Silver,20-40k,Mobile App,3.0,1
C10639,0,5.0,4.0,6995.33,1748.8325,1352.0982601713283,46.0,8.75,4.25,2.0,4.0,13.666666666666666,15.14375558880073,31.0,0.36585365853658536,3.0,6673.63,4.0,6995.33,4.0,6995.33,4.0,6995.33,4.0,4.0,0.07855916899046726,8.0,0.0,,0.0,46.0,56.0,1.0,1.0,Male,South,Gold,20-40k,In-Store,1.0,1
C10640,0,10.0,8.0,3081.0,385.125,382.7040032266638,342.0,4.375,2.25,3.0,7.0,47.42857142857143,60.45068828628599,181.0,0.2108433734939759,2.0,605.62,4.0,966.28,6.0,2580.26,8.0,3081.0,1.3333333333333333,2.0,0.13020156964598273,10.0,3.0,2.3333333333333335,0.0,31.0,438.0,1.0,0.0,Male,Central,Bronze,<20k,In-Store,3.0,1
C10641,0,21.0,14.0,12057.52,861.2514285714286,659.644666291658,578.0,7.857142857142857,4.285714285714286,3.0,4.0,42.84615384615385,59.69065554150296,210.0,0.49012567324955114,1.0,143.46,1.0,143.46,6.0,5369.67,12.0,9834.85,0.16666666666666666,0.8571428571428571,0.01963730502543288,12.0,1.0,2.0,0.0,32.0,594.0,1.0,1.0,Male,South,Bronze,70-120k,Online Web,3.0,1
C10642,0,24.0,6.0,3508.81,584.8016666666666,270.0414435909175,219.0,5.666666666666667,2.8333333333333335,2.0,1.0,39.0,39.477841886303764,100.0,0.6153846153846154,1.0,758.29,3.0,2116.34,5.0,3059.68,6.0,3508.81,1.0,2.5,0.10114866561124687,10.0,1.0,4.0,1.0,32.0,257.0,0.0,0.0,Male,Bangkok,Bronze,40-70k,Mobile App,2.0,1
C10643,0,5.0,1.0,3436.49,3436.49,,5.0,11.0,4.0,1.0,1.0,,,,,1.0,3436.49,1.0,3436.49,1.0,3436.49,1.0,3436.49,1.0,1.0,0.0016066147204257966,4.0,0.0,,0.0,26.0,87.0,0.0,0.0,Male,Bangkok,Bronze,20-40k,Online Web,1.0,1
C10644,0,9.0,45.0,68568.89,1523.7531111111111,848.9565618206169,610.0,11.511111111111111,6.066666666666666,3.0,20.0,13.659090909090908,13.966643288053483,60.0,0.658901830282862,2.0,3613.4,4.0,6024.59,11.0,15062.84,27.0,41688.75,0.5,0.6470588235294118,0.010857375643991753,14.0,0.0,,0.0,42.0,617.0,0.0,1.0,Female,Unknown,Gold,20-40k,In-Store,3.0,1
C10645,1,16.0,18.0,16683.579999999998,926.8655555555555,888.2013789227425,617.0,7.777777777777778,4.0,3.0,2.0,35.35294117647059,27.813982941298136,88.0,0.45257903494176377,1.0,665.26,1.0,665.26,4.0,2171.45,13.0,11541.39,0.25,0.4,0.045680255940767085,14.0,0.0,,0.0,20.0,656.0,1.0,0.0,Female,Bangkok,Gold,40-70k,Online Web,2.0,1
C10646,0,9.0,3.0,2229.73,743.2433333333333,179.04055415836203,146.0,6.0,3.6666666666666665,1.0,3.0,68.5,10.606601717798213,76.0,0.13138686131386862,1.0,831.82,2.0,1692.5500000000002,3.0,2229.73,3.0,2229.73,1.0,3.0,0.06878074857376734,5.0,0.0,,0.0,29.0,147.0,1.0,0.0,Female,Bangkok,Silver,<20k,In-Store,3.0,1
C10647,1,95.0,3.0,1659.65,553.2166666666667,208.86290583378687,158.0,6.0,3.3333333333333335,2.0,3.0,31.5,21.920310216782973,47.0,3.015873015873016,0.0,0.0,0.0,0.0,3.0,1659.65,3.0,1659.65,0.0,3.0,0.056416583280269265,5.0,4.0,2.75,3.0,23.0,174.0,1.0,1.0,Female,South,Bronze,20-40k,In-Store,3.0,1
C10648,0,6.0,28.0,34779.89,1242.1389285714286,875.9993627443112,563.0,8.892857142857142,4.357142857142857,3.0,15.0,20.62962962962963,20.02718949549135,87.0,0.29084380610412924,2.0,4607.88,5.0,7136.360000000001,9.0,13966.52,16.0,19975.89,1.0,1.125,0.03222279759730045,13.0,0.0,,0.0,22.0,571.0,1.0,0.0,Female,Bangkok,Bronze,40-70k,In-Store,3.0,1
C10649,0,99.0,4.0,1584.1,396.025,363.22181923263736,563.0,3.25,2.0,1.0,1.0,154.66666666666666,51.38417395787669,214.0,0.6400862068965517,0.0,0.0,0.0,0.0,1.0,128.02,2.0,607.62,0.0,0.5,0.06309513952140433,5.0,0.0,,0.0,34.0,657.0,0.0,0.0,Female,Bangkok,Silver,40-70k,Online Web,3.0,1
C10650,0,12.0,14.0,22738.46,1624.1757142857143,1289.5975990011189,365.0,12.071428571428571,6.5,1.0,10.0,27.153846153846153,22.06749553017648,66.0,0.4419263456090652,1.0,730.13,2.0,1506.28,6.0,9128.06,13.0,21683.68,0.4,0.75,0.019348689573081588,12.0,1.0,4.0,0.0,45.0,395.0,0.0,1.0,Male,Bangkok,Silver,70-120k,In-Store,1.0,1
C10651,0,80.0,10.0,4200.41,420.041,243.10051553718358,546.0,5.5,3.1,3.0,7.0,51.77777777777778,51.06314174083342,169.0,1.5450643776824033,0.0,0.0,1.0,582.86,3.0,915.27,4.0,996.9200000000001,0.3333333333333333,1.5,0.09056838258218727,8.0,1.0,4.0,0.0,31.0,574.0,1.0,1.0,Female,Bangkok,Silver,70-120k,In-Store,2.0,1
C10652,0,59.0,9.0,10495.8,1166.1999999999998,757.0134755405613,278.0,7.666666666666667,4.222222222222222,2.0,7.0,27.375,29.543853602979514,76.0,2.1552511415525113,0.0,0.0,1.0,1192.96,4.0,3899.5,9.0,10495.8,0.25,0.6666666666666666,0.008777248284498438,11.0,0.0,,0.0,21.0,333.0,1.0,0.0,Male,South,Gold,70-120k,In-Store,1.0,1
C10653,0,2.0,43.0,67030.03,1558.837906976744,1034.0704147032552,627.0,11.395348837209303,6.0,3.0,19.0,14.880952380952381,13.958479162654594,54.0,0.1344,3.0,4866.76,9.0,16213.55,16.0,24462.22,27.0,43294.21,1.125,1.3333333333333333,0.02553708103782944,14.0,0.0,,0.0,40.0,651.0,1.0,1.0,Female,Northeast,Gold,70-120k,In-Store,1.0,1
C10654,1,89.0,6.0,5055.65,842.6083333333332,972.0369547587512,278.0,4.166666666666667,2.5,1.0,1.0,37.8,30.865838721797275,79.0,2.354497354497355,0.0,0.0,1.0,504.77,3.0,1378.78,6.0,5055.65,0.3333333333333333,0.75,0.01924591550497977,8.0,0.0,,0.0,37.0,337.0,1.0,1.0,Female,South,Bronze,<20k,Online Web,1.0,1
C10655,0,10.0,3.0,4026.82,1342.2733333333333,835.0706577489916,86.0,5.666666666666667,2.6666666666666665,1.0,1.0,38.0,22.627416997969522,54.0,0.2631578947368421,1.0,2286.34,3.0,4026.82,3.0,4026.82,3.0,4026.82,3.0,3.0,0.0033166510734563962,7.0,0.0,,0.0,34.0,122.0,0.0,0.0,Female,Bangkok,Bronze,20-40k,Online Web,2.0,1
C10656,0,20.0,14.0,32609.26,2329.232857142857,1439.3965043374606,464.0,15.857142857142858,8.0,2.0,1.0,34.15384615384615,40.32543893922328,149.0,0.5855855855855856,1.0,1886.13,5.0,11290.46,7.0,20647.35,9.0,24285.78,1.6666666666666667,2.3333333333333335,0.016782910629840067,14.0,0.0,,0.0,38.0,471.0,1.0,0.0,Male,Bangkok,Gold,40-70k,Online Web,1.0,1
C10657,0,33.0,10.0,11846.31,1184.6309999999999,764.8211213298325,227.0,7.3,4.0,2.0,8.0,21.555555555555557,15.883254634292614,50.0,1.5309278350515463,0.0,0.0,5.0,3275.77,8.0,7526.79,10.0,11846.31,1.25,2.6666666666666665,0.009522416013110149,11.0,1.0,2.0,1.0,43.0,249.0,0.0,0.0,Female,Bangkok,Silver,>120k,In-Store,1.0,1
C10658,0,8.0,24.0,20965.46,873.5608333333333,527.4111340675373,321.0,6.25,3.4583333333333335,3.0,15.0,13.608695652173912,9.698824345037357,39.0,0.5878594249201279,2.0,861.8700000000001,5.0,2693.64,11.0,8822.94,24.0,20965.46,0.7142857142857143,0.7857142857142857,0.006178009925203086,13.0,0.0,,0.0,37.0,343.0,0.0,1.0,Female,North,Silver,40-70k,In-Store,1.0,1
C10659,1,170.0,8.0,2807.52,350.94,360.14250235149973,539.0,3.5,2.0,3.0,2.0,52.714285714285715,33.59917799448019,121.0,3.2249322493224932,0.0,0.0,0.0,0.0,1.0,59.92,6.0,2397.21,0.0,0.16666666666666666,0.027038266667590814,8.0,1.0,2.0,0.0,47.0,545.0,1.0,1.0,Female,Bangkok,Bronze,20-40k,Online Web,3.0,1
C10660,0,13.0,31.0,40580.17,1309.0377419354838,636.9593565825566,372.0,10.870967741935484,6.064516129032258,3.0,15.0,11.966666666666667,11.719371918363183,45.0,1.0863509749303621,2.0,2193.63,6.0,8934.57,16.0,21264.28,29.0,36948.9,0.5454545454545454,1.1428571428571428,0.005829275289816211,14.0,1.0,4.0,1.0,39.0,374.0,1.0,1.0,Male,Bangkok,Bronze,40-70k,In-Store,1.0,1
C10661,0,31.0,3.0,1466.33,488.77666666666664,497.90067366226106,157.0,5.333333333333333,2.6666666666666665,1.0,3.0,63.0,28.284271247461902,83.0,0.49206349206349204,0.0,0.0,1.0,370.36,3.0,1466.33,3.0,1466.33,0.3333333333333333,3.0,0.00948411545762208,6.0,1.0,4.0,0.0,35.0,215.0,0.0,1.0,Female,East,Silver,40-70k,In-Store,1.0,1
C10662,0,8.0,72.0,170484.29,2367.837361111111,1400.9913756477652,634.0,13.652777777777779,7.222222222222222,3.0,6.0,8.816901408450704,9.369113175223193,59.0,0.9073482428115016,4.0,6858.780000000001,9.0,21241.97,23.0,51508.21,37.0,92724.34,0.6,1.5333333333333334,0.029384905812054978,14.0,0.0,,0.0,43.0,637.0,1.0,1.0,Male,Northeast,Silver,20-40k,Mobile App,2.0,1
C10663,0,9.0,53.0,150516.13,2839.9269811320755,1672.4665993843028,394.0,15.056603773584905,7.867924528301887,3.0,20.0,7.403846153846154,6.684074181376341,37.0,1.2155844155844155,4.0,8854.7,16.0,52107.17,27.0,73418.87,49.0,144443.96,1.3333333333333333,1.173913043478261,0.013068523079263416,14.0,0.0,,0.0,37.0,406.0,1.0,1.0,Female,East,Platinum,20-40k,In-Store,1.0,1
C10664,1,31.0,22.0,23297.27,1058.966818181818,848.3019694177101,607.0,7.681818181818182,4.136363636363637,1.0,15.0,27.428571428571427,22.760868675363493,89.0,1.1302083333333335,0.0,0.0,3.0,2334.76,5.0,3459.13,13.0,15666.97,1.0,0.5555555555555556,0.02804360215040306,13.0,0.0,,0.0,24.0,663.0,1.0,0.0,Male,East,Bronze,Unknown,In-Store,2.0,1
C10665,1,16.0,3.0,2677.69,892.5633333333334,672.0561765457805,45.0,10.666666666666666,5.0,1.0,1.0,14.5,6.363961030678928,19.0,1.103448275862069,1.0,277.18,3.0,2677.69,3.0,2677.69,3.0,2677.69,3.0,3.0,0.09092791765121268,8.0,1.0,5.0,0.0,18.0,48.0,1.0,1.0,Female,Bangkok,Silver,20-40k,Online Web,1.0,1
C10666,0,14.0,39.0,110178.98,2825.102051282051,1752.7432408868758,478.0,15.794871794871796,8.23076923076923,3.0,6.0,12.210526315789474,12.48600924004672,70.0,1.146551724137931,3.0,4640.21,14.0,43911.25,18.0,57231.73,35.0,99790.81,2.8,1.0,0.018950074532169396,14.0,1.0,4.0,0.0,49.0,483.0,0.0,0.0,Female,Central,Silver,40-70k,Online Web,3.0,1
C10667,0,3.0,11.0,21506.02,1955.0927272727274,1103.2242883302645,234.0,13.090909090909092,6.7272727272727275,2.0,8.0,23.1,17.716596111493253,53.0,0.12987012987012986,2.0,2810.95,5.0,10071.14,8.0,15904.779999999999,11.0,21506.02,1.25,2.0,0.03643280641708451,13.0,0.0,,0.0,44.0,292.0,1.0,1.0,Female,Central,Bronze,40-70k,In-Store,3.0,1
C10668,0,72.0,7.0,4509.58,644.2257142857143,935.4480748970363,499.0,4.0,2.142857142857143,1.0,6.0,71.16666666666667,62.046487947882,181.0,1.0117096018735363,0.0,0.0,1.0,2723.35,3.0,3589.67,4.0,3615.33,0.3333333333333333,1.5,0.018604722017292446,8.0,2.0,3.5,0.0,33.0,525.0,0.0,1.0,Male,Central,Silver,40-70k,In-Store,1.0,1
C10669,1,133.0,12.0,6430.5199999999995,535.8766666666667,303.552884154949,530.0,6.666666666666667,3.4166666666666665,1.0,1.0,36.09090909090909,24.89760850143863,91.0,3.685138539042821,0.0,0.0,0.0,0.0,1.0,306.03,7.0,3210.46,0.0,0.14285714285714285,0.04767884936919379,12.0,1.0,3.0,0.0,51.0,539.0,1.0,0.0,Female,Central,Silver,<20k,Online Web,1.0,1
C10670,1,267.0,15.0,16331.27,1088.7513333333334,726.7682101985737,590.0,7.866666666666666,4.066666666666666,2.0,11.0,23.071428571428573,24.792878275561574,101.0,11.572755417956655,0.0,0.0,0.0,0.0,0.0,0.0,6.0,7148.56,0.0,0.0,0.03664192293262799,13.0,2.0,2.0,0.0,31.0,594.0,0.0,0.0,Male,Bangkok,Platinum,70-120k,In-Store,2.0,1
C10671,0,9.0,34.0,75730.86,2227.3782352941175,1077.9595942797773,624.0,15.382352941176471,8.058823529411764,3.0,20.0,18.636363636363637,17.79012749711582,72.0,0.48292682926829267,3.0,7371.59,4.0,8910.64,8.0,17180.06,17.0,39236.46,0.8,0.8,0.0029363867999387524,14.0,0.0,,0.0,38.0,632.0,1.0,1.0,Male,East,Gold,70-120k,In-Store,3.0,1
C10672,0,10.0,81.0,163318.97,2016.2835802469135,1272.5592936395035,525.0,10.938271604938272,5.8765432098765435,3.0,24.0,6.4375,5.307848857462964,27.0,1.5533980582524272,4.0,11091.71,12.0,25121.61,23.0,49063.11,52.0,109739.15,1.0,0.7666666666666667,0.013646872240736425,14.0,1.0,4.0,0.0,47.0,562.0,1.0,0.0,Female,Bangkok,Platinum,20-40k,In-Store,2.0,1
C10673,1,64.0,25.0,43323.39,1732.9356,1077.1073545190377,560.0,10.68,5.4,2.0,16.0,20.666666666666668,14.211650660382615,49.0,3.096774193548387,0.0,0.0,2.0,1763.56,5.0,5937.34,12.0,13551.95,0.5,0.625,0.07197162323282479,14.0,3.0,3.0,0.0,34.0,592.0,0.0,1.0,Female,Bangkok,Bronze,20-40k,In-Store,1.0,1
C10674,0,10.0,11.0,14553.27,1323.0245454545454,1129.7578347890633,373.0,8.727272727272727,5.0,3.0,7.0,36.3,36.44493563354631,115.0,0.27548209366391185,1.0,903.81,2.0,1199.03,5.0,4823.73,10.0,12805.26,0.5,0.8333333333333334,0.04512618561462997,14.0,2.0,5.0,1.0,34.0,499.0,1.0,0.0,Female,Bangkok,Bronze,40-70k,In-Store,2.0,1
C10675,0,53.0,30.0,44210.07,1473.669,988.505557960933,576.0,9.133333333333333,5.266666666666667,1.0,1.0,18.03448275862069,16.71287518784051,63.0,2.9388145315487573,0.0,0.0,3.0,5329.37,9.0,14408.75,17.0,24040.72,0.42857142857142855,1.0,0.005121556805646381,14.0,0.0,,0.0,33.0,576.0,1.0,1.0,Female,South,Gold,20-40k,Mobile App,3.0,1
C10676,0,31.0,18.0,19026.73,1057.0405555555556,590.0974427356915,491.0,8.333333333333334,4.444444444444445,3.0,2.0,27.058823529411764,19.350292595447023,74.0,1.1456521739130434,0.0,0.0,2.0,2564.42,5.0,7085.76,14.0,15867.68,0.5,0.5,0.03519824429652445,14.0,0.0,,0.0,33.0,501.0,1.0,0.0,Female,Northeast,Bronze,Unknown,Mobile App,1.0,1
C10677,0,57.0,11.0,6913.33,628.4845454545455,331.32071665875753,596.0,7.363636363636363,3.727272727272727,3.0,9.0,53.9,35.59478738367303,107.0,1.0575139146567718,0.0,0.0,2.0,1572.4,4.0,3513.6000000000004,6.0,4420.5,0.6666666666666666,1.3333333333333333,0.08304462930933863,12.0,0.0,,0.0,28.0,668.0,1.0,0.0,Male,Central,Bronze,<20k,In-Store,1.0,1
C10678,1,7.0,27.0,40358.9,1494.7740740740742,1117.1149710070795,513.0,10.148148148148149,5.333333333333333,2.0,17.0,19.46153846153846,14.77357307960608,58.0,0.3596837944664032,2.0,1769.0500000000002,5.0,6446.89,10.0,17271.42,19.0,27465.9,0.8333333333333334,1.0,0.07045095873297814,14.0,1.0,3.0,0.0,38.0,531.0,1.0,0.0,Male,Bangkok,Silver,20-40k,In-Store,3.0,1
C10679,0,23.0,22.0,40081.68,1821.8945454545456,1668.3137915492973,291.0,12.181818181818182,6.545454545454546,2.0,1.0,12.761904761904763,11.049455922826073,47.0,1.802238805970149,1.0,1398.5,3.0,5461.28,11.0,16270.869999999999,22.0,40081.68,0.3333333333333333,0.9166666666666666,0.011730036082176825,14.0,0.0,,0.0,43.0,312.0,0.0,1.0,Male,East,Gold,70-120k,Online Web,2.0,1
C10680,0,156.0,5.0,3572.46,714.492,549.4023426142265,269.0,5.6,3.0,2.0,4.0,28.25,24.349880218733453,61.0,5.522123893805309,0.0,0.0,0.0,0.0,1.0,499.38,5.0,3572.46,0.0,0.2,0.020532715533195335,8.0,0.0,,0.0,31.0,430.0,0.0,1.0,Male,Northeast,Silver,20-40k,In-Store,2.0,1
C10681,0,9.0,9.0,3252.44,361.38222222222225,298.0100394608283,454.0,4.222222222222222,2.4444444444444446,3.0,7.0,55.625,78.90489302227805,241.0,0.16179775280898875,1.0,303.68,2.0,345.28000000000003,2.0,345.28000000000003,6.0,1749.73,2.0,0.4,0.03456054997669842,11.0,1.0,3.0,0.0,43.0,604.0,0.0,1.0,Female,Central,Silver,20-40k,In-Store,2.0,1
C10682,0,5.0,6.0,4905.82,817.6366666666667,704.478100061788,204.0,5.5,3.0,1.0,6.0,39.8,65.6863760607936,157.0,0.1256281407035176,1.0,225.46,1.0,225.46,3.0,1669.63,6.0,4905.82,0.3333333333333333,0.75,0.03516297218469067,8.0,0.0,,0.0,32.0,307.0,0.0,0.0,Male,Central,Bronze,40-70k,In-Store,2.0,1
C10683,0,,,,,,,,,,,,,,,,,,,,,,,,,,,,,,,,,,,,,,,,0
C10684,1,48.0,17.0,25206.71,1482.7476470588235,1152.9637467280215,322.0,10.411764705882353,5.764705882352941,3.0,3.0,17.125,14.872233636321525,44.0,2.802919708029197,0.0,0.0,2.0,6925.43,6.0,12243.17,17.0,25206.71,0.4,0.5,0.05073595453783712,14.0,0.0,,0.0,34.0,372.0,1.0,1.0,Male,Central,Silver,>120k,Mobile App,1.0,1
C10685,1,33.0,4.0,8987.18,2246.795,1956.9999342105252,111.0,5.5,2.0,2.0,3.0,26.0,15.874507866387544,38.0,1.2692307692307692,0.0,0.0,3.0,6077.3,4.0,8987.18,4.0,8987.18,1.5,4.0,0.012885935526388049,5.0,0.0,,0.0,35.0,125.0,1.0,0.0,Male,Bangkok,Bronze,20-40k,In-Store,1.0,1
C10686,0,15.0,11.0,12336.15,1121.4681818181818,848.1029301189589,414.0,10.454545454545455,5.090909090909091,3.0,6.0,39.9,44.25795597027349,140.0,0.3759398496240602,2.0,1463.5,2.0,1463.5,3.0,3113.2,6.0,7105.35,1.0,0.75,0.06340040132987022,10.0,0.0,,0.0,35.0,430.0,1.0,0.0,Female,South,Bronze,20-40k,In-Store,2.0,1
C10687,0,26.0,30.0,45493.78,1516.4593333333332,1013.1597458716532,608.0,9.666666666666666,5.066666666666666,1.0,18.0,20.06896551724138,18.293111573334997,63.0,1.2955326460481098,1.0,1251.42,2.0,2275.2,6.0,10731.02,17.0,26448.420000000002,0.4,0.5,0.03824665517760411,14.0,0.0,,0.0,39.0,636.0,1.0,0.0,Female,East,Bronze,<20k,In-Store,2.0,1
C10688,0,11.0,19.0,31530.7,1659.5105263157895,1030.2436934934574,405.0,12.0,6.0,3.0,13.0,21.88888888888889,19.27170705491492,72.0,0.5025380710659898,1.0,3226.54,2.0,4025.29,8.0,14474.73,16.0,27111.7,0.2857142857142857,0.8888888888888888,0.01271728426566803,13.0,0.0,,0.0,32.0,417.0,1.0,1.0,Female,Northeast,Silver,40-70k,In-Store,2.0,1
C10689,0,8.0,50.0,85179.8,1703.596,1276.5669041996816,362.0,9.1,4.96,3.0,4.0,7.224489795918367,6.880725816009678,30.0,1.1073446327683616,3.0,2966.9399999999996,15.0,26705.54,27.0,52891.43,50.0,85179.8,1.1538461538461537,1.125,0.007050795218025603,14.0,0.0,,0.0,48.0,362.0,0.0,0.0,Female,Bangkok,Platinum,40-70k,Mobile App,2.0,1
C10690,0,8.0,18.0,13708.6,761.588888888889,420.17090063433625,427.0,7.444444444444445,3.6666666666666665,2.0,4.0,24.647058823529413,25.386859732129604,91.0,0.32458233890214794,2.0,3010.25,3.0,3613.95,8.0,7366.4,12.0,9199.53,0.5,1.6,0.02864479630634754,14.0,0.0,,0.0,46.0,443.0,0.0,1.0,Male,Central,Gold,40-70k,Mobile App,2.0,1
C10691,0,21.0,20.0,33061.65,1653.0825,1236.7987292959829,423.0,12.45,6.15,3.0,3.0,21.157894736842106,21.769660738168856,70.0,0.9925373134328358,1.0,124.68,3.0,2950.11,5.0,8803.11,17.0,29961.64,1.0,0.38461538461538464,0.0,14.0,2.0,3.5,0.0,32.0,428.0,1.0,1.0,Female,Bangkok,Gold,20-40k,Mobile App,1.0,1
C10692,0,1.0,85.0,260055.82,3059.480235294118,1252.8733500114809,638.0,17.611764705882354,9.470588235294118,3.0,13.0,7.583333333333333,7.204764710811354,46.0,0.13186813186813187,2.0,3522.8900000000003,10.0,25633.15,22.0,65161.16,44.0,138106.01,0.7692307692307693,0.9565217391304348,0.0240278917991843,14.0,1.0,3.0,1.0,39.0,650.0,1.0,1.0,Female,Central,Silver,70-120k,Mobile App,1.0,1
C10693,1,2.0,3.0,1824.23,608.0766666666667,310.67164166259744,36.0,6.333333333333333,3.0,1.0,3.0,17.0,19.79898987322333,31.0,0.11764705882352941,2.0,1412.28,3.0,1824.23,3.0,1824.23,3.0,1824.23,3.0,3.0,0.002826063190116978,6.0,1.0,1.0,0.0,22.0,39.0,1.0,0.0,Female,Northeast,Silver,20-40k,In-Store,3.0,1
C10694,0,17.0,44.0,49150.75,1117.0625,773.764982230498,602.0,8.136363636363637,4.295454545454546,3.0,4.0,13.604651162790697,14.779553983352946,72.0,1.2495726495726496,1.0,707.07,10.0,8595.49,14.0,10854.92,27.0,26919.29,2.0,1.0,0.03488214549396001,14.0,0.0,,0.0,36.0,645.0,0.0,1.0,Male,South,Bronze,40-70k,Mobile App,1.0,1
C10695,0,68.0,11.0,8330.71,757.3372727272726,718.672028523316,249.0,5.0,3.0,3.0,4.0,18.1,11.386639344229517,33.0,3.756906077348066,0.0,0.0,1.0,1263.42,7.0,6654.21,11.0,8330.71,0.14285714285714285,1.4,0.04297843840718314,12.0,0.0,,0.0,32.0,255.0,1.0,1.0,Female,Bangkok,Platinum,>120k,Mobile App,2.0,1
C10696,1,38.0,21.0,12934.92,615.9485714285714,530.9702038748098,396.0,4.333333333333333,2.8095238095238093,3.0,13.0,17.9,14.458288462441118,47.0,2.122905027932961,0.0,0.0,3.0,1639.03,9.0,5128.07,18.0,11887.84,0.42857142857142855,0.9,0.09403784262706134,13.0,0.0,,0.0,41.0,412.0,0.0,0.0,Female,Northeast,Bronze,<20k,In-Store,1.0,1
C10697,0,65.0,4.0,1592.42,398.105,121.20316071236205,166.0,4.0,3.0,1.0,4.0,33.666666666666664,39.272551907577046,79.0,1.9306930693069309,0.0,0.0,2.0,982.05,4.0,1592.42,4.0,1592.42,0.6666666666666666,4.0,0.10359424695319316,7.0,0.0,,0.0,18.0,172.0,1.0,1.0,Male,Bangkok,Silver,Unknown,In-Store,1.0,1
C10698,1,30.0,23.0,20051.53,871.805652173913,677.9369785863452,485.0,5.826086956521739,3.3043478260869565,3.0,4.0,20.681818181818183,18.17477677503938,80.0,1.4505494505494505,0.0,0.0,2.0,1075.68,8.0,5714.25,19.0,15811.4,0.2857142857142857,0.6666666666666666,0.03871086821036483,14.0,1.0,4.0,1.0,34.0,516.0,1.0,0.0,Male,Bangkok,Bronze,40-70k,Mobile App,1.0,1
C10699,0,14.0,8.0,4171.530000000001,521.4412500000001,376.8695952727832,394.0,5.75,2.875,1.0,7.0,54.285714285714285,56.43496045807742,157.0,0.2578947368421053,2.0,404.99,3.0,1431.13,4.0,1937.1100000000001,5.0,2543.4300000000003,1.5,2.0,0.11219675187445063,8.0,1.0,2.0,0.0,28.0,404.0,0.0,0.0,Female,Bangkok,Silver,70-120k,In-Store,3.0,1
C10700,1,40.0,7.0,2897.52,413.93142857142857,231.33480898390332,288.0,4.571428571428571,2.7142857142857144,1.0,1.0,41.333333333333336,25.695654626155502,81.0,0.9677419354838709,0.0,0.0,1.0,580.96,4.0,2114.8900000000003,7.0,2897.52,0.25,1.0,0.045405127596908415,8.0,2.0,3.0,1.0,36.0,296.0,1.0,0.0,Male,South,Silver,40-70k,Online Web,1.0,1
C10701,0,3.0,17.0,20905.61,1229.7417647058824,1010.9053633268255,252.0,9.0,4.705882352941177,2.0,3.0,15.5625,13.124880951841048,41.0,0.1927710843373494,1.0,1192.29,3.0,2843.39,9.0,11905.1,17.0,20905.61,0.42857142857142855,1.0,0.032903453227292746,13.0,0.0,,0.0,33.0,271.0,1.0,1.0,Female,Northeast,Gold,>120k,Mobile App,1.0,1
C10702,0,1.0,3.0,5008.0,1669.3333333333333,812.4857673420091,25.0,12.0,5.333333333333333,1.0,3.0,12.0,4.242640687119285,15.0,0.08333333333333333,3.0,5008.0,3.0,5008.0,3.0,5008.0,3.0,5008.0,3.0,3.0,0.02409746553746741,11.0,0.0,,0.0,18.0,89.0,0.0,1.0,Male,Unknown,Silver,>120k,In-Store,1.0,1
C10703,1,277.0,4.0,3333.1400000000003,833.2850000000001,934.0759698047405,391.0,7.25,3.75,3.0,2.0,38.0,34.17601498127012,70.0,7.2894736842105265,0.0,0.0,0.0,0.0,0.0,0.0,2.0,2339.71,0.0,0.0,0.03526783000819105,9.0,0.0,,0.0,40.0,504.0,1.0,0.0,Male,East,Silver,20-40k,In-Store,2.0,1
C10704,0,32.0,8.0,2382.4700000000003,297.80875000000003,170.29713825609133,630.0,3.5,2.375,3.0,6.0,85.42857142857143,94.23349925027925,240.0,0.3745819397993311,0.0,0.0,3.0,1008.6600000000001,3.0,1008.6600000000001,5.0,1568.23,3.0,1.0,0.05725772306572173,6.0,0.0,,0.0,36.0,636.0,1.0,0.0,Male,Unknown,Bronze,20-40k,In-Store,1.0,1
C10705,0,15.0,39.0,97538.6,2500.9897435897437,1512.125706841874,450.0,12.923076923076923,7.051282051282051,3.0,7.0,11.447368421052632,9.22305386612017,39.0,1.3103448275862069,2.0,3744.34,7.0,26036.2,15.0,48078.69,33.0,84143.39,0.7777777777777778,0.7894736842105263,0.0053622898002283195,14.0,1.0,5.0,0.0,42.0,451.0,1.0,0.0,Male,Bangkok,Gold,40-70k,Online Web,3.0,1
C10706,0,2.0,24.0,16207.92,675.33,428.08903367935244,549.0,4.833333333333333,2.8333333333333335,3.0,4.0,23.782608695652176,21.68358516511161,77.0,0.08409506398537477,2.0,1647.46,5.0,3647.76,7.0,4657.01,19.0,11945.29,1.6666666666666667,0.5384615384615384,0.02815882917984307,13.0,0.0,,0.0,30.0,565.0,1.0,0.0,Female,Central,Silver,70-120k,Online Web,1.0,1
C10707,1,63.0,23.0,24250.74,1054.38,633.647770947924,555.0,8.695652173913043,4.608695652173913,3.0,4.0,22.363636363636363,12.981838796108145,50.0,2.817073170731707,0.0,0.0,2.0,1070.94,5.0,2960.4700000000003,15.0,13648.8,0.5,0.45454545454545453,0.03300521642875998,14.0,3.0,2.6666666666666665,1.0,40.0,578.0,1.0,0.0,Male,Northeast,Gold,40-70k,Online Web,2.0,1
C10708,0,127.0,7.0,4179.86,597.1228571428571,266.5052633447907,612.0,4.428571428571429,2.857142857142857,1.0,1.0,80.83333333333333,79.3307422546056,235.0,1.571134020618557,0.0,0.0,0.0,0.0,3.0,2214.7400000000002,3.0,2214.7400000000002,0.0,3.0,0.0473709520456001,11.0,0.0,,0.0,44.0,662.0,0.0,1.0,Female,Northeast,Gold,40-70k,Mobile App,1.0,1
C10709,1,27.0,18.0,22647.78,1258.21,1268.5149907203906,418.0,6.777777777777778,3.3333333333333335,3.0,11.0,23.0,22.24859546128699,81.0,1.173913043478261,1.0,1916.2,1.0,1916.2,7.0,4641.889999999999,12.0,15391.96,0.14285714285714285,1.1666666666666667,0.12046807335665778,13.0,0.0,,0.0,34.0,486.0,0.0,0.0,Female,North,Bronze,20-40k,In-Store,2.0,1
C10710,1,71.0,8.0,5267.54,658.4425,340.44344211421,456.0,9.5,5.25,1.0,1.0,55.0,56.938563381947034,174.0,1.290909090909091,0.0,0.0,2.0,1318.98,4.0,2894.34,6.0,3862.92,0.6666666666666666,1.3333333333333333,0.061459461770910544,11.0,1.0,5.0,0.0,19.0,492.0,1.0,1.0,Female,Bangkok,Bronze,40-70k,Mobile App,1.0,1
C10711,0,,,,,,,,,,,,,,,,,,,,,,,,,,,,,,,,,,,,,,,,0
C10712,0,18.0,31.0,31514.96,1016.6116129032258,776.2175449021869,394.0,6.645161290322581,3.5161290322580645,3.0,5.0,12.533333333333333,10.62441343884641,43.0,1.4361702127659575,2.0,3576.7,6.0,8757.73,13.0,15373.31,28.0,26337.78,0.75,0.8125,0.055733516064535596,14.0,0.0,,0.0,33.0,394.0,1.0,0.0,Female,South,Silver,40-70k,Mobile App,1.0,1
C10713,0,37.0,8.0,3169.35,396.16875,263.33741036589214,297.0,4.875,2.125,2.0,7.0,37.142857142857146,28.43371573460265,80.0,0.9961538461538461,0.0,0.0,2.0,541.19,4.0,839.89,8.0,3169.35,0.6666666666666666,0.8,0.08368774231599885,8.0,0.0,,0.0,23.0,361.0,1.0,0.0,Female,Bangkok,Silver,<20k,In-Store,2.0,1
C10714,1,20.0,7.0,14944.619999999999,2134.945714285714,1024.9704503197013,288.0,13.142857142857142,7.142857142857143,2.0,1.0,44.666666666666664,41.61570216476789,98.0,0.44776119402985076,1.0,2845.57,1.0,2845.57,2.0,5469.09,7.0,14944.619999999999,0.5,0.3333333333333333,0.04688160686645352,12.0,0.0,,0.0,50.0,338.0,1.0,1.0,Female,Bangkok,Bronze,40-70k,Mobile App,1.0,1
C10715,0,7.0,6.0,1674.16,279.0266666666667,143.34373340563815,270.0,5.5,3.0,2.0,5.0,52.6,30.680612770934026,97.0,0.13307984790874525,1.0,345.8,2.0,440.73,4.0,986.04,6.0,1674.16,0.6666666666666666,1.3333333333333333,0.04421646371052917,8.0,0.0,,0.0,28.0,467.0,0.0,0.0,Female,Northeast,Bronze,20-40k,In-Store,1.0,1
C10716,0,0.0,78.0,164021.47,2102.839358974359,1195.4763775212255,636.0,13.012820512820513,6.897435897435898,3.0,12.0,8.25974025974026,7.635448143540753,36.0,0.0,8.0,22214.79,13.0,29471.42,26.0,57704.56,49.0,102040.85,0.9285714285714286,1.0833333333333333,0.028705745720735684,14.0,0.0,,0.0,53.0,668.0,0.0,1.0,Male,East,Silver,>120k,Online Web,1.0,1
C10717,0,2.0,18.0,22025.690000000002,1223.6494444444445,705.6065604226181,343.0,8.666666666666666,4.722222222222222,2.0,14.0,20.058823529411764,21.669306023253533,78.0,0.09970674486803519,1.0,517.77,4.0,3087.23,8.0,9280.82,18.0,22025.690000000002,0.8,0.7272727272727273,0.027768532733489358,12.0,0.0,,0.0,33.0,365.0,1.0,0.0,Male,Northeast,Gold,20-40k,In-Store,1.0,1
C10718,1,120.0,27.0,23901.16,885.2281481481482,659.150895319338,624.0,6.222222222222222,3.1481481481481484,3.0,3.0,19.384615384615383,20.924773686856298,92.0,6.190476190476191,0.0,0.0,0.0,0.0,3.0,1483.6399999999999,12.0,12089.199999999999,0.0,0.3,0.06522240760426176,13.0,2.0,4.0,0.0,39.0,657.0,1.0,0.0,Male,Central,Gold,40-70k,Mobile App,3.0,1
C10719,0,9.0,25.0,44678.39,1787.1356,873.9250926236946,391.0,12.6,6.88,3.0,14.0,15.916666666666666,14.467104114136848,62.0,0.5654450261780105,2.0,3399.31,6.0,13783.96,8.0,19491.2,20.0,36511.729999999996,2.0,0.6153846153846154,0.0,14.0,0.0,,0.0,45.0,408.0,1.0,0.0,Female,Northeast,Silver,40-70k,In-Store,1.0,1
C10720,0,20.0,20.0,20420.85,1021.0424999999999,730.5519845033905,356.0,6.65,3.1,3.0,11.0,17.68421052631579,15.850175714339532,54.0,1.130952380952381,1.0,118.54,5.0,2204.05,8.0,5007.66,20.0,20420.85,1.25,0.6153846153846154,0.0015089202809936187,13.0,0.0,,0.0,45.0,366.0,1.0,1.0,Male,Northeast,Gold,40-70k,In-Store,2.0,1
C10721,0,94.0,11.0,6363.14,578.4672727272728,474.8521586576376,547.0,5.181818181818182,3.272727272727273,3.0,2.0,45.3,46.44722213915967,163.0,2.075055187637969,0.0,0.0,0.0,0.0,1.0,275.58,4.0,2706.81,0.0,0.25,0.02781134790998553,12.0,0.0,,0.0,41.0,573.0,0.0,1.0,Female,Bangkok,Bronze,<20k,Mobile App,1.0,1
C10722,0,8.0,7.0,2769.93,395.7042857142857,214.95629826061096,457.0,4.285714285714286,2.5714285714285716,2.0,6.0,74.83333333333333,48.95474100295769,134.0,0.10690423162583519,1.0,231.73,1.0,231.73,2.0,355.91999999999996,6.0,2392.8,0.5,0.4,0.04063382111005282,7.0,1.0,3.0,0.0,18.0,470.0,1.0,1.0,Female,South,Bronze,40-70k,In-Store,1.0,1
C10723,0,,,,,,,,,,,,,,,,,,,,,,,,,,,,,,,,,,,,,,,,0
C10724,0,71.0,10.0,17107.56,1710.756,1065.9667495564765,310.0,12.0,6.5,1.0,1.0,26.555555555555557,25.583740496217082,71.0,2.6736401673640167,0.0,0.0,1.0,714.96,3.0,4274.02,10.0,17107.56,0.3333333333333333,0.375,0.03747680556508901,14.0,0.0,,0.0,39.0,383.0,0.0,1.0,Male,East,Platinum,20-40k,Mobile App,1.0,1
C10725,0,5.0,9.0,6374.35,708.2611111111112,669.2676588713301,157.0,6.111111111111111,3.0,1.0,9.0,19.0,20.064182728719068,62.0,0.2631578947368421,1.0,660.27,7.0,5241.6900000000005,9.0,6374.35,9.0,6374.35,2.3333333333333335,9.0,0.058373501183985245,10.0,0.0,,0.0,31.0,267.0,0.0,1.0,Male,Bangkok,Bronze,40-70k,In-Store,1.0,1
C10726,0,1.0,73.0,173764.15,2380.330821917808,1256.3588353361044,385.0,12.904109589041095,6.712328767123288,3.0,22.0,5.333333333333333,4.2888653741034,17.0,0.1875,6.0,13332.5,22.0,48507.43,39.0,84919.53,68.0,160198.35,1.2222222222222223,1.3,0.0,14.0,0.0,,0.0,34.0,387.0,0.0,1.0,Male,Bangkok,Gold,70-120k,In-Store,3.0,1
C10727,0,1.0,49.0,116805.51,2383.7859183673468,1326.0514549750046,359.0,11.46938775510204,6.489795918367347,2.0,5.0,7.458333333333333,7.437565185363072,32.0,0.1340782122905028,4.0,10780.9,8.0,17738.58,22.0,58592.44,49.0,116805.51,0.5333333333333333,0.7857142857142857,0.005096679939368273,14.0,1.0,2.0,0.0,24.0,370.0,1.0,1.0,Female,South,Gold,Unknown,Mobile App,2.0,1
C10728,0,4.0,22.0,39453.3,1793.3318181818183,790.0164895906339,351.0,11.863636363636363,6.363636363636363,3.0,3.0,16.523809523809526,17.098593648657328,71.0,0.24207492795389046,1.0,1219.48,9.0,15401.98,15.0,27792.52,22.0,39453.3,1.2857142857142858,1.875,0.02099583567207667,13.0,0.0,,0.0,30.0,388.0,1.0,1.0,Female,Bangkok,Silver,40-70k,Mobile App,2.0,1
C10729,0,6.0,14.0,4179.39,298.52785714285716,215.9412020106959,601.0,3.7142857142857144,2.0714285714285716,3.0,8.0,45.76923076923077,45.426045844049,175.0,0.13109243697478992,1.0,526.67,5.0,2423.6,5.0,2423.6,8.0,3234.31,5.0,1.25,0.024398271672374072,10.0,0.0,,0.0,37.0,652.0,0.0,0.0,Female,Central,Bronze,40-70k,In-Store,3.0,1
C10730,0,15.0,4.0,3049.26,762.315,466.63724908469675,133.0,8.75,4.0,2.0,1.0,39.333333333333336,38.68246803570493,84.0,0.3813559322033898,1.0,1288.25,3.0,2739.91,4.0,3049.26,4.0,3049.26,1.5,4.0,0.08831171160935589,7.0,0.0,,0.0,41.0,258.0,1.0,1.0,Female,Bangkok,Gold,20-40k,Mobile App,1.0,1
C10731,0,4.0,1.0,705.76,705.76,,4.0,5.0,3.0,1.0,1.0,,,,,1.0,705.76,1.0,705.76,1.0,705.76,1.0,705.76,1.0,1.0,0.0,3.0,0.0,,0.0,23.0,76.0,1.0,0.0,Male,East,Silver,<20k,In-Store,1.0,1
C10732,0,50.0,17.0,8685.1,510.8882352941177,548.8398792821466,597.0,4.470588235294118,2.235294117647059,3.0,7.0,34.1875,44.73062895451692,192.0,1.4625228519195612,0.0,0.0,3.0,1337.3500000000001,6.0,4177.400000000001,10.0,6658.450000000001,0.75,1.2,0.1102170697024461,11.0,0.0,,0.0,25.0,641.0,1.0,0.0,Male,South,Silver,20-40k,In-Store,1.0,1
C10733,0,16.0,34.0,46625.06,1371.325294117647,697.0282942269567,468.0,11.529411764705882,5.970588235294118,3.0,21.0,13.696969696969697,10.156539914277056,35.0,1.168141592920354,1.0,2010.98,6.0,11665.99,13.0,22187.35,24.0,33018.87,0.75,1.0833333333333333,0.0,13.0,0.0,,0.0,20.0,483.0,1.0,0.0,Female,Northeast,Gold,40-70k,In-Store,3.0,1
C10734,0,3.0,47.0,115445.08,2456.2782978723403,1226.80226294485,407.0,15.063829787234043,8.27659574468085,3.0,20.0,8.782608695652174,6.217941937037298,26.0,0.3415841584158416,5.0,15141.08,13.0,34919.84,25.0,66635.19,41.0,100877.52,1.0,1.4705882352941178,0.024758257300094802,14.0,1.0,5.0,0.0,68.0,422.0,1.0,0.0,Male,Bangkok,Silver,Unknown,In-Store,1.0,1
C10735,0,,,,,,,,,,,,,,,,,,,,,,,,,,,,,,,,,,,,,,,,0
C10736,0,16.0,9.0,5167.81,574.2011111111111,383.7274689947426,396.0,7.333333333333333,4.0,2.0,1.0,47.5,35.156791662493895,102.0,0.3368421052631579,1.0,544.83,2.0,1825.7200000000003,3.0,2407.3,6.0,3883.73,1.0,0.75,0.021446411427987134,10.0,0.0,,0.0,36.0,482.0,0.0,1.0,Male,Bangkok,Gold,70-120k,Mobile App,3.0,1
C10737,0,140.0,2.0,349.69,174.845,218.715198488811,211.0,3.0,2.0,1.0,2.0,71.0,,71.0,1.971830985915493,0.0,0.0,0.0,0.0,1.0,329.5,2.0,349.69,0.0,0.5,0.024139085784450523,4.0,0.0,,0.0,29.0,284.0,0.0,0.0,Male,Bangkok,Gold,20-40k,In-Store,3.0,1
C10738,0,36.0,12.0,4876.74,406.395,225.67336848962603,430.0,5.833333333333333,3.0,3.0,2.0,35.81818181818182,25.257942045298076,71.0,1.0050761421319796,0.0,0.0,2.0,750.45,4.0,2196.66,8.0,3593.93,0.6666666666666666,0.8,0.01976454602648807,10.0,1.0,2.0,1.0,51.0,455.0,0.0,1.0,Female,Bangkok,Bronze,20-40k,Online Web,1.0,1
C10739,0,1.0,19.0,25985.42,1367.6536842105263,931.8089183065766,389.0,10.894736842105264,5.7368421052631575,3.0,14.0,21.555555555555557,20.41689675740695,73.0,0.04639175257731958,3.0,4402.43,10.0,13305.59,11.0,15014.48,18.0,25441.11,5.0,1.375,0.08823823527038203,14.0,1.0,3.0,0.0,49.0,403.0,0.0,0.0,Male,Central,Silver,<20k,In-Store,2.0,1
C10740,1,87.0,4.0,1258.41,314.6025,225.30758699682823,162.0,3.0,2.25,2.0,4.0,25.0,16.522711641858304,36.0,3.48,0.0,0.0,1.0,350.71,4.0,1258.41,4.0,1258.41,0.25,4.0,0.02928176369400711,5.0,2.0,2.0,2.0,20.0,192.0,0.0,1.0,Female,Bangkok,Bronze,20-40k,In-Store,2.0,1
C10741,0,34.0,8.0,4267.96,533.495,377.5594001705464,247.0,5.25,2.875,1.0,6.0,30.428571428571427,23.53619300040644,59.0,1.1173708920187795,0.0,0.0,3.0,2181.0299999999997,6.0,2662.33,8.0,4267.96,0.75,2.0,0.10034190700635331,11.0,1.0,5.0,0.0,39.0,256.0,1.0,0.0,Female,Bangkok,Bronze,20-40k,In-Store,1.0,1
C10742,1,276.0,8.0,7997.95,999.74375,725.9171504662714,627.0,8.5,4.125,3.0,5.0,50.142857142857146,29.76255237390644,108.0,5.504273504273504,0.0,0.0,0.0,0.0,0.0,0.0,2.0,2079.4900000000002,0.0,0.0,0.035314140009383974,10.0,0.0,,0.0,40.0,647.0,1.0,1.0,Male,South,Bronze,40-70k,In-Store,2.0,1
C10743,0,9.0,2.0,1696.9099999999999,848.4549999999999,100.09096487695581,13.0,5.5,2.5,1.0,1.0,4.0,,4.0,2.25,2.0,1696.9099999999999,2.0,1696.9099999999999,2.0,1696.9099999999999,2.0,1696.9099999999999,2.0,2.0,0.0,3.0,0.0,,0.0,24.0,27.0,0.0,0.0,Male,East,Bronze,40-70k,Online Web,1.0,1
C10744,1,107.0,4.0,1049.6399999999999,262.40999999999997,149.95538692113286,280.0,4.25,2.25,1.0,4.0,57.666666666666664,40.463975747982715,83.0,1.8554913294797688,0.0,0.0,0.0,0.0,1.0,352.15,4.0,1049.6399999999999,0.0,0.25,0.09566026519165653,7.0,2.0,2.0,0.0,25.0,282.0,1.0,0.0,Female,North,Silver,<20k,In-Store,1.0,1
C10745,1,73.0,22.0,34780.3,1580.9227272727273,862.1547346380895,464.0,10.681818181818182,5.409090909090909,3.0,17.0,18.61904761904762,17.760845110737804,68.0,3.920716112531969,0.0,0.0,4.0,5110.68,7.0,11760.550000000001,19.0,28862.57,1.0,0.5384615384615384,0.04601367167464025,14.0,2.0,2.0,0.0,21.0,501.0,1.0,1.0,Male,Northeast,Bronze,<20k,In-Store,3.0,1
C10746,0,42.0,37.0,43578.58,1177.7994594594595,705.150366064438,604.0,8.64864864864865,4.8108108108108105,3.0,17.0,15.61111111111111,15.222685660886471,72.0,2.6903914590747333,0.0,0.0,4.0,6786.8,9.0,14451.43,22.0,28633.06,0.6666666666666666,0.6428571428571429,0.019542297171609088,14.0,0.0,,0.0,30.0,628.0,1.0,0.0,Female,Northeast,Silver,70-120k,In-Store,1.0,1
C10747,0,2.0,39.0,59393.16,1522.9015384615386,958.7433896856822,623.0,11.76923076923077,6.153846153846154,3.0,4.0,16.342105263157894,14.064093279426299,48.0,0.12238325281803543,3.0,4196.92,4.0,5685.39,12.0,21294.84,22.0,32808.6,0.4444444444444444,1.0909090909090908,0.0,14.0,0.0,,0.0,33.0,653.0,1.0,1.0,Male,Central,Silver,<20k,Mobile App,2.0,1
C10748,1,3.0,3.0,3036.27,1012.09,758.8614834737629,21.0,9.0,5.0,2.0,1.0,9.0,7.0710678118654755,14.0,0.3333333333333333,3.0,3036.27,3.0,3036.27,3.0,3036.27,3.0,3036.27,3.0,3.0,0.0,7.0,1.0,1.0,1.0,24.0,38.0,1.0,0.0,Female,Central,Bronze,70-120k,Online Web,3.0,1
C10749,0,23.0,24.0,18538.01,772.4170833333333,718.485636433108,462.0,5.541666666666667,2.9583333333333335,2.0,3.0,19.08695652173913,17.82978367145129,70.0,1.20501138952164,1.0,965.63,3.0,3387.89,10.0,5900.19,22.0,15774.31,0.375,0.7692307692307693,0.019220889980641552,11.0,1.0,4.0,0.0,26.0,467.0,1.0,1.0,Female,Northeast,Platinum,70-120k,Mobile App,2.0,1
C10750,1,411.0,3.0,2187.46,729.1533333333333,569.1352690998277,492.0,5.333333333333333,2.6666666666666665,1.0,3.0,40.5,44.54772721475249,72.0,10.148148148148149,0.0,0.0,0.0,0.0,0.0,0.0,0.0,0.0,0.0,0.0,0.010892812733150957,6.0,1.0,3.0,0.0,32.0,634.0,1.0,0.0,Female,Central,Bronze,<20k,In-Store,2.0,1
C10751,0,2.0,13.0,6709.61,516.1238461538461,475.8292898638205,410.0,4.846153846153846,2.769230769230769,3.0,10.0,34.0,24.576411454889016,70.0,0.058823529411764705,2.0,1374.75,3.0,1779.89,6.0,2244.14,10.0,5497.93,0.75,1.2,0.05739545050968228,9.0,0.0,,0.0,37.0,423.0,0.0,0.0,Female,Central,Bronze,<20k,In-Store,1.0,1
C10752,0,24.0,1.0,528.94,528.94,,24.0,6.0,3.0,1.0,1.0,,,,,1.0,528.94,1.0,528.94,1.0,528.94,1.0,528.94,1.0,1.0,0.0,3.0,0.0,,0.0,34.0,27.0,1.0,1.0,Male,Bangkok,Gold,70-120k,In-Store,3.0,1
C10753,0,2.0,20.0,27667.37,1383.3685,1000.5672977933175,394.0,9.3,4.8,1.0,1.0,20.63157894736842,22.475197505783495,88.0,0.09693877551020408,1.0,2143.27,3.0,5583.66,11.0,19006.29,18.0,26413.71,0.3333333333333333,1.375,0.04072670386009852,11.0,0.0,,0.0,50.0,413.0,0.0,1.0,Female,Central,Gold,>120k,Mobile App,3.0,1
C10754,1,72.0,3.0,1377.95,459.31666666666666,434.98085708837044,164.0,6.666666666666667,3.0,1.0,3.0,46.0,63.63961030678928,91.0,1.565217391304348,0.0,0.0,2.0,498.99,3.0,1377.95,3.0,1377.95,1.0,3.0,0.16264075498757283,7.0,4.0,2.5,2.0,30.0,185.0,1.0,0.0,Male,Bangkok,Silver,20-40k,In-Store,1.0,1
C10755,0,13.0,4.0,5919.48,1479.87,890.2752922177125,130.0,10.75,5.0,1.0,4.0,39.0,47.843494855622744,94.0,0.3333333333333333,2.0,2509.47,2.0,2509.47,4.0,5919.48,4.0,5919.48,0.6666666666666666,4.0,0.015140221746016959,10.0,0.0,,0.0,23.0,133.0,0.0,0.0,Male,Northeast,Bronze,40-70k,In-Store,1.0,1
C10756,0,19.0,45.0,145601.82,3235.596,1569.761627328696,478.0,17.355555555555554,9.222222222222221,2.0,23.0,10.431818181818182,8.8564724125399,42.0,1.8213507625272332,1.0,3770.73,8.0,19370.12,17.0,51572.23,37.0,114470.92,0.8,0.8095238095238095,0.011544151041769207,14.0,0.0,,0.0,48.0,478.0,1.0,0.0,Male,Bangkok,Gold,40-70k,In-Store,2.0,1
C10757,0,,,,,,,,,,,,,,,,,,,,,,,,,,,,,,,,,,,,,,,,0
C10758,0,,,,,,,,,,,,,,,,,,,,,,,,,,,,,,,,,,,,,,,,0
C10759,1,135.0,4.0,4215.93,1053.9825,473.7050638231205,173.0,7.0,2.75,2.0,3.0,12.666666666666666,6.429100507328637,20.0,10.657894736842106,0.0,0.0,0.0,0.0,4.0,4215.93,4.0,4215.93,0.0,4.0,0.07675580267298523,7.0,0.0,,0.0,41.0,195.0,1.0,1.0,Male,East,Bronze,40-70k,In-Store,2.0,1
C10760,0,0.0,17.0,31173.39,1833.7288235294118,1175.0451135322548,359.0,11.117647058823529,6.0,2.0,3.0,22.4375,18.118015895787266,60.0,0.0,3.0,7945.85,4.0,8456.51,7.0,13968.35,17.0,31173.39,1.0,0.6363636363636364,0.019916760147490102,13.0,0.0,,0.0,50.0,369.0,1.0,0.0,Male,Northeast,Silver,>120k,Mobile App,1.0,1
C10761,0,12.0,5.0,2803.88,560.7760000000001,311.987200266293,345.0,5.8,3.4,2.0,5.0,83.25,118.46905362442408,255.0,0.14414414414414414,1.0,943.39,1.0,943.39,1.0,943.39,5.0,2803.88,1.0,0.2,0.09282740011453383,7.0,1.0,3.0,0.0,35.0,350.0,0.0,0.0,Male,Central,Bronze,>120k,In-Store,1.0,1
C10762,1,116.0,6.0,2213.23,368.87166666666667,170.09165675207782,171.0,5.333333333333333,3.1666666666666665,2.0,6.0,11.0,8.276472678623424,20.0,10.545454545454545,0.0,0.0,0.0,0.0,6.0,2213.23,6.0,2213.23,0.0,6.0,0.03253120013988153,8.0,1.0,2.0,1.0,37.0,198.0,1.0,0.0,Male,East,Bronze,<20k,In-Store,3.0,1
C10763,0,15.0,1.0,553.28,553.28,,15.0,4.0,3.0,1.0,1.0,,,,,1.0,553.28,1.0,553.28,1.0,553.28,1.0,553.28,1.0,1.0,0.0,3.0,0.0,,0.0,43.0,15.0,0.0,1.0,Female,South,Bronze,<20k,Mobile App,1.0,1
C10764,0,3.0,50.0,146638.22,2932.7644,1601.5526358571742,370.0,15.1,8.2,3.0,5.0,7.489795918367347,5.605512350132055,23.0,0.4005449591280654,2.0,8172.74,12.0,45964.83,24.0,78414.96,49.0,140881.46,0.9230769230769231,0.9230769230769231,0.0,14.0,1.0,3.0,0.0,38.0,391.0,1.0,1.0,Male,Bangkok,Platinum,70-120k,Mobile App,1.0,1
C10765,0,4.0,72.0,213740.39,2968.616527777778,1334.1799770372852,471.0,15.958333333333334,8.63888888888889,3.0,25.0,6.577464788732394,6.7053538775923265,33.0,0.6081370449678801,6.0,19583.920000000002,13.0,38662.06,21.0,64125.44,51.0,159391.98,1.4444444444444444,0.6774193548387096,0.02206982245845909,14.0,0.0,,0.0,37.0,475.0,1.0,0.0,Male,North,Gold,40-70k,In-Store,1.0,1
C10766,0,33.0,3.0,1452.47,484.1566666666667,129.0247051278682,116.0,6.0,2.6666666666666665,2.0,3.0,41.5,12.020815280171307,50.0,0.7951807228915663,0.0,0.0,2.0,829.76,3.0,1452.47,3.0,1452.47,1.0,3.0,0.0645279713523888,6.0,1.0,3.0,0.0,36.0,152.0,0.0,0.0,Female,Northeast,Bronze,20-40k,In-Store,3.0,1
C10767,0,9.0,34.0,25909.49,762.0438235294118,527.575787386469,604.0,5.647058823529412,2.9705882352941178,1.0,17.0,18.03030303030303,19.875369255193803,65.0,0.4991596638655462,2.0,1044.25,7.0,6341.780000000001,10.0,7733.8,24.0,17034.94,1.75,0.6666666666666666,0.03028773063400445,14.0,0.0,,0.0,44.0,612.0,1.0,0.0,Female,Northeast,Gold,20-40k,In-Store,3.0,1
C10768,0,31.0,6.0,5111.68,851.9466666666667,533.5676184202586,266.0,6.833333333333333,2.8333333333333335,1.0,6.0,47.0,33.1436268383531,97.0,0.6595744680851063,0.0,0.0,1.0,1581.17,2.0,2786.41,6.0,5111.68,0.5,0.4,0.03236810173643252,7.0,0.0,,0.0,35.0,272.0,1.0,0.0,Female,South,Silver,20-40k,In-Store,1.0,1
C10769,0,15.0,53.0,154505.39,2915.196037735849,1122.534801494676,456.0,16.735849056603772,8.88679245283019,2.0,25.0,8.48076923076923,6.4670822120843825,36.0,1.7687074829931975,2.0,3038.3100000000004,6.0,14305.99,18.0,44075.979999999996,40.0,113817.34,0.46153846153846156,0.782608695652174,0.008969062312183739,14.0,0.0,,0.0,35.0,470.0,1.0,0.0,Female,Northeast,Platinum,40-70k,In-Store,1.0,1
C10770,0,56.0,5.0,9534.1,1906.8200000000002,2076.1746448456597,179.0,10.0,4.6,1.0,1.0,30.75,9.5,41.0,1.8211382113821137,0.0,0.0,1.0,562.81,5.0,9534.1,5.0,9534.1,0.2,5.0,0.0,9.0,0.0,,0.0,18.0,333.0,1.0,0.0,Female,Central,Silver,20-40k,Mobile App,1.0,1
C10771,1,261.0,13.0,23823.71,1832.5930769230768,895.0948680483036,585.0,13.076923076923077,6.923076923076923,3.0,9.0,27.0,37.18259612433557,138.0,9.666666666666666,0.0,0.0,0.0,0.0,0.0,0.0,1.0,1375.95,0.0,0.0,0.057639211926167125,14.0,2.0,1.5,0.0,45.0,585.0,1.0,0.0,Male,Northeast,Silver,20-40k,In-Store,1.0,1
C10772,0,15.0,46.0,58607.81,1274.0828260869564,763.7239793615465,613.0,11.152173913043478,6.0,3.0,20.0,13.28888888888889,11.021924890091944,47.0,1.12876254180602,1.0,401.56,10.0,12826.62,16.0,20194.73,28.0,37451.84,1.4285714285714286,1.2307692307692308,0.037596709873253926,14.0,0.0,,0.0,32.0,635.0,0.0,0.0,Male,Northeast,Silver,20-40k,In-Store,2.0,1
C10773,0,21.0,10.0,3388.54,338.854,290.1319439764528,435.0,5.7,3.4,1.0,1.0,46.0,50.0524724664027,156.0,0.45652173913043476,1.0,158.46,2.0,307.99,2.0,307.99,8.0,1789.9,2.0,0.2857142857142857,0.03148874871023892,10.0,0.0,,0.0,45.0,448.0,1.0,1.0,Male,Bangkok,Bronze,40-70k,Mobile App,1.0,1
C10774,0,3.0,39.0,97808.95,2507.9217948717946,1185.8794064718647,335.0,13.615384615384615,7.256410256410256,3.0,18.0,8.736842105263158,5.935164154592779,24.0,0.3433734939759036,3.0,5353.56,12.0,24962.52,19.0,45792.17,39.0,97808.95,1.5,0.9047619047619048,0.0,14.0,0.0,,0.0,34.0,372.0,1.0,0.0,Male,Northeast,Platinum,40-70k,In-Store,1.0,1
C10775,0,21.0,15.0,27083.59,1805.5726666666667,753.2223810257467,409.0,15.4,8.066666666666666,3.0,4.0,27.714285714285715,25.526542962265683,97.0,0.7577319587628866,1.0,2439.03,4.0,7346.150000000001,5.0,8771.580000000002,13.0,23863.06,2.0,0.5555555555555556,0.006558485884766523,12.0,2.0,3.0,0.0,24.0,421.0,1.0,0.0,Male,Bangkok,Silver,40-70k,Online Web,2.0,1
C10776,0,18.0,17.0,24679.99,1451.7641176470588,1051.9631966058678,296.0,9.117647058823529,5.470588235294118,3.0,2.0,17.375,14.867750334196495,49.0,1.0359712230215827,1.0,911.29,5.0,5602.89,9.0,13838.52,17.0,24679.99,1.0,1.0,0.006475223865215509,11.0,1.0,3.0,0.0,34.0,312.0,1.0,0.0,Male,East,Silver,70-120k,Mobile App,3.0,1
C10777,0,6.0,2.0,4429.95,2214.975,2384.7105484838194,58.0,9.5,4.5,2.0,2.0,52.0,,52.0,0.11538461538461539,1.0,3901.22,2.0,4429.95,2.0,4429.95,2.0,4429.95,2.0,2.0,0.0,7.0,0.0,,0.0,26.0,86.0,1.0,1.0,Female,Central,Bronze,40-70k,In-Store,3.0,1
C10778,1,66.0,3.0,3483.77,1161.2566666666667,347.65804238264553,114.0,7.666666666666667,3.3333333333333335,3.0,2.0,24.0,4.242640687119285,27.0,2.75,0.0,0.0,2.0,1946.47,3.0,3483.77,3.0,3483.77,1.0,3.0,0.09315788788671533,4.0,1.0,2.0,0.0,20.0,138.0,1.0,0.0,Female,South,Bronze,Unknown,Online Web,1.0,1
C10779,1,84.0,16.0,19607.73,1225.483125,801.4556899518836,576.0,9.6875,5.3125,2.0,11.0,32.8,35.33553452263033,122.0,2.5609756097560976,0.0,0.0,1.0,2384.59,2.0,3631.5600000000004,7.0,8175.15,0.5,0.3333333333333333,0.04060224469285442,14.0,0.0,,0.0,40.0,614.0,0.0,0.0,Female,Bangkok,Gold,>120k,In-Store,3.0,1
C10780,1,87.0,14.0,26729.55,1909.2535714285714,730.4256142889162,411.0,15.428571428571429,7.714285714285714,2.0,10.0,24.923076923076923,30.960893447653007,90.0,3.490740740740741,0.0,0.0,1.0,917.11,3.0,5957.61,12.0,22122.25,0.3333333333333333,0.3,0.015254056204777555,13.0,1.0,2.0,0.0,45.0,426.0,0.0,1.0,Male,Bangkok,Silver,20-40k,In-Store,1.0,1
C10781,0,,,,,,,,,,,,,,,,,,,,,,,,,,,,,,,,,,,,,,,,0
C10782,1,291.0,5.0,10775.86,2155.172,1812.664371283333,592.0,13.6,7.2,1.0,1.0,75.25,64.66000824827249,168.0,3.867109634551495,0.0,0.0,0.0,0.0,0.0,0.0,2.0,6006.6900000000005,0.0,0.0,0.11040205792368314,13.0,0.0,,0.0,35.0,622.0,1.0,1.0,Male,North,Gold,<20k,Mobile App,1.0,1
C10783,0,19.0,3.0,3131.5299999999997,1043.8433333333332,700.975375625516,60.0,7.0,3.0,1.0,1.0,20.5,27.577164466275352,40.0,0.926829268292683,1.0,656.68,3.0,3131.5299999999997,3.0,3131.5299999999997,3.0,3131.5299999999997,3.0,3.0,0.0,2.0,0.0,,0.0,40.0,80.0,1.0,0.0,Female,Northeast,Bronze,40-70k,Online Web,1.0,1
C10784,0,101.0,24.0,53307.39,2221.14125,1025.2740806086606,635.0,17.125,8.75,2.0,16.0,23.217391304347824,39.899825155391724,195.0,4.3501872659176035,0.0,0.0,0.0,0.0,7.0,12651.48,13.0,23928.84,0.0,1.0,0.046197027660566936,14.0,1.0,4.0,0.0,34.0,655.0,1.0,1.0,Female,East,Silver,70-120k,In-Store,2.0,1
C10785,0,30.0,5.0,3803.5299999999997,760.7059999999999,351.09465957203054,176.0,6.8,3.4,2.0,1.0,36.5,29.080348461919545,74.0,0.821917808219178,0.0,0.0,3.0,2898.8500000000004,5.0,3803.5299999999997,5.0,3803.5299999999997,1.0,5.0,0.03324581313717965,6.0,1.0,4.0,0.0,35.0,190.0,1.0,1.0,Female,Central,Silver,<20k,Online Web,2.0,1
C10786,0,7.0,30.0,46382.36,1546.0786666666668,1210.4869577463537,371.0,11.666666666666666,6.133333333333334,2.0,1.0,12.551724137931034,11.350224059766246,38.0,0.5576923076923077,2.0,3176.3999999999996,6.0,8265.0,10.0,15949.94,29.0,46104.49,1.2,0.5,0.022480539121550194,14.0,1.0,2.0,1.0,33.0,387.0,1.0,0.0,Female,Unknown,Platinum,20-40k,Mobile App,3.0,1
C10787,0,14.0,4.0,6192.71,1548.1775,666.3780641835385,57.0,6.25,3.25,1.0,4.0,14.333333333333334,10.066445913694334,25.0,0.9767441860465116,1.0,1362.26,4.0,6192.71,4.0,6192.71,4.0,6192.71,4.0,4.0,0.0,5.0,1.0,4.0,0.0,34.0,69.0,0.0,0.0,Female,North,Silver,>120k,In-Store,2.0,1
C10788,0,1.0,19.0,15749.19,828.9047368421053,648.0946962131761,317.0,6.105263157894737,3.473684210526316,3.0,2.0,17.555555555555557,15.481382451653955,50.0,0.056962025316455694,3.0,3068.29,6.0,4929.96,13.0,9944.51,19.0,15749.19,0.75,1.8571428571428572,0.0,13.0,1.0,4.0,0.0,28.0,349.0,1.0,1.0,Female,Unknown,Silver,Unknown,Mobile App,2.0,1
C10789,0,8.0,3.0,7315.1,2438.366666666667,1108.9048505770604,117.0,16.333333333333332,8.333333333333334,2.0,1.0,54.5,68.58935777509511,103.0,0.14678899082568808,2.0,6153.469999999999,2.0,6153.469999999999,3.0,7315.1,3.0,7315.1,1.0,3.0,0.015135603808539053,11.0,1.0,3.0,0.0,26.0,122.0,0.0,1.0,Male,Central,Gold,40-70k,Online Web,2.0,1
C10790,0,48.0,4.0,2377.18,594.295,346.5016645943662,239.0,4.5,3.0,1.0,1.0,63.666666666666664,91.66424239218549,169.0,0.7539267015706806,0.0,0.0,3.0,1720.46,3.0,1720.46,4.0,2377.18,3.0,1.5,0.031954879563455704,6.0,1.0,5.0,0.0,34.0,246.0,0.0,1.0,Male,Bangkok,Bronze,20-40k,Mobile App,3.0,1
C10791,1,171.0,6.0,3220.13,536.6883333333334,388.85412459772965,421.0,5.333333333333333,2.8333333333333335,2.0,6.0,50.0,79.01582120056717,191.0,3.42,0.0,0.0,0.0,0.0,1.0,373.8,4.0,2244.9300000000003,0.0,0.25,0.027101089784067462,10.0,1.0,3.0,0.0,42.0,427.0,0.0,1.0,Male,Bangkok,Gold,<20k,In-Store,2.0,1
C10792,1,46.0,7.0,2561.62,365.94571428571425,295.5799628333616,425.0,5.142857142857143,2.7142857142857144,3.0,2.0,63.166666666666664,60.02471713108415,177.0,0.7282321899736148,0.0,0.0,1.0,50.58,1.0,50.58,5.0,1810.42,1.0,0.2,0.1294379929923296,7.0,1.0,4.0,1.0,30.0,434.0,1.0,1.0,Male,Northeast,Silver,70-120k,Online Web,2.0,1
C10793,1,384.0,3.0,1876.98,625.66,400.80168649844774,415.0,8.333333333333334,4.333333333333333,1.0,1.0,15.5,2.1213203435596424,17.0,24.774193548387096,0.0,0.0,0.0,0.0,0.0,0.0,0.0,0.0,0.0,0.0,0.048015621433824464,6.0,1.0,2.0,0.0,24.0,463.0,1.0,1.0,Male,Central,Silver,<20k,Mobile App,1.0,1
C10794,1,92.0,24.0,29687.14,1236.9641666666666,854.2008936041087,529.0,9.375,4.916666666666667,2.0,1.0,19.0,27.58622844826744,138.0,4.842105263157895,0.0,0.0,0.0,0.0,5.0,6665.84,9.0,9028.95,0.0,1.0,0.07451943010592459,13.0,0.0,,0.0,48.0,543.0,0.0,1.0,Male,Unknown,Bronze,20-40k,Mobile App,2.0,1
C10795,0,21.0,25.0,34184.01,1367.3604,723.8876769711353,408.0,11.76,6.2,2.0,17.0,16.125,12.5881673218042,45.0,1.302325581395349,2.0,1442.38,8.0,11777.66,13.0,17634.84,22.0,30094.61,1.3333333333333333,1.3,0.01859033508136591,13.0,2.0,3.5,1.0,20.0,410.0,0.0,0.0,Female,Bangkok,Silver,>120k,In-Store,2.0,1
C10796,0,73.0,9.0,3146.84,349.6488888888889,253.25920316172343,528.0,4.444444444444445,2.3333333333333335,2.0,1.0,56.875,47.85226520985486,135.0,1.2835164835164836,0.0,0.0,1.0,83.92,2.0,383.57,4.0,1062.6699999999998,0.5,0.6666666666666666,0.029028794292978537,9.0,1.0,4.0,0.0,25.0,537.0,0.0,1.0,Male,Central,Gold,<20k,Mobile App,2.0,1
C10797,0,17.0,2.0,3459.05,1729.525,597.9931337816512,23.0,3.0,1.5,1.0,2.0,6.0,,6.0,2.8333333333333335,2.0,3459.05,2.0,3459.05,2.0,3459.05,2.0,3459.05,2.0,2.0,0.08629005843010049,3.0,0.0,,0.0,31.0,25.0,1.0,1.0,Male,Bangkok,Silver,<20k,In-Store,2.0,1
C10798,0,2.0,20.0,20908.3,1045.415,987.3885051381484,469.0,6.35,3.45,1.0,15.0,24.57894736842105,21.894483804205837,83.0,0.08137044967880086,2.0,1222.69,6.0,7622.139999999999,11.0,13002.16,17.0,18501.7,1.0,1.5714285714285714,0.04149591972299685,14.0,0.0,,0.0,34.0,501.0,0.0,1.0,Female,Bangkok,Gold,40-70k,In-Store,1.0,1
C10799,0,10.0,20.0,24385.8,1219.29,651.9599593533333,491.0,8.55,4.75,1.0,1.0,25.31578947368421,25.32686898133405,86.0,0.39501039501039503,1.0,1754.69,1.0,1754.69,7.0,7607.85,13.0,14870.33,0.14285714285714285,1.0,0.014495354115342089,14.0,0.0,,0.0,41.0,504.0,1.0,1.0,Female,Northeast,Silver,Unknown,Mobile App,2.0,1
C10800,0,31.0,12.0,7529.03,627.4191666666667,284.92920123677084,591.0,7.833333333333333,4.166666666666667,2.0,10.0,50.90909090909091,32.24113690754265,106.0,0.6089285714285715,0.0,0.0,3.0,1560.26,4.0,1869.6200000000001,8.0,5158.84,1.5,0.8,0.06578444510621402,10.0,0.0,,0.0,43.0,616.0,1.0,0.0,Male,Central,Bronze,70-120k,In-Store,2.0,1
C10801,1,45.0,3.0,4171.11,1390.37,1741.2865566873247,61.0,7.666666666666667,4.0,1.0,1.0,8.0,5.656854249492381,12.0,5.625,0.0,0.0,3.0,4171.11,3.0,4171.11,3.0,4171.11,3.0,3.0,0.029577222304943418,9.0,0.0,,0.0,29.0,78.0,1.0,1.0,Female,Central,Bronze,40-70k,Mobile App,2.0,1
C10802,0,1.0,63.0,182994.43,2904.673492063492,1554.6824621800392,614.0,16.634920634920636,8.682539682539682,3.0,22.0,9.887096774193548,9.627666483884216,53.0,0.10114192495921696,1.0,3789.0,8.0,29360.35,17.0,54048.2,33.0,104776.91,0.8,1.0,0.017843166247984973,14.0,0.0,,0.0,44.0,633.0,0.0,0.0,Female,Central,Gold,20-40k,In-Store,1.0,1
C10803,0,1.0,72.0,224301.08000000002,3115.292777777778,1744.5305595353552,579.0,16.72222222222222,9.152777777777779,3.0,3.0,8.140845070422536,7.173952436514213,40.0,0.12283737024221453,5.0,15299.7,8.0,32904.95,19.0,72066.56,45.0,140580.95,0.6666666666666666,0.7037037037037037,0.014225410360208125,14.0,0.0,,0.0,32.0,593.0,1.0,0.0,Male,Bangkok,Platinum,20-40k,Mobile App,2.0,1
C10804,1,231.0,2.0,43.44,21.72,11.129860735876258,241.0,1.0,1.0,1.0,2.0,10.0,,10.0,23.1,0.0,0.0,0.0,0.0,0.0,0.0,2.0,43.44,0.0,0.0,0.3000322268772156,2.0,4.0,3.0,2.0,36.0,267.0,0.0,0.0,Female,Northeast,Gold,20-40k,In-Store,2.0,1
C10805,0,1.0,74.0,210022.4,2838.1405405405403,1681.8911048659186,431.0,14.675675675675675,8.297297297297296,3.0,22.0,5.890410958904109,5.358175590823844,26.0,0.16976744186046513,7.0,19612.04,13.0,37138.41,30.0,83828.42,60.0,164074.32,0.7222222222222222,0.967741935483871,0.022390502075080684,14.0,0.0,,0.0,49.0,436.0,1.0,0.0,Female,Northeast,Platinum,70-120k,In-Store,2.0,1
C10806,0,10.0,54.0,176050.58000000002,3260.195925925926,1306.8314753451953,402.0,17.51851851851852,9.666666666666666,3.0,24.0,7.39622641509434,6.017089836590152,32.0,1.3520408163265305,4.0,15572.08,13.0,39423.3,24.0,75795.12,50.0,162369.92,1.0833333333333333,0.8888888888888888,0.0217386677786006,14.0,0.0,,0.0,40.0,405.0,1.0,0.0,Male,East,Platinum,40-70k,In-Store,3.0,1
C10807,0,,,,,,,,,,,,,,,,,,,,,,,,,,,,,,,,,,,,,,,,0
C10808,0,23.0,15.0,7871.79,524.786,353.4472493032022,531.0,5.733333333333333,3.2666666666666666,2.0,12.0,36.285714285714285,41.44027875505549,148.0,0.6338582677165354,1.0,433.66,1.0,433.66,2.0,1800.68,10.0,4787.78,0.5,0.2222222222222222,0.09948589706043855,13.0,0.0,,0.0,28.0,626.0,1.0,0.0,Male,South,Gold,40-70k,In-Store,1.0,1
C10809,0,0.0,6.0,3850.49,641.7483333333333,496.5432490092546,303.0,4.166666666666667,2.8333333333333335,2.0,6.0,60.6,27.024063351021066,90.0,0.0,1.0,605.34,1.0,605.34,3.0,1053.69,6.0,3850.49,0.3333333333333333,0.75,0.06383583958376388,8.0,1.0,4.0,0.0,21.0,381.0,1.0,1.0,Male,South,Bronze,20-40k,In-Store,1.0,1
C10810,1,78.0,15.0,18094.72,1206.3146666666667,638.5668334287634,547.0,10.8,6.066666666666666,3.0,12.0,33.5,23.99919870457217,70.0,2.328358208955224,0.0,0.0,1.0,1897.56,3.0,3601.48,9.0,9950.22,0.3333333333333333,0.42857142857142855,0.04783374220021954,14.0,0.0,,0.0,25.0,549.0,1.0,1.0,Male,Northeast,Bronze,40-70k,In-Store,1.0,1
C10811,0,3.0,66.0,159109.8,2410.754545454545,1439.1541834437464,444.0,11.742424242424242,6.303030303030303,3.0,22.0,6.7846153846153845,6.112211924940482,26.0,0.4421768707482993,3.0,9064.43,11.0,29186.940000000002,25.0,66093.48,52.0,124131.55,0.7333333333333333,0.8928571428571429,0.009138407054250909,14.0,0.0,,0.0,50.0,447.0,0.0,0.0,Female,Bangkok,Silver,40-70k,In-Store,1.0,1
C10812,0,0.0,55.0,125158.2,2275.6036363636363,1320.5712862892779,449.0,11.945454545454545,6.1454545454545455,3.0,23.0,8.314814814814815,7.721139993242454,46.0,0.0,2.0,4819.17,10.0,26205.45,14.0,33747.74,45.0,112509.27,2.0,0.4375,0.03663295141392081,14.0,0.0,,0.0,46.0,452.0,1.0,0.0,Male,Bangkok,Gold,40-70k,In-Store,2.0,1
C10813,0,1.0,57.0,135280.82,2373.347719298246,1072.6119672589923,436.0,13.771929824561404,7.2105263157894735,3.0,7.0,7.767857142857143,5.834041391783141,24.0,0.12873563218390804,5.0,10996.51,17.0,44663.12,25.0,64199.26,48.0,116129.72,1.8888888888888888,1.0416666666666667,0.0194530976265951,14.0,0.0,,0.0,39.0,471.0,1.0,1.0,Male,Central,Gold,40-70k,Mobile App,2.0,1
C10814,0,37.0,18.0,16286.27,904.7927777777778,647.5747856407878,251.0,6.333333333333333,3.611111111111111,2.0,4.0,12.588235294117647,13.299712513478493,51.0,2.939252336448598,0.0,0.0,5.0,6104.23,16.0,13026.42,18.0,16286.27,0.4166666666666667,5.333333333333333,0.015805112579851958,13.0,0.0,,0.0,39.0,280.0,0.0,1.0,Male,Bangkok,Silver,70-120k,Mobile App,1.0,1
C10815,1,117.0,8.0,6746.58,843.3225,562.1722313554299,422.0,6.0,3.25,1.0,8.0,43.57142857142857,35.50519747331435,88.0,2.685245901639344,0.0,0.0,0.0,0.0,3.0,2164.67,7.0,6515.18,0.0,0.6,0.032143389990015266,7.0,1.0,1.0,1.0,30.0,433.0,1.0,0.0,Male,Bangkok,Silver,<20k,In-Store,1.0,1
C10816,1,354.0,3.0,793.39,264.4633333333333,404.9503066221007,378.0,1.3333333333333333,1.0,3.0,2.0,12.0,9.899494936611665,19.0,29.5,0.0,0.0,0.0,0.0,0.0,0.0,2.0,755.21,0.0,0.0,0.012398083027323085,3.0,1.0,1.0,0.0,34.0,485.0,1.0,0.0,Male,North,Silver,40-70k,Online Web,2.0,1
C10817,0,36.0,7.0,8478.74,1211.2485714285715,1322.4162312150256,294.0,6.714285714285714,3.5714285714285716,2.0,6.0,43.0,29.099828178186893,76.0,0.8372093023255814,0.0,0.0,4.0,7297.09,5.0,7817.51,7.0,8478.74,2.0,1.6666666666666667,0.058873543978670555,8.0,0.0,,0.0,25.0,330.0,0.0,1.0,Female,North,Bronze,70-120k,In-Store,1.0,1
C10818,0,8.0,38.0,65936.07,1735.1597368421055,1204.7798023649032,628.0,10.68421052631579,5.5,3.0,19.0,16.756756756756758,15.81385715371421,64.0,0.4774193548387096,2.0,2042.43,3.0,2376.82,9.0,7703.55,22.0,36410.72,0.42857142857142855,0.6428571428571429,0.0201416435941397,14.0,0.0,,0.0,33.0,652.0,1.0,1.0,Female,North,Silver,40-70k,In-Store,1.0,1
C10819,0,7.0,19.0,18684.149999999998,983.3763157894736,928.2498340019035,503.0,9.526315789473685,5.315789473684211,3.0,3.0,27.555555555555557,22.646184517543222,88.0,0.2540322580645161,1.0,426.44,4.0,3514.27,5.0,3992.1,13.0,14626.75,2.0,0.5555555555555556,0.060622636680973736,14.0,0.0,,0.0,20.0,560.0,1.0,1.0,Female,Bangkok,Bronze,70-120k,Mobile App,2.0,1
C10820,0,13.0,12.0,9893.3,824.4416666666666,620.5471965031176,314.0,9.166666666666666,4.666666666666667,1.0,11.0,27.363636363636363,23.61894463041364,81.0,0.4750830564784053,1.0,947.73,2.0,1390.38,6.0,4735.01,12.0,9893.3,0.4,0.8571428571428571,0.06977903103118538,12.0,0.0,,0.0,37.0,363.0,1.0,0.0,Male,North,Silver,70-120k,In-Store,3.0,1
C10821,0,17.0,11.0,7846.2,713.290909090909,595.5994186272271,390.0,6.7272727272727275,3.5454545454545454,2.0,10.0,37.3,36.55148575791566,133.0,0.45576407506702415,1.0,493.45,4.0,2134.16,7.0,6098.58,10.0,7484.07,1.0,1.75,0.0864742016458414,13.0,0.0,,0.0,35.0,437.0,1.0,0.0,Female,Bangkok,Bronze,70-120k,In-Store,3.0,1
C10822,0,1.0,17.0,23039.03,1355.2370588235294,858.4729045867196,260.0,8.764705882352942,4.823529411764706,3.0,14.0,16.1875,19.023559954260225,70.0,0.06177606177606178,1.0,351.92,2.0,897.02,7.0,9375.43,17.0,23039.03,0.3333333333333333,0.6363636363636364,0.011892528495062686,14.0,1.0,4.0,0.0,36.0,260.0,1.0,0.0,Female,Central,Gold,>120k,In-Store,2.0,1
C10823,1,23.0,4.0,2817.01,704.2525,809.3378784485913,76.0,5.5,2.75,1.0,4.0,17.666666666666668,18.175074506954115,38.0,1.3018867924528301,1.0,1852.49,4.0,2817.01,4.0,2817.01,4.0,2817.01,4.0,4.0,0.00970604158024622,6.0,0.0,,0.0,18.0,83.0,1.0,1.0,Male,Central,Silver,>120k,In-Store,1.0,1
C10824,0,1.0,92.0,328073.77,3566.019239130435,1761.2636456275661,622.0,15.956521739130435,8.41304347826087,3.0,3.0,6.824175824175824,6.309769156885758,32.0,0.14653784219001612,8.0,28113.8,20.0,70462.69,30.0,109147.13,58.0,195418.55,1.8181818181818181,1.0344827586206897,0.009643421090087301,14.0,0.0,,0.0,35.0,628.0,1.0,1.0,Male,Bangkok,Platinum,70-120k,Mobile App,2.0,1
C10825,0,15.0,41.0,105264.08,2567.4165853658537,1674.4069461940987,446.0,13.634146341463415,7.365853658536586,3.0,2.0,10.775,11.175723460778494,46.0,1.3921113689095128,2.0,7990.95,12.0,33182.11,17.0,41949.06,31.0,85758.01,2.0,1.1333333333333333,0.028755151522532912,14.0,1.0,4.0,0.0,46.0,448.0,0.0,1.0,Male,Bangkok,Platinum,40-70k,Mobile App,3.0,1
C10826,0,5.0,47.0,92561.57,1969.3951063829788,1013.5369119463314,367.0,11.297872340425531,6.25531914893617,3.0,3.0,7.869565217391305,8.150279328961469,40.0,0.6353591160220994,4.0,6856.54,13.0,22732.62,28.0,51222.93,46.0,89844.8,0.8125,1.4736842105263157,0.016448284557001733,14.0,1.0,3.0,0.0,41.0,394.0,0.0,0.0,Male,Bangkok,Silver,40-70k,Online Web,2.0,1
C10827,0,1.0,16.0,18661.44,1166.34,841.6839707316914,350.0,7.1875,3.6875,3.0,9.0,23.266666666666666,25.364391988620206,100.0,0.042979942693409746,1.0,620.63,3.0,2083.64,8.0,8477.17,16.0,18661.44,0.5,0.8888888888888888,0.03432187821803184,13.0,1.0,4.0,0.0,30.0,370.0,0.0,1.0,Female,Bangkok,Silver,70-120k,In-Store,3.0,1
C10828,0,33.0,35.0,55554.11,1587.2602857142858,1039.1404729574108,509.0,11.485714285714286,6.0285714285714285,3.0,19.0,14.0,12.43163121016122,45.0,2.357142857142857,0.0,0.0,7.0,13394.34,15.0,24983.91,26.0,42853.6,0.7777777777777778,1.25,0.02175332856601761,13.0,0.0,,0.0,24.0,512.0,0.0,0.0,Female,South,Bronze,40-70k,In-Store,1.0,1
C10829,0,7.0,74.0,251150.67,3393.9279729729733,1573.2309350339794,447.0,19.445945945945947,10.256756756756756,3.0,25.0,6.027397260273973,5.190730527530478,23.0,1.1613636363636364,3.0,12602.009999999998,13.0,44181.54,32.0,111915.83,60.0,200133.24,0.65,1.103448275862069,0.017254099847264906,14.0,0.0,,0.0,55.0,452.0,1.0,0.0,Male,Northeast,Gold,40-70k,In-Store,1.0,1
C10830,1,4.0,3.0,2895.71,965.2366666666667,1041.6199754388992,16.0,6.666666666666667,4.0,1.0,3.0,6.0,1.4142135623730951,7.0,0.6666666666666666,3.0,2895.71,3.0,2895.71,3.0,2895.71,3.0,2895.71,3.0,3.0,0.044039338287483784,10.0,2.0,3.5,1.0,18.0,50.0,1.0,0.0,Female,East,Bronze,40-70k,In-Store,3.0,1
C10831,1,180.0,12.0,11105.29,925.4408333333334,443.05931477436894,457.0,7.916666666666667,4.083333333333333,2.0,3.0,25.181818181818183,26.179450650531923,83.0,7.148014440433212,0.0,0.0,0.0,0.0,0.0,0.0,7.0,5198.37,0.0,0.0,0.05016421765681931,11.0,0.0,,0.0,33.0,463.0,1.0,0.0,Female,Bangkok,Gold,40-70k,Mobile App,3.0,1
C10832,0,18.0,3.0,3961.01,1320.3366666666668,641.4581596124048,120.0,9.0,5.333333333333333,1.0,3.0,51.0,33.94112549695428,75.0,0.35294117647058826,1.0,1590.49,2.0,2178.48,3.0,3961.01,3.0,3961.01,1.0,3.0,0.0,7.0,0.0,,0.0,31.0,146.0,1.0,1.0,Male,East,Silver,40-70k,In-Store,1.0,1
C10833,0,1.0,29.0,41864.44,1443.601379310345,821.4474501526652,416.0,11.448275862068966,6.172413793103448,3.0,4.0,14.821428571428571,16.975043929313305,82.0,0.06746987951807229,1.0,1423.38,5.0,5885.610000000001,11.0,14823.74,24.0,32572.77,0.7142857142857143,0.7857142857142857,0.0074610340561708935,13.0,0.0,,0.0,21.0,419.0,1.0,1.0,Male,Bangkok,Bronze,<20k,Mobile App,1.0,1
C10834,1,101.0,8.0,5449.94,681.2425,518.2048360514815,339.0,5.625,3.25,1.0,8.0,34.0,30.713731999438515,79.0,2.9705882352941178,0.0,0.0,0.0,0.0,4.0,2245.77,8.0,5449.94,0.0,0.8,0.1219206465313067,8.0,3.0,3.0,0.0,23.0,352.0,0.0,0.0,Female,Central,Bronze,20-40k,In-Store,2.0,1
C10835,1,390.0,6.0,11309.37,1884.8950000000002,1509.108910446824,497.0,10.5,4.666666666666667,1.0,1.0,21.4,16.742162345408076,45.0,18.224299065420563,0.0,0.0,0.0,0.0,0.0,0.0,0.0,0.0,0.0,0.0,0.03282588784431306,11.0,0.0,,0.0,32.0,500.0,1.0,0.0,Male,Central,Silver,40-70k,Mobile App,2.0,1
C10836,0,4.0,50.0,46365.01,927.3002,799.9703054577994,527.0,6.22,3.38,3.0,22.0,10.673469387755102,10.76140432886209,68.0,0.37476099426386233,3.0,4372.91,7.0,7309.76,18.0,16680.72,32.0,32283.13,0.5833333333333334,1.2,0.010841591963337676,14.0,1.0,5.0,0.0,34.0,541.0,1.0,1.0,Female,South,Gold,Unknown,In-Store,3.0,1
C10837,0,3.0,6.0,8844.0,1474.0,1356.9444924977588,88.0,7.0,3.5,2.0,1.0,17.0,14.628738838327793,37.0,0.17647058823529413,1.0,948.56,6.0,8844.0,6.0,8844.0,6.0,8844.0,6.0,6.0,0.04706285463075302,8.0,0.0,,0.0,29.0,97.0,1.0,0.0,Male,Central,Silver,<20k,Mobile App,2.0,1
C10838,0,42.0,19.0,11764.52,619.1852631578947,405.5000937850066,553.0,6.7894736842105265,3.5789473684210527,3.0,4.0,28.38888888888889,14.77732320299423,56.0,1.4794520547945205,0.0,0.0,2.0,259.45,6.0,2846.04,14.0,8954.67,0.4,0.6666666666666666,0.056061711129458416,13.0,2.0,2.5,0.0,28.0,558.0,1.0,0.0,Female,North,Bronze,20-40k,Online Web,2.0,1
C10839,1,0.0,3.0,3701.5899999999997,1233.8633333333332,847.709171610956,6.0,7.666666666666667,5.333333333333333,1.0,3.0,3.0,2.8284271247461903,5.0,0.0,3.0,3701.5899999999997,3.0,3701.5899999999997,3.0,3701.5899999999997,3.0,3701.5899999999997,3.0,3.0,0.0,11.0,0.0,,0.0,26.0,42.0,1.0,0.0,Female,South,Bronze,Unknown,In-Store,2.0,1
C10840,0,18.0,10.0,7896.23,789.6229999999999,541.4659146561715,200.0,8.4,4.6,1.0,1.0,20.22222222222222,18.9722018870885,62.0,0.8901098901098902,1.0,2077.39,3.0,3684.49,8.0,6290.49,10.0,7896.23,0.5,2.6666666666666665,0.03621415049316911,13.0,0.0,,0.0,36.0,219.0,0.0,0.0,Male,South,Bronze,Unknown,Online Web,1.0,1
C10841,0,52.0,12.0,7033.06,586.0883333333334,375.971812672496,315.0,5.833333333333333,2.8333333333333335,3.0,2.0,23.90909090909091,23.47958494290112,70.0,2.1749049429657794,0.0,0.0,2.0,698.96,6.0,3272.9500000000003,12.0,7033.06,0.4,0.8571428571428571,0.11707644699428171,12.0,3.0,3.0,0.0,34.0,425.0,1.0,0.0,Male,East,Silver,40-70k,Online Web,2.0,1
C10842,0,59.0,35.0,47131.25,1346.607142857143,623.8205512408357,505.0,12.028571428571428,6.2,3.0,19.0,13.117647058823529,12.19976330093869,47.0,4.497757847533633,0.0,0.0,3.0,3702.26,9.0,12180.06,26.0,37684.61,0.42857142857142855,0.5,0.00793212271846753,14.0,0.0,,0.0,41.0,514.0,0.0,0.0,Male,Central,Gold,70-120k,In-Store,1.0,1
C10843,0,6.0,22.0,26743.9,1215.6318181818183,779.9734301984809,444.0,8.454545454545455,4.7727272727272725,3.0,3.0,20.857142857142858,16.484191561267764,53.0,0.2876712328767123,2.0,1785.46,4.0,3817.1400000000003,6.0,5345.51,13.0,14364.55,1.3333333333333333,0.75,0.0,13.0,0.0,,0.0,29.0,510.0,1.0,0.0,Female,Bangkok,Platinum,40-70k,Online Web,2.0,1
C10844,0,3.0,34.0,33176.22,975.7711764705882,723.9933876843733,595.0,7.911764705882353,3.9411764705882355,3.0,19.0,17.939393939393938,14.115460039304851,69.0,0.16722972972972974,1.0,723.39,6.0,5574.15,9.0,7548.8099999999995,18.0,18364.55,1.5,0.9,0.00944626574228337,14.0,0.0,,0.0,23.0,638.0,1.0,0.0,Male,North,Gold,70-120k,In-Store,3.0,1
C10845,0,27.0,8.0,3642.4,455.3,420.48003523184235,413.0,6.25,2.625,3.0,2.0,55.142857142857146,63.032871243049506,165.0,0.48963730569948183,1.0,391.0,1.0,391.0,1.0,391.0,5.0,1942.25,1.0,0.2,0.038361010639702195,8.0,0.0,,0.0,34.0,430.0,0.0,1.0,Male,Bangkok,Bronze,20-40k,Mobile App,2.0,1
C10846,0,2.0,83.0,240693.96,2899.9272289156625,1281.7935600815827,631.0,16.867469879518072,8.819277108433734,3.0,6.0,7.670731707317073,8.345997603714277,45.0,0.26073131955484896,4.0,8506.41,6.0,15031.95,17.0,43316.44,46.0,132925.32,0.5,0.5666666666666667,0.03466246308503951,14.0,0.0,,0.0,41.0,644.0,1.0,0.0,Female,Northeast,Gold,<20k,Mobile App,2.0,1
C10847,0,63.0,12.0,5537.75,461.4791666666667,308.72535842655697,342.0,5.416666666666667,3.0,2.0,9.0,25.363636363636363,20.160717880436337,66.0,2.4838709677419355,0.0,0.0,4.0,1365.75,6.0,2247.98,12.0,5537.75,1.3333333333333333,0.8571428571428571,0.0576849449100268,11.0,1.0,5.0,0.0,26.0,346.0,0.0,0.0,Male,Bangkok,Silver,<20k,In-Store,1.0,1
C10848,0,5.0,6.0,5803.58,967.2633333333333,315.42649867547067,73.0,7.0,4.333333333333333,2.0,2.0,13.6,9.91463564635635,28.0,0.36764705882352944,2.0,2628.34,6.0,5803.58,6.0,5803.58,6.0,5803.58,6.0,6.0,0.009795273494750888,10.0,0.0,,0.0,18.0,116.0,0.0,0.0,Male,North,Bronze,40-70k,Online Web,1.0,1
C10849,1,99.0,5.0,2784.64,556.928,317.89688905366785,178.0,5.2,3.0,3.0,3.0,19.75,15.58578412100805,40.0,5.012658227848101,0.0,0.0,0.0,0.0,5.0,2784.64,5.0,2784.64,0.0,5.0,0.02345415778251599,5.0,2.0,1.5,1.0,37.0,185.0,0.0,0.0,Female,South,Bronze,20-40k,In-Store,2.0,1
C10850,0,68.0,12.0,7294.26,607.855,401.75675344213397,567.0,5.583333333333333,3.0833333333333335,2.0,10.0,45.36363636363637,50.436638919088814,167.0,1.498997995991984,0.0,0.0,1.0,907.97,2.0,1482.65,7.0,4655.9,0.5,0.3333333333333333,0.0410301918791536,11.0,1.0,3.0,0.0,35.0,589.0,0.0,0.0,Female,North,Bronze,40-70k,In-Store,1.0,1
C10851,0,2.0,6.0,2913.16,485.52666666666664,610.9859194013121,419.0,4.0,2.3333333333333335,1.0,1.0,83.4,119.37671464737166,295.0,0.023980815347721823,1.0,569.14,1.0,569.14,1.0,569.14,4.0,1153.6,1.0,0.25,0.0,8.0,0.0,,0.0,29.0,464.0,0.0,0.0,Female,East,Silver,<20k,Online Web,1.0,1
C10852,0,33.0,31.0,48522.69,1565.248064516129,936.1289350740077,563.0,11.0,6.161290322580645,3.0,2.0,17.666666666666668,11.946239729645514,39.0,1.8679245283018866,0.0,0.0,5.0,7726.389999999999,10.0,12321.16,19.0,33666.71,0.8333333333333334,1.0,0.011700676780489952,14.0,0.0,,0.0,34.0,589.0,1.0,1.0,Female,North,Silver,Unknown,Mobile App,2.0,1
C10853,1,94.0,7.0,7001.13,1000.1614285714286,569.9581927775806,310.0,9.285714285714286,5.428571428571429,3.0,2.0,36.0,21.222629431811693,68.0,2.611111111111111,0.0,0.0,0.0,0.0,2.0,3530.87,7.0,7001.13,0.0,0.3333333333333333,0.04963885318068472,10.0,0.0,,0.0,48.0,319.0,0.0,1.0,Male,Bangkok,Silver,20-40k,Online Web,1.0,1
C10854,0,79.0,6.0,2094.58,349.09666666666664,293.8686074875414,290.0,5.666666666666667,2.6666666666666665,2.0,1.0,42.2,48.111329227116556,113.0,1.872037914691943,0.0,0.0,1.0,560.93,4.0,1524.37,6.0,2094.58,0.25,1.3333333333333333,0.0656245957291151,7.0,0.0,,0.0,40.0,311.0,1.0,1.0,Male,North,Silver,<20k,Mobile App,2.0,1
C10855,0,29.0,4.0,2749.2,687.3,727.5001273310312,132.0,3.5,1.75,2.0,4.0,34.333333333333336,36.17089069035118,76.0,0.8446601941747572,1.0,393.45,3.0,2357.45,4.0,2749.2,4.0,2749.2,1.5,4.0,0.022075510625128948,6.0,0.0,,0.0,36.0,155.0,1.0,0.0,Female,East,Silver,20-40k,In-Store,1.0,1
C10856,0,0.0,93.0,244256.01,2626.4087096774197,1433.5964073033597,638.0,15.161290322580646,8.161290322580646,3.0,24.0,6.934782608695652,6.090533724651952,34.0,0.0,7.0,16999.3,15.0,41375.020000000004,26.0,70043.98,58.0,149861.18,1.25,0.7878787878787878,0.03959390507670163,14.0,0.0,,0.0,29.0,642.0,1.0,1.0,Female,Bangkok,Silver,Unknown,In-Store,1.0,1
C10857,1,45.0,28.0,16480.49,588.5889285714286,591.5958249880183,543.0,3.9642857142857144,2.357142857142857,3.0,3.0,18.444444444444443,17.848364142523046,78.0,2.4397590361445785,0.0,0.0,3.0,1233.55,7.0,2670.07,19.0,10843.91,0.6,0.5384615384615384,0.02539630536832183,12.0,1.0,4.0,1.0,32.0,547.0,0.0,1.0,Male,Central,Platinum,40-70k,Mobile App,2.0,1
C10858,0,65.0,20.0,24747.33,1237.3665,992.5766777766102,480.0,9.05,4.8,3.0,2.0,21.842105263157894,16.19417988007741,54.0,2.9759036144578315,0.0,0.0,2.0,2463.19,4.0,3365.75,13.0,18411.8,0.6666666666666666,0.4,0.02834400568843267,13.0,0.0,,0.0,36.0,501.0,1.0,1.0,Female,South,Platinum,70-120k,Mobile App,3.0,1
C10859,0,60.0,3.0,1585.76,528.5866666666667,214.98719062617036,82.0,6.0,2.3333333333333335,1.0,1.0,11.0,11.313708498984761,19.0,5.454545454545454,0.0,0.0,3.0,1585.76,3.0,1585.76,3.0,1585.76,3.0,3.0,0.02786275219009202,4.0,0.0,,0.0,26.0,110.0,1.0,0.0,Female,Bangkok,Gold,40-70k,Online Web,2.0,1
C10860,0,1.0,79.0,169938.04,2151.114430379747,1151.8947048174714,506.0,12.151898734177216,6.2784810126582276,3.0,2.0,6.4743589743589745,5.039388643023863,21.0,0.15445544554455445,7.0,12885.02,14.0,25078.11,27.0,54041.01,53.0,114870.75,1.0,1.0,0.0,14.0,1.0,2.0,0.0,33.0,510.0,0.0,0.0,Female,East,Platinum,Unknown,Online Web,1.0,1
C10861,0,1.0,14.0,20822.84,1487.3457142857144,925.6090517202031,256.0,10.142857142857142,5.571428571428571,3.0,2.0,19.615384615384617,16.56068870115039,58.0,0.050980392156862744,3.0,6591.76,4.0,8283.1,8.0,11731.56,14.0,20822.84,0.8,1.1428571428571428,0.0061389516530112945,13.0,1.0,5.0,0.0,32.0,314.0,1.0,0.0,Female,East,Silver,40-70k,Mobile App,1.0,1
C10862,0,0.0,2.0,2532.85,1266.425,938.6064702792112,95.0,10.5,7.0,1.0,1.0,95.0,,95.0,0.0,1.0,602.73,1.0,602.73,2.0,2532.85,2.0,2532.85,0.5,2.0,0.05456452521994901,8.0,0.0,,0.0,32.0,222.0,1.0,1.0,Male,South,Bronze,20-40k,Mobile App,2.0,1
C10863,0,22.0,3.0,4308.3,1436.1000000000001,1666.4136778123252,54.0,7.0,3.3333333333333335,1.0,3.0,16.0,5.656854249492381,20.0,1.375,1.0,701.9,3.0,4308.3,3.0,4308.3,3.0,4308.3,3.0,3.0,0.030862670115847483,6.0,0.0,,0.0,38.0,106.0,0.0,1.0,Male,Bangkok,Bronze,40-70k,In-Store,3.0,1
C10864,0,8.0,2.0,2636.36,1318.18,467.8925571111384,21.0,9.0,4.0,2.0,1.0,13.0,,13.0,0.6153846153846154,2.0,2636.36,2.0,2636.36,2.0,2636.36,2.0,2636.36,2.0,2.0,0.039335935080220534,7.0,0.0,,0.0,35.0,69.0,0.0,1.0,Male,Central,Gold,<20k,Mobile App,1.0,1
C10865,1,53.0,17.0,17654.31,1038.4888235294118,569.3299489847951,442.0,8.529411764705882,4.411764705882353,2.0,3.0,24.3125,26.757475590944672,114.0,2.1799485861182517,0.0,0.0,2.0,2330.7,2.0,2330.7,11.0,13083.380000000001,2.0,0.2,0.030069834404940658,14.0,0.0,,0.0,22.0,458.0,1.0,1.0,Male,East,Bronze,20-40k,Mobile App,1.0,1
C10866,0,,,,,,,,,,,,,,,,,,,,,,,,,,,,,,,,,,,,,,,,0
C10867,0,27.0,14.0,13367.09,954.7921428571428,650.3206060111792,308.0,8.0,4.0,2.0,1.0,21.615384615384617,19.619456590922105,56.0,1.2491103202846974,1.0,622.33,2.0,1365.66,7.0,7420.05,14.0,13367.09,0.3333333333333333,0.875,0.027544593913300948,12.0,0.0,,0.0,40.0,322.0,1.0,1.0,Male,North,Gold,20-40k,Mobile App,2.0,1
C10868,1,180.0,17.0,32159.14,1891.7141176470589,1584.120469345919,401.0,11.117647058823529,5.823529411764706,2.0,16.0,13.8125,6.968679932383177,26.0,13.031674208144796,0.0,0.0,0.0,0.0,0.0,0.0,14.0,26116.31,0.0,0.0,0.0,14.0,0.0,,0.0,37.0,431.0,1.0,1.0,Male,South,Bronze,<20k,In-Store,2.0,1
C10869,1,5.0,3.0,2286.94,762.3133333333334,202.6193244321314,35.0,6.0,3.6666666666666665,1.0,3.0,15.0,11.313708498984761,23.0,0.3333333333333333,2.0,1676.4499999999998,3.0,2286.94,3.0,2286.94,3.0,2286.94,3.0,3.0,0.11156088900629735,9.0,0.0,,0.0,40.0,42.0,1.0,0.0,Female,Bangkok,Silver,20-40k,In-Store,1.0,1
C10870,1,214.0,3.0,1503.6599999999999,501.21999999999997,323.6071117883536,219.0,4.0,2.3333333333333335,1.0,3.0,2.5,2.1213203435596424,4.0,85.6,0.0,0.0,0.0,0.0,0.0,0.0,3.0,1503.6599999999999,0.0,0.0,0.05079759868192636,4.0,1.0,3.0,0.0,31.0,247.0,1.0,0.0,Male,Central,Gold,Unknown,In-Store,1.0,1
C10871,0,8.0,63.0,187414.54,2974.8339682539686,1470.8289825628615,464.0,16.952380952380953,9.015873015873016,3.0,10.0,7.354838709677419,6.6012834673404175,26.0,1.087719298245614,6.0,11757.75,10.0,21033.77,18.0,47135.32,45.0,125888.59999999999,1.1111111111111112,0.6428571428571429,0.02824421864426527,14.0,0.0,,0.0,36.0,467.0,1.0,1.0,Female,Bangkok,Gold,40-70k,Mobile App,2.0,1
C10872,1,121.0,15.0,13460.41,897.3606666666667,424.4103230444173,522.0,8.133333333333333,4.6,3.0,12.0,28.642857142857142,18.362198388818523,63.0,4.224438902743143,0.0,0.0,0.0,0.0,4.0,4149.969999999999,8.0,7820.85,0.0,0.8,0.06421604410425401,12.0,0.0,,0.0,43.0,530.0,1.0,0.0,Male,Bangkok,Silver,70-120k,In-Store,3.0,1
C10873,1,30.0,17.0,19004.53,1117.9135294117646,811.7129835103445,304.0,7.764705882352941,5.0,3.0,12.0,17.125,14.136831328130077,48.0,1.7518248175182483,0.0,0.0,5.0,4096.62,8.0,7367.110000000001,17.0,19004.53,1.25,0.8,0.012811176053806628,13.0,0.0,,0.0,35.0,338.0,0.0,1.0,Male,Northeast,Platinum,40-70k,In-Store,1.0,1
C10874,0,4.0,31.0,29621.19,955.5222580645161,511.2800279019295,488.0,7.225806451612903,3.903225806451613,3.0,14.0,16.133333333333333,11.122308534042595,39.0,0.24793388429752067,1.0,299.02,5.0,3428.04,10.0,7576.57,23.0,21045.94,0.8333333333333334,0.7142857142857143,0.009597027171794241,13.0,1.0,3.0,0.0,38.0,489.0,1.0,1.0,Male,East,Bronze,40-70k,In-Store,3.0,1
C10875,0,11.0,27.0,45107.26,1670.6392592592592,921.018297817592,555.0,10.62962962962963,5.666666666666667,2.0,14.0,20.923076923076923,15.525264769202685,66.0,0.5257352941176471,1.0,1718.33,4.0,5439.4,10.0,16305.2,17.0,32144.38,0.5714285714285714,1.25,0.02112170511816697,13.0,0.0,,0.0,51.0,565.0,1.0,0.0,Female,Northeast,Gold,Unknown,In-Store,2.0,1
C10876,0,29.0,29.0,43153.37,1488.0472413793104,705.789009092947,583.0,12.89655172413793,6.344827586206897,3.0,18.0,19.785714285714285,17.60756811789905,60.0,1.4657039711191338,1.0,1020.68,2.0,2948.22,7.0,8628.71,13.0,17480.85,0.3333333333333333,1.0,0.02419182144398835,13.0,0.0,,0.0,18.0,592.0,0.0,1.0,Female,Bangkok,Platinum,20-40k,In-Store,2.0,1
C10877,0,29.0,17.0,5742.33,337.7841176470588,250.33387655436348,421.0,4.352941176470588,2.235294117647059,1.0,11.0,24.5,25.049284753594595,75.0,1.183673469387755,1.0,390.0,6.0,2467.84,7.0,2871.7,14.0,4774.73,3.0,0.875,0.0316295917799487,11.0,0.0,,0.0,25.0,471.0,0.0,1.0,Female,East,Bronze,<20k,In-Store,3.0,1
C10878,1,34.0,3.0,4732.08,1577.36,1259.469498122126,65.0,8.666666666666666,4.0,2.0,3.0,15.5,7.7781745930520225,21.0,2.193548387096774,0.0,0.0,3.0,4732.08,3.0,4732.08,3.0,4732.08,3.0,3.0,0.0077936782512973745,9.0,1.0,4.0,0.0,40.0,89.0,0.0,1.0,Male,Central,Silver,20-40k,In-Store,2.0,1
C10879,0,89.0,11.0,15843.25,1440.2954545454545,931.8276888498605,333.0,11.727272727272727,6.454545454545454,2.0,9.0,24.4,28.020627322662772,99.0,3.6475409836065578,0.0,0.0,1.0,1664.64,6.0,7646.05,11.0,15843.25,0.16666666666666666,1.0,0.0541168224605948,12.0,0.0,,0.0,43.0,401.0,0.0,0.0,Female,Central,Silver,40-70k,In-Store,1.0,1
C10880,1,27.0,4.0,2320.36,580.09,231.7778325609821,166.0,6.75,3.25,1.0,3.0,46.333333333333336,20.79262689833426,70.0,0.5827338129496402,1.0,296.75,2.0,1096.1100000000001,4.0,2320.36,4.0,2320.36,0.6666666666666666,4.0,0.09284396209301599,8.0,1.0,3.0,0.0,35.0,175.0,0.0,0.0,Male,South,Gold,40-70k,In-Store,2.0,1
C10881,0,75.0,3.0,952.22,317.4066666666667,181.5591315063314,152.0,4.666666666666667,3.3333333333333335,1.0,3.0,38.5,28.991378028648448,59.0,1.948051948051948,0.0,0.0,1.0,162.26,3.0,952.22,3.0,952.22,0.3333333333333333,3.0,0.04834147852766867,6.0,0.0,,0.0,32.0,197.0,0.0,1.0,Female,Central,Bronze,70-120k,In-Store,1.0,1
C10882,0,4.0,81.0,161111.15,1989.0265432098765,1174.6279300220565,534.0,10.518518518518519,5.54320987654321,3.0,22.0,6.625,7.38862451014387,40.0,0.6037735849056604,2.0,2774.36,13.0,20594.47,29.0,56362.729999999996,58.0,111802.31999999999,0.7647058823529411,0.9666666666666667,0.013325431500923956,14.0,1.0,1.0,0.0,41.0,539.0,1.0,1.0,Male,Central,Platinum,40-70k,In-Store,3.0,1
C10883,1,135.0,14.0,19910.47,1422.1764285714287,1062.3364096947757,446.0,10.428571428571429,5.714285714285714,3.0,3.0,23.923076923076923,15.882178368964057,53.0,5.643086816720257,0.0,0.0,0.0,0.0,3.0,5549.139999999999,9.0,12942.83,0.0,0.42857142857142855,0.049286480322938926,14.0,0.0,,0.0,50.0,456.0,0.0,1.0,Female,Bangkok,Gold,20-40k,Mobile App,1.0,1
C10884,1,91.0,13.0,34650.49,2665.4223076923076,1409.98361448608,443.0,15.615384615384615,7.769230769230769,1.0,1.0,29.333333333333332,25.367600428797978,73.0,3.1022727272727275,0.0,0.0,0.0,0.0,6.0,16515.63,10.0,28173.57,0.0,1.2,0.0,13.0,1.0,2.0,1.0,41.0,456.0,0.0,0.0,Male,South,Silver,70-120k,Online Web,3.0,1
C10885,1,45.0,21.0,27619.95,1315.2357142857143,913.9103471269565,537.0,11.714285714285714,6.380952380952381,2.0,1.0,24.6,31.834109478918826,127.0,1.8292682926829267,0.0,0.0,2.0,1601.08,2.0,1601.08,10.0,10581.66,2.0,0.2222222222222222,0.08737281185505524,13.0,0.0,,0.0,21.0,554.0,0.0,0.0,Male,Bangkok,Bronze,40-70k,Mobile App,3.0,1
C10886,0,5.0,31.0,38850.82,1253.2522580645161,934.0566573811593,605.0,10.064516129032258,5.612903225806452,2.0,17.0,20.0,20.535923108811897,70.0,0.25,4.0,5117.66,7.0,8904.59,9.0,13268.460000000001,21.0,31025.6,2.3333333333333335,0.6923076923076923,0.040148612000186774,13.0,2.0,3.0,0.0,34.0,606.0,1.0,0.0,Female,Bangkok,Silver,40-70k,In-Store,1.0,1
C10887,0,21.0,4.0,1254.68,313.67,248.18534498770606,280.0,3.25,1.5,1.0,4.0,86.33333333333333,73.1596427911819,140.0,0.24324324324324326,1.0,425.88,1.0,425.88,2.0,484.94,4.0,1254.68,0.5,0.6666666666666666,0.0,5.0,0.0,,0.0,34.0,296.0,1.0,0.0,Female,North,Silver,70-120k,In-Store,2.0,1
C10888,1,71.0,17.0,26523.39,1560.199411764706,916.540905248305,320.0,11.941176470588236,6.176470588235294,2.0,10.0,15.5625,17.412519442439493,69.0,4.562248995983936,0.0,0.0,2.0,3603.9700000000003,5.0,8664.57,17.0,26523.39,0.5,0.38461538461538464,0.024710428969605153,13.0,2.0,2.5,1.0,31.0,359.0,1.0,1.0,Female,Bangkok,Platinum,70-120k,In-Store,2.0,1
C10889,0,7.0,19.0,25891.25,1362.6973684210527,716.3282058668832,547.0,10.631578947368421,5.473684210526316,3.0,2.0,30.0,24.757648847792236,90.0,0.23333333333333334,2.0,3058.84,3.0,4106.7300000000005,7.0,11676.98,12.0,17845.87,0.6,1.1666666666666667,0.022349691161999672,14.0,2.0,2.5,0.0,25.0,559.0,0.0,1.0,Female,Bangkok,Bronze,70-120k,Mobile App,2.0,1
C10890,0,40.0,25.0,23852.74,954.1096000000001,699.4352727586735,551.0,8.0,4.4,2.0,16.0,21.291666666666668,17.391850082017218,73.0,1.8786692759295498,0.0,0.0,5.0,2549.46,8.0,5073.110000000001,16.0,15320.08,1.25,0.8888888888888888,0.026872769153003316,13.0,1.0,3.0,0.0,31.0,563.0,1.0,0.0,Female,Bangkok,Silver,70-120k,In-Store,1.0,1
C10891,0,6.0,2.0,3405.5499999999997,1702.7749999999999,1495.6651924979733,43.0,6.5,4.0,1.0,1.0,37.0,,37.0,0.16216216216216217,1.0,645.18,2.0,3405.5499999999997,2.0,3405.5499999999997,2.0,3405.5499999999997,2.0,2.0,0.0,5.0,0.0,,0.0,19.0,48.0,1.0,1.0,Female,Bangkok,Gold,20-40k,Mobile App,3.0,1
C10892,1,107.0,9.0,13996.369999999999,1555.152222222222,790.61224919011,393.0,11.444444444444445,5.555555555555555,3.0,3.0,35.75,31.189512889522888,96.0,2.993006993006993,0.0,0.0,0.0,0.0,3.0,4005.09,7.0,11516.04,0.0,0.6,0.036622651846998026,11.0,0.0,,0.0,39.0,415.0,1.0,0.0,Female,Central,Silver,40-70k,Online Web,1.0,1
C10893,0,32.0,8.0,1637.26,204.6575,129.93215699521258,351.0,3.125,1.75,1.0,6.0,45.57142857142857,33.37592516998414,115.0,0.7021943573667712,0.0,0.0,2.0,587.4200000000001,4.0,879.58,8.0,1637.26,0.6666666666666666,0.8,0.04596361602200287,7.0,0.0,,0.0,24.0,360.0,0.0,0.0,Female,South,Bronze,20-40k,In-Store,3.0,1
C10894,0,8.0,29.0,35662.31,1229.7348275862068,786.0737564659142,597.0,10.344827586206897,5.137931034482759,3.0,4.0,21.035714285714285,19.24401233064484,66.0,0.3803056027164686,3.0,3179.02,5.0,6575.76,8.0,8500.84,20.0,24882.5,1.25,0.6153846153846154,0.010716909153854348,14.0,0.0,,0.0,39.0,599.0,1.0,0.0,Male,North,Silver,>120k,Online Web,1.0,1
C10895,0,,,,,,,,,,,,,,,,,,,,,,,,,,,,,,,,,,,,,,,,0
C10896,1,87.0,18.0,18889.02,1049.39,725.3651312756825,625.0,8.0,3.888888888888889,2.0,11.0,31.647058823529413,32.815661612389036,114.0,2.7490706319702602,0.0,0.0,1.0,278.22,3.0,3206.9700000000003,7.0,7650.13,0.3333333333333333,0.6,0.06395051217794684,13.0,0.0,,0.0,44.0,665.0,1.0,0.0,Male,Bangkok,Silver,20-40k,In-Store,3.0,1
C10897,1,46.0,20.0,18918.82,945.941,480.2548451647423,613.0,7.35,4.2,2.0,2.0,29.842105263157894,24.853488818126692,89.0,1.5414462081128748,0.0,0.0,1.0,489.12,5.0,3744.27,10.0,7939.84,0.2,0.8333333333333334,0.05944555530476958,14.0,0.0,,0.0,35.0,623.0,1.0,0.0,Male,Bangkok,Bronze,Unknown,Online Web,1.0,1
C10898,0,10.0,56.0,126990.82,2267.6932142857145,1430.6879225896982,490.0,11.142857142857142,6.267857142857143,3.0,8.0,8.727272727272727,8.737858338870478,42.0,1.1458333333333335,4.0,6423.37,7.0,16626.66,17.0,33522.0,36.0,77622.3,0.6363636363636364,0.85,0.0,14.0,0.0,,0.0,54.0,499.0,1.0,0.0,Female,Bangkok,Gold,40-70k,Online Web,2.0,1
C10899,0,11.0,71.0,141675.24,1995.4259154929575,1082.6502817287605,614.0,11.535211267605634,6.28169014084507,3.0,2.0,8.614285714285714,9.184569380204659,49.0,1.2769485903814262,3.0,9051.64,12.0,29051.11,18.0,39541.36,41.0,84260.88,1.7142857142857142,0.75,0.003762035701507852,14.0,1.0,3.0,0.0,45.0,619.0,1.0,1.0,Female,Bangkok,Platinum,Unknown,Online Web,1.0,1
C10900,1,127.0,12.0,9270.73,772.5608333333333,658.0930679064437,440.0,5.666666666666667,3.5,2.0,9.0,28.454545454545453,35.41288928162636,117.0,4.463258785942492,0.0,0.0,0.0,0.0,3.0,768.5899999999999,5.0,4225.19,0.0,1.0,0.02124171103460435,12.0,0.0,,0.0,18.0,443.0,1.0,0.0,Male,South,Gold,>120k,In-Store,1.0,1
C10901,0,21.0,23.0,25527.73,1109.901304347826,821.8635279506531,534.0,9.782608695652174,5.304347826086956,3.0,11.0,23.318181818181817,19.591996333868593,65.0,0.9005847953216375,1.0,1589.65,3.0,3460.07,9.0,9229.12,16.0,18841.42,0.42857142857142855,1.125,0.06005643108547914,14.0,1.0,3.0,1.0,36.0,616.0,0.0,0.0,Female,North,Silver,40-70k,In-Store,1.0,1
C10902,0,17.0,4.0,1466.3799999999999,366.59499999999997,139.3630109940702,90.0,3.5,2.0,1.0,4.0,24.333333333333332,27.42869543622761,56.0,0.6986301369863014,2.0,710.72,3.0,1255.73,4.0,1466.3799999999999,4.0,1466.3799999999999,1.5,4.0,0.14595891647592588,5.0,0.0,,0.0,22.0,90.0,0.0,0.0,Female,Bangkok,Silver,<20k,In-Store,1.0,1
C10903,1,43.0,15.0,11759.66,783.9773333333334,610.4442552233891,410.0,7.0,3.933333333333333,1.0,10.0,26.214285714285715,26.25372814969793,97.0,1.6403269754768393,0.0,0.0,4.0,1205.08,8.0,5842.22,12.0,9737.25,0.8,1.6,0.03455585411848542,11.0,0.0,,0.0,33.0,411.0,0.0,0.0,Female,Bangkok,Bronze,<20k,In-Store,3.0,1
C10904,0,52.0,8.0,3091.17,386.39625,289.0169033582391,607.0,5.0,2.75,3.0,6.0,79.28571428571429,57.71399104120908,146.0,0.6558558558558558,0.0,0.0,1.0,85.2,1.0,85.2,4.0,1514.28,1.0,0.25,0.05838255407681787,8.0,0.0,,0.0,28.0,644.0,1.0,0.0,Male,Central,Silver,Unknown,In-Store,1.0,1
C10905,0,14.0,27.0,25944.93,960.9233333333333,667.301543082286,596.0,8.777777777777779,4.444444444444445,3.0,14.0,22.384615384615383,21.04486050906857,90.0,0.6254295532646048,1.0,1306.24,3.0,3226.48,6.0,5588.92,15.0,14807.279999999999,0.75,0.6,0.045186764107316216,13.0,0.0,,0.0,46.0,652.0,1.0,0.0,Female,East,Gold,40-70k,In-Store,1.0,1
C10906,0,16.0,17.0,33306.26,1959.1917647058824,1100.754627762446,321.0,13.117647058823529,7.235294117647059,2.0,11.0,19.0625,16.854153790683174,58.0,0.839344262295082,1.0,1310.09,4.0,6648.87,11.0,20354.18,17.0,33306.26,0.5,1.5714285714285714,0.022948474766006404,14.0,2.0,3.5,0.0,43.0,329.0,1.0,1.0,Male,Central,Platinum,70-120k,In-Store,3.0,1
C10907,0,3.0,12.0,23007.19,1917.2658333333331,1170.6060105033268,241.0,12.666666666666666,6.583333333333333,2.0,11.0,21.636363636363637,24.512334557413038,86.0,0.13865546218487396,2.0,3024.67,5.0,9320.48,11.0,22024.079999999998,12.0,23007.19,0.7142857142857143,5.5,0.020389958813884144,13.0,0.0,,0.0,34.0,252.0,1.0,0.0,Male,Central,Gold,40-70k,In-Store,2.0,1
C10908,1,384.0,3.0,3198.19,1066.0633333333333,1107.8483772761206,399.0,8.0,4.666666666666667,1.0,1.0,7.5,4.949747468305833,11.0,51.2,0.0,0.0,0.0,0.0,0.0,0.0,0.0,0.0,0.0,0.0,0.0,6.0,2.0,3.0,0.0,38.0,400.0,1.0,0.0,Female,East,Silver,>120k,Mobile App,1.0,1
C10909,0,9.0,20.0,28458.75,1422.9375,931.9041123865129,432.0,9.95,5.15,3.0,5.0,22.263157894736842,14.425448597927968,52.0,0.40425531914893614,3.0,7772.5199999999995,6.0,10119.24,10.0,14982.69,18.0,25077.75,1.2,1.1111111111111112,0.012014651709452892,13.0,0.0,,0.0,34.0,433.0,1.0,0.0,Male,Bangkok,Silver,40-70k,Mobile App,2.0,1
C10910,0,15.0,6.0,1851.22,308.5366666666667,146.43892114689547,192.0,4.0,2.0,1.0,6.0,35.4,60.23952191045345,143.0,0.42372881355932207,2.0,552.21,2.0,552.21,4.0,1241.65,6.0,1851.22,0.6666666666666666,1.3333333333333333,0.08503561066985622,7.0,0.0,,0.0,45.0,231.0,0.0,0.0,Female,Bangkok,Bronze,20-40k,In-Store,1.0,1
C10911,1,28.0,25.0,37403.26,1496.1304,882.7514408063386,375.0,10.64,5.68,3.0,16.0,14.458333333333334,17.47788457666895,72.0,1.936599423631124,1.0,1366.83,5.0,4478.01,14.0,19307.52,24.0,35755.61,0.5,1.2727272727272727,0.053169517247140446,14.0,1.0,2.0,0.0,37.0,394.0,0.0,1.0,Female,Bangkok,Silver,40-70k,In-Store,1.0,1
C10912,0,110.0,5.0,1554.05,310.81,393.93225312228503,364.0,2.4,1.6,3.0,2.0,63.5,43.669211121796096,111.0,1.7322834645669292,0.0,0.0,0.0,0.0,2.0,1044.73,5.0,1554.05,0.0,0.5,0.017071041845873602,5.0,0.0,,0.0,54.0,365.0,1.0,1.0,Male,Bangkok,Gold,<20k,Mobile App,1.0,1
C10913,0,4.0,27.0,46495.62,1722.0600000000002,816.1801073151214,485.0,13.185185185185185,6.444444444444445,3.0,16.0,18.5,19.96246477767713,99.0,0.21621621621621623,2.0,2527.88,8.0,19033.89,11.0,24389.75,20.0,38227.950000000004,2.0,1.1,0.04944710431246165,14.0,0.0,,0.0,37.0,494.0,1.0,1.0,Female,Central,Gold,20-40k,In-Store,2.0,1
C10914,0,50.0,27.0,46859.51,1735.5374074074075,967.5098132103902,434.0,11.0,6.074074074074074,3.0,11.0,14.76923076923077,12.268032253976813,44.0,3.3854166666666665,0.0,0.0,3.0,4032.67,7.0,13676.17,20.0,33383.14,0.6,0.5,0.0,14.0,0.0,,0.0,42.0,445.0,1.0,0.0,Male,Bangkok,Gold,20-40k,In-Store,1.0,1
C10915,1,156.0,9.0,7246.53,805.17,460.178539346415,359.0,7.666666666666667,4.222222222222222,2.0,8.0,25.375,18.165410616254807,58.0,6.147783251231527,0.0,0.0,0.0,0.0,1.0,647.37,9.0,7246.53,0.0,0.1111111111111111,0.07663167230084875,11.0,1.0,1.0,0.0,19.0,371.0,1.0,1.0,Female,South,Silver,70-120k,In-Store,2.0,1
C10916,0,20.0,16.0,30466.15,1904.134375,1731.566794861304,411.0,9.875,5.4375,3.0,2.0,26.066666666666666,16.97673478056142,62.0,0.7672634271099744,1.0,734.39,2.0,1299.96,6.0,9013.91,14.0,28448.2,0.4,0.6666666666666666,0.0,14.0,0.0,,0.0,50.0,425.0,1.0,1.0,Female,Northeast,Bronze,70-120k,Mobile App,3.0,1
C10917,0,10.0,33.0,25393.45,769.4984848484848,450.0240203736436,487.0,5.636363636363637,3.3333333333333335,2.0,17.0,14.90625,11.543352716411462,44.0,0.6708595387840671,1.0,875.66,3.0,3040.91,7.0,5630.56,22.0,14816.18,0.6,0.4375,0.006862628534955718,14.0,2.0,3.0,0.0,34.0,510.0,1.0,1.0,Female,Bangkok,Silver,70-120k,In-Store,1.0,1
C10918,0,8.0,10.0,4252.32,425.23199999999997,348.65386419453006,435.0,4.4,2.4,2.0,1.0,47.44444444444444,34.456897390475795,104.0,0.1686182669789227,1.0,341.25,2.0,453.93,4.0,1929.74,8.0,3520.78,0.6666666666666666,0.8,0.027716678022837334,11.0,1.0,3.0,0.0,41.0,478.0,1.0,1.0,Male,Northeast,Bronze,20-40k,Mobile App,2.0,1
C10919,0,32.0,28.0,28708.87,1025.3167857142857,636.6942916639302,437.0,7.142857142857143,3.9285714285714284,2.0,18.0,15.0,20.345099580072766,105.0,2.1333333333333333,0.0,0.0,4.0,5574.65,11.0,14203.869999999999,21.0,20858.8,0.5,1.0,0.021506904595383482,11.0,0.0,,0.0,34.0,445.0,1.0,1.0,Male,Central,Platinum,>120k,In-Store,2.0,1
C10920,1,89.0,23.0,18210.68,791.768695652174,484.5309071603956,592.0,5.739130434782608,2.9130434782608696,3.0,2.0,22.863636363636363,17.926557724824693,71.0,3.892644135188867,0.0,0.0,1.0,436.54,5.0,3655.83,13.0,11125.17,0.2,0.5555555555555556,0.07049717101754047,13.0,0.0,,0.0,28.0,657.0,1.0,1.0,Female,Bangkok,Bronze,20-40k,Mobile App,2.0,1
C10921,0,27.0,3.0,1014.22,338.0733333333333,257.75610280521647,140.0,6.0,2.6666666666666665,1.0,1.0,56.5,54.44722215136416,95.0,0.4778761061946903,1.0,633.18,1.0,633.18,3.0,1014.22,3.0,1014.22,0.3333333333333333,3.0,0.043621756185878095,5.0,0.0,,0.0,40.0,279.0,0.0,0.0,Male,Bangkok,Silver,40-70k,In-Store,2.0,1
C10922,0,,,,,,,,,,,,,,,,,,,,,,,,,,,,,,,,,,,,,,,,0
C10923,0,6.0,41.0,41185.63,1004.5275609756097,648.3118415036876,632.0,9.073170731707316,4.682926829268292,3.0,20.0,15.65,12.47058076495977,57.0,0.38338658146964855,1.0,1234.17,6.0,8782.59,12.0,11787.44,25.0,21444.010000000002,0.8571428571428571,0.8571428571428571,0.023264379090469925,14.0,0.0,,0.0,38.0,635.0,0.0,0.0,Female,Central,Gold,Unknown,In-Store,1.0,1
C10924,0,10.0,18.0,19078.05,1059.8916666666667,641.1120159466492,272.0,9.444444444444445,4.666666666666667,3.0,14.0,15.411764705882353,19.323104122815685,84.0,0.648854961832061,2.0,1427.8400000000001,6.0,7096.67,16.0,16876.68,18.0,19078.05,0.5454545454545454,5.333333333333333,0.025887092450619223,12.0,0.0,,0.0,34.0,286.0,1.0,0.0,Female,Unknown,Bronze,>120k,In-Store,3.0,1
C10925,1,45.0,13.0,11575.630000000001,890.433076923077,615.933518495633,414.0,7.615384615384615,4.3076923076923075,2.0,10.0,30.75,25.060381626637835,80.0,1.4634146341463414,0.0,0.0,1.0,412.01,5.0,4795.7300000000005,11.0,9752.3,0.2,0.7142857142857143,0.055347503029660065,13.0,0.0,,0.0,35.0,417.0,0.0,0.0,Male,Northeast,Silver,20-40k,In-Store,1.0,1
C10926,0,,,,,,,,,,,,,,,,,,,,,,,,,,,,,,,,,,,,,,,,0
C10927,0,1.0,29.0,40595.71,1399.8520689655172,1186.206509946065,496.0,8.0,4.413793103448276,3.0,17.0,17.678571428571427,17.36760196122648,82.0,0.05656565656565657,3.0,2583.0,7.0,6981.21,12.0,14929.38,25.0,31345.85,1.1666666666666667,0.8571428571428571,0.009957804137252885,14.0,1.0,3.0,0.0,30.0,512.0,1.0,0.0,Female,South,Silver,40-70k,In-Store,1.0,1
C10928,1,171.0,12.0,9069.56,755.7966666666666,539.3916327819254,472.0,5.25,2.8333333333333335,3.0,10.0,27.363636363636363,20.78111030369998,57.0,6.249169435215947,0.0,0.0,0.0,0.0,1.0,1763.08,7.0,6191.639999999999,0.0,0.14285714285714285,0.054264099395721556,12.0,0.0,,0.0,25.0,478.0,1.0,1.0,Female,Central,Silver,70-120k,In-Store,1.0,1
C10929,0,2.0,42.0,40683.41,968.6526190476192,703.2396968839722,636.0,7.333333333333333,3.7857142857142856,3.0,5.0,15.463414634146341,15.746583059469776,59.0,0.12933753943217666,2.0,3098.41,3.0,3718.38,7.0,6312.66,23.0,21357.66,0.6,0.4117647058823529,0.027762602777765828,14.0,1.0,2.0,0.0,41.0,661.0,1.0,1.0,Male,North,Silver,70-120k,Online Web,3.0,1
C10930,0,228.0,9.0,5914.21,657.1344444444444,448.3926223219756,617.0,8.555555555555555,4.666666666666667,2.0,8.0,48.625,55.567044446969,161.0,4.688946015424165,0.0,0.0,0.0,0.0,0.0,0.0,2.0,919.0899999999999,0.0,0.0,0.06526033961739305,11.0,1.0,4.0,0.0,26.0,624.0,0.0,0.0,Female,South,Gold,40-70k,In-Store,1.0,1
C10931,1,8.0,3.0,2052.54,684.18,305.40893765572736,37.0,8.0,4.333333333333333,1.0,3.0,14.5,12.020815280171307,23.0,0.5517241379310345,1.0,428.34,3.0,2052.54,3.0,2052.54,3.0,2052.54,3.0,3.0,0.061245397790939654,6.0,1.0,3.0,0.0,27.0,42.0,1.0,1.0,Male,Bangkok,Bronze,40-70k,In-Store,3.0,1
C10932,0,0.0,5.0,2220.66,444.13199999999995,156.52992308181845,402.0,6.4,3.4,1.0,5.0,100.5,123.58128229361165,257.0,0.0,1.0,266.73,1.0,266.73,2.0,797.44,2.0,797.44,0.5,2.0,0.08603531300160513,10.0,0.0,,0.0,32.0,581.0,1.0,1.0,Female,Central,Bronze,20-40k,In-Store,2.0,1
C10933,0,0.0,9.0,7181.64,797.96,336.65027970432465,270.0,9.333333333333334,4.555555555555555,1.0,9.0,33.75,32.77520840077582,104.0,0.0,2.0,1041.76,3.0,1761.99,4.0,2646.0299999999997,9.0,7181.64,1.5,0.6666666666666666,0.09509991318470994,9.0,1.0,5.0,0.0,35.0,278.0,1.0,0.0,Female,Bangkok,Bronze,40-70k,In-Store,1.0,1
C10934,0,89.0,6.0,4742.38,790.3966666666666,474.16610041911116,270.0,4.166666666666667,3.1666666666666665,2.0,5.0,36.2,35.03855019831728,92.0,2.458563535911602,0.0,0.0,1.0,1661.07,5.0,3944.37,6.0,4742.38,0.2,2.5,0.040751640927617135,12.0,1.0,1.0,0.0,59.0,332.0,1.0,1.0,Female,Bangkok,Silver,Unknown,In-Store,1.0,1
C10935,1,65.0,12.0,5453.26,454.43833333333333,349.9725007075773,330.0,5.0,2.75,2.0,11.0,24.09090909090909,25.02580486399806,78.0,2.69811320754717,0.0,0.0,1.0,510.17,2.0,615.59,12.0,5453.26,0.5,0.18181818181818182,0.044184844049883,12.0,1.0,3.0,1.0,23.0,365.0,0.0,0.0,Female,Bangkok,Platinum,<20k,In-Store,1.0,1
C10936,0,0.0,42.0,63669.63,1515.9435714285714,835.1744711452737,612.0,10.404761904761905,5.714285714285714,3.0,21.0,14.926829268292684,15.018971742270574,69.0,0.0,3.0,4892.15,11.0,15953.64,13.0,18853.42,30.0,46647.81,3.6666666666666665,0.7222222222222222,0.020161521163833882,14.0,0.0,,0.0,42.0,626.0,0.0,1.0,Female,South,Gold,70-120k,In-Store,2.0,1
C10937,1,66.0,10.0,13458.43,1345.843,839.5079601508653,340.0,6.9,3.6,2.0,9.0,30.444444444444443,25.13021642918695,91.0,2.167883211678832,0.0,0.0,1.0,1023.13,5.0,9169.38,10.0,13458.43,0.2,0.8333333333333334,0.01639220856671773,10.0,0.0,,0.0,34.0,366.0,0.0,0.0,Female,South,Gold,40-70k,In-Store,2.0,1
C10938,0,168.0,7.0,2173.69,310.52714285714285,147.36925829519598,454.0,6.0,2.857142857142857,2.0,4.0,47.666666666666664,41.51947334283838,120.0,3.5244755244755246,0.0,0.0,0.0,0.0,1.0,432.66,4.0,1016.6800000000001,0.0,0.25,0.07345632177048789,8.0,0.0,,0.0,32.0,469.0,0.0,1.0,Male,South,Silver,Unknown,In-Store,1.0,1
C10939,1,24.0,14.0,13302.64,950.1885714285714,471.3815857481257,483.0,8.5,4.428571428571429,2.0,12.0,35.30769230769231,23.296582780115397,70.0,0.6797385620915033,1.0,1028.02,4.0,3706.37,6.0,5751.6,11.0,10406.43,1.3333333333333333,1.0,0.013879303507001919,11.0,0.0,,0.0,34.0,498.0,1.0,1.0,Male,Bangkok,Gold,70-120k,In-Store,1.0,1
C10940,0,3.0,51.0,102374.54000000001,2007.3439215686276,1484.4071112684394,457.0,10.705882352941176,5.862745098039215,3.0,22.0,9.08,6.960060989645983,25.0,0.3303964757709251,2.0,2166.58,8.0,15609.11,19.0,32845.0,41.0,82031.95,0.6666666666666666,0.8260869565217391,0.00016339283612753315,14.0,0.0,,0.0,33.0,458.0,1.0,0.0,Female,Bangkok,Platinum,70-120k,In-Store,1.0,1
C10941,0,8.0,1.0,875.2,875.2,,8.0,8.0,5.0,1.0,1.0,,,,,1.0,875.2,1.0,875.2,1.0,875.2,1.0,875.2,1.0,1.0,0.046893036830527306,5.0,0.0,,0.0,51.0,32.0,1.0,1.0,Female,Bangkok,Silver,20-40k,In-Store,2.0,1
C10942,0,1.0,2.0,1508.8600000000001,754.4300000000001,0.961665222413674,23.0,7.5,4.0,1.0,2.0,22.0,,22.0,0.045454545454545456,2.0,1508.8600000000001,2.0,1508.8600000000001,2.0,1508.8600000000001,2.0,1508.8600000000001,2.0,2.0,0.030607131384516543,5.0,0.0,,0.0,19.0,48.0,0.0,1.0,Female,North,Bronze,40-70k,In-Store,2.0,1
C10943,0,45.0,3.0,1655.73,551.91,34.13017872792346,458.0,3.0,2.0,1.0,3.0,206.5,65.76093065034893,253.0,0.2179176755447942,0.0,0.0,1.0,528.42,1.0,528.42,2.0,1064.67,1.0,0.5,0.05331679035780855,3.0,0.0,,0.0,35.0,555.0,1.0,0.0,Female,Northeast,Silver,20-40k,In-Store,2.0,1
C10944,0,51.0,13.0,17914.73,1378.0561538461538,931.8177542178734,297.0,9.384615384615385,5.230769230769231,2.0,1.0,20.5,15.687284949630676,48.0,2.4878048780487805,0.0,0.0,3.0,5589.07,9.0,13022.31,13.0,17914.73,0.42857142857142855,1.8,0.029924688748148083,13.0,0.0,,0.0,47.0,314.0,0.0,1.0,Male,Bangkok,Gold,Unknown,Mobile App,1.0,1
C10945,0,,,,,,,,,,,,,,,,,,,,,,,,,,,,,,,,,,,,,,,,0
C10946,0,1.0,71.0,182098.9,2564.77323943662,1152.73345147929,637.0,15.76056338028169,8.126760563380282,3.0,24.0,9.085714285714285,7.806988428515913,36.0,0.11006289308176101,7.0,21987.480000000003,14.0,35534.79,27.0,68577.75,45.0,119017.82,1.0,1.4210526315789473,0.0,14.0,1.0,4.0,1.0,32.0,641.0,0.0,0.0,Male,East,Platinum,70-120k,In-Store,1.0,1
C10947,0,5.0,71.0,268592.71,3782.995915492958,2131.876070323693,636.0,16.95774647887324,9.338028169014084,3.0,5.0,9.014285714285714,8.443319728230497,39.0,0.554675118858954,3.0,10185.720000000001,10.0,43819.83,21.0,88655.48,37.0,154891.34,0.8333333333333334,1.2352941176470589,0.0,14.0,0.0,,0.0,54.0,651.0,1.0,0.0,Female,Bangkok,Gold,>120k,Online Web,3.0,1
C10948,0,43.0,22.0,34510.52,1568.6599999999999,788.2281651968062,438.0,13.318181818181818,7.590909090909091,3.0,13.0,18.80952380952381,19.55918977774654,89.0,2.2860759493670884,0.0,0.0,2.0,2270.14,7.0,13558.47,18.0,28386.96,0.3333333333333333,0.5833333333333334,0.026532581613054367,13.0,0.0,,0.0,29.0,450.0,1.0,1.0,Female,Central,Silver,40-70k,In-Store,3.0,1
C10949,0,0.0,20.0,29718.87,1485.9434999999999,1315.7577140519093,328.0,9.05,5.1,3.0,13.0,17.263157894736842,14.328844666395272,62.0,0.0,2.0,2907.62,6.0,5518.92,8.0,9832.26,20.0,29718.87,2.0,0.6153846153846154,0.01642845370187117,14.0,0.0,,0.0,49.0,331.0,1.0,0.0,Female,North,Silver,40-70k,In-Store,2.0,1
C10950,0,2.0,38.0,38221.04,1005.8168421052632,716.5014152344721,566.0,7.7105263157894735,4.184210526315789,3.0,18.0,15.243243243243244,20.58101256202129,111.0,0.13120567375886524,4.0,2942.09,11.0,7646.58,16.0,9851.9,23.0,18069.76,1.8333333333333333,2.0,0.03558304004618579,14.0,0.0,,0.0,34.0,569.0,1.0,0.0,Female,East,Silver,20-40k,In-Store,1.0,1
C10951,1,23.0,10.0,14110.619999999999,1411.062,950.4434343423308,379.0,10.8,5.6,3.0,3.0,39.55555555555556,34.0040847219533,103.0,0.5814606741573033,1.0,2228.13,2.0,3600.4300000000003,4.0,4011.2200000000003,9.0,12240.720000000001,0.6666666666666666,0.6666666666666666,0.05809263795900113,14.0,1.0,3.0,0.0,34.0,381.0,0.0,1.0,Female,South,Silver,40-70k,Mobile App,2.0,1
C10952,0,4.0,19.0,22970.55,1208.9763157894736,788.7990278843072,326.0,9.578947368421053,5.578947368421052,3.0,12.0,17.88888888888889,10.64335688359805,40.0,0.2236024844720497,1.0,1056.42,3.0,2958.37,9.0,11385.5,19.0,22970.55,0.42857142857142855,0.8181818181818182,0.08252302125084625,14.0,1.0,2.0,0.0,39.0,332.0,1.0,0.0,Female,Bangkok,Silver,<20k,In-Store,1.0,1
C10953,1,72.0,18.0,22813.56,1267.42,728.6513068111846,584.0,10.11111111111111,5.611111111111111,3.0,3.0,30.11764705882353,28.831151453205038,88.0,2.390625,0.0,0.0,1.0,638.37,2.0,1662.7199999999998,11.0,13737.42,0.5,0.2,0.0410634842172163,14.0,0.0,,0.0,29.0,602.0,0.0,0.0,Female,South,Bronze,20-40k,Online Web,1.0,1
C10954,0,19.0,26.0,17677.29,679.8957692307692,475.20904308039485,637.0,6.076923076923077,3.3461538461538463,3.0,14.0,24.72,18.008146304751453,86.0,0.7686084142394822,1.0,241.24,4.0,1388.99,7.0,3523.57,15.0,9913.36,1.0,0.7777777777777778,0.01444384479348095,14.0,1.0,4.0,0.0,45.0,643.0,1.0,0.0,Female,Northeast,Silver,40-70k,In-Store,1.0,1
C10955,0,4.0,4.0,4481.9,1120.475,225.68078244872044,83.0,9.25,4.25,1.0,1.0,26.333333333333332,7.0945988845975885,34.0,0.1518987341772152,1.0,1162.49,4.0,4481.9,4.0,4481.9,4.0,4481.9,4.0,4.0,0.008481850521211264,9.0,1.0,2.0,0.0,27.0,129.0,0.0,1.0,Female,Northeast,Bronze,20-40k,Online Web,2.0,1
C10956,0,44.0,19.0,21064.86,1108.6768421052632,1065.0758666042561,429.0,6.157894736842105,3.526315789473684,3.0,16.0,21.38888888888889,20.688555770504642,72.0,2.057142857142857,0.0,0.0,5.0,4709.78,10.0,8275.15,16.0,18894.17,0.8333333333333334,1.4285714285714286,0.034666539573893984,12.0,0.0,,0.0,34.0,459.0,0.0,0.0,Male,Bangkok,Silver,40-70k,In-Store,2.0,1
C10957,1,117.0,5.0,2732.14,546.428,350.4758937787305,355.0,7.8,3.8,2.0,4.0,59.5,49.56140971898735,129.0,1.9663865546218486,0.0,0.0,0.0,0.0,2.0,1458.26,5.0,2732.14,0.0,0.5,0.08377096789338484,10.0,1.0,3.0,0.0,34.0,355.0,1.0,0.0,Male,Northeast,Silver,Unknown,In-Store,1.0,1
C10958,0,18.0,3.0,5930.469999999999,1976.823333333333,1877.1953080149472,85.0,6.333333333333333,3.6666666666666665,1.0,3.0,33.5,21.920310216782973,49.0,0.5373134328358209,1.0,614.78,3.0,5930.469999999999,3.0,5930.469999999999,3.0,5930.469999999999,3.0,3.0,0.0010073360341618309,6.0,2.0,4.0,0.0,39.0,95.0,1.0,0.0,Male,Northeast,Bronze,<20k,In-Store,1.0,1
C10959,1,27.0,31.0,47584.6,1534.9870967741936,594.8087055078776,627.0,12.03225806451613,6.161290322580645,3.0,17.0,20.0,22.103206195887758,113.0,1.35,1.0,634.24,1.0,634.24,6.0,6613.85,20.0,29819.18,0.16666666666666666,0.4,0.015757933779612314,14.0,2.0,3.0,0.0,30.0,668.0,1.0,1.0,Female,North,Gold,20-40k,In-Store,1.0,1
C10960,1,67.0,11.0,9727.33,884.3027272727272,676.5198237463691,372.0,8.545454545454545,4.363636363636363,3.0,3.0,30.5,21.783020910791965,81.0,2.19672131147541,0.0,0.0,2.0,2187.16,5.0,3319.66,10.0,9487.880000000001,0.5,0.8333333333333334,0.06616227508061721,11.0,1.0,3.0,0.0,33.0,409.0,0.0,1.0,Male,East,Silver,<20k,Mobile App,1.0,1
C10961,0,1.0,21.0,30974.53,1474.977619047619,1042.9066670268473,347.0,10.80952380952381,5.190476190476191,3.0,12.0,17.3,10.533655335962065,35.0,0.057803468208092484,2.0,1489.22,6.0,6923.22,13.0,17694.77,21.0,30974.53,0.75,1.4444444444444444,0.023604694964434715,14.0,0.0,,0.0,30.0,350.0,1.0,0.0,Female,North,Platinum,70-120k,In-Store,2.0,1
C10962,1,187.0,15.0,14385.3,959.02,534.5018745523724,468.0,6.666666666666667,3.8,2.0,11.0,20.071428571428573,23.940516946138647,95.0,9.316725978647685,0.0,0.0,0.0,0.0,0.0,0.0,9.0,9453.35,0.0,0.0,0.05547654597241537,12.0,1.0,3.0,0.0,40.0,483.0,1.0,0.0,Female,Bangkok,Silver,20-40k,In-Store,1.0,1
C10963,0,15.0,34.0,50593.11,1488.0326470588236,935.617469839324,533.0,10.264705882352942,5.529411764705882,3.0,7.0,15.696969696969697,17.292492678335968,84.0,0.9555984555984556,4.0,6371.11,6.0,9371.84,11.0,17415.38,19.0,29460.44,1.0,1.2222222222222223,0.03327902908124543,14.0,0.0,,0.0,41.0,539.0,0.0,1.0,Female,Central,Platinum,20-40k,Mobile App,2.0,1
C10964,1,79.0,20.0,18492.62,924.631,1141.6175696740222,577.0,5.0,2.9,3.0,11.0,26.210526315789473,18.017210745310596,55.0,3.0140562248995986,0.0,0.0,2.0,1633.27,3.0,2174.0699999999997,11.0,11783.849999999999,1.0,0.3333333333333333,0.06515062894973508,13.0,2.0,2.5,0.0,44.0,582.0,1.0,1.0,Male,North,Bronze,20-40k,In-Store,2.0,1
C10965,0,13.0,21.0,18845.2,897.3904761904762,758.1096460306794,261.0,6.095238095238095,3.0,2.0,1.0,12.4,10.946761116758163,44.0,1.0483870967741935,2.0,758.07,6.0,3837.29,13.0,8848.43,21.0,18845.2,0.75,1.4444444444444444,0.013350645542978608,13.0,0.0,,0.0,22.0,261.0,1.0,1.0,Female,Bangkok,Bronze,>120k,Mobile App,2.0,1
C10966,0,64.0,12.0,8525.51,710.4591666666666,546.0908156817598,478.0,8.5,4.75,2.0,9.0,37.63636363636363,21.327319228035794,74.0,1.7004830917874398,0.0,0.0,1.0,232.2,5.0,3112.16,8.0,5115.39,0.2,1.25,0.11129283781360888,12.0,1.0,2.0,0.0,18.0,497.0,1.0,0.0,Female,Northeast,Bronze,<20k,In-Store,1.0,1
C10967,1,232.0,3.0,3785.24,1261.7466666666667,846.1716673544047,284.0,12.333333333333334,5.666666666666667,1.0,1.0,26.0,11.313708498984761,34.0,8.923076923076923,0.0,0.0,0.0,0.0,0.0,0.0,3.0,3785.24,0.0,0.0,0.06424993943349304,9.0,1.0,3.0,1.0,18.0,317.0,1.0,1.0,Female,Northeast,Bronze,20-40k,Online Web,1.0,1
C10968,0,75.0,5.0,2014.54,402.908,306.92352145119145,237.0,5.2,2.8,1.0,4.0,40.5,25.645012510557812,75.0,1.8518518518518519,0.0,0.0,1.0,338.33,3.0,1325.1999999999998,5.0,2014.54,0.3333333333333333,1.0,0.040055274945201565,6.0,2.0,4.0,0.0,43.0,296.0,1.0,0.0,Female,Northeast,Gold,70-120k,In-Store,1.0,1
C10969,0,23.0,28.0,24045.55,858.7696428571428,481.95956535087157,437.0,6.428571428571429,3.642857142857143,3.0,17.0,15.333333333333334,23.592697696859187,122.0,1.5,1.0,2244.43,8.0,7275.049999999999,14.0,11716.81,22.0,19818.54,1.1428571428571428,1.5555555555555556,0.07488472392413806,13.0,0.0,,0.0,35.0,467.0,0.0,0.0,Male,Bangkok,Silver,20-40k,In-Store,1.0,1
C10970,0,0.0,55.0,142430.84,2589.6516363636365,1414.5412579987217,410.0,13.727272727272727,7.3090909090909095,3.0,21.0,7.592592592592593,5.46867069673957,21.0,0.0,3.0,6235.360000000001,12.0,33080.66,23.0,60687.6,46.0,121288.0,1.0,0.9583333333333334,0.031795240754117146,14.0,1.0,3.0,0.0,43.0,431.0,1.0,0.0,Male,Northeast,Silver,40-70k,In-Store,2.0,1
C10971,0,7.0,18.0,27103.45,1505.7472222222223,712.376384123264,608.0,11.61111111111111,6.388888888888889,2.0,12.0,35.35294117647059,29.193195218386485,93.0,0.19800332778702165,1.0,1940.89,3.0,4800.14,5.0,6509.95,10.0,17018.66,1.0,0.8333333333333334,0.032402880430572316,13.0,0.0,,0.0,33.0,626.0,1.0,0.0,Female,Bangkok,Bronze,<20k,In-Store,2.0,1
C10972,1,90.0,20.0,16576.010000000002,828.8005,594.1976963185427,567.0,6.2,3.5,3.0,12.0,25.105263157894736,21.85531904960973,86.0,3.5849056603773586,0.0,0.0,0.0,0.0,2.0,1414.72,11.0,9585.76,0.0,0.2,0.020417220695564814,14.0,2.0,4.0,0.0,36.0,606.0,1.0,1.0,Male,North,Bronze,>120k,In-Store,2.0,1
C10973,0,22.0,20.0,26874.7,1343.7350000000001,849.8241831387057,314.0,10.4,5.55,3.0,13.0,15.368421052631579,10.64169225429338,47.0,1.4315068493150684,1.0,1796.46,4.0,7843.68,7.0,9542.619999999999,20.0,26874.7,1.0,0.5,0.0,14.0,0.0,,0.0,35.0,404.0,0.0,1.0,Female,South,Platinum,40-70k,In-Store,3.0,1
C10974,0,27.0,3.0,326.27,108.75666666666666,77.61935991319002,177.0,1.6666666666666667,1.3333333333333333,1.0,3.0,75.0,66.46803743153546,122.0,0.36,1.0,20.68,2.0,159.1,3.0,326.27,3.0,326.27,1.0,3.0,0.015598600048274198,4.0,0.0,,0.0,27.0,183.0,1.0,1.0,Female,Bangkok,Bronze,40-70k,In-Store,2.0,1
C10975,1,81.0,13.0,11623.029999999999,894.0792307692307,389.7823996253452,551.0,6.923076923076923,4.230769230769231,2.0,1.0,39.166666666666664,38.43018069016574,141.0,2.068085106382979,0.0,0.0,1.0,940.55,4.0,2884.23,8.0,6265.99,0.25,0.8,0.04417994008356722,12.0,0.0,,0.0,33.0,556.0,1.0,0.0,Female,North,Bronze,Unknown,Online Web,1.0,1
C10976,1,27.0,3.0,4134.47,1378.1566666666668,1623.5938651440308,47.0,8.666666666666666,4.0,2.0,3.0,10.0,2.8284271247461903,12.0,2.7,1.0,632.05,3.0,4134.47,3.0,4134.47,3.0,4134.47,3.0,3.0,0.0011885809261751126,6.0,2.0,1.5,0.0,29.0,64.0,1.0,0.0,Female,Central,Bronze,<20k,Online Web,3.0,1
C10977,0,37.0,3.0,1079.9,359.9666666666667,180.41429941480064,93.0,3.6666666666666665,2.3333333333333335,2.0,2.0,28.0,26.870057685088806,47.0,1.3214285714285714,0.0,0.0,2.0,691.1999999999999,3.0,1079.9,3.0,1079.9,1.0,3.0,0.0,6.0,0.0,,0.0,18.0,104.0,0.0,0.0,Male,Bangkok,Silver,20-40k,Online Web,2.0,1
C10978,1,101.0,3.0,1471.1599999999999,490.3866666666666,273.51433643107873,413.0,3.3333333333333335,2.3333333333333335,1.0,2.0,156.0,140.0071426749364,255.0,0.6474358974358975,0.0,0.0,0.0,0.0,2.0,1217.09,2.0,1217.09,0.0,2.0,0.09473204890745855,3.0,0.0,,0.0,18.0,451.0,1.0,1.0,Female,Northeast,Bronze,40-70k,In-Store,1.0,1
C10979,0,7.0,50.0,174476.13,3489.5226000000002,1925.2686930387517,415.0,16.54,9.08,3.0,21.0,8.326530612244898,7.938271629428224,32.0,0.8406862745098039,3.0,12469.1,6.0,22991.850000000002,22.0,85874.14,44.0,154835.33000000002,0.35294117647058826,0.9565217391304348,0.0,14.0,2.0,4.0,0.0,32.0,428.0,1.0,0.0,Male,Bangkok,Gold,20-40k,In-Store,2.0,1
C10980,1,194.0,10.0,11512.53,1151.2530000000002,526.4656161200527,435.0,11.0,5.5,1.0,8.0,26.77777777777778,22.42642290791031,65.0,7.244813278008299,0.0,0.0,0.0,0.0,0.0,0.0,5.0,5866.32,0.0,0.0,0.028979150834464253,12.0,2.0,3.5,0.0,34.0,468.0,0.0,0.0,Female,Bangkok,Bronze,70-120k,In-Store,2.0,1
C10981,1,75.0,3.0,2273.5,757.8333333333334,1215.5171140849202,127.0,4.0,2.0,1.0,1.0,26.0,4.242640687119285,29.0,2.8846153846153846,0.0,0.0,1.0,54.22,3.0,2273.5,3.0,2273.5,0.3333333333333333,3.0,0.006324383623911154,4.0,1.0,5.0,0.0,18.0,147.0,1.0,1.0,Female,Central,Bronze,70-120k,Mobile App,3.0,1
C10982,0,86.0,15.0,9602.64,640.1759999999999,753.204388973253,595.0,5.866666666666666,3.2666666666666666,2.0,12.0,36.357142857142854,35.7353674042465,133.0,2.3654223968565815,0.0,0.0,1.0,378.09,2.0,634.03,6.0,2396.35,0.5,0.4,0.02488994948084588,11.0,0.0,,0.0,18.0,620.0,0.0,1.0,Female,North,Silver,<20k,In-Store,3.0,1
C10983,1,41.0,21.0,32579.61,1551.41,958.2096278998662,535.0,10.571428571428571,5.285714285714286,1.0,14.0,24.7,25.35246276835946,95.0,1.659919028340081,0.0,0.0,2.0,4591.6,3.0,5830.879999999999,10.0,17423.4,1.0,0.375,0.01910775672858585,14.0,1.0,3.0,0.0,29.0,573.0,1.0,0.0,Female,Bangkok,Silver,40-70k,In-Store,1.0,1
C10984,0,46.0,11.0,6126.12,556.92,503.1862391003951,483.0,4.7272727272727275,2.727272727272727,2.0,9.0,43.7,54.74191974874262,189.0,1.0526315789473684,0.0,0.0,2.0,1347.0,2.0,1347.0,6.0,2715.74,2.0,0.4,0.0594835090434278,11.0,0.0,,0.0,36.0,489.0,1.0,1.0,Female,Bangkok,Bronze,40-70k,In-Store,2.0,1
C10985,0,11.0,7.0,7420.92,1060.1314285714286,860.5462941726527,472.0,10.428571428571429,4.857142857142857,2.0,1.0,76.83333333333333,86.97911626745046,202.0,0.14316702819956617,1.0,1074.3,1.0,1074.3,1.0,1074.3,6.0,6979.25,1.0,0.16666666666666666,0.0597075064557902,11.0,1.0,3.0,0.0,40.0,645.0,0.0,1.0,Female,Central,Bronze,Unknown,Mobile App,1.0,1
C10986,0,3.0,22.0,28725.99,1305.7268181818183,691.9574593198932,497.0,8.227272727272727,4.5,2.0,2.0,23.523809523809526,25.464915172878637,113.0,0.12753036437246962,1.0,699.21,2.0,2649.38,6.0,6036.42,13.0,15289.26,0.4,0.75,0.02106053062313612,12.0,0.0,,0.0,36.0,503.0,1.0,1.0,Male,Bangkok,Platinum,40-70k,Mobile App,2.0,1
C10987,0,2.0,20.0,28171.96,1408.598,972.1506106923317,421.0,9.5,5.2,3.0,3.0,22.05263157894737,17.727798898937497,56.0,0.09069212410501193,2.0,1844.08,3.0,2340.36,8.0,9169.1,16.0,23101.690000000002,0.5,0.8888888888888888,0.0568397793754551,14.0,0.0,,0.0,34.0,462.0,1.0,1.0,Female,Bangkok,Platinum,20-40k,Mobile App,1.0,1
C10988,0,12.0,71.0,210368.55,2962.937323943662,1778.5048032353775,505.0,14.52112676056338,7.830985915492958,3.0,25.0,7.042857142857143,5.734299836682524,27.0,1.7038539553752536,6.0,16685.5,15.0,42156.12,25.0,82561.48,47.0,133085.68,1.3636363636363635,1.0869565217391304,0.009272504685348721,14.0,0.0,,0.0,47.0,507.0,1.0,1.0,Female,North,Silver,>120k,In-Store,1.0,1
C10989,1,94.0,14.0,11582.39,827.3135714285714,623.1563157100638,389.0,5.857142857142857,3.142857142857143,3.0,8.0,22.692307692307693,13.762174097773793,48.0,4.142372881355932,0.0,0.0,0.0,0.0,4.0,1424.81,13.0,10633.3,0.0,0.4,0.008481809224352757,13.0,1.0,4.0,1.0,37.0,395.0,0.0,0.0,Male,Unknown,Gold,20-40k,In-Store,1.0,1
C10990,0,2.0,47.0,139553.59,2969.2253191489363,1623.7460293780834,404.0,14.085106382978724,7.872340425531915,3.0,20.0,8.73913043478261,8.048284241194091,34.0,0.2288557213930348,2.0,3013.89,10.0,24701.07,21.0,58086.37,45.0,134421.98,0.8333333333333334,0.84,0.014712703828492829,14.0,0.0,,0.0,33.0,413.0,1.0,1.0,Female,Northeast,Silver,40-70k,In-Store,2.0,1
C10991,1,43.0,24.0,32246.26,1343.5941666666665,593.5282840915557,381.0,11.0,5.666666666666667,2.0,19.0,14.695652173913043,13.343145269826735,64.0,2.92603550295858,0.0,0.0,3.0,4386.61,12.0,15010.64,22.0,28548.92,0.3,1.0909090909090908,0.06707590861433277,14.0,1.0,3.0,1.0,52.0,422.0,0.0,1.0,Male,Bangkok,Silver,40-70k,In-Store,1.0,1
C10992,0,,,,,,,,,,,,,,,,,,,,,,,,,,,,,,,,,,,,,,,,0
C10993,0,,,,,,,,,,,,,,,,,,,,,,,,,,,,,,,,,,,,,,,,0
C10994,0,53.0,11.0,8000.0199999999995,727.2745454545454,367.5302998492406,630.0,7.545454545454546,4.363636363636363,2.0,9.0,57.7,50.146562970733875,177.0,0.9185441941074522,0.0,0.0,2.0,1230.44,3.0,1436.83,4.0,1862.25,1.0,1.5,0.06151848276072417,11.0,0.0,,0.0,33.0,666.0,1.0,1.0,Female,North,Bronze,<20k,In-Store,1.0,1
C10995,1,59.0,16.0,19597.16,1224.8225,629.2344986145201,381.0,9.125,5.25,2.0,2.0,21.466666666666665,16.378848148348734,50.0,2.748447204968944,0.0,0.0,3.0,3274.94,9.0,11436.64,15.0,18764.69,0.42857142857142855,1.2857142857142858,0.03374541517249404,13.0,1.0,4.0,0.0,22.0,462.0,0.0,1.0,Female,North,Bronze,40-70k,Mobile App,2.0,1
C10996,0,,,,,,,,,,,,,,,,,,,,,,,,,,,,,,,,,,,,,,,,0
C10997,0,41.0,14.0,8338.8,595.6285714285714,312.98744663588076,565.0,6.285714285714286,3.5,3.0,11.0,40.30769230769231,39.438527303861584,120.0,1.017175572519084,0.0,0.0,4.0,2786.94,6.0,3375.99,7.0,4194.69,1.3333333333333333,3.0,0.0867063798468206,12.0,1.0,4.0,0.0,43.0,660.0,0.0,1.0,Male,Central,Gold,40-70k,In-Store,1.0,1
C10998,0,16.0,7.0,2477.37,353.90999999999997,276.771583921953,435.0,5.142857142857143,3.0,2.0,5.0,69.83333333333333,68.55776153483036,169.0,0.22911694510739858,2.0,601.6,2.0,601.6,2.0,601.6,6.0,1899.3799999999999,2.0,0.4,0.07233368532206969,9.0,2.0,4.0,0.0,31.0,473.0,0.0,0.0,Male,Unknown,Bronze,20-40k,In-Store,1.0,1
C10999,1,32.0,23.0,32689.25,1421.2717391304348,826.8341727151613,520.0,9.73913043478261,5.130434782608695,3.0,3.0,22.181818181818183,21.386770195472234,77.0,1.442622950819672,0.0,0.0,2.0,4062.02,6.0,7170.09,11.0,11896.37,0.4,1.0,0.046461910398616656,13.0,1.0,5.0,0.0,31.0,521.0,0.0,0.0,Female,Northeast,Bronze,40-70k,Online Web,3.0,1
C11000,0,5.0,9.0,5946.73,660.7477777777777,310.17464942261876,134.0,5.444444444444445,2.6666666666666665,2.0,2.0,16.125,9.847951200993172,31.0,0.31007751937984496,3.0,2623.74,6.0,3556.22,9.0,5946.73,9.0,5946.73,1.5,9.0,0.027282154961462465,9.0,0.0,,0.0,20.0,137.0,1.0,0.0,Female,Central,Bronze,40-70k,Online Web,2.0,1
C11001,1,79.0,15.0,32352.4,2156.826666666667,603.3275881152398,622.0,15.733333333333333,8.8,3.0,2.0,38.785714285714285,39.321512161682165,135.0,2.03683241252302,0.0,0.0,3.0,7069.18,5.0,11529.43,9.0,19953.83,1.0,1.0,0.020971445050916297,14.0,2.0,2.5,0.0,51.0,622.0,1.0,0.0,Female,Central,Platinum,40-70k,Online Web,1.0,1
C11002,0,32.0,16.0,20018.7,1251.16875,936.5164925892478,348.0,6.625,3.4375,3.0,2.0,21.066666666666666,12.220981177973435,42.0,1.518987341772152,0.0,0.0,3.0,4465.33,7.0,10735.27,16.0,20018.7,0.6,0.7,0.0,13.0,0.0,,0.0,39.0,391.0,1.0,1.0,Female,Northeast,Bronze,70-120k,Online Web,2.0,1
C11003,0,13.0,12.0,3194.0099999999998,266.16749999999996,249.15025226210935,531.0,3.0,1.6666666666666667,2.0,11.0,47.09090909090909,48.806668694871085,155.0,0.27606177606177607,1.0,944.17,1.0,944.17,2.0,1058.07,8.0,2441.34,0.5,0.2857142857142857,0.05814200366833964,7.0,0.0,,0.0,36.0,582.0,0.0,1.0,Male,East,Silver,20-40k,In-Store,1.0,1
C11004,0,51.0,3.0,1888.43,629.4766666666667,179.66645606048263,65.0,7.666666666666667,4.333333333333333,3.0,2.0,7.0,7.0710678118654755,12.0,7.285714285714286,0.0,0.0,3.0,1888.43,3.0,1888.43,3.0,1888.43,3.0,3.0,0.0629999007641163,10.0,0.0,,0.0,19.0,75.0,0.0,1.0,Male,Central,Bronze,40-70k,In-Store,1.0,1
C11005,0,44.0,6.0,3821.5,636.9166666666666,359.5220489854088,284.0,7.333333333333333,4.166666666666667,1.0,6.0,48.0,45.0111097397076,99.0,0.9166666666666666,0.0,0.0,3.0,2501.5699999999997,4.0,3189.85,6.0,3821.5,1.5,1.3333333333333333,0.07358474099645093,10.0,0.0,,0.0,49.0,295.0,0.0,0.0,Female,Northeast,Bronze,20-40k,In-Store,1.0,1
C11006,0,211.0,4.0,2262.29,565.5725,364.1056609808935,399.0,6.25,4.0,2.0,2.0,62.666666666666664,85.33658847958087,161.0,3.367021276595745,0.0,0.0,0.0,0.0,0.0,0.0,1.0,291.12,0.0,0.0,0.05349455055122063,7.0,0.0,,0.0,40.0,525.0,1.0,0.0,Male,Central,Silver,<20k,Online Web,3.0,1
C11007,0,1.0,21.0,24389.31,1161.3957142857143,520.4368267481792,395.0,9.571428571428571,5.095238095238095,1.0,16.0,19.7,23.88591304734368,100.0,0.050761421319796954,3.0,2983.7699999999995,11.0,12001.27,12.0,13925.36,20.0,23813.66,5.5,1.3333333333333333,0.025273662460983864,13.0,0.0,,0.0,39.0,401.0,1.0,1.0,Female,Bangkok,Silver,20-40k,In-Store,1.0,1
C11008,0,0.0,61.0,222035.65,3639.92868852459,1668.9418319946276,528.0,17.60655737704918,9.098360655737705,3.0,2.0,8.8,8.754272564616274,37.0,0.0,9.0,30589.73,17.0,58206.92,24.0,80780.29,43.0,150506.66,2.125,1.2,0.00464933441680628,14.0,0.0,,0.0,22.0,566.0,1.0,1.0,Female,Central,Gold,20-40k,Mobile App,1.0,1
C11009,0,17.0,13.0,14952.54,1150.1953846153847,727.124843528897,386.0,8.384615384615385,4.0,2.0,1.0,30.75,32.910691824445685,105.0,0.5528455284552846,1.0,2165.14,2.0,3252.8599999999997,4.0,4920.98,10.0,12081.189999999999,0.6666666666666666,0.5714285714285714,0.028475452867947088,14.0,0.0,,0.0,36.0,388.0,1.0,0.0,Female,Central,Silver,40-70k,Online Web,1.0,1
C11010,0,,,,,,,,,,,,,,,,,,,,,,,,,,,,,,,,,,,,,,,,0
C11011,0,4.0,64.0,194348.63,3036.69734375,1973.1863322935258,435.0,13.75,7.5625,3.0,9.0,6.841269841269841,7.191406944775557,37.0,0.5846867749419954,5.0,9653.29,11.0,23066.989999999998,18.0,44085.76,49.0,150021.62,1.375,0.5625,0.0,14.0,0.0,,0.0,45.0,447.0,1.0,1.0,Female,South,Platinum,70-120k,Mobile App,3.0,1
C11012,0,8.0,26.0,44152.4,1698.1692307692308,939.013970562411,618.0,13.307692307692308,7.0,3.0,3.0,24.4,24.54078238361605,81.0,0.3278688524590164,2.0,3446.92,3.0,4647.27,7.0,11459.72,12.0,22123.38,0.6,1.1666666666666667,0.021430070628296403,13.0,0.0,,0.0,26.0,626.0,1.0,0.0,Male,South,Bronze,70-120k,Online Web,1.0,1
C11013,0,4.0,51.0,137548.81,2697.035490196078,1104.8113426921607,435.0,15.568627450980392,8.196078431372548,3.0,24.0,8.62,8.590193744696832,42.0,0.4640371229698376,7.0,18524.61,13.0,30409.64,20.0,52876.25,42.0,112887.66,1.625,0.8695652173913043,0.022987030440166086,14.0,1.0,4.0,0.0,35.0,444.0,1.0,1.0,Male,South,Platinum,<20k,In-Store,2.0,1
C11014,0,40.0,16.0,21285.79,1330.361875,917.6937169899969,410.0,9.75,5.375,3.0,3.0,24.666666666666668,19.86981438789814,74.0,1.6216216216216215,0.0,0.0,4.0,4674.79,7.0,10014.8,12.0,19588.14,1.0,1.1666666666666667,0.017223460362355673,14.0,0.0,,0.0,43.0,433.0,1.0,1.0,Male,South,Gold,70-120k,Mobile App,2.0,1
C11015,0,100.0,18.0,4089.71,227.2061111111111,246.1843613597431,481.0,3.0555555555555554,1.8888888888888888,2.0,1.0,22.41176470588235,21.63925490725539,75.0,4.461942257217848,0.0,0.0,0.0,0.0,3.0,767.58,9.0,2530.59,0.0,0.42857142857142855,0.06309763260743069,8.0,0.0,,0.0,39.0,520.0,1.0,0.0,Female,Bangkok,Bronze,40-70k,Mobile App,2.0,1
C11016,0,17.0,29.0,22213.52,765.9834482758621,455.82655942079435,473.0,6.137931034482759,3.1379310344827585,2.0,16.0,16.285714285714285,21.96943523753136,115.0,1.0438596491228072,1.0,1815.08,6.0,4572.13,11.0,7570.46,17.0,12427.75,1.0,1.5714285714285714,0.014621305914484812,14.0,0.0,,0.0,37.0,479.0,1.0,1.0,Female,Northeast,Silver,70-120k,In-Store,1.0,1
C11017,1,20.0,15.0,11318.98,754.5986666666666,549.6677856392203,391.0,4.733333333333333,2.7333333333333334,3.0,3.0,26.5,14.404860290887934,58.0,0.7547169811320755,1.0,294.88,3.0,1774.75,6.0,3824.49,13.0,9339.88,0.75,0.75,0.04829497442692862,12.0,1.0,2.0,0.0,36.0,400.0,0.0,0.0,Male,East,Bronze,20-40k,Mobile App,1.0,1
C11018,0,24.0,3.0,2255.85,751.9499999999999,952.0825197429054,40.0,3.6666666666666665,1.6666666666666667,3.0,2.0,8.0,5.656854249492381,12.0,3.0,1.0,97.43,3.0,2255.85,3.0,2255.85,3.0,2255.85,3.0,3.0,0.011268605690843108,4.0,1.0,5.0,0.0,36.0,65.0,1.0,1.0,Female,Northeast,Bronze,<20k,In-Store,2.0,1
C11019,1,77.0,7.0,3711.7299999999996,530.2471428571428,371.5874242002942,262.0,3.4285714285714284,2.7142857142857144,3.0,3.0,30.833333333333332,32.24541311049785,91.0,2.4972972972972975,0.0,0.0,2.0,656.72,6.0,2673.1099999999997,7.0,3711.7299999999996,0.4,3.0,0.030695145549935108,11.0,0.0,,0.0,34.0,325.0,1.0,1.0,Female,Bangkok,Silver,20-40k,Mobile App,1.0,1
C11020,0,156.0,3.0,1094.1000000000001,364.70000000000005,299.63329254273464,278.0,3.6666666666666665,2.3333333333333335,1.0,3.0,61.0,67.88225099390856,109.0,2.557377049180328,0.0,0.0,0.0,0.0,2.0,423.90000000000003,3.0,1094.1000000000001,0.0,1.0,0.005625789564569342,6.0,1.0,1.0,0.0,25.0,284.0,0.0,0.0,Male,Bangkok,Silver,40-70k,In-Store,1.0,1
C11021,1,45.0,11.0,8032.06,730.1872727272728,172.49522156227454,388.0,7.181818181818182,4.090909090909091,2.0,11.0,34.3,25.263280335960598,78.0,1.3119533527696794,0.0,0.0,1.0,528.26,6.0,4030.87,9.0,6457.13,0.16666666666666666,1.5,0.025033107598785666,11.0,0.0,,0.0,44.0,398.0,1.0,1.0,Female,Northeast,Silver,70-120k,In-Store,1.0,1
C11022,1,6.0,4.0,3325.46,831.365,726.1945639427494,59.0,7.25,3.5,1.0,1.0,17.666666666666668,7.371114795831994,26.0,0.33962264150943394,2.0,2294.27,4.0,3325.46,4.0,3325.46,4.0,3325.46,4.0,4.0,0.024703125504078084,9.0,0.0,,0.0,23.0,120.0,0.0,1.0,Female,Northeast,Silver,40-70k,Mobile App,2.0,1
C11023,0,46.0,4.0,1947.86,486.965,304.6890267688243,257.0,6.25,3.5,1.0,1.0,70.33333333333333,56.58032638058333,103.0,0.6540284360189574,0.0,0.0,2.0,1212.76,3.0,1343.32,4.0,1947.86,1.0,1.5,0.030268935509244973,7.0,0.0,,0.0,30.0,313.0,0.0,1.0,Male,Northeast,Silver,20-40k,Mobile App,1.0,1
C11024,0,15.0,14.0,9053.89,646.7064285714285,399.0878337024829,388.0,5.857142857142857,2.9285714285714284,3.0,9.0,28.692307692307693,26.132306363913536,70.0,0.5227882037533512,1.0,422.01,2.0,498.03999999999996,5.0,3375.67,13.0,8725.75,0.5,0.5555555555555556,0.0931328064745535,11.0,0.0,,0.0,50.0,390.0,0.0,0.0,Female,South,Silver,40-70k,In-Store,1.0,1
C11025,0,72.0,6.0,2102.68,350.44666666666666,210.90370216443964,354.0,5.0,3.0,3.0,5.0,56.4,77.18354746965184,189.0,1.2765957446808511,0.0,0.0,1.0,622.9,1.0,622.9,6.0,2102.68,1.0,0.16666666666666666,0.00835691378985097,8.0,0.0,,0.0,29.0,358.0,0.0,0.0,Female,Northeast,Silver,70-120k,In-Store,2.0,1
C11026,1,28.0,10.0,9471.41,947.141,498.18211838309355,413.0,7.5,4.7,2.0,9.0,42.77777777777778,29.785809447527935,115.0,0.6545454545454545,1.0,2031.82,2.0,2643.97,4.0,4677.3099999999995,7.0,6767.73,0.6666666666666666,1.0,0.0750079349965086,11.0,2.0,3.0,1.0,18.0,427.0,1.0,0.0,Male,Bangkok,Bronze,<20k,In-Store,1.0,1
C11027,0,5.0,8.0,5809.56,726.195,349.0132315543352,441.0,8.875,4.5,1.0,7.0,62.285714285714285,43.93826838385223,114.0,0.08027522935779817,2.0,1090.6,3.0,1781.78,4.0,2828.8799999999997,6.0,4188.67,1.5,1.3333333333333333,0.05102630865379275,10.0,0.0,,0.0,43.0,445.0,1.0,0.0,Male,Northeast,Bronze,Unknown,In-Store,3.0,1
C11028,0,3.0,48.0,130679.68,2722.4933333333333,1653.521112340151,438.0,12.395833333333334,6.375,3.0,6.0,9.25531914893617,8.003988367509914,33.0,0.32413793103448274,1.0,6565.96,7.0,20570.309999999998,14.0,42914.15,35.0,96822.75,0.875,0.6363636363636364,0.002037016361348405,14.0,0.0,,0.0,58.0,439.0,1.0,1.0,Female,Northeast,Gold,70-120k,Online Web,1.0,1
C11029,1,152.0,5.0,4339.92,867.984,802.5834002332717,319.0,7.2,4.2,2.0,5.0,41.75,8.655441448399191,53.0,3.6407185628742513,0.0,0.0,0.0,0.0,1.0,405.71,5.0,4339.92,0.0,0.2,0.04645434870972349,11.0,0.0,,0.0,18.0,356.0,1.0,1.0,Female,Northeast,Gold,20-40k,In-Store,2.0,1
C11030,0,10.0,5.0,1638.89,327.778,194.9413818818365,120.0,4.0,2.2,2.0,5.0,27.5,19.39931270260195,46.0,0.36363636363636365,1.0,147.93,4.0,1401.8500000000001,5.0,1638.89,5.0,1638.89,2.0,5.0,0.12750280825600646,7.0,0.0,,0.0,46.0,155.0,0.0,0.0,Male,North,Silver,<20k,In-Store,2.0,1
C11031,0,0.0,36.0,70438.02,1956.6116666666667,883.3015253613652,547.0,13.444444444444445,6.916666666666667,3.0,18.0,15.628571428571428,14.687100611412312,61.0,0.0,2.0,2387.1499999999996,7.0,11271.279999999999,14.0,24891.87,20.0,34900.31,0.875,2.0,0.012696679531592422,13.0,1.0,4.0,0.0,43.0,560.0,1.0,0.0,Female,Bangkok,Bronze,70-120k,In-Store,1.0,1
C11032,1,110.0,10.0,6252.26,625.226,418.5943560218332,311.0,7.3,3.9,3.0,2.0,22.333333333333332,17.81852968120546,59.0,4.925373134328359,0.0,0.0,0.0,0.0,4.0,2389.43,10.0,6252.26,0.0,0.5714285714285714,0.06617318690247354,10.0,0.0,,0.0,41.0,318.0,1.0,1.0,Female,Central,Silver,<20k,Mobile App,2.0,1
C11033,1,92.0,13.0,3373.4700000000003,259.4976923076923,334.8416750782835,488.0,2.8461538461538463,1.7692307692307692,3.0,3.0,33.0,36.11094017053558,133.0,2.787878787878788,0.0,0.0,0.0,0.0,5.0,2209.07,8.0,2503.2400000000002,0.0,1.25,0.028123730586069505,10.0,0.0,,0.0,34.0,497.0,0.0,0.0,Male,Central,Bronze,20-40k,Mobile App,1.0,1
C11034,0,20.0,25.0,29314.54,1172.5816,615.3211885652348,325.0,9.28,4.84,3.0,14.0,12.708333333333334,9.3319421841081,38.0,1.5737704918032787,3.0,4245.03,6.0,6761.86,12.0,15233.52,25.0,29314.54,0.8571428571428571,0.8571428571428571,0.005810916954148901,13.0,1.0,4.0,0.0,49.0,378.0,0.0,0.0,Female,Northeast,Silver,40-70k,In-Store,1.0,1
C11035,0,33.0,6.0,3344.36,557.3933333333333,403.4627321905539,361.0,7.0,3.3333333333333335,2.0,5.0,65.6,40.07867263271078,132.0,0.5030487804878049,0.0,0.0,2.0,630.42,2.0,630.42,6.0,3344.36,2.0,0.4,0.06373686671164576,9.0,0.0,,0.0,43.0,364.0,1.0,0.0,Female,East,Silver,Unknown,In-Store,3.0,1
C11036,1,34.0,18.0,18982.27,1054.5705555555555,701.0808887917891,474.0,9.88888888888889,5.388888888888889,3.0,2.0,25.88235294117647,18.414947573035526,68.0,1.3136363636363637,0.0,0.0,3.0,6931.48,6.0,8701.59,12.0,12812.51,0.75,0.8571428571428571,0.07848182258187449,13.0,0.0,,0.0,27.0,474.0,0.0,1.0,Male,Bangkok,Silver,20-40k,Mobile App,3.0,1
C11037,0,6.0,34.0,76863.33,2260.686176470588,1244.8845688268127,421.0,15.558823529411764,8.382352941176471,3.0,18.0,12.575757575757576,11.277827536338457,50.0,0.4771084337349397,2.0,2462.77,8.0,14688.94,12.0,27031.57,28.0,61746.66,1.6,0.7058823529411765,0.03799263819652086,14.0,1.0,4.0,0.0,52.0,485.0,1.0,0.0,Female,Northeast,Gold,>120k,In-Store,1.0,1
C11038,0,28.0,5.0,8325.640000000001,1665.1280000000002,736.0907550499463,121.0,8.6,5.0,1.0,5.0,23.25,18.246004128758347,48.0,1.2043010752688172,1.0,846.03,4.0,7266.8,5.0,8325.640000000001,5.0,8325.640000000001,2.0,5.0,0.05308567977535119,9.0,0.0,,0.0,28.0,143.0,0.0,0.0,Female,Bangkok,Bronze,40-70k,In-Store,1.0,1
C11039,0,4.0,8.0,4425.1,553.1375,330.2807346031554,212.0,6.5,3.625,2.0,1.0,29.714285714285715,37.459819743801425,111.0,0.1346153846153846,3.0,1878.96,3.0,1878.96,5.0,3604.5699999999997,8.0,4425.1,1.0,1.25,0.04768360998306314,10.0,0.0,,0.0,37.0,228.0,1.0,1.0,Female,Central,Bronze,40-70k,Online Web,1.0,1
C11040,0,1.0,20.0,21152.37,1057.6185,600.7829037030283,358.0,8.6,4.4,2.0,3.0,18.789473684210527,20.211599934934014,83.0,0.05322128851540616,4.0,5563.9400000000005,7.0,8487.51,8.0,9928.51,20.0,21152.37,3.5,0.6153846153846154,0.017070389391683535,12.0,0.0,,0.0,44.0,358.0,1.0,1.0,Male,Northeast,Platinum,40-70k,Mobile App,2.0,1
C11041,0,3.0,24.0,32330.5,1347.1041666666667,1136.7773045837373,269.0,8.166666666666666,4.291666666666667,3.0,16.0,11.565217391304348,11.727303367303787,38.0,0.2593984962406015,3.0,2949.81,7.0,12006.69,16.0,25615.57,24.0,32330.5,0.7,1.7777777777777777,0.0032301257242501762,14.0,0.0,,0.0,26.0,280.0,1.0,0.0,Male,North,Gold,70-120k,In-Store,1.0,1
C11042,1,255.0,3.0,1193.1100000000001,397.7033333333334,216.87763239516732,312.0,3.6666666666666665,3.0,1.0,1.0,28.5,9.192388155425117,35.0,8.947368421052632,0.0,0.0,0.0,0.0,0.0,0.0,3.0,1193.1100000000001,0.0,0.0,0.0,5.0,0.0,,0.0,35.0,316.0,1.0,1.0,Female,Bangkok,Gold,40-70k,Online Web,1.0,1
C11043,0,63.0,21.0,21909.72,1043.3200000000002,775.2331622228244,467.0,8.285714285714286,4.476190476190476,3.0,12.0,20.2,14.420745290616644,55.0,3.118811881188119,0.0,0.0,3.0,2895.24,7.0,9170.24,13.0,16969.4,0.6,1.0,0.0,13.0,0.0,,0.0,50.0,478.0,0.0,1.0,Female,Central,Gold,20-40k,In-Store,1.0,1
C11044,0,60.0,30.0,20518.09,683.9363333333333,366.4741643665497,576.0,5.1,3.0,3.0,19.0,17.79310344827586,15.621366572616466,60.0,3.372093023255814,0.0,0.0,4.0,2659.5299999999997,10.0,6766.8099999999995,19.0,12965.22,0.5714285714285714,1.0,0.01192065928170732,14.0,0.0,,0.0,20.0,597.0,1.0,0.0,Female,Northeast,Silver,<20k,In-Store,3.0,1
C11045,0,25.0,20.0,30396.81,1519.8405,1103.6600076848372,242.0,11.55,5.9,3.0,4.0,11.421052631578947,8.533045499531573,35.0,2.1889400921658986,1.0,761.7,6.0,5577.75,13.0,18936.89,20.0,30396.81,0.75,1.625,0.03266929506969172,13.0,0.0,,0.0,32.0,249.0,1.0,0.0,Male,Bangkok,Gold,40-70k,Online Web,2.0,1
C11046,0,13.0,17.0,23560.03,1385.8841176470587,883.3941338246112,400.0,9.647058823529411,5.0,2.0,12.0,24.1875,21.74156924725843,70.0,0.537467700258398,1.0,2151.22,3.0,6278.2699999999995,7.0,10769.09,15.0,21615.239999999998,0.6,0.7777777777777778,0.0,13.0,1.0,3.0,0.0,39.0,400.0,0.0,0.0,Female,Bangkok,Silver,40-70k,In-Store,2.0,1
C11047,0,16.0,21.0,25553.82,1216.8485714285714,892.3226414267751,392.0,8.904761904761905,4.619047619047619,3.0,10.0,18.8,18.928118876701042,59.0,0.851063829787234,2.0,3596.27,3.0,6545.75,8.0,10794.01,18.0,21659.3,0.5,0.7272727272727273,0.05042157952041381,13.0,0.0,,0.0,32.0,421.0,1.0,1.0,Male,Northeast,Bronze,>120k,In-Store,1.0,1
C11048,1,94.0,10.0,11209.39,1120.9389999999999,992.0262001294791,331.0,8.2,4.3,1.0,9.0,26.333333333333332,26.60826939130014,91.0,3.5696202531645573,0.0,0.0,0.0,0.0,5.0,6918.3,10.0,11209.39,0.0,0.8333333333333334,0.04039711401490247,11.0,1.0,5.0,1.0,39.0,385.0,1.0,0.0,Female,Northeast,Silver,20-40k,In-Store,1.0,1
C11049,0,92.0,11.0,9905.42,900.4927272727273,822.3363169906933,507.0,6.7272727272727275,4.090909090909091,1.0,10.0,41.5,38.21358106456103,131.0,2.216867469879518,0.0,0.0,0.0,0.0,2.0,2033.36,7.0,4426.61,0.0,0.3333333333333333,0.0797110201442298,13.0,0.0,,0.0,34.0,599.0,1.0,0.0,Female,Bangkok,Bronze,20-40k,In-Store,2.0,1
C11050,0,94.0,11.0,13128.92,1193.5381818181818,650.8739946536224,304.0,7.636363636363637,4.363636363636363,2.0,10.0,21.0,14.89966442575134,53.0,4.476190476190476,0.0,0.0,0.0,0.0,7.0,7236.54,11.0,13128.92,0.0,1.4,0.007056303706941798,10.0,0.0,,0.0,34.0,331.0,1.0,0.0,Male,Bangkok,Silver,<20k,In-Store,1.0,1
C11051,0,3.0,1.0,1757.03,1757.03,,3.0,15.0,8.0,1.0,1.0,,,,,1.0,1757.03,1.0,1757.03,1.0,1757.03,1.0,1757.03,1.0,1.0,0.0,5.0,0.0,,0.0,34.0,29.0,0.0,1.0,Female,East,Gold,40-70k,In-Store,2.0,1
C11052,1,28.0,47.0,86736.39,1845.4551063829788,1255.6532578041708,429.0,10.446808510638299,5.51063829787234,3.0,23.0,8.717391304347826,11.793902461259398,78.0,3.2119700748129674,1.0,1007.11,2.0,2828.12,11.0,14068.25,36.0,63263.21,0.2,0.4230769230769231,0.007300320174422098,14.0,0.0,,0.0,36.0,436.0,0.0,1.0,Female,Central,Gold,70-120k,In-Store,1.0,1
C11053,0,2.0,41.0,58382.99,1423.9753658536586,991.3656186117651,611.0,9.487804878048781,4.878048780487805,3.0,19.0,15.225,12.206529358272112,58.0,0.13136288998357964,4.0,5770.88,8.0,9297.61,13.0,13582.75,25.0,35508.14,1.3333333333333333,1.0,0.016654705322273314,14.0,0.0,,0.0,27.0,622.0,0.0,0.0,Female,Northeast,Bronze,70-120k,In-Store,1.0,1
C11054,0,26.0,11.0,23466.78,2133.343636363636,1101.9497599734093,258.0,13.818181818181818,7.636363636363637,3.0,8.0,23.2,13.414751416092495,44.0,1.120689655172414,1.0,2503.78,3.0,6779.17,7.0,17078.83,11.0,23466.78,0.6,1.4,0.008496747490692026,13.0,0.0,,0.0,45.0,263.0,0.0,1.0,Female,Bangkok,Platinum,>120k,In-Store,3.0,1
C11055,0,,,,,,,,,,,,,,,,,,,,,,,,,,,,,,,,,,,,,,,,0
C11056,1,3.0,3.0,1622.8899999999999,540.9633333333333,241.10179537559097,14.0,6.666666666666667,3.3333333333333335,1.0,3.0,5.5,6.363961030678928,10.0,0.5454545454545454,3.0,1622.8899999999999,3.0,1622.8899999999999,3.0,1622.8899999999999,3.0,1622.8899999999999,3.0,3.0,0.043197575700405624,9.0,0.0,,0.0,36.0,32.0,0.0,1.0,Male,North,Silver,40-70k,In-Store,1.0,1
C11057,0,78.0,16.0,4963.139999999999,310.19624999999996,295.80753343742504,504.0,4.0,1.75,3.0,11.0,28.4,29.89457667012052,98.0,2.746478873239437,0.0,0.0,2.0,820.28,7.0,2626.94,11.0,3535.88,0.3333333333333333,1.4,0.07351903497866336,9.0,0.0,,0.0,32.0,542.0,0.0,0.0,Male,Northeast,Bronze,<20k,In-Store,2.0,1
C11058,1,36.0,17.0,18096.0,1064.4705882352941,513.9900126397226,366.0,9.647058823529411,5.588235294117647,3.0,13.0,20.625,18.24965753103329,56.0,1.7454545454545454,0.0,0.0,4.0,3523.79,9.0,8348.48,16.0,15531.07,0.6666666666666666,1.125,0.08507868292991215,13.0,0.0,,0.0,36.0,368.0,1.0,1.0,Female,East,Bronze,<20k,In-Store,3.0,1
C11059,1,89.0,22.0,29392.23,1336.0104545454544,879.9004483164005,535.0,11.363636363636363,5.818181818181818,3.0,13.0,21.238095238095237,17.30001376272505,66.0,4.190582959641255,0.0,0.0,1.0,2164.04,3.0,6441.17,12.0,15633.06,0.3333333333333333,0.3,0.052930986816794236,13.0,1.0,3.0,0.0,45.0,555.0,1.0,0.0,Male,Northeast,Silver,20-40k,In-Store,1.0,1
C11060,1,47.0,3.0,1596.3000000000002,532.1,134.9020277831286,161.0,9.333333333333334,4.666666666666667,1.0,3.0,57.0,9.899494936611665,64.0,0.8245614035087719,0.0,0.0,1.0,396.41,3.0,1596.3000000000002,3.0,1596.3000000000002,0.3333333333333333,3.0,0.06928337793636634,7.0,1.0,3.0,1.0,36.0,233.0,1.0,1.0,Male,Northeast,Gold,<20k,In-Store,2.0,1
C11061,0,21.0,30.0,30047.0,1001.5666666666667,842.7008084000876,462.0,6.3,3.3333333333333335,3.0,2.0,15.206896551724139,12.548133925991968,49.0,1.380952380952381,1.0,1755.93,3.0,2206.16,10.0,8039.72,22.0,23201.84,0.375,0.7692307692307693,0.0,14.0,1.0,2.0,0.0,46.0,462.0,1.0,0.0,Male,Central,Silver,70-120k,Mobile App,2.0,1
C11062,0,37.0,4.0,2348.21,587.0525,547.4469801648984,220.0,7.75,4.5,1.0,3.0,61.0,34.044089061098404,94.0,0.6065573770491803,0.0,0.0,1.0,1349.08,2.0,1569.33,4.0,2348.21,0.5,0.6666666666666666,0.07401317086635908,9.0,1.0,5.0,0.0,23.0,226.0,1.0,0.0,Female,East,Silver,<20k,In-Store,2.0,1
C11063,0,34.0,18.0,13068.449999999999,726.025,619.6108896647771,547.0,4.888888888888889,2.888888888888889,3.0,6.0,30.176470588235293,22.779473474264186,84.0,1.1267056530214425,0.0,0.0,3.0,2480.0699999999997,7.0,5434.58,13.0,10089.25,0.6,1.0,0.008480883869249627,12.0,0.0,,0.0,46.0,566.0,1.0,1.0,Female,Central,Silver,40-70k,Mobile App,2.0,1
C11064,0,10.0,31.0,47462.58,1531.0509677419354,937.47812024372,538.0,10.806451612903226,5.67741935483871,1.0,1.0,17.6,17.050836767817547,61.0,0.5681818181818181,2.0,2686.5299999999997,5.0,6760.26,9.0,13093.19,21.0,26382.32,1.0,0.6923076923076923,0.04720399887581805,14.0,1.0,3.0,0.0,48.0,543.0,1.0,1.0,Female,Bangkok,Bronze,70-120k,Mobile App,1.0,1
C11065,1,177.0,14.0,20169.91,1440.7078571428572,1195.8639887492902,485.0,8.642857142857142,5.0,3.0,9.0,23.692307692307693,20.580673034769845,66.0,7.47077922077922,0.0,0.0,0.0,0.0,1.0,484.4,9.0,13687.71,0.0,0.1111111111111111,0.034132113311126734,14.0,1.0,4.0,1.0,38.0,517.0,0.0,0.0,Female,Bangkok,Silver,70-120k,In-Store,1.0,1
C11066,0,2.0,5.0,2217.8599999999997,443.57199999999995,137.64467051070304,161.0,7.0,4.0,1.0,4.0,39.75,42.66438795998368,102.0,0.050314465408805034,2.0,879.3,2.0,879.3,5.0,2217.8599999999997,5.0,2217.8599999999997,0.5,5.0,0.03693989830346558,10.0,0.0,,0.0,32.0,189.0,1.0,1.0,Female,Bangkok,Silver,20-40k,In-Store,2.0,1
C11067,0,28.0,4.0,3230.13,807.5325,490.3255380781901,184.0,6.5,3.25,1.0,1.0,52.0,44.57577817604534,98.0,0.5384615384615384,1.0,76.24,1.0,76.24,3.0,2111.1,4.0,3230.13,0.3333333333333333,1.5,0.01261841224426165,8.0,0.0,,0.0,30.0,214.0,0.0,0.0,Male,East,Silver,20-40k,Online Web,2.0,1
C11068,0,15.0,12.0,4815.49,401.2908333333333,330.67702412030474,403.0,4.166666666666667,2.25,2.0,11.0,35.27272727272727,23.490810582399703,73.0,0.4252577319587629,1.0,566.7,3.0,1166.8700000000001,6.0,3269.2200000000003,10.0,3994.0699999999997,0.75,1.2,0.10322563824656085,12.0,0.0,,0.0,20.0,452.0,1.0,0.0,Female,Central,Silver,20-40k,In-Store,1.0,1
C11069,0,98.0,5.0,4193.43,838.686,722.7622713105603,188.0,6.4,3.2,2.0,2.0,22.5,8.660254037844387,31.0,4.355555555555555,0.0,0.0,0.0,0.0,4.0,3745.4900000000002,5.0,4193.43,0.0,2.0,0.03440153079904117,7.0,0.0,,0.0,39.0,223.0,0.0,0.0,Female,North,Silver,20-40k,Online Web,3.0,1
C11070,1,173.0,3.0,677.96,225.98666666666668,138.91229547211915,253.0,3.6666666666666665,2.3333333333333335,2.0,3.0,40.0,5.656854249492381,44.0,4.325,0.0,0.0,0.0,0.0,1.0,366.72,3.0,677.96,0.0,0.3333333333333333,0.0822255313388385,5.0,1.0,3.0,0.0,25.0,257.0,0.0,1.0,Male,Bangkok,Silver,40-70k,In-Store,2.0,1
C11071,0,30.0,59.0,175395.8,2972.8101694915254,1699.2879427982841,496.0,15.40677966101695,8.322033898305085,3.0,4.0,8.03448275862069,6.461669756615326,35.0,3.733905579399141,0.0,0.0,7.0,25511.73,17.0,47915.259999999995,39.0,108073.11,0.6363636363636364,0.7391304347826086,0.015646599014040394,14.0,2.0,3.5,0.0,18.0,500.0,1.0,1.0,Male,Northeast,Platinum,70-120k,Mobile App,3.0,1
C11072,1,68.0,18.0,16163.31,897.9616666666666,700.229647508587,562.0,7.888888888888889,4.0,1.0,1.0,29.058823529411764,19.92319812503534,67.0,2.340080971659919,0.0,0.0,1.0,599.34,4.0,2905.0299999999997,9.0,7537.86,0.25,0.6666666666666666,0.02479976590333859,11.0,0.0,,0.0,45.0,571.0,0.0,1.0,Female,Bangkok,Gold,20-40k,Online Web,1.0,1
C11073,1,23.0,13.0,11030.82,848.5246153846153,669.87850708935,577.0,7.0,3.230769230769231,2.0,3.0,46.166666666666664,27.192356323500956,97.0,0.4981949458483755,1.0,588.07,1.0,588.07,3.0,1734.08,7.0,6106.6,0.3333333333333333,0.6,0.06713112133836013,12.0,1.0,3.0,1.0,19.0,597.0,1.0,0.0,Female,Central,Bronze,70-120k,Mobile App,3.0,1
C11074,0,33.0,7.0,2629.67,375.6671428571429,269.8789260461245,381.0,3.2857142857142856,1.5714285714285714,2.0,2.0,58.0,79.06453060633447,217.0,0.5689655172413793,0.0,0.0,2.0,147.24,2.0,147.24,6.0,2239.34,2.0,0.4,0.024910543782561134,6.0,1.0,4.0,0.0,25.0,455.0,0.0,1.0,Male,Central,Platinum,20-40k,Online Web,1.0,1
C11075,0,6.0,72.0,173495.6,2409.661111111111,1472.1863716050334,549.0,11.86111111111111,6.388888888888889,3.0,22.0,7.647887323943662,7.614082050571627,46.0,0.7845303867403315,4.0,10391.220000000001,13.0,32880.25,23.0,52138.17,47.0,108666.54,1.1818181818181819,0.92,0.010789340565758462,14.0,0.0,,0.0,26.0,555.0,1.0,0.0,Female,Bangkok,Silver,40-70k,In-Store,1.0,1
C11076,0,53.0,24.0,26750.62,1114.6091666666666,670.6512872471295,395.0,9.375,5.166666666666667,3.0,15.0,14.869565217391305,9.734214950958421,39.0,3.564327485380117,0.0,0.0,3.0,2562.8199999999997,10.0,8885.36,22.0,23775.06,0.375,0.7692307692307693,0.046761076112314955,13.0,0.0,,0.0,33.0,413.0,1.0,0.0,Male,Northeast,Silver,70-120k,In-Store,2.0,1
C11077,0,72.0,7.0,5215.02,745.0028571428572,318.2337509187382,484.0,8.714285714285714,4.428571428571429,2.0,7.0,68.66666666666667,38.954674516246016,110.0,1.0485436893203883,0.0,0.0,2.0,1225.48,3.0,2165.76,5.0,3385.11,1.0,1.0,0.09504192464669461,7.0,1.0,5.0,0.0,37.0,528.0,0.0,1.0,Male,Northeast,Bronze,70-120k,In-Store,3.0,1
C11078,0,17.0,26.0,33129.86,1274.2253846153847,874.6912107948987,444.0,8.461538461538462,4.6923076923076925,3.0,2.0,17.08,20.776428952060073,91.0,0.9953161592505856,1.0,1740.91,5.0,4387.55,12.0,13860.15,24.0,32328.58,0.625,0.9230769230769231,0.0,12.0,0.0,,0.0,51.0,446.0,0.0,1.0,Male,East,Silver,40-70k,Mobile App,1.0,1
C11079,0,35.0,8.0,4864.11,608.01375,519.7358650572287,421.0,4.75,2.5,3.0,3.0,55.142857142857146,44.001623346677306,116.0,0.6347150259067357,0.0,0.0,1.0,160.24,3.0,2324.48,7.0,4137.38,0.3333333333333333,0.6,0.01983460082941397,8.0,2.0,4.5,0.0,38.0,436.0,0.0,0.0,Female,North,Bronze,70-120k,Mobile App,2.0,1
C11080,0,82.0,5.0,3358.6,671.72,508.8214530166745,276.0,7.6,3.0,2.0,4.0,48.5,77.32830443418933,164.0,1.690721649484536,0.0,0.0,2.0,971.41,3.0,1167.32,5.0,3358.6,1.0,1.0,0.07520658198709705,6.0,0.0,,0.0,29.0,283.0,1.0,0.0,Male,Bangkok,Bronze,20-40k,In-Store,1.0,1
C11081,0,15.0,11.0,4541.89,412.89909090909094,285.4514835643545,299.0,5.0,2.8181818181818183,2.0,2.0,28.4,16.23576299408192,45.0,0.5281690140845071,1.0,237.51,2.0,459.44,4.0,1218.82,11.0,4541.89,0.6666666666666666,0.5,0.0,9.0,0.0,,0.0,33.0,334.0,0.0,1.0,Female,Central,Gold,<20k,Mobile App,3.0,1
C11082,0,55.0,4.0,1840.76,460.19,342.2170785724562,129.0,5.75,2.75,1.0,1.0,24.666666666666668,30.43572462310259,59.0,2.22972972972973,0.0,0.0,3.0,940.3799999999999,4.0,1840.76,4.0,1840.76,1.5,4.0,0.05845886294468173,7.0,1.0,4.0,0.0,38.0,167.0,0.0,0.0,Female,Bangkok,Bronze,<20k,Mobile App,1.0,1
C11083,0,,,,,,,,,,,,,,,,,,,,,,,,,,,,,,,,,,,,,,,,0
C11084,0,3.0,26.0,40371.5,1552.75,764.4000121611722,436.0,11.76923076923077,6.615384615384615,2.0,1.0,17.32,18.60716707794786,59.0,0.17321016166281755,2.0,3202.5699999999997,6.0,9631.1,9.0,13374.27,19.0,30109.440000000002,1.5,0.8181818181818182,0.017442964160026483,13.0,1.0,5.0,0.0,25.0,473.0,1.0,1.0,Female,South,Bronze,40-70k,Online Web,2.0,1
C11085,0,,,,,,,,,,,,,,,,,,,,,,,,,,,,,,,,,,,,,,,,0
C11086,0,6.0,76.0,275340.21,3622.8975000000005,1721.155712510347,533.0,18.57894736842105,9.93421052631579,1.0,1.0,7.026666666666666,6.48902052604146,32.0,0.8538899430740038,3.0,8856.65,10.0,32675.71,27.0,93147.86,53.0,182678.82,0.5555555555555556,1.0,0.028561141522699434,14.0,1.0,4.0,0.0,58.0,533.0,1.0,1.0,Female,Central,Gold,40-70k,Mobile App,1.0,1
C11087,1,48.0,16.0,16348.66,1021.79125,792.7390357646078,493.0,6.375,3.5,2.0,10.0,29.666666666666668,27.709376099247052,82.0,1.6179775280898876,0.0,0.0,2.0,2079.63,4.0,3551.32,13.0,12588.09,0.6666666666666666,0.4,0.027976938274746555,13.0,1.0,3.0,0.0,22.0,504.0,0.0,0.0,Female,Central,Silver,70-120k,In-Store,3.0,1
C11088,0,1.0,7.0,3885.79,555.1128571428571,449.53761487830604,262.0,6.571428571428571,4.0,1.0,7.0,43.5,40.168395536789866,122.0,0.022988505747126436,1.0,1241.36,3.0,2042.27,4.0,2132.7799999999997,7.0,3885.79,1.5,1.0,0.06979321769355619,10.0,0.0,,0.0,34.0,407.0,0.0,1.0,Female,Bangkok,Silver,20-40k,In-Store,1.0,1
C11089,0,25.0,24.0,43634.6,1818.1083333333333,1798.896939727876,400.0,10.75,5.5,3.0,16.0,16.304347826086957,12.74018261110989,54.0,1.5333333333333332,3.0,2610.9300000000003,7.0,8065.74,14.0,17326.47,22.0,38867.34,0.875,1.5555555555555556,0.007980786456670858,13.0,0.0,,0.0,20.0,440.0,1.0,1.0,Female,North,Gold,20-40k,In-Store,1.0,1
C11090,0,62.0,16.0,20211.37,1263.210625,1187.7973392037816,417.0,8.125,4.25,2.0,14.0,23.666666666666668,15.886502207249787,49.0,2.619718309859155,0.0,0.0,3.0,3410.79,7.0,6690.24,14.0,17186.56,0.6,0.875,0.02464239714197609,13.0,0.0,,0.0,46.0,417.0,1.0,0.0,Male,Central,Gold,70-120k,In-Store,2.0,1
C11091,0,90.0,4.0,2554.56,638.64,145.29745788095076,144.0,7.25,4.0,2.0,3.0,18.0,16.522711641858304,37.0,5.0,0.0,0.0,0.0,0.0,4.0,2554.56,4.0,2554.56,0.0,4.0,0.0,8.0,1.0,2.0,0.0,32.0,188.0,1.0,0.0,Female,Northeast,Bronze,40-70k,Online Web,1.0,1
C11092,0,47.0,10.0,5540.9,554.0899999999999,577.7845940217591,556.0,4.9,2.3,2.0,7.0,56.55555555555556,49.59614680373645,176.0,0.831041257367387,0.0,0.0,1.0,485.69,2.0,1704.13,5.0,2601.88,0.5,0.5,0.0196324749728408,11.0,1.0,3.0,0.0,37.0,558.0,1.0,0.0,Female,East,Bronze,<20k,In-Store,2.0,1
C11093,0,14.0,27.0,36482.73,1351.2122222222224,645.8558645426257,349.0,11.407407407407407,6.074074074074074,2.0,2.0,12.884615384615385,11.441422719494014,41.0,1.0865671641791044,3.0,4158.77,7.0,11044.99,11.0,14055.779999999999,27.0,36482.73,1.4,0.6470588235294118,0.0267913781448852,14.0,0.0,,0.0,28.0,392.0,1.0,1.0,Female,Bangkok,Silver,40-70k,Mobile App,1.0,1
C11094,0,1.0,18.0,25781.47,1432.3038888888889,665.3061868938851,319.0,12.722222222222221,7.0,3.0,2.0,18.705882352941178,12.23092752963953,42.0,0.05345911949685534,2.0,4283.05,7.0,11782.26,10.0,15718.67,18.0,25781.47,1.75,1.1111111111111112,0.019692859679581797,12.0,0.0,,0.0,45.0,349.0,1.0,1.0,Male,Bangkok,Gold,<20k,Mobile App,3.0,1
C11095,0,4.0,23.0,40289.51,1751.7178260869566,1377.2118853682628,477.0,9.652173913043478,5.3478260869565215,3.0,3.0,21.5,17.21226030368774,67.0,0.18604651162790697,1.0,128.4,2.0,2880.64,6.0,6846.36,16.0,23668.54,0.4,0.5454545454545454,0.0,14.0,0.0,,0.0,47.0,479.0,1.0,1.0,Male,Bangkok,Platinum,20-40k,Online Web,2.0,1
C11096,0,15.0,1.0,1475.01,1475.01,,15.0,9.0,6.0,1.0,1.0,,,,,1.0,1475.01,1.0,1475.01,1.0,1475.01,1.0,1475.01,1.0,1.0,0.14824481876505,6.0,0.0,,0.0,46.0,16.0,0.0,0.0,Female,Bangkok,Bronze,70-120k,Online Web,1.0,1
C11097,1,100.0,8.0,4527.55,565.94375,369.3597057819885,223.0,4.75,2.625,1.0,8.0,17.571428571428573,18.035678925000695,56.0,5.691056910569105,0.0,0.0,0.0,0.0,3.0,1421.81,8.0,4527.55,0.0,0.5,0.04889197927017051,11.0,1.0,5.0,0.0,34.0,262.0,0.0,1.0,Female,Bangkok,Bronze,20-40k,In-Store,3.0,1
C11098,0,16.0,8.0,6135.91,766.98875,455.87644166993624,429.0,8.0,4.0,2.0,2.0,59.0,46.02535533087532,139.0,0.2711864406779661,1.0,1097.62,3.0,3235.9399999999996,4.0,3842.45,6.0,4874.75,1.5,1.3333333333333333,0.06673916680609,12.0,0.0,,0.0,30.0,646.0,1.0,0.0,Female,North,Silver,70-120k,Online Web,2.0,1
C11099,0,3.0,22.0,36337.64,1651.7109090909091,874.0267181156916,352.0,9.090909090909092,4.954545454545454,3.0,6.0,16.61904761904762,13.84007294227957,49.0,0.1805157593123209,1.0,1546.44,6.0,7840.83,12.0,17846.27,22.0,36337.64,0.8571428571428571,1.0909090909090908,0.0,12.0,1.0,3.0,0.0,18.0,352.0,1.0,1.0,Male,Bangkok,Platinum,40-70k,Mobile App,1.0,1
C11100,1,17.0,3.0,3761.75,1253.9166666666667,222.15468807417355,57.0,8.666666666666666,5.0,1.0,1.0,20.0,8.48528137423857,26.0,0.85,1.0,1465.2,3.0,3761.75,3.0,3761.75,3.0,3761.75,3.0,3.0,0.0159287822028755,8.0,0.0,,0.0,20.0,117.0,1.0,1.0,Female,Bangkok,Bronze,70-120k,Mobile App,2.0,1
C11101,1,113.0,13.0,11837.42,910.5707692307692,464.9689039685259,419.0,6.461538461538462,3.8461538461538463,2.0,1.0,25.5,24.92716663328659,94.0,4.431372549019608,0.0,0.0,0.0,0.0,2.0,1784.2399999999998,9.0,8160.0199999999995,0.0,0.25,0.05892313844397504,12.0,1.0,1.0,0.0,36.0,475.0,1.0,1.0,Male,Central,Gold,<20k,Online Web,2.0,1
C11102,0,,,,,,,,,,,,,,,,,,,,,,,,,,,,,,,,,,,,,,,,0
C11103,0,7.0,48.0,89492.69,1864.4310416666667,1067.5569305268516,363.0,10.791666666666666,5.958333333333333,3.0,20.0,7.574468085106383,8.458966636578129,43.0,0.9241573033707865,5.0,9871.64,16.0,34426.12,33.0,63457.05,48.0,89492.69,0.8888888888888888,2.0625,0.0019215972700158668,14.0,0.0,,0.0,51.0,365.0,0.0,1.0,Female,Bangkok,Gold,40-70k,In-Store,2.0,1
C11104,0,5.0,25.0,40809.13,1632.3652,985.6978721279996,593.0,11.0,5.48,3.0,16.0,24.5,21.439500318641837,104.0,0.20408163265306123,1.0,414.42,3.0,3934.92,8.0,13346.24,18.0,30170.67,0.5,0.7272727272727273,0.032915463018477135,14.0,0.0,,0.0,34.0,597.0,1.0,0.0,Female,Bangkok,Platinum,40-70k,In-Store,1.0,1
C11105,0,26.0,73.0,163135.21,2234.7289041095887,1269.7160387241024,549.0,14.301369863013699,7.589041095890411,3.0,2.0,7.263888888888889,6.351207172723996,33.0,3.5793499043977053,1.0,2887.97,11.0,23300.68,21.0,44057.45,50.0,119702.65,1.0,0.7,0.022368194115890826,14.0,0.0,,0.0,40.0,557.0,1.0,0.0,Male,North,Silver,70-120k,Online Web,2.0,1
C11106,0,17.0,8.0,5827.5599999999995,728.4449999999999,570.6750635369107,380.0,8.25,4.0,3.0,2.0,51.857142857142854,51.77009616702346,154.0,0.32782369146005513,1.0,90.4,3.0,991.21,4.0,1351.33,6.0,2752.62,1.5,1.3333333333333333,0.08190533206248178,11.0,0.0,,0.0,36.0,553.0,1.0,1.0,Female,Bangkok,Bronze,40-70k,Online Web,1.0,1
C11107,1,169.0,13.0,25630.4,1971.569230769231,1471.4497862621836,541.0,10.846153846153847,5.846153846153846,3.0,8.0,31.0,33.62358479617327,100.0,5.451612903225806,0.0,0.0,0.0,0.0,2.0,5777.900000000001,5.0,8663.869999999999,0.0,0.5,0.032842101767724216,14.0,1.0,5.0,1.0,38.0,557.0,1.0,0.0,Male,Central,Bronze,20-40k,In-Store,2.0,1
C11108,0,21.0,26.0,41874.63,1610.5626923076923,963.1130956458134,490.0,11.961538461538462,6.153846153846154,3.0,13.0,18.76,18.708910533041024,68.0,1.1194029850746268,2.0,5976.43,2.0,5976.43,7.0,15599.57,21.0,33194.69,0.3333333333333333,0.4666666666666667,0.010410689691354114,14.0,0.0,,0.0,21.0,493.0,1.0,0.0,Male,South,Silver,70-120k,In-Store,1.0,1
C11109,0,2.0,73.0,216085.07,2960.0694520547945,1938.2586901935476,547.0,15.73972602739726,8.534246575342467,3.0,5.0,7.569444444444445,7.288475156680316,46.0,0.26422018348623855,3.0,4197.86,11.0,29434.48,21.0,55772.63,42.0,141978.98,1.0,0.9545454545454546,0.011332803110000967,14.0,0.0,,0.0,46.0,550.0,1.0,1.0,Female,Bangkok,Platinum,40-70k,Mobile App,3.0,1
C11110,0,170.0,3.0,1699.37,566.4566666666666,343.36701317006754,445.0,8.0,3.6666666666666665,1.0,3.0,137.5,3.5355339059327378,140.0,1.2363636363636363,0.0,0.0,0.0,0.0,1.0,653.09,2.0,1511.3000000000002,0.0,0.5,0.04844110466548703,7.0,0.0,,0.0,33.0,484.0,0.0,1.0,Female,South,Silver,20-40k,In-Store,2.0,1
C11111,0,20.0,15.0,22174.760000000002,1478.3173333333334,993.7714158085324,296.0,10.866666666666667,5.866666666666666,2.0,1.0,19.714285714285715,21.0180456217566,70.0,1.0144927536231882,1.0,915.44,7.0,7034.21,11.0,15334.83,15.0,22174.760000000002,1.4,2.2,0.021167725332497583,14.0,1.0,2.0,0.0,22.0,302.0,1.0,0.0,Female,Northeast,Gold,20-40k,Online Web,1.0,1
C11112,1,4.0,15.0,17776.86,1185.124,662.2753888980021,403.0,9.266666666666667,5.066666666666666,3.0,7.0,28.5,32.95626472486505,132.0,0.14035087719298245,1.0,1130.52,1.0,1130.52,2.0,3179.92,12.0,14569.27,0.5,0.18181818181818182,0.020573787291435722,13.0,2.0,2.0,2.0,35.0,435.0,1.0,0.0,Female,Central,Bronze,20-40k,In-Store,2.0,1
C11113,0,7.0,26.0,42181.8,1622.3769230769233,1100.624939789279,626.0,12.26923076923077,6.230769230769231,3.0,14.0,24.76,19.816407343411164,72.0,0.28271405492730206,2.0,3453.9700000000003,3.0,4364.98,8.0,12712.7,16.0,28136.99,0.5,0.8888888888888888,0.018930484492297256,14.0,0.0,,0.0,40.0,647.0,1.0,0.0,Female,Bangkok,Platinum,20-40k,In-Store,1.0,1
C11114,0,,,,,,,,,,,,,,,,,,,,,,,,,,,,,,,,,,,,,,,,0
C11115,0,10.0,29.0,56979.64,1964.815172413793,1097.3290075536686,550.0,13.206896551724139,7.0,3.0,3.0,19.285714285714285,14.256531038393499,58.0,0.5185185185185186,1.0,749.49,3.0,2723.62,6.0,8745.550000000001,16.0,24036.21,0.75,0.5454545454545454,0.025626293002762396,14.0,0.0,,0.0,44.0,562.0,0.0,1.0,Female,Central,Silver,>120k,Online Web,2.0,1
C11116,1,160.0,8.0,13740.77,1717.59625,1076.9672410714595,419.0,7.5,4.375,1.0,1.0,37.0,16.289055630494154,68.0,4.324324324324325,0.0,0.0,0.0,0.0,1.0,454.83,6.0,11012.06,0.0,0.16666666666666666,0.007402885883011577,11.0,0.0,,0.0,45.0,421.0,0.0,1.0,Female,Northeast,Bronze,20-40k,Online Web,3.0,1
C11117,0,53.0,5.0,3038.28,607.6560000000001,358.1449461181883,193.0,6.2,3.2,3.0,2.0,35.0,35.888716889852724,67.0,1.5142857142857142,0.0,0.0,2.0,716.79,3.0,1771.3799999999999,5.0,3038.28,1.0,1.0,0.04719374555079232,7.0,0.0,,0.0,36.0,226.0,0.0,1.0,Male,South,Bronze,20-40k,Mobile App,1.0,1
C11118,1,176.0,3.0,884.26,294.75333333333333,250.1459102870429,253.0,3.6666666666666665,2.0,1.0,3.0,38.5,47.37615433949868,72.0,4.571428571428571,0.0,0.0,0.0,0.0,1.0,350.37,3.0,884.26,0.0,0.3333333333333333,0.017215893303695468,5.0,0.0,,0.0,46.0,256.0,1.0,1.0,Male,Bangkok,Bronze,20-40k,In-Store,2.0,1
C11119,0,24.0,3.0,2446.05,815.35,320.2757705478203,36.0,7.333333333333333,3.3333333333333335,1.0,3.0,6.0,7.0710678118654755,11.0,4.0,1.0,1173.93,3.0,2446.05,3.0,2446.05,3.0,2446.05,3.0,3.0,0.16588235294117648,8.0,1.0,3.0,0.0,24.0,53.0,0.0,0.0,Male,Northeast,Bronze,20-40k,In-Store,2.0,1
C11120,1,38.0,12.0,10808.48,900.7066666666666,489.00153515902053,412.0,9.25,4.666666666666667,1.0,9.0,34.0,26.461292485439937,100.0,1.1176470588235294,0.0,0.0,2.0,2017.21,4.0,4374.66,10.0,10077.87,0.6666666666666666,0.5714285714285714,0.05765257102602151,13.0,0.0,,0.0,43.0,444.0,1.0,1.0,Female,Central,Silver,<20k,In-Store,2.0,1
C11121,0,3.0,25.0,45254.76,1810.1904000000002,866.0756370042591,563.0,13.0,6.84,3.0,16.0,23.333333333333332,24.169090333238277,100.0,0.1285714285714286,3.0,6082.5199999999995,5.0,9382.25,10.0,20056.829999999998,17.0,32167.23,0.8333333333333334,1.25,0.02482859259533803,14.0,0.0,,0.0,39.0,584.0,1.0,0.0,Female,South,Silver,20-40k,In-Store,2.0,1
C11122,0,41.0,6.0,3238.71,539.785,497.41176342141324,289.0,4.333333333333333,2.8333333333333335,2.0,6.0,49.6,48.46441993875507,116.0,0.8266129032258064,0.0,0.0,2.0,1169.96,4.0,1881.06,6.0,3238.71,0.6666666666666666,1.3333333333333333,0.07081009433312677,9.0,0.0,,0.0,36.0,291.0,0.0,0.0,Male,South,Silver,20-40k,In-Store,1.0,1
C11123,0,17.0,24.0,39212.0,1633.8333333333333,868.4785305131722,429.0,11.291666666666666,5.916666666666667,3.0,3.0,17.91304347826087,11.77019750926528,49.0,0.9490291262135921,1.0,2478.23,3.0,3913.96,8.0,10623.85,20.0,34562.86,0.5,0.6153846153846154,0.034539371229361904,14.0,2.0,3.0,0.0,34.0,459.0,1.0,0.0,Male,Bangkok,Silver,20-40k,Online Web,2.0,1
C11124,0,0.0,63.0,132511.08,2103.350476190476,1545.9474531824758,527.0,12.047619047619047,6.380952380952381,3.0,25.0,8.5,8.213842773924643,36.0,0.0,4.0,6239.0599999999995,11.0,17132.52,19.0,35884.56,39.0,74739.11,1.2222222222222223,0.9047619047619048,0.023875698275667746,14.0,0.0,,0.0,39.0,528.0,1.0,1.0,Female,Bangkok,Gold,>120k,In-Store,1.0,1
C11125,0,34.0,26.0,43923.09,1689.3496153846152,978.1924740396678,446.0,11.115384615384615,5.846153846153846,3.0,2.0,16.48,14.572005123981166,58.0,2.0631067961165046,0.0,0.0,2.0,3624.49,8.0,13229.960000000001,19.0,31583.41,0.2857142857142857,0.6666666666666666,0.007853488882167624,14.0,1.0,3.0,0.0,50.0,456.0,0.0,1.0,Male,North,Silver,40-70k,Mobile App,2.0,1
C11126,0,11.0,7.0,2428.86,346.98,249.01689554459284,159.0,4.285714285714286,2.7142857142857144,1.0,7.0,24.666666666666668,13.366625103842281,51.0,0.44594594594594594,2.0,414.84,4.0,1581.1699999999998,7.0,2428.86,7.0,2428.86,1.0,7.0,0.09550444639744983,8.0,0.0,,0.0,18.0,162.0,1.0,1.0,Female,Bangkok,Bronze,40-70k,In-Store,1.0,1
C11127,0,2.0,41.0,53614.090000000004,1307.6607317073172,897.4455410173651,543.0,8.073170731707316,4.2682926829268295,3.0,2.0,13.525,14.216255592698207,72.0,0.14787430683918668,5.0,6808.42,8.0,10664.42,17.0,20866.23,28.0,36825.39,0.8,1.4166666666666667,0.0,14.0,0.0,,0.0,26.0,572.0,1.0,1.0,Male,North,Silver,40-70k,Online Web,2.0,1
C11128,0,15.0,10.0,5383.77,538.3770000000001,345.3567804153972,269.0,6.8,3.2,3.0,8.0,28.22222222222222,28.986107783633948,93.0,0.531496062992126,2.0,1260.86,4.0,1792.4499999999998,7.0,3107.37,10.0,5383.77,1.0,1.75,0.10649050190692101,11.0,0.0,,0.0,25.0,321.0,0.0,0.0,Female,Central,Silver,40-70k,In-Store,1.0,1
C11129,0,42.0,15.0,8252.11,550.1406666666667,344.0093638149708,610.0,6.266666666666667,3.3333333333333335,2.0,11.0,40.57142857142857,39.01422676550043,116.0,1.0352112676056338,0.0,0.0,3.0,2480.1,3.0,2480.1,8.0,5204.04,3.0,0.5,0.04412023630255994,12.0,1.0,2.0,0.0,30.0,649.0,0.0,1.0,Female,Bangkok,Bronze,40-70k,In-Store,3.0,1
C11130,0,2.0,29.0,38701.27,1334.5265517241378,509.3595039029468,506.0,10.620689655172415,5.793103448275862,3.0,3.0,18.0,15.951314818673865,63.0,0.1111111111111111,4.0,7410.86,10.0,14713.23,11.0,15632.74,23.0,31136.95,5.0,0.8461538461538461,0.030081036952198596,14.0,0.0,,0.0,29.0,526.0,0.0,1.0,Male,North,Bronze,<20k,Mobile App,2.0,1
C11131,0,4.0,22.0,22997.22,1045.328181818182,663.532441132031,612.0,8.181818181818182,4.454545454545454,2.0,17.0,28.952380952380953,26.3921885990461,103.0,0.1381578947368421,1.0,874.13,4.0,3583.59,7.0,6108.9,14.0,14471.48,1.0,0.875,0.022705300254849774,13.0,1.0,3.0,0.0,49.0,614.0,1.0,0.0,Male,South,Gold,Unknown,In-Store,1.0,1
C11132,0,0.0,2.0,2590.8900000000003,1295.4450000000002,511.57054298503147,16.0,8.0,4.0,2.0,2.0,16.0,,16.0,0.0,2.0,2590.8900000000003,2.0,2590.8900000000003,2.0,2590.8900000000003,2.0,2590.8900000000003,2.0,2.0,0.0,7.0,0.0,,0.0,18.0,20.0,0.0,0.0,Male,Bangkok,Silver,<20k,Mobile App,1.0,1
C11133,0,188.0,5.0,2015.58,403.116,235.85242192947692,374.0,6.6,3.6,2.0,2.0,46.5,30.686587732536616,83.0,4.043010752688172,0.0,0.0,0.0,0.0,0.0,0.0,4.0,1530.28,0.0,0.0,0.05389154098545337,7.0,0.0,,0.0,24.0,424.0,1.0,1.0,Female,East,Bronze,Unknown,Online Web,1.0,1
C11134,0,5.0,20.0,35996.58,1799.8290000000002,891.8247699543956,351.0,14.1,7.1,3.0,12.0,18.210526315789473,26.565597944560682,116.0,0.2745664739884393,4.0,6663.82,9.0,16277.72,14.0,25633.01,20.0,35996.58,1.5,2.0,0.009765193020602143,14.0,0.0,,0.0,46.0,351.0,1.0,0.0,Female,Bangkok,Silver,20-40k,In-Store,1.0,1
C11135,1,11.0,20.0,24858.25,1242.9125,960.8675095255547,607.0,9.4,4.7,3.0,13.0,31.36842105263158,32.202847573046476,140.0,0.35067114093959734,2.0,2743.6800000000003,4.0,4431.46,7.0,10480.54,10.0,14058.61,1.0,1.75,0.03262230347832956,13.0,1.0,1.0,0.0,40.0,609.0,0.0,0.0,Male,South,Silver,<20k,In-Store,1.0,1
C11136,0,10.0,7.0,4484.68,640.6685714285715,636.1033837993258,360.0,6.714285714285714,3.5714285714285716,1.0,6.0,58.333333333333336,37.27018468785292,112.0,0.17142857142857143,1.0,383.98,2.0,1385.94,3.0,1658.22,7.0,4484.68,1.0,0.6,0.01192167956658052,11.0,0.0,,0.0,46.0,376.0,1.0,0.0,Female,Central,Silver,<20k,In-Store,1.0,1
C11137,1,85.0,7.0,2548.85,364.12142857142857,269.71492459190875,459.0,3.7142857142857144,2.0,1.0,1.0,62.333333333333336,53.69047091120236,157.0,1.3636363636363635,0.0,0.0,1.0,145.34,3.0,1463.01,6.0,2321.72,0.3333333333333333,0.75,0.03208105326715603,7.0,1.0,1.0,0.0,35.0,630.0,1.0,1.0,Female,Northeast,Silver,40-70k,Mobile App,2.0,1
C11138,0,0.0,31.0,77754.91,2508.2229032258065,1548.1797921219047,396.0,13.096774193548388,6.935483870967742,2.0,2.0,13.2,11.514308939090856,45.0,0.0,3.0,5650.45,8.0,16174.79,15.0,38597.04,28.0,65881.27,1.0,1.0714285714285714,0.01757438956053918,14.0,0.0,,0.0,36.0,398.0,1.0,1.0,Male,Bangkok,Silver,70-120k,Mobile App,1.0,1
C11139,0,3.0,22.0,36403.65,1654.7113636363638,1448.8296956551992,452.0,10.409090909090908,5.181818181818182,2.0,16.0,21.38095238095238,13.525813064197623,56.0,0.1403118040089087,1.0,2105.27,5.0,7450.88,9.0,12768.04,17.0,30834.170000000002,1.0,1.0,0.016950502749697217,13.0,0.0,,0.0,22.0,454.0,1.0,0.0,Female,Central,Silver,>120k,In-Store,1.0,1
C11140,1,87.0,4.0,1888.0,472.0,275.8486047333452,196.0,7.25,3.75,1.0,4.0,36.333333333333336,19.42506971244462,53.0,2.3944954128440363,0.0,0.0,1.0,479.6,3.0,1092.6100000000001,4.0,1888.0,0.3333333333333333,1.5,0.009755585859645444,8.0,0.0,,0.0,39.0,268.0,0.0,0.0,Male,Bangkok,Gold,20-40k,In-Store,1.0,1
C11141,0,0.0,83.0,167841.13,2022.1822891566267,1024.2764300575918,534.0,12.457831325301205,6.843373493975903,3.0,26.0,6.512195121951219,6.029237206711204,25.0,0.0,8.0,11839.98,14.0,23071.79,33.0,65595.47,61.0,120364.6,0.7,1.1379310344827587,0.01245606712335167,14.0,0.0,,0.0,44.0,543.0,0.0,1.0,Male,Northeast,Gold,40-70k,In-Store,2.0,1
C11142,1,10.0,3.0,2394.7799999999997,798.2599999999999,428.52674700653165,36.0,5.333333333333333,3.6666666666666665,2.0,2.0,13.0,12.727922061357855,22.0,0.7692307692307693,1.0,791.78,3.0,2394.7799999999997,3.0,2394.7799999999997,3.0,2394.7799999999997,3.0,3.0,0.1250347095359883,8.0,1.0,4.0,0.0,50.0,37.0,1.0,1.0,Female,Northeast,Bronze,<20k,Mobile App,1.0,1
C11143,1,26.0,10.0,15248.17,1524.817,834.900365247255,386.0,8.5,4.7,3.0,2.0,40.0,41.34307680857824,123.0,0.65,1.0,283.5,3.0,2725.2,5.0,5343.360000000001,8.0,10404.28,1.0,1.25,0.01388104749395485,13.0,3.0,2.0,0.0,34.0,414.0,1.0,0.0,Male,South,Bronze,20-40k,Mobile App,1.0,1
C11144,0,8.0,19.0,34524.8,1817.0947368421055,1051.6594767602533,364.0,11.68421052631579,6.2105263157894735,3.0,10.0,19.77777777777778,23.463502460468646,80.0,0.4044943820224719,2.0,4037.2799999999997,3.0,5073.13,6.0,13836.380000000001,19.0,34524.8,0.75,0.42857142857142855,0.03721677207379829,13.0,0.0,,0.0,33.0,398.0,1.0,1.0,Male,East,Gold,40-70k,In-Store,2.0,1
C11145,0,22.0,4.0,3119.98,779.995,327.29782161409713,101.0,6.0,3.5,1.0,1.0,26.333333333333332,21.1266025033211,40.0,0.8354430379746836,2.0,1254.03,3.0,2284.85,4.0,3119.98,4.0,3119.98,1.5,4.0,0.08741561465292322,8.0,0.0,,0.0,30.0,162.0,0.0,0.0,Male,Central,Bronze,40-70k,Mobile App,1.0,1
C11146,1,169.0,3.0,1576.25,525.4166666666666,394.3863538883329,186.0,5.0,3.0,1.0,1.0,8.5,7.7781745930520225,14.0,19.88235294117647,0.0,0.0,0.0,0.0,2.0,602.56,3.0,1576.25,0.0,1.0,0.13505015474439738,6.0,1.0,5.0,0.0,29.0,191.0,0.0,0.0,Male,East,Silver,20-40k,Online Web,3.0,1
C11147,0,17.0,30.0,55198.11,1839.9370000000001,1383.1920639497064,608.0,11.933333333333334,6.566666666666666,3.0,2.0,20.379310344827587,22.902610258445353,117.0,0.8341793570219965,2.0,2683.87,4.0,6750.18,7.0,12127.65,18.0,26688.27,1.0,0.5833333333333334,0.023566809687185733,14.0,0.0,,0.0,41.0,627.0,1.0,1.0,Female,North,Silver,20-40k,Mobile App,1.0,1
C11148,1,344.0,9.0,12851.33,1427.9255555555555,717.174782185471,585.0,11.88888888888889,5.888888888888889,3.0,6.0,30.125,23.84136561285268,79.0,11.41908713692946,0.0,0.0,0.0,0.0,0.0,0.0,1.0,2036.04,0.0,0.0,0.06599905228701168,11.0,3.0,2.6666666666666665,1.0,39.0,639.0,1.0,0.0,Male,North,Bronze,<20k,In-Store,3.0,1
C11149,1,32.0,20.0,16647.6,832.3799999999999,390.98420001728704,583.0,8.1,4.6,2.0,2.0,29.0,23.373774477677614,71.0,1.103448275862069,0.0,0.0,1.0,372.77,3.0,1901.6599999999999,7.0,5959.48,0.3333333333333333,0.6,0.07328711533087584,13.0,0.0,,0.0,41.0,585.0,1.0,1.0,Male,North,Silver,40-70k,Mobile App,1.0,1
C11150,1,1.0,4.0,1519.05,379.7625,264.92482951144206,38.0,3.5,1.75,3.0,3.0,12.333333333333334,7.571877794400366,21.0,0.08108108108108107,2.0,531.94,4.0,1519.05,4.0,1519.05,4.0,1519.05,4.0,4.0,0.024029040444601496,4.0,0.0,,0.0,21.0,45.0,0.0,0.0,Male,Bangkok,Bronze,40-70k,In-Store,1.0,1
C11151,0,26.0,20.0,27094.64,1354.732,756.4233486654915,432.0,10.1,4.75,2.0,13.0,21.36842105263158,20.795861036689725,88.0,1.2167487684729064,1.0,2708.56,3.0,6289.4400000000005,8.0,11928.39,15.0,20123.39,0.5,1.0,0.009338194752183178,14.0,0.0,,0.0,40.0,469.0,0.0,1.0,Male,Bangkok,Gold,40-70k,In-Store,2.0,1
C11152,0,20.0,5.0,2643.12,528.624,254.46603256623467,267.0,4.2,2.0,2.0,2.0,61.75,39.34780807109845,102.0,0.32388663967611336,1.0,740.33,1.0,740.33,3.0,1439.8200000000002,5.0,2643.12,0.3333333333333333,1.0,0.026700986511417234,5.0,0.0,,0.0,18.0,362.0,1.0,0.0,Female,Bangkok,Silver,<20k,Mobile App,2.0,1
C11153,0,4.0,97.0,182871.04,1885.2684536082475,1245.2295360924259,637.0,9.917525773195877,5.175257731958763,3.0,26.0,6.59375,5.724514458840476,32.0,0.6066350710900474,5.0,10681.67,12.0,24992.88,27.0,51050.68,49.0,92322.21,0.75,1.173913043478261,0.0,14.0,0.0,,0.0,50.0,639.0,1.0,1.0,Male,Bangkok,Gold,>120k,In-Store,1.0,1
C11154,0,16.0,3.0,1251.27,417.09,101.51485999596314,161.0,8.0,4.333333333333333,2.0,2.0,72.5,91.21677477306463,137.0,0.2206896551724138,1.0,377.63,1.0,377.63,3.0,1251.27,3.0,1251.27,0.3333333333333333,3.0,0.02169629872871417,7.0,1.0,1.0,1.0,34.0,210.0,1.0,1.0,Male,Northeast,Bronze,40-70k,Mobile App,1.0,1
C11155,1,56.0,25.0,38890.47,1555.6188,946.3863709364867,556.0,12.32,6.92,3.0,11.0,20.833333333333332,22.414410478561535,82.0,2.688,0.0,0.0,3.0,5605.57,9.0,12226.43,16.0,26767.26,0.42857142857142855,1.125,0.007085124124348511,14.0,0.0,,0.0,47.0,568.0,1.0,1.0,Male,Bangkok,Silver,40-70k,In-Store,1.0,1
C11156,1,22.0,3.0,1486.9299999999998,495.64333333333326,211.61328652363326,82.0,5.666666666666667,2.6666666666666665,1.0,1.0,30.0,39.59797974644666,58.0,0.7333333333333333,1.0,265.48,3.0,1486.9299999999998,3.0,1486.9299999999998,3.0,1486.9299999999998,3.0,3.0,0.026992893507309348,6.0,0.0,,0.0,33.0,89.0,1.0,1.0,Male,Northeast,Bronze,20-40k,Mobile App,3.0,1
C11157,0,5.0,63.0,144607.49,2295.356984126984,1415.6647067249237,502.0,13.396825396825397,7.111111111111111,3.0,6.0,8.016129032258064,7.293590124287937,35.0,0.6237424547283703,4.0,12717.98,13.0,33445.020000000004,25.0,53742.61,48.0,106798.49,1.0,1.0416666666666667,0.022574586335921958,14.0,1.0,3.0,1.0,50.0,511.0,1.0,1.0,Female,Bangkok,Gold,70-120k,Online Web,1.0,1
C11158,0,36.0,14.0,20093.42,1435.2442857142855,881.262549787033,325.0,9.071428571428571,5.0,3.0,10.0,22.23076923076923,20.644425583975636,71.0,1.619377162629758,0.0,0.0,1.0,1559.71,5.0,8534.46,14.0,20093.42,0.2,0.5,0.04333310956185068,13.0,0.0,,0.0,34.0,329.0,1.0,0.0,Female,Bangkok,Silver,70-120k,In-Store,2.0,1
C11159,0,1.0,23.0,37281.18,1620.9208695652173,721.1867830049491,482.0,12.391304347826088,6.304347826086956,3.0,15.0,21.863636363636363,23.723196312681882,107.0,0.04573804573804574,3.0,2791.69,4.0,4878.12,10.0,14912.89,16.0,25887.79,0.5714285714285714,1.4285714285714286,0.007530602389624551,14.0,0.0,,0.0,34.0,486.0,1.0,0.0,Male,Northeast,Platinum,20-40k,In-Store,2.0,1
C11160,1,62.0,9.0,11469.51,1274.39,815.2561591763658,410.0,11.333333333333334,5.555555555555555,2.0,2.0,43.5,59.658552254834824,156.0,1.4252873563218391,0.0,0.0,1.0,1213.73,1.0,1213.73,6.0,6750.58,1.0,0.16666666666666666,0.10406282295540666,12.0,1.0,3.0,1.0,36.0,411.0,1.0,0.0,Male,Bangkok,Silver,20-40k,Online Web,2.0,1
C11161,0,,,,,,,,,,,,,,,,,,,,,,,,,,,,,,,,,,,,,,,,0
C11162,1,58.0,10.0,9598.22,959.8219999999999,442.78026890195645,522.0,9.0,4.7,2.0,8.0,51.55555555555556,52.63580319305271,172.0,1.125,0.0,0.0,3.0,3243.35,4.0,4787.69,9.0,8710.84,1.5,0.6666666666666666,0.08128146715929321,12.0,0.0,,0.0,36.0,539.0,0.0,0.0,Female,Unknown,Silver,40-70k,In-Store,1.0,1
C11163,0,53.0,10.0,3993.69,399.369,567.1537724550548,462.0,3.4,1.9,1.0,1.0,45.44444444444444,23.786083699881697,95.0,1.1662591687041566,0.0,0.0,2.0,364.1,5.0,2390.49,8.0,3720.06,0.5,1.25,0.02323721476263849,9.0,2.0,3.0,0.0,29.0,567.0,0.0,0.0,Female,Bangkok,Bronze,<20k,Online Web,1.0,1
C11164,0,69.0,9.0,8870.34,985.5933333333334,753.4636461037786,293.0,8.555555555555555,4.555555555555555,2.0,3.0,28.0,28.938358132910224,89.0,2.4642857142857144,0.0,0.0,1.0,772.75,2.0,1039.08,9.0,8870.34,0.5,0.25,0.01972303540465542,13.0,1.0,2.0,0.0,18.0,319.0,1.0,1.0,Male,Northeast,Bronze,40-70k,Mobile App,1.0,1
C11165,0,28.0,68.0,223976.41,3293.770735294118,1535.825739573104,636.0,17.08823529411765,9.323529411764707,3.0,24.0,9.074626865671641,8.323594490209693,35.0,3.085526315789474,1.0,2272.81,6.0,14586.720000000001,16.0,41511.85,37.0,113444.09,0.5454545454545454,0.7272727272727273,0.0171610348084945,14.0,1.0,4.0,0.0,40.0,637.0,1.0,0.0,Male,Northeast,Gold,>120k,In-Store,2.0,1
C11166,0,29.0,4.0,2372.58,593.145,197.06542356960205,108.0,7.75,4.0,2.0,3.0,26.333333333333332,26.407069760451144,55.0,1.1012658227848102,1.0,731.64,3.0,1581.82,4.0,2372.58,4.0,2372.58,1.5,4.0,0.10807275023871643,7.0,1.0,4.0,0.0,29.0,162.0,0.0,0.0,Male,Northeast,Silver,20-40k,In-Store,2.0,1
C11167,1,2.0,3.0,463.65999999999997,154.5533333333333,201.74676461676736,29.0,1.6666666666666667,1.0,2.0,3.0,13.5,9.192388155425117,20.0,0.14814814814814814,3.0,463.65999999999997,3.0,463.65999999999997,3.0,463.65999999999997,3.0,463.65999999999997,3.0,3.0,0.08495983896114148,2.0,0.0,,0.0,26.0,34.0,0.0,1.0,Female,North,Silver,70-120k,In-Store,2.0,1
C11168,0,4.0,2.0,1084.76,542.38,74.1330749395976,10.0,5.0,2.5,1.0,2.0,6.0,,6.0,0.6666666666666666,2.0,1084.76,2.0,1084.76,2.0,1084.76,2.0,1084.76,2.0,2.0,0.0714420229066443,4.0,0.0,,0.0,32.0,38.0,1.0,1.0,Male,East,Silver,20-40k,In-Store,1.0,1
C11169,0,11.0,83.0,194517.95,2343.5897590361446,1523.737461972047,597.0,11.63855421686747,6.156626506024097,3.0,24.0,7.146341463414634,6.947993672960139,38.0,1.5392491467576792,2.0,6069.33,12.0,38596.01,27.0,72396.52,46.0,113069.0,0.75,1.35,0.027100138169041384,14.0,1.0,1.0,0.0,33.0,599.0,1.0,0.0,Female,Unknown,Platinum,70-120k,In-Store,1.0,1
C11170,0,1.0,20.0,26635.17,1331.7585,683.7643518230146,433.0,9.85,5.05,3.0,11.0,22.736842105263158,19.283966008817785,69.0,0.04398148148148148,1.0,1752.86,5.0,8279.51,9.0,12991.76,16.0,23367.06,1.0,1.125,0.03304155952501533,14.0,0.0,,0.0,41.0,449.0,0.0,0.0,Male,Bangkok,Gold,20-40k,In-Store,1.0,1
C11171,0,8.0,3.0,1532.1399999999999,510.7133333333333,237.94429628241426,43.0,6.0,4.0,2.0,1.0,17.5,7.7781745930520225,23.0,0.45714285714285713,1.0,429.12,3.0,1532.1399999999999,3.0,1532.1399999999999,3.0,1532.1399999999999,3.0,3.0,0.03227558677143074,8.0,0.0,,0.0,37.0,53.0,1.0,0.0,Female,Bangkok,Bronze,40-70k,Online Web,2.0,1
C11172,1,48.0,3.0,2444.9,814.9666666666667,691.1034438731537,152.0,11.666666666666666,5.0,2.0,3.0,52.0,22.627416997969522,68.0,0.9230769230769231,0.0,0.0,1.0,1585.74,3.0,2444.9,3.0,2444.9,0.3333333333333333,3.0,0.09414597999258985,6.0,1.0,4.0,0.0,39.0,192.0,0.0,0.0,Male,South,Bronze,70-120k,In-Store,1.0,1
C11173,1,157.0,16.0,17275.39,1079.711875,852.0764382003824,489.0,8.375,4.5625,2.0,12.0,22.133333333333333,21.744840657914587,85.0,7.093373493975903,0.0,0.0,0.0,0.0,2.0,2434.6800000000003,9.0,9152.56,0.0,0.25,0.040041720428673516,14.0,0.0,,0.0,32.0,529.0,0.0,0.0,Male,Northeast,Gold,20-40k,In-Store,2.0,1
C11174,0,0.0,81.0,159701.3,1971.6209876543207,1029.7553551616095,614.0,12.345679012345679,6.617283950617284,3.0,23.0,7.675,9.203432216133393,73.0,0.0,2.0,3156.71,4.0,8430.0,21.0,48534.39,45.0,98318.44,0.2222222222222222,0.84,0.015549931092138291,14.0,0.0,,0.0,34.0,629.0,1.0,0.0,Male,East,Platinum,70-120k,In-Store,1.0,1
C11175,0,10.0,35.0,39277.03,1122.200857142857,724.2231453664938,466.0,8.514285714285714,4.485714285714286,3.0,18.0,13.411764705882353,12.412402514637659,56.0,0.7456140350877193,4.0,3262.42,7.0,4377.799999999999,13.0,11884.09,25.0,27466.43,1.0,1.0,0.01036698810334888,14.0,0.0,,0.0,32.0,479.0,1.0,0.0,Female,East,Gold,20-40k,In-Store,2.0,1
C11176,0,27.0,31.0,27871.65,899.0854838709678,607.2556125874216,498.0,6.354838709677419,3.3548387096774195,3.0,16.0,15.7,16.186733605875716,81.0,1.7197452229299364,1.0,214.65,5.0,4489.37,11.0,10956.0,25.0,23478.53,0.7142857142857143,0.7333333333333333,0.04623093601399463,13.0,1.0,5.0,0.0,23.0,507.0,0.0,1.0,Female,South,Gold,40-70k,In-Store,3.0,1
C11177,0,24.0,3.0,1403.5700000000002,467.85666666666674,312.960698065002,61.0,4.333333333333333,2.6666666666666665,2.0,2.0,18.5,13.435028842544403,28.0,1.2972972972972974,1.0,414.11,3.0,1403.5700000000002,3.0,1403.5700000000002,3.0,1403.5700000000002,3.0,3.0,0.03897322131613363,4.0,0.0,,0.0,26.0,77.0,0.0,0.0,Male,Bangkok,Bronze,20-40k,In-Store,1.0,1
C11178,0,13.0,24.0,29900.3,1245.8458333333333,486.2531310185698,401.0,11.375,5.833333333333333,2.0,3.0,16.869565217391305,15.846721335187883,46.0,0.770618556701031,2.0,2421.52,3.0,4293.88,11.0,15931.69,18.0,22722.28,0.3333333333333333,1.375,0.014507035986611932,14.0,0.0,,0.0,32.0,403.0,1.0,0.0,Female,Northeast,Bronze,70-120k,Online Web,1.0,1
C11179,0,49.0,14.0,6950.04,496.43142857142857,362.8465500171397,581.0,6.714285714285714,3.857142857142857,2.0,3.0,40.92307692307692,47.78678607185173,176.0,1.1973684210526316,0.0,0.0,3.0,1465.21,4.0,2498.69,10.0,4637.4400000000005,1.5,0.5714285714285714,0.08377419580225985,11.0,0.0,,0.0,26.0,596.0,1.0,0.0,Male,Bangkok,Bronze,40-70k,Mobile App,2.0,1
C11180,0,22.0,55.0,118214.27,2149.350363636364,1161.7711452745145,555.0,12.636363636363637,6.890909090909091,3.0,22.0,9.87037037037037,8.687545403809782,42.0,2.228893058161351,2.0,5386.23,12.0,25315.14,20.0,42335.56,35.0,74316.17,1.3333333333333333,1.25,0.007036923267919077,14.0,0.0,,0.0,52.0,558.0,1.0,0.0,Male,Bangkok,Platinum,>120k,In-Store,3.0,1
C11181,0,3.0,18.0,20568.36,1142.6866666666667,667.0060642109017,249.0,9.444444444444445,4.833333333333333,3.0,2.0,14.470588235294118,10.069245546829858,38.0,0.2073170731707317,1.0,322.87,5.0,4995.25,12.0,16131.71,18.0,20568.36,0.625,1.7142857142857142,0.035339770854995366,14.0,0.0,,0.0,47.0,252.0,1.0,1.0,Female,Bangkok,Gold,40-70k,Mobile App,2.0,1
C11182,0,13.0,13.0,21980.76,1690.8276923076921,782.1252485925113,243.0,11.538461538461538,6.230769230769231,1.0,8.0,19.166666666666668,23.652150904817145,88.0,0.6782608695652174,1.0,1369.37,6.0,8755.52,8.0,11088.73,13.0,21980.76,2.0,1.3333333333333333,0.0,13.0,0.0,,0.0,54.0,287.0,0.0,0.0,Male,Bangkok,Silver,70-120k,In-Store,2.0,1
C11183,0,5.0,2.0,3744.9700000000003,1872.4850000000001,591.3746143097453,37.0,14.0,7.0,1.0,1.0,32.0,,32.0,0.15625,1.0,2290.65,2.0,3744.9700000000003,2.0,3744.9700000000003,2.0,3744.9700000000003,2.0,2.0,0.005066364863285194,11.0,0.0,,0.0,23.0,39.0,0.0,1.0,Female,East,Bronze,40-70k,Mobile App,2.0,1
C11184,0,23.0,65.0,146823.89,2258.829076923077,1126.0649549117425,569.0,12.123076923076923,6.6461538461538465,3.0,6.0,8.53125,7.084453692909858,30.0,2.695970695970696,1.0,659.59,6.0,9304.49,21.0,41072.53,42.0,87805.66,0.375,0.9545454545454546,0.02069975891656859,14.0,0.0,,0.0,46.0,574.0,1.0,0.0,Male,Bangkok,Platinum,70-120k,Mobile App,2.0,1
C11185,0,46.0,76.0,191834.78,2524.141842105263,1578.029515983112,548.0,13.157894736842104,7.2894736842105265,3.0,5.0,6.693333333333333,7.628136631476159,56.0,6.872509960159363,0.0,0.0,8.0,22411.84,20.0,46545.82,45.0,114565.49,0.6153846153846154,0.7692307692307693,0.0,14.0,0.0,,0.0,38.0,553.0,1.0,1.0,Female,Central,Gold,70-120k,Mobile App,3.0,1
C11186,0,9.0,32.0,33653.44,1051.67,892.6783220355798,570.0,8.96875,4.65625,3.0,19.0,18.096774193548388,20.123543158383214,96.0,0.49732620320855614,1.0,578.49,5.0,5999.41,10.0,9925.85,18.0,13900.53,0.8333333333333334,1.1111111111111112,0.025497502893527733,13.0,1.0,4.0,0.0,43.0,600.0,1.0,0.0,Male,Central,Silver,40-70k,In-Store,2.0,1
C11187,0,20.0,36.0,78235.78,2173.216111111111,1431.238981273174,540.0,13.444444444444445,7.222222222222222,2.0,3.0,14.857142857142858,15.620768334539262,63.0,1.346153846153846,1.0,729.82,5.0,18115.2,11.0,29738.2,23.0,53599.36,0.7142857142857143,0.8461538461538461,0.019571653515678113,14.0,0.0,,0.0,45.0,550.0,1.0,1.0,Female,Bangkok,Gold,40-70k,Mobile App,2.0,1
C11188,0,5.0,30.0,54157.85,1805.2616666666665,795.9396192229975,593.0,10.9,6.133333333333334,3.0,21.0,20.275862068965516,15.21018585338724,63.0,0.24659863945578234,4.0,5334.07,9.0,11662.63,11.0,16749.35,19.0,31957.260000000002,3.0,1.2222222222222223,0.013670925266579856,14.0,0.0,,0.0,34.0,597.0,1.0,1.0,Male,North,Bronze,70-120k,In-Store,3.0,1
C11189,0,22.0,18.0,29638.86,1646.6033333333335,1019.7215886759311,426.0,12.333333333333334,6.388888888888889,3.0,2.0,23.764705882352942,18.803355457752435,66.0,0.9257425742574257,1.0,2378.57,3.0,3934.9300000000003,6.0,9126.66,14.0,18324.75,0.75,0.6666666666666666,0.04380317718615036,13.0,0.0,,0.0,46.0,449.0,1.0,1.0,Male,East,Gold,<20k,Mobile App,1.0,1
C11190,0,9.0,20.0,22951.49,1147.5745000000002,856.5460389474572,367.0,8.3,4.2,3.0,6.0,18.842105263157894,14.644920082080555,51.0,0.4776536312849162,1.0,549.84,2.0,963.44,8.0,9810.7,19.0,22789.52,0.2857142857142857,0.6666666666666666,0.014496058025453118,13.0,0.0,,0.0,42.0,375.0,0.0,0.0,Male,Central,Gold,>120k,Online Web,1.0,1
C11191,0,9.0,6.0,2690.31,448.385,459.68392718258053,240.0,5.833333333333333,2.3333333333333335,1.0,1.0,46.2,41.300121065197864,114.0,0.1948051948051948,1.0,82.26,3.0,368.55,4.0,1465.74,6.0,2690.31,1.5,1.3333333333333333,0.07952154321473417,6.0,0.0,,0.0,48.0,291.0,1.0,0.0,Female,Bangkok,Silver,70-120k,Mobile App,3.0,1
C11192,0,59.0,5.0,3733.5099999999998,746.702,631.3590766513141,218.0,7.8,4.4,2.0,2.0,39.75,28.06391514620391,76.0,1.4842767295597483,0.0,0.0,2.0,1475.1599999999999,4.0,3484.52,5.0,3733.5099999999998,0.6666666666666666,2.0,0.06637975873727169,8.0,0.0,,0.0,23.0,282.0,0.0,0.0,Male,Northeast,Silver,40-70k,Online Web,1.0,1
C11193,0,6.0,56.0,128467.95,2294.0705357142856,1482.845273885702,550.0,12.107142857142858,6.642857142857143,1.0,1.0,9.89090909090909,9.625723113332601,42.0,0.6066176470588236,1.0,2104.92,9.0,19983.0,17.0,34943.0,36.0,72580.78,1.0,0.85,0.02566271085633988,14.0,1.0,3.0,0.0,43.0,553.0,0.0,1.0,Female,North,Gold,Unknown,Mobile App,1.0,1
C11194,1,169.0,13.0,11693.63,899.51,456.86784987565056,562.0,9.538461538461538,5.076923076923077,1.0,1.0,32.75,35.48142920151073,138.0,5.1603053435114505,0.0,0.0,0.0,0.0,1.0,696.15,3.0,2571.29,0.0,0.3333333333333333,0.035085895255565096,12.0,3.0,3.0,1.0,24.0,661.0,0.0,0.0,Female,Bangkok,Silver,20-40k,Online Web,1.0,1
C11195,0,19.0,11.0,4963.110000000001,451.19181818181823,439.5937483818027,418.0,4.090909090909091,2.272727272727273,3.0,2.0,39.9,41.535660715957206,121.0,0.4761904761904762,1.0,152.56,4.0,2122.96,7.0,3047.14,8.0,3446.52,1.0,3.5,0.0487862375087683,10.0,1.0,4.0,0.0,33.0,456.0,1.0,1.0,Male,Central,Bronze,40-70k,Mobile App,3.0,1
C11196,0,65.0,10.0,4843.83,484.383,343.7584688589101,356.0,5.8,3.3,3.0,9.0,32.333333333333336,28.674901917879335,78.0,2.0103092783505154,0.0,0.0,3.0,1228.1399999999999,4.0,1637.56,10.0,4843.83,1.5,0.5714285714285714,0.10397177893001895,9.0,2.0,3.5,1.0,31.0,403.0,1.0,0.0,Female,Unknown,Bronze,<20k,In-Store,2.0,1
C11197,0,52.0,11.0,4522.27,411.1154545454546,307.2319623464862,567.0,6.363636363636363,3.4545454545454546,3.0,2.0,51.5,54.55730931781735,194.0,1.0097087378640777,0.0,0.0,1.0,56.23,1.0,56.23,6.0,1315.57,1.0,0.16666666666666666,0.05894654919114189,11.0,0.0,,0.0,38.0,588.0,1.0,1.0,Female,Bangkok,Bronze,<20k,Mobile App,1.0,1
C11198,0,40.0,8.0,4033.9100000000003,504.23875000000004,336.61995384526114,415.0,5.625,3.625,2.0,6.0,53.57142857142857,56.00552693814288,171.0,0.7466666666666667,0.0,0.0,3.0,1222.67,3.0,1222.67,7.0,3288.21,3.0,0.6,0.05440016127595535,11.0,1.0,3.0,0.0,18.0,491.0,1.0,1.0,Male,Bangkok,Silver,40-70k,In-Store,1.0,1
C11199,0,87.0,11.0,5044.44,458.5854545454545,363.62725624913315,491.0,6.545454545454546,3.090909090909091,3.0,2.0,40.4,30.808368271551736,78.0,2.1534653465346536,0.0,0.0,1.0,1206.78,4.0,2614.33,7.0,3085.5299999999997,0.25,1.0,0.09407084811206393,13.0,0.0,,0.0,18.0,498.0,1.0,1.0,Female,Bangkok,Bronze,40-70k,Mobile App,2.0,1
C11200,0,0.0,78.0,184855.44,2369.9415384615386,1602.0620136408104,410.0,10.525641025641026,5.705128205128205,3.0,6.0,5.324675324675325,4.671981317671613,21.0,0.0,3.0,5347.75,15.0,34316.35,35.0,78545.81,67.0,152352.79,0.7142857142857143,1.0606060606060606,0.0,14.0,0.0,,0.0,30.0,411.0,1.0,0.0,Female,South,Gold,70-120k,Mobile App,1.0,1
C11201,0,10.0,5.0,4356.6,871.32,355.23532256801263,180.0,8.0,4.0,1.0,5.0,42.5,30.708305065568176,79.0,0.23529411764705882,1.0,740.88,2.0,1744.06,4.0,4009.94,5.0,4356.6,0.6666666666666666,2.0,0.0,11.0,0.0,,0.0,35.0,255.0,0.0,1.0,Male,Bangkok,Gold,20-40k,In-Store,2.0,1
C11202,0,0.0,27.0,34165.18,1265.377037037037,768.4758769489266,530.0,10.518518518518519,5.62962962962963,3.0,17.0,20.384615384615383,26.916280460831764,123.0,0.0,4.0,3064.86,6.0,7857.73,7.0,10116.48,18.0,21899.7,3.0,0.5833333333333334,0.005995128485326687,14.0,1.0,4.0,0.0,38.0,551.0,0.0,1.0,Male,Central,Silver,40-70k,In-Store,1.0,1
C11203,0,6.0,80.0,237055.52,2963.194,2204.855885676322,618.0,13.425,7.2875,3.0,3.0,7.746835443037975,6.779434123632768,32.0,0.7745098039215685,6.0,14000.27,17.0,47112.17,30.0,84300.73,51.0,167987.85,1.2142857142857142,1.3636363636363635,0.0,14.0,1.0,2.0,0.0,57.0,626.0,0.0,1.0,Male,Bangkok,Gold,40-70k,Mobile App,1.0,1
C11204,0,5.0,38.0,38357.74,1009.4142105263157,685.7781759417608,632.0,8.5,4.605263157894737,1.0,20.0,16.945945945945947,11.902254562210626,52.0,0.2950558213716108,4.0,2639.9300000000003,7.0,5708.55,11.0,10509.89,22.0,21812.74,1.4,0.9166666666666666,0.019463868719028915,14.0,0.0,,0.0,31.0,661.0,0.0,0.0,Female,Bangkok,Gold,20-40k,In-Store,3.0,1
C11205,0,8.0,15.0,27730.81,1848.7206666666668,1473.846910854461,284.0,9.666666666666666,5.066666666666666,1.0,13.0,19.714285714285715,14.472406484429237,56.0,0.40579710144927533,1.0,1760.31,3.0,4394.49,9.0,17347.54,15.0,27730.81,0.42857142857142855,1.2857142857142858,0.010521068720212577,13.0,2.0,5.0,0.0,46.0,318.0,0.0,1.0,Female,Bangkok,Gold,40-70k,In-Store,1.0,1
C11206,0,11.0,19.0,17360.51,913.7110526315788,390.1465500281021,380.0,8.31578947368421,4.315789473684211,3.0,2.0,20.5,24.49069451132529,98.0,0.5365853658536586,2.0,3026.1,2.0,3026.1,9.0,7845.71,18.0,16356.48,0.25,0.9,0.06528541877321238,14.0,0.0,,0.0,26.0,382.0,1.0,1.0,Female,Central,Silver,>120k,Mobile App,1.0,1
C11207,1,59.0,14.0,11589.109999999999,827.7935714285713,919.5271140906079,590.0,5.428571428571429,2.7857142857142856,3.0,2.0,40.84615384615385,31.22724812789346,108.0,1.4444444444444444,0.0,0.0,2.0,128.34,4.0,1509.05,6.0,2352.25,0.6666666666666666,1.3333333333333333,0.0956323256285799,10.0,0.0,,0.0,48.0,628.0,1.0,1.0,Male,Bangkok,Silver,40-70k,Mobile App,1.0,1
C11208,0,23.0,5.0,3305.22,661.044,458.16714497004256,477.0,6.8,3.2,1.0,5.0,113.5,70.66588049877159,202.0,0.2026431718061674,1.0,439.17,2.0,1917.51,3.0,2412.8999999999996,3.0,2412.8999999999996,1.0,3.0,0.05058698830619332,6.0,1.0,5.0,1.0,37.0,486.0,1.0,1.0,Male,Northeast,Bronze,Unknown,In-Store,1.0,1
C11209,0,6.0,25.0,46561.92,1862.4768,1141.2430267356144,429.0,12.24,6.44,2.0,18.0,17.625,15.27092292418902,65.0,0.3404255319148936,3.0,7662.15,4.0,8081.049999999999,9.0,17895.13,22.0,42098.51,0.6666666666666666,0.6428571428571429,0.023345608131067657,14.0,0.0,,0.0,58.0,460.0,1.0,1.0,Male,Northeast,Bronze,20-40k,In-Store,2.0,1
C11210,0,22.0,23.0,24942.19,1084.4430434782607,646.8549666546363,421.0,8.521739130434783,4.6521739130434785,3.0,13.0,18.136363636363637,16.539405915931443,60.0,1.213032581453634,1.0,803.82,4.0,3626.51,10.0,8715.48,18.0,19116.39,0.5714285714285714,1.1111111111111112,0.011843368343651808,14.0,0.0,,0.0,38.0,446.0,1.0,0.0,Male,Bangkok,Silver,40-70k,In-Store,1.0,1
C11211,0,18.0,28.0,53501.94,1910.7835714285716,1044.6121482980932,395.0,15.285714285714286,8.071428571428571,3.0,4.0,13.962962962962964,15.118713522502457,59.0,1.2891246684350133,1.0,2273.04,8.0,16905.34,16.0,33391.78,25.0,48528.5,0.8888888888888888,1.6,0.03892758986150281,14.0,0.0,,0.0,44.0,395.0,1.0,1.0,Female,South,Gold,40-70k,Online Web,1.0,1
C11212,1,251.0,37.0,75992.25,2053.8445945945946,1158.6000618864573,544.0,11.297297297297296,6.054054054054054,2.0,20.0,8.13888888888889,10.400969124565208,60.0,30.839590443686006,0.0,0.0,0.0,0.0,0.0,0.0,9.0,14277.43,0.0,0.0,0.025415148157776242,14.0,1.0,5.0,0.0,36.0,551.0,1.0,0.0,Female,Bangkok,Gold,40-70k,In-Store,1.0,1
C11213,0,3.0,8.0,9886.52,1235.815,501.3688109565652,232.0,10.5,5.375,2.0,2.0,32.714285714285715,20.68585898397168,72.0,0.09170305676855894,2.0,2086.65,3.0,2846.58,5.0,5107.9800000000005,8.0,9886.52,1.0,1.25,0.015069069057102267,13.0,0.0,,0.0,35.0,273.0,1.0,1.0,Female,Central,Platinum,40-70k,Online Web,3.0,1
C11214,0,17.0,3.0,3477.49,1159.1633333333332,489.67713958621067,47.0,11.0,5.333333333333333,1.0,3.0,15.0,12.727922061357855,24.0,1.1333333333333333,2.0,1759.1399999999999,3.0,3477.49,3.0,3477.49,3.0,3477.49,3.0,3.0,0.0966174037060225,8.0,0.0,,0.0,30.0,370.0,0.0,0.0,Female,Central,Gold,20-40k,In-Store,1.0,1
C11215,0,63.0,7.0,1902.25,271.75,302.360527240798,414.0,3.142857142857143,1.7142857142857142,1.0,7.0,58.5,47.23875527572673,143.0,1.0769230769230769,0.0,0.0,1.0,76.62,3.0,596.87,5.0,1714.87,0.3333333333333333,1.0,0.06332323903784129,6.0,0.0,,0.0,45.0,542.0,0.0,0.0,Female,North,Bronze,40-70k,In-Store,3.0,1
C11216,0,4.0,21.0,30586.17,1456.4842857142855,850.8420235541463,380.0,11.285714285714286,5.619047619047619,2.0,14.0,18.8,21.838160709132413,85.0,0.2127659574468085,2.0,1396.3600000000001,3.0,2724.23,8.0,11047.77,19.0,28217.19,0.5,0.6666666666666666,0.02984419421151411,14.0,1.0,3.0,0.0,23.0,381.0,1.0,1.0,Male,North,Gold,40-70k,In-Store,1.0,1
C11217,0,0.0,35.0,52102.12,1488.632,882.3447747164438,632.0,9.457142857142857,4.828571428571428,3.0,2.0,18.58823529411765,13.544802530097021,48.0,0.0,2.0,4533.92,6.0,13493.58,8.0,14295.67,17.0,26280.11,2.0,0.8,0.015940547851390784,14.0,0.0,,0.0,36.0,647.0,1.0,1.0,Female,Bangkok,Platinum,40-70k,Mobile App,1.0,1
C11218,0,14.0,12.0,7100.85,591.7375000000001,489.0401304433931,215.0,6.0,3.25,3.0,3.0,18.272727272727273,25.534646694602646,79.0,0.7661691542288557,1.0,544.59,1.0,544.59,11.0,7068.29,12.0,7100.85,0.09090909090909091,5.5,0.04521508325803537,11.0,2.0,2.5,0.0,35.0,298.0,0.0,1.0,Female,Northeast,Silver,Unknown,Mobile App,1.0,1
C11219,1,3.0,3.0,3998.83,1332.9433333333334,645.68431793976,11.0,9.333333333333334,5.0,1.0,1.0,4.0,1.4142135623730951,5.0,0.75,3.0,3998.83,3.0,3998.83,3.0,3998.83,3.0,3998.83,3.0,3.0,0.08207081141136176,8.0,0.0,,0.0,18.0,24.0,1.0,0.0,Female,Bangkok,Bronze,20-40k,Online Web,2.0,1
C11220,0,32.0,7.0,4962.72,708.96,684.1422204727123,257.0,6.285714285714286,3.2857142857142856,2.0,6.0,37.5,26.387497039317694,65.0,0.8533333333333334,0.0,0.0,4.0,2819.21,5.0,3980.13,7.0,4962.72,2.0,1.6666666666666667,0.05916789577653835,9.0,0.0,,0.0,34.0,273.0,0.0,0.0,Female,Bangkok,Silver,20-40k,In-Store,2.0,1
C11221,1,176.0,12.0,16494.64,1374.5533333333333,654.4015460408128,500.0,10.916666666666666,5.666666666666667,2.0,10.0,29.454545454545453,27.101157305043767,85.0,5.9753086419753085,0.0,0.0,0.0,0.0,1.0,1209.56,4.0,6925.29,0.0,0.25,0.10670008513477507,13.0,1.0,2.0,0.0,30.0,510.0,1.0,1.0,Female,South,Gold,40-70k,In-Store,3.0,1
C11222,1,40.0,3.0,4433.7,1477.8999999999999,817.7712768861472,108.0,6.0,3.0,1.0,1.0,34.0,15.556349186104045,45.0,1.1764705882352942,0.0,0.0,2.0,3126.71,3.0,4433.7,3.0,4433.7,1.0,3.0,0.005127284558683287,6.0,0.0,,0.0,19.0,108.0,1.0,1.0,Male,Central,Silver,70-120k,Mobile App,3.0,1
C11223,1,56.0,27.0,32198.24,1192.5274074074075,756.2367006769191,625.0,9.666666666666666,5.074074074074074,3.0,18.0,21.884615384615383,23.129767699787948,86.0,2.5588752196836557,0.0,0.0,6.0,8179.33,9.0,10157.689999999999,14.0,17649.36,1.5,1.5,0.046026974024738876,14.0,0.0,,0.0,47.0,627.0,0.0,0.0,Male,South,Silver,40-70k,In-Store,2.0,1
C11224,0,3.0,18.0,19529.3,1084.961111111111,626.7966549977273,317.0,7.722222222222222,4.055555555555555,2.0,1.0,18.470588235294116,27.30869286293932,115.0,0.16242038216560511,2.0,1711.1499999999999,7.0,6965.1900000000005,11.0,12030.9,18.0,19529.3,1.4,1.375,0.02131926682008066,12.0,0.0,,0.0,56.0,322.0,0.0,1.0,Female,Bangkok,Gold,<20k,Mobile App,1.0,1
C11225,0,27.0,2.0,636.71,318.355,245.92466742886936,89.0,2.5,2.0,1.0,2.0,62.0,,62.0,0.43548387096774194,1.0,144.46,2.0,636.71,2.0,636.71,2.0,636.71,2.0,2.0,0.0,4.0,0.0,,0.0,31.0,106.0,1.0,0.0,Female,Bangkok,Gold,>120k,In-Store,3.0,1
C11226,0,17.0,56.0,124288.22,2219.4325,1481.0102383051058,501.0,11.035714285714286,6.017857142857143,2.0,25.0,8.8,7.975425217968468,31.0,1.9318181818181817,4.0,7953.969999999999,8.0,16272.92,23.0,51118.0,41.0,86190.51,0.5,1.2105263157894737,0.003681197786503675,14.0,2.0,2.0,0.0,37.0,525.0,1.0,1.0,Female,East,Gold,Unknown,In-Store,2.0,1
C11227,1,116.0,49.0,177768.68,3627.932244897959,1934.5386076382067,621.0,17.53061224489796,9.591836734693878,3.0,20.0,10.520833333333334,8.087262333864134,33.0,11.025742574257425,0.0,0.0,0.0,0.0,6.0,17021.54,21.0,73862.22,0.0,0.375,0.019483504398705668,14.0,0.0,,0.0,54.0,624.0,1.0,1.0,Female,Central,Platinum,40-70k,In-Store,1.0,1
C11228,0,56.0,13.0,10959.18,843.0138461538462,491.2948892728694,399.0,6.846153846153846,3.230769230769231,2.0,12.0,28.583333333333332,23.50419047099835,70.0,1.959183673469388,0.0,0.0,2.0,1340.48,6.0,4040.05,11.0,10341.48,0.4,1.0,0.019198653982118726,11.0,0.0,,0.0,43.0,436.0,1.0,1.0,Male,Northeast,Silver,40-70k,In-Store,1.0,1
C11229,0,2.0,1.0,2974.18,2974.18,,2.0,14.0,9.0,1.0,1.0,,,,,1.0,2974.18,1.0,2974.18,1.0,2974.18,1.0,2974.18,1.0,1.0,0.0,7.0,0.0,,0.0,34.0,86.0,1.0,1.0,Female,South,Bronze,40-70k,In-Store,3.0,1
C11230,0,60.0,19.0,30795.32,1620.8063157894737,1086.0617390994273,283.0,10.368421052631579,5.157894736842105,2.0,14.0,12.38888888888889,10.198840123723926,34.0,4.84304932735426,0.0,0.0,3.0,3570.8999999999996,9.0,12616.77,19.0,30795.32,0.42857142857142855,0.8181818181818182,0.022579310064646526,14.0,0.0,,0.0,49.0,289.0,0.0,0.0,Female,South,Silver,70-120k,In-Store,3.0,1
C11231,0,0.0,73.0,188068.16,2576.2761643835615,1298.0548860780868,636.0,15.054794520547945,8.150684931506849,3.0,25.0,8.833333333333334,8.888986697427454,47.0,0.0,3.0,9554.75,5.0,17504.510000000002,18.0,48884.740000000005,40.0,103883.84,0.35714285714285715,0.782608695652174,0.023236976651255674,14.0,1.0,4.0,0.0,43.0,656.0,0.0,1.0,Male,Bangkok,Bronze,<20k,In-Store,1.0,1
C11232,1,92.0,6.0,6977.1900000000005,1162.865,675.102030503538,400.0,8.333333333333334,4.833333333333333,2.0,5.0,61.6,70.64205546273409,177.0,1.4935064935064934,0.0,0.0,0.0,0.0,2.0,2130.6,5.0,6899.1900000000005,0.0,0.5,0.006184647772771882,11.0,0.0,,0.0,42.0,411.0,1.0,1.0,Male,Bangkok,Bronze,20-40k,In-Store,1.0,1
C11233,1,30.0,11.0,4856.73,441.5209090909091,316.0595143467301,493.0,5.2727272727272725,2.909090909090909,3.0,4.0,46.3,33.908537109242694,113.0,0.6479481641468683,0.0,0.0,2.0,898.8199999999999,5.0,2824.5099999999998,8.0,4080.64,0.5,1.25,0.05205497098623383,12.0,1.0,3.0,0.0,31.0,494.0,1.0,1.0,Female,Northeast,Bronze,20-40k,Online Web,3.0,1
C11234,1,69.0,14.0,12878.29,919.8778571428572,672.8464719404772,339.0,7.571428571428571,4.214285714285714,3.0,2.0,20.76923076923077,23.580195949687123,86.0,3.322222222222222,0.0,0.0,1.0,1305.81,4.0,4011.21,14.0,12878.29,0.25,0.36363636363636365,0.032695187920904825,14.0,0.0,,0.0,18.0,379.0,0.0,1.0,Male,Bangkok,Bronze,20-40k,Mobile App,2.0,1
C11235,0,26.0,11.0,7698.5,699.8636363636364,507.6823608177209,262.0,5.636363636363637,3.0,2.0,10.0,23.6,22.81422558161659,80.0,1.1016949152542372,2.0,578.41,4.0,2068.46,6.0,4658.16,11.0,7698.5,1.3333333333333333,1.0,0.08353481639149497,9.0,1.0,2.0,0.0,33.0,382.0,1.0,0.0,Female,East,Gold,20-40k,In-Store,1.0,1
C11236,1,33.0,22.0,33262.79,1511.945,1166.1269274979093,513.0,12.454545454545455,6.409090909090909,2.0,16.0,22.857142857142858,16.10989048468584,57.0,1.4437499999999999,0.0,0.0,3.0,10058.220000000001,5.0,12491.36,14.0,22730.88,1.0,0.5,0.059469031953598324,14.0,0.0,,0.0,52.0,523.0,1.0,1.0,Male,Northeast,Gold,<20k,In-Store,1.0,1
C11237,1,79.0,19.0,13489.76,709.9873684210527,550.4237740731338,409.0,5.105263157894737,2.789473684210526,3.0,4.0,18.333333333333332,16.503119134771783,49.0,4.3090909090909095,0.0,0.0,2.0,543.24,4.0,2967.34,18.0,13402.44,0.6666666666666666,0.26666666666666666,0.04136079444107284,10.0,2.0,1.5,0.0,28.0,448.0,0.0,1.0,Female,Unknown,Gold,70-120k,Mobile App,1.0,1
C11238,0,3.0,25.0,33391.46,1335.6584,1559.3680705488787,584.0,6.56,3.36,3.0,17.0,24.208333333333332,23.336813922598154,82.0,0.12392426850258176,2.0,1026.49,4.0,2186.31,7.0,7658.87,13.0,18115.49,1.0,1.0,0.0010886132371660158,13.0,0.0,,0.0,49.0,658.0,0.0,1.0,Female,Bangkok,Platinum,40-70k,In-Store,2.0,1
C11239,1,18.0,12.0,9157.05,763.0875,508.4479292750546,333.0,6.0,3.25,2.0,9.0,28.636363636363637,37.04395423621168,125.0,0.6285714285714286,1.0,190.04,1.0,190.04,4.0,2877.54,12.0,9157.05,0.25,0.4444444444444444,0.04695766025584317,13.0,3.0,2.3333333333333335,0.0,34.0,342.0,0.0,0.0,Female,East,Gold,<20k,In-Store,1.0,1
C11240,1,291.0,3.0,1861.85,620.6166666666667,221.46861274982814,413.0,5.666666666666667,3.0,2.0,2.0,61.0,4.242640687119285,64.0,4.770491803278689,0.0,0.0,0.0,0.0,0.0,0.0,2.0,1384.04,0.0,0.0,0.09894933480455495,6.0,0.0,,0.0,27.0,465.0,1.0,1.0,Female,Bangkok,Gold,20-40k,In-Store,3.0,1
C11241,0,35.0,5.0,7019.68,1403.9360000000001,710.631188789234,89.0,5.4,2.6,2.0,1.0,13.5,14.200938936093861,33.0,2.5925925925925926,0.0,0.0,5.0,7019.68,5.0,7019.68,5.0,7019.68,5.0,5.0,0.026912232354009386,8.0,0.0,,0.0,28.0,146.0,0.0,0.0,Female,Northeast,Bronze,40-70k,Online Web,3.0,1
C11242,0,6.0,2.0,891.13,445.565,549.4148979141355,93.0,4.5,3.0,1.0,2.0,87.0,,87.0,0.06896551724137931,1.0,834.06,1.0,834.06,2.0,891.13,2.0,891.13,0.5,2.0,0.022787336469607747,4.0,0.0,,0.0,28.0,101.0,1.0,1.0,Female,Bangkok,Bronze,20-40k,In-Store,1.0,1
C11243,0,30.0,30.0,39128.52,1304.2839999999999,705.0097007481284,456.0,9.4,4.566666666666666,2.0,2.0,14.689655172413794,11.759808818525743,54.0,2.0422535211267605,0.0,0.0,6.0,11973.19,12.0,16782.78,23.0,32155.05,0.8571428571428571,1.0,0.03299674350016027,13.0,0.0,,0.0,39.0,529.0,1.0,1.0,Female,Bangkok,Gold,70-120k,Mobile App,1.0,1
C11244,0,10.0,8.0,6924.58,865.5725,261.4217315127854,338.0,9.75,5.125,1.0,5.0,46.857142857142854,88.53516922938698,247.0,0.2134146341463415,2.0,1397.6999999999998,2.0,1397.6999999999998,2.0,1397.6999999999998,8.0,6924.58,2.0,0.2857142857142857,0.02474962360798331,11.0,1.0,3.0,1.0,27.0,409.0,0.0,0.0,Male,East,Bronze,70-120k,In-Store,2.0,1
C11245,0,7.0,30.0,47172.87,1572.429,985.511243016922,622.0,11.4,6.033333333333333,2.0,1.0,21.20689655172414,16.478079184057197,74.0,0.3300813008130081,2.0,3642.0699999999997,6.0,7314.629999999999,9.0,15059.279999999999,14.0,23417.05,1.5,1.5,0.026069482834512495,14.0,1.0,2.0,0.0,48.0,644.0,1.0,0.0,Male,East,Bronze,40-70k,Mobile App,2.0,1
C11246,0,16.0,20.0,42094.93,2104.7465,1058.128081204952,435.0,13.85,6.75,3.0,9.0,22.05263157894737,16.115808954117508,56.0,0.7255369928400954,2.0,4948.42,3.0,7825.32,11.0,21784.21,17.0,37593.61,0.3333333333333333,1.5714285714285714,0.02537005668815587,13.0,0.0,,0.0,36.0,435.0,1.0,0.0,Female,Northeast,Silver,20-40k,In-Store,3.0,1
C11247,0,,,,,,,,,,,,,,,,,,,,,,,,,,,,,,,,,,,,,,,,0
C11248,0,16.0,22.0,20412.59,927.845,584.7227968529394,622.0,6.863636363636363,3.727272727272727,3.0,3.0,28.857142857142858,23.55479932898116,81.0,0.5544554455445544,1.0,505.92,3.0,1562.8899999999999,8.0,5466.57,12.0,11732.51,0.5,1.6,0.00414148470933988,13.0,0.0,,0.0,38.0,646.0,1.0,1.0,Female,Bangkok,Platinum,40-70k,Mobile App,2.0,1
C11249,0,16.0,14.0,28137.66,2009.8328571428572,1025.980330898799,398.0,13.857142857142858,7.428571428571429,3.0,8.0,29.384615384615383,29.778455471303584,94.0,0.5445026178010471,1.0,2436.1,2.0,3392.37,5.0,10859.85,12.0,24752.73,0.5,0.625,0.023328221636154996,12.0,0.0,,0.0,30.0,440.0,1.0,0.0,Male,Bangkok,Silver,40-70k,In-Store,1.0,1
C11250,0,3.0,32.0,50104.75,1565.7734375,946.1925593546616,625.0,10.40625,5.8125,2.0,18.0,20.06451612903226,29.5453724339035,152.0,0.14951768488745978,3.0,2332.16,3.0,2332.16,8.0,9239.9,12.0,15674.41,0.5,1.6,0.01480503443922946,14.0,0.0,,0.0,60.0,666.0,1.0,1.0,Female,Bangkok,Silver,40-70k,In-Store,2.0,1
C11251,1,43.0,24.0,27188.31,1132.84625,788.5229985166405,489.0,7.25,3.9583333333333335,3.0,15.0,19.391304347826086,14.080092750323328,57.0,2.2174887892376685,0.0,0.0,1.0,1749.93,7.0,7455.5,15.0,19213.61,0.14285714285714285,0.7777777777777778,0.03612743761648108,14.0,1.0,3.0,0.0,35.0,523.0,1.0,0.0,Male,East,Bronze,70-120k,In-Store,3.0,1
C11252,0,14.0,2.0,3828.57,1914.285,1269.4193067895258,126.0,11.0,5.0,1.0,1.0,112.0,,112.0,0.125,1.0,2811.9,1.0,2811.9,2.0,3828.57,2.0,3828.57,0.5,2.0,0.03541816257888968,7.0,0.0,,0.0,23.0,134.0,0.0,1.0,Male,Northeast,Bronze,<20k,Online Web,2.0,1
C11253,0,52.0,19.0,15057.86,792.5189473684211,463.74491502327174,254.0,5.578947368421052,2.8421052631578947,3.0,4.0,11.222222222222221,13.687931805944354,55.0,4.633663366336634,0.0,0.0,6.0,4935.65,15.0,11143.5,19.0,15057.86,0.6,3.0,0.030805581962955547,11.0,0.0,,0.0,51.0,269.0,1.0,1.0,Male,Northeast,Gold,40-70k,Mobile App,1.0,1
C11254,1,40.0,12.0,4417.75,368.1458333333333,232.08346780095118,601.0,4.083333333333333,2.1666666666666665,1.0,1.0,51.0,53.58357957434348,148.0,0.7843137254901961,0.0,0.0,2.0,1023.4399999999999,4.0,2094.67,7.0,2489.56,0.6666666666666666,1.0,0.056018171289618814,10.0,1.0,1.0,1.0,29.0,602.0,0.0,1.0,Male,Central,Bronze,20-40k,Mobile App,3.0,1
C11255,1,83.0,4.0,1230.08,307.52,130.44284904381178,291.0,2.5,1.75,1.0,1.0,69.33333333333333,41.66933324800546,113.0,1.1971153846153848,0.0,0.0,1.0,275.4,3.0,1091.2,4.0,1230.08,0.3333333333333333,1.5,0.10537684458570006,6.0,0.0,,0.0,40.0,297.0,0.0,1.0,Male,North,Silver,40-70k,Mobile App,2.0,1
C11256,0,9.0,21.0,40930.15,1949.054761904762,878.1484902601554,338.0,13.714285714285714,7.571428571428571,2.0,1.0,16.45,12.89012269755004,44.0,0.5471124620060791,3.0,8376.99,5.0,11725.8,13.0,27512.52,21.0,40930.15,0.5555555555555556,1.4444444444444444,0.0,14.0,0.0,,0.0,32.0,342.0,1.0,0.0,Male,South,Gold,20-40k,Mobile App,2.0,1
C11257,0,26.0,29.0,44605.270000000004,1538.1127586206899,1036.50958299235,586.0,10.793103448275861,6.0,3.0,13.0,20.0,19.6449974783894,67.0,1.3,1.0,962.67,3.0,1961.19,9.0,11530.37,20.0,31760.260000000002,0.42857142857142855,0.75,0.011749486380924679,14.0,0.0,,0.0,35.0,592.0,1.0,1.0,Male,Central,Silver,40-70k,In-Store,1.0,1
C11258,0,3.0,58.0,152891.27,2636.0563793103447,1210.6554520599368,407.0,14.741379310344827,8.224137931034482,2.0,24.0,7.087719298245614,5.751647905955754,26.0,0.42326732673267325,5.0,17741.5,17.0,48365.509999999995,28.0,75509.66,50.0,130845.68,1.4166666666666667,1.2173913043478262,0.015198626584185968,14.0,0.0,,0.0,46.0,407.0,1.0,1.0,Female,North,Gold,40-70k,In-Store,2.0,1
C11259,0,16.0,7.0,4594.98,656.4257142857142,544.5571783831074,563.0,8.428571428571429,4.428571428571429,2.0,2.0,91.16666666666667,84.5468312041715,245.0,0.17550274223034734,1.0,168.23,2.0,1862.27,3.0,2224.4,4.0,3048.88,1.0,1.5,0.027762320177563745,10.0,1.0,3.0,0.0,33.0,571.0,0.0,1.0,Female,North,Bronze,20-40k,Mobile App,1.0,1
C11260,1,65.0,3.0,910.8600000000001,303.62000000000006,222.2361725732335,74.0,2.0,1.0,1.0,3.0,4.5,3.5355339059327378,7.0,14.444444444444445,0.0,0.0,3.0,910.8600000000001,3.0,910.8600000000001,3.0,910.8600000000001,3.0,3.0,0.0,3.0,1.0,4.0,1.0,25.0,87.0,1.0,0.0,Male,Northeast,Bronze,20-40k,In-Store,2.0,1
C11261,0,10.0,20.0,30901.77,1545.0885,918.8156885290462,507.0,11.7,5.9,3.0,15.0,26.157894736842106,22.855252636963243,88.0,0.3822937625754527,2.0,2638.66,4.0,4562.0,6.0,9600.85,14.0,21330.510000000002,1.3333333333333333,0.6666666666666666,0.014787228547981578,14.0,2.0,3.5,0.0,44.0,508.0,0.0,0.0,Male,Central,Silver,40-70k,In-Store,3.0,1
C11262,0,64.0,5.0,6421.32,1284.264,660.4777988168868,241.0,7.8,4.6,3.0,2.0,44.25,18.02544497832624,62.0,1.4463276836158192,0.0,0.0,1.0,381.24,2.0,1172.72,5.0,6421.32,0.5,0.5,0.012017976961056585,10.0,0.0,,0.0,45.0,250.0,1.0,1.0,Male,North,Silver,40-70k,Mobile App,2.0,1
C11263,0,107.0,7.0,3340.92,477.2742857142857,281.3951615230287,573.0,5.714285714285714,3.0,1.0,1.0,77.66666666666667,90.81556401116863,250.0,1.3776824034334763,0.0,0.0,0.0,0.0,4.0,2672.69,6.0,3129.3199999999997,0.0,1.3333333333333333,0.023816411146466106,8.0,0.0,,0.0,21.0,580.0,0.0,1.0,Female,Central,Silver,<20k,Mobile App,1.0,1
C11264,0,22.0,65.0,108858.5,1674.746153846154,1426.9845220447514,537.0,8.6,4.584615384615384,3.0,3.0,8.046875,6.876298578658226,26.0,2.733980582524272,3.0,7014.0599999999995,10.0,14069.83,21.0,33391.75,45.0,72854.98,0.8333333333333334,0.84,0.0,14.0,0.0,,0.0,40.0,537.0,1.0,1.0,Male,Central,Gold,40-70k,Mobile App,1.0,1
C11265,0,15.0,27.0,31747.43,1175.8307407407408,641.9863949668304,464.0,9.777777777777779,5.148148148148148,3.0,3.0,17.26923076923077,15.84564973059216,71.0,0.8685968819599109,1.0,365.96,4.0,3126.1800000000003,8.0,7968.75,21.0,24957.989999999998,0.8,0.5714285714285714,0.04096194319558015,13.0,1.0,2.0,1.0,61.0,475.0,1.0,1.0,Male,Northeast,Silver,20-40k,Mobile App,3.0,1
C11266,0,119.0,5.0,4882.36,976.472,788.5567724140094,562.0,8.0,4.4,2.0,1.0,110.75,84.20758081471446,182.0,1.074492099322799,0.0,0.0,0.0,0.0,1.0,889.31,2.0,982.64,0.0,0.5,0.059367961915110457,11.0,0.0,,0.0,46.0,631.0,0.0,1.0,Female,Bangkok,Gold,<20k,Mobile App,1.0,1
C11267,0,0.0,18.0,9668.26,537.1255555555556,641.8226523711453,504.0,4.388888888888889,2.5555555555555554,2.0,6.0,29.647058823529413,27.415646026654628,106.0,0.0,2.0,1974.4199999999998,5.0,2584.11,6.0,2844.65,10.0,4347.75,2.5,1.2,0.0604436825574525,12.0,1.0,4.0,0.0,22.0,525.0,1.0,1.0,Female,North,Gold,40-70k,Mobile App,1.0,1
C11268,0,5.0,20.0,24912.68,1245.634,975.6175127601035,302.0,7.9,4.25,3.0,12.0,15.631578947368421,11.17144438247102,38.0,0.31986531986531985,1.0,880.43,6.0,8751.49,11.0,13827.349999999999,20.0,24912.68,1.0,1.1,0.03173590182679459,12.0,1.0,4.0,0.0,43.0,316.0,1.0,1.0,Male,Central,Gold,40-70k,In-Store,1.0,1
C11269,1,142.0,8.0,3893.36,486.67,494.2935447108905,444.0,5.625,3.0,1.0,1.0,43.142857142857146,58.35931394224511,167.0,3.291390728476821,0.0,0.0,0.0,0.0,1.0,1487.53,6.0,3458.11,0.0,0.16666666666666666,0.026983527976947665,9.0,0.0,,0.0,40.0,498.0,1.0,1.0,Male,North,Silver,20-40k,Mobile App,2.0,1
C11270,0,24.0,5.0,1979.46,395.892,250.8420827333404,73.0,5.0,2.8,1.0,5.0,12.25,11.615363389350618,27.0,1.9591836734693877,1.0,724.04,5.0,1979.46,5.0,1979.46,5.0,1979.46,5.0,5.0,0.04783756872591888,7.0,0.0,,0.0,24.0,108.0,0.0,0.0,Male,Northeast,Bronze,20-40k,In-Store,2.0,1
C11271,0,11.0,55.0,147117.08,2674.8559999999998,1471.6968063248173,479.0,13.145454545454545,6.909090909090909,3.0,2.0,8.666666666666666,8.121715591606456,33.0,1.2692307692307694,2.0,3035.3999999999996,8.0,17602.63,21.0,48908.81,40.0,99667.86,0.5714285714285714,1.05,0.009325267892195321,14.0,0.0,,0.0,43.0,499.0,1.0,0.0,Male,Central,Platinum,>120k,Mobile App,1.0,1
C11272,0,2.0,50.0,90006.31,1800.1262,1232.302576622548,400.0,9.64,5.06,3.0,21.0,8.122448979591837,9.822662260179316,49.0,0.24623115577889446,1.0,926.35,10.0,24387.73,21.0,38310.81,45.0,81239.14,0.8333333333333334,0.84,0.010191671742744417,14.0,0.0,,0.0,44.0,414.0,1.0,1.0,Male,Central,Platinum,40-70k,In-Store,1.0,1
C11273,0,35.0,8.0,4715.7,589.4625,555.420714921838,378.0,5.125,2.75,2.0,8.0,49.0,24.467665738003422,80.0,0.7142857142857143,0.0,0.0,1.0,672.49,4.0,2860.72,7.0,4588.46,0.25,1.0,0.01932159189453917,9.0,0.0,,0.0,36.0,403.0,0.0,0.0,Male,Bangkok,Gold,40-70k,In-Store,1.0,1
C11274,0,31.0,30.0,45391.38,1513.0459999999998,908.6561516065434,484.0,12.733333333333333,6.733333333333333,3.0,15.0,15.620689655172415,12.428118444833785,41.0,1.9845474613686533,0.0,0.0,4.0,4838.9400000000005,9.0,12007.36,22.0,31292.11,0.6666666666666666,0.6428571428571429,0.04034691070444726,14.0,0.0,,0.0,44.0,550.0,1.0,0.0,Male,Central,Platinum,20-40k,In-Store,2.0,1
C11275,0,181.0,2.0,2584.24,1292.12,1419.2764469263907,302.0,9.5,3.5,2.0,2.0,121.0,,121.0,1.4958677685950412,0.0,0.0,0.0,0.0,0.0,0.0,2.0,2584.24,0.0,0.0,0.08974864743011725,5.0,1.0,3.0,0.0,31.0,433.0,1.0,1.0,Female,Central,Bronze,40-70k,Mobile App,1.0,1
C11276,1,163.0,3.0,3430.5,1143.5,358.7078883994608,188.0,10.0,5.0,2.0,2.0,12.5,2.1213203435596424,14.0,13.04,0.0,0.0,0.0,0.0,2.0,2420.62,3.0,3430.5,0.0,1.0,0.02084189615015756,7.0,1.0,1.0,0.0,50.0,207.0,1.0,0.0,Male,South,Bronze,40-70k,Online Web,2.0,1
C11277,1,30.0,32.0,33718.13,1053.6915625,650.745665976964,583.0,8.96875,4.53125,3.0,2.0,17.838709677419356,16.305616157617898,74.0,1.6817359855334537,0.0,0.0,5.0,5112.58,11.0,9500.6,18.0,17601.87,0.7142857142857143,1.375,0.07570560851933093,14.0,1.0,4.0,0.0,40.0,644.0,1.0,0.0,Female,North,Bronze,20-40k,Mobile App,1.0,1
C11278,0,24.0,22.0,33054.25,1502.465909090909,743.4475724408426,344.0,11.272727272727273,5.681818181818182,3.0,2.0,15.238095238095237,15.056243760994182,48.0,1.5750000000000002,2.0,3133.58,6.0,9887.81,11.0,16662.829999999998,22.0,33054.25,1.0,0.9166666666666666,0.026053046028914107,14.0,0.0,,0.0,45.0,353.0,1.0,1.0,Female,North,Platinum,40-70k,Online Web,2.0,1
C11279,1,117.0,5.0,3751.3,750.26,254.74433261605643,348.0,7.8,4.6,1.0,5.0,57.75,33.10966626228661,82.0,2.0259740259740258,0.0,0.0,0.0,0.0,1.0,722.3,5.0,3751.3,0.0,0.2,0.07311227515319232,10.0,1.0,4.0,0.0,31.0,415.0,0.0,0.0,Male,Northeast,Silver,20-40k,In-Store,1.0,1
C11280,1,254.0,4.0,3406.28,851.57,461.6798924940671,432.0,6.5,4.0,1.0,4.0,59.333333333333336,45.74203027122138,111.0,4.280898876404494,0.0,0.0,0.0,0.0,0.0,0.0,2.0,983.56,0.0,0.0,0.04277914070776815,9.0,0.0,,0.0,48.0,496.0,0.0,1.0,Male,South,Silver,>120k,In-Store,1.0,1
C11281,0,58.0,3.0,1486.52,495.50666666666666,372.49983279638303,162.0,4.333333333333333,2.3333333333333335,1.0,3.0,52.0,24.041630560342615,69.0,1.1153846153846154,0.0,0.0,1.0,173.33,3.0,1486.52,3.0,1486.52,0.3333333333333333,3.0,0.13306778484740683,5.0,1.0,4.0,0.0,39.0,204.0,1.0,0.0,Female,North,Bronze,20-40k,In-Store,2.0,1
C11282,0,5.0,9.0,3457.5499999999997,384.1722222222222,249.2839917031265,339.0,5.444444444444445,3.0,3.0,6.0,41.75,35.08255569774976,110.0,0.11976047904191617,1.0,336.65,3.0,1589.3999999999999,4.0,2241.8199999999997,9.0,3457.5499999999997,1.5,0.6666666666666666,0.08843682688327678,10.0,1.0,2.0,0.0,37.0,353.0,1.0,1.0,Male,North,Silver,70-120k,In-Store,1.0,1
C11283,0,12.0,20.0,37663.58,1883.179,1324.8903357791742,520.0,12.75,7.05,3.0,11.0,26.736842105263158,31.31176936209124,118.0,0.44881889763779526,4.0,6610.96,5.0,12745.07,8.0,17757.01,14.0,30220.38,1.25,1.1428571428571428,0.016258145266525345,14.0,0.0,,0.0,47.0,521.0,1.0,0.0,Female,Bangkok,Gold,>120k,In-Store,1.0,1
C11284,1,76.0,19.0,24690.31,1299.49,777.3614144727735,408.0,8.210526315789474,4.368421052631579,1.0,1.0,18.444444444444443,19.959435988206685,80.0,4.120481927710844,0.0,0.0,1.0,901.65,2.0,1412.95,16.0,18626.69,0.5,0.13333333333333333,0.0295479102132806,13.0,0.0,,0.0,30.0,437.0,1.0,1.0,Male,Central,Silver,40-70k,Online Web,1.0,1
C11285,0,4.0,28.0,44515.61,1589.8432142857143,880.3231690189166,423.0,10.642857142857142,5.714285714285714,3.0,15.0,15.518518518518519,10.853465842656934,53.0,0.25775656324582336,2.0,3379.41,6.0,13427.84,13.0,24412.54,22.0,36299.34,0.75,1.3,0.011329082872874187,14.0,0.0,,0.0,35.0,459.0,1.0,0.0,Female,Bangkok,Gold,70-120k,In-Store,1.0,1
C11286,0,15.0,5.0,3179.0299999999997,635.8059999999999,409.00121470479763,163.0,6.8,2.8,2.0,4.0,37.0,31.696477196475108,67.0,0.40540540540540543,1.0,1171.26,2.0,1375.93,5.0,3179.0299999999997,5.0,3179.0299999999997,0.5,5.0,0.03022769148170293,6.0,1.0,3.0,1.0,50.0,171.0,0.0,0.0,Female,Bangkok,Bronze,40-70k,In-Store,1.0,1
C11287,0,48.0,6.0,4084.78,680.7966666666667,219.27338430978503,498.0,7.5,3.6666666666666665,1.0,6.0,90.0,74.30679645900501,196.0,0.5333333333333333,0.0,0.0,1.0,742.45,3.0,2005.8400000000001,4.0,2592.3,0.3333333333333333,1.5,0.06674982978976178,8.0,0.0,,0.0,39.0,660.0,1.0,0.0,Female,South,Silver,70-120k,In-Store,2.0,1
C11288,1,137.0,3.0,1359.15,453.05,178.43881052058154,171.0,5.0,3.0,1.0,1.0,17.0,8.48528137423857,23.0,8.058823529411764,0.0,0.0,0.0,0.0,3.0,1359.15,3.0,1359.15,0.0,3.0,0.1761528949665406,7.0,2.0,3.5,0.0,36.0,182.0,0.0,1.0,Female,North,Silver,<20k,Mobile App,1.0,1
C11289,1,58.0,18.0,26136.79,1452.043888888889,942.7717589429892,447.0,12.166666666666666,6.555555555555555,3.0,2.0,22.88235294117647,18.2273227358723,65.0,2.5347043701799485,0.0,0.0,2.0,2558.74,6.0,9490.23,16.0,22592.8,0.4,0.5454545454545454,0.04838157667658695,14.0,3.0,3.6666666666666665,0.0,32.0,457.0,1.0,1.0,Female,Bangkok,Silver,<20k,Mobile App,1.0,1
C11290,0,8.0,6.0,3735.65,622.6083333333333,353.0000928281275,145.0,9.333333333333334,5.0,2.0,1.0,27.4,23.13655116909173,66.0,0.29197080291970806,2.0,894.9399999999999,4.0,2920.54,6.0,3735.65,6.0,3735.65,1.3333333333333333,6.0,0.06827704893500275,9.0,0.0,,0.0,24.0,197.0,1.0,1.0,Female,Bangkok,Bronze,70-120k,Mobile App,1.0,1
C11291,0,2.0,13.0,15901.52,1223.1938461538462,822.0914512848562,236.0,10.307692307692308,5.461538461538462,1.0,1.0,19.5,14.884403063121296,56.0,0.10256410256410256,2.0,4117.09,4.0,6357.82,9.0,12142.7,13.0,15901.52,0.6666666666666666,1.8,0.02349828084575388,13.0,1.0,4.0,0.0,31.0,253.0,1.0,1.0,Male,South,Silver,40-70k,Online Web,2.0,1
C11292,0,1.0,34.0,55518.96,1632.9105882352942,924.5235823038844,570.0,13.911764705882353,7.0,3.0,3.0,17.242424242424242,15.846983748947116,66.0,0.05799648506151142,2.0,1737.84,7.0,11471.79,16.0,28519.4,22.0,35252.53,0.7,2.2857142857142856,0.015593524711068982,14.0,0.0,,0.0,32.0,611.0,1.0,1.0,Female,Bangkok,Gold,20-40k,Online Web,2.0,1
C11293,1,3.0,3.0,4791.13,1597.0433333333333,1065.9068337023334,38.0,10.0,4.666666666666667,1.0,3.0,17.5,7.7781745930520225,23.0,0.17142857142857143,2.0,2027.5,3.0,4791.13,3.0,4791.13,3.0,4791.13,3.0,3.0,0.0,10.0,4.0,3.0,3.0,21.0,56.0,0.0,0.0,Male,Bangkok,Silver,<20k,In-Store,1.0,1
C11294,0,0.0,54.0,152233.81,2819.1446296296294,1186.8187115502135,385.0,15.814814814814815,8.62962962962963,3.0,25.0,7.264150943396227,6.537321679863146,29.0,0.0,5.0,12795.27,14.0,39627.42,22.0,60300.45,50.0,143512.94,1.5555555555555556,0.7586206896551724,0.012034793312896124,14.0,0.0,,0.0,34.0,388.0,1.0,1.0,Male,East,Platinum,70-120k,In-Store,2.0,1
C11295,0,8.0,18.0,12871.54,715.0855555555556,457.93844221842517,278.0,7.222222222222222,3.7222222222222223,2.0,13.0,15.882352941176471,11.307532627308534,41.0,0.5037037037037037,2.0,618.79,7.0,4313.42,13.0,8123.64,18.0,12871.54,1.0,2.1666666666666665,0.021484474481437418,12.0,1.0,5.0,0.0,28.0,364.0,1.0,1.0,Male,East,Silver,Unknown,In-Store,2.0,1
C11296,0,21.0,37.0,115681.47,3126.526216216216,1735.035638376136,368.0,15.513513513513514,8.756756756756756,3.0,2.0,9.63888888888889,9.85075132095525,36.0,2.1786743515850144,2.0,5251.639999999999,10.0,27155.23,21.0,66423.99,35.0,112901.67,0.8333333333333334,1.4,0.0362209042262526,14.0,0.0,,0.0,45.0,374.0,1.0,1.0,Female,Bangkok,Platinum,70-120k,Online Web,2.0,1
C11297,0,10.0,35.0,53254.23,1521.5494285714287,997.4308974765321,565.0,10.457142857142857,5.428571428571429,3.0,2.0,16.323529411764707,16.184018657090338,78.0,0.6126126126126126,2.0,3097.44,7.0,14975.18,16.0,24821.36,25.0,38162.77,0.7,1.6,0.03226895007613122,14.0,1.0,4.0,1.0,33.0,569.0,0.0,0.0,Female,Northeast,Gold,20-40k,Online Web,2.0,1
C11298,1,49.0,4.0,1370.19,342.5475,312.1142453627091,198.0,4.5,2.0,3.0,3.0,49.666666666666664,53.52880844305553,109.0,0.9865771812080537,0.0,0.0,1.0,146.39,2.0,304.16999999999996,4.0,1370.19,0.5,0.6666666666666666,0.08474610236062684,7.0,1.0,2.0,0.0,29.0,289.0,1.0,0.0,Female,North,Bronze,40-70k,In-Store,1.0,1
C11299,0,4.0,31.0,37057.11,1195.3906451612904,774.9454166711162,492.0,8.35483870967742,4.129032258064516,3.0,19.0,16.266666666666666,14.692088730482393,65.0,0.24590163934426232,1.0,559.49,5.0,6361.23,12.0,14238.64,24.0,25109.4,0.625,0.9230769230769231,0.02826358190153177,14.0,0.0,,0.0,56.0,504.0,1.0,1.0,Female,Central,Silver,<20k,In-Store,1.0,1
C11300,1,56.0,16.0,17341.260000000002,1083.8287500000001,625.9993865265897,631.0,8.8125,4.0625,3.0,2.0,38.333333333333336,37.23413692273466,139.0,1.4608695652173913,0.0,0.0,2.0,2536.2799999999997,3.0,2800.71,7.0,8496.77,1.0,0.6,0.0399148276982717,10.0,0.0,,0.0,22.0,657.0,0.0,0.0,Female,Bangkok,Silver,<20k,Online Web,2.0,1
C11301,0,2.0,69.0,241774.01,3503.97115942029,1710.1025709059747,606.0,15.710144927536232,8.347826086956522,3.0,22.0,8.882352941176471,8.429743736061189,38.0,0.22516556291390727,4.0,16321.31,19.0,77883.98,29.0,106626.58,41.0,149728.94,1.7272727272727273,2.230769230769231,0.004088044291128366,14.0,0.0,,0.0,30.0,610.0,1.0,0.0,Female,East,Gold,70-120k,In-Store,1.0,1
C11302,0,34.0,3.0,3230.59,1076.8633333333335,745.6405816030492,107.0,6.333333333333333,3.6666666666666665,1.0,3.0,36.5,0.7071067811865476,37.0,0.9315068493150684,0.0,0.0,2.0,1649.3600000000001,3.0,3230.59,3.0,3230.59,1.0,3.0,0.14337496354042373,5.0,0.0,,0.0,34.0,115.0,0.0,1.0,Male,Bangkok,Silver,20-40k,In-Store,1.0,1
C11303,1,62.0,7.0,3196.85,456.6928571428571,420.5458015370932,293.0,5.571428571428571,3.142857142857143,1.0,1.0,38.5,44.048836534010746,119.0,1.6103896103896105,0.0,0.0,1.0,55.44,2.0,349.21999999999997,7.0,3196.85,0.5,0.3333333333333333,0.0981553209075855,9.0,0.0,,0.0,45.0,310.0,0.0,1.0,Male,Northeast,Silver,<20k,Mobile App,1.0,1
C11304,1,177.0,11.0,8028.42,729.8563636363637,697.3010314386853,426.0,5.0,3.3636363636363638,3.0,4.0,24.9,20.53966352640125,70.0,7.1084337349397595,0.0,0.0,0.0,0.0,1.0,213.38,8.0,4913.02,0.0,0.125,0.13872663081433706,11.0,2.0,2.0,0.0,24.0,485.0,0.0,0.0,Female,Central,Bronze,20-40k,Mobile App,1.0,1
C11305,1,17.0,8.0,14228.85,1778.60625,1325.799386353515,307.0,11.25,5.0,2.0,7.0,41.42857142857143,36.58714320111707,105.0,0.4103448275862069,1.0,1764.52,2.0,2836.9300000000003,3.0,4740.4400000000005,8.0,14228.85,1.0,0.5,0.06502203256851255,12.0,4.0,2.5,2.0,42.0,405.0,0.0,0.0,Female,Northeast,Silver,40-70k,In-Store,2.0,1
C11306,0,,,,,,,,,,,,,,,,,,,,,,,,,,,,,,,,,,,,,,,,0
C11307,1,76.0,17.0,15314.390000000001,900.8464705882353,527.3751865837685,636.0,6.0588235294117645,3.411764705882353,2.0,1.0,35.0,31.129835635073093,117.0,2.1714285714285713,0.0,0.0,2.0,1522.58,4.0,2692.7,9.0,5953.8099999999995,0.6666666666666666,0.6666666666666666,0.027323053393612278,14.0,1.0,3.0,0.0,20.0,655.0,1.0,1.0,Female,Bangkok,Silver,20-40k,Mobile App,3.0,1
C11308,0,10.0,4.0,3751.15,937.7875,250.68450468999208,44.0,6.5,3.25,2.0,1.0,11.333333333333334,7.094598884597588,19.0,0.8823529411764706,3.0,3138.27,4.0,3751.15,4.0,3751.15,4.0,3751.15,4.0,4.0,0.01606083339016572,8.0,1.0,2.0,0.0,21.0,95.0,1.0,1.0,Male,Central,Silver,40-70k,Mobile App,2.0,1
C11309,0,,,,,,,,,,,,,,,,,,,,,,,,,,,,,,,,,,,,,,,,0
C11310,1,64.0,10.0,8319.19,831.9190000000001,467.1761759158244,329.0,8.6,4.5,2.0,2.0,29.444444444444443,31.87126884480406,93.0,2.1735849056603773,0.0,0.0,2.0,1866.88,4.0,2751.8,10.0,8319.19,0.6666666666666666,0.5714285714285714,0.06059630841638606,9.0,1.0,3.0,0.0,43.0,344.0,0.0,0.0,Female,Bangkok,Bronze,40-70k,Mobile App,1.0,1
C11311,0,14.0,46.0,97362.25,2116.570652173913,1203.8650394779904,363.0,12.434782608695652,6.826086956521739,3.0,22.0,7.7555555555555555,10.734726053064579,43.0,1.8051575931232091,6.0,17674.02,12.0,26403.25,25.0,53195.7,46.0,97362.25,0.8571428571428571,1.1363636363636365,0.013886399016339977,14.0,1.0,2.0,1.0,35.0,363.0,1.0,0.0,Female,South,Gold,20-40k,In-Store,2.0,1
C11312,0,8.0,28.0,39724.09,1418.7175,742.2236008335086,514.0,10.428571428571429,5.464285714285714,3.0,13.0,18.74074074074074,20.165836671483994,92.0,0.42687747035573126,1.0,1557.85,4.0,7436.76,6.0,10107.95,19.0,25832.04,1.3333333333333333,0.42857142857142855,0.012375854230546714,13.0,1.0,4.0,0.0,46.0,523.0,1.0,0.0,Female,Bangkok,Platinum,70-120k,In-Store,1.0,1
C11313,0,,,,,,,,,,,,,,,,,,,,,,,,,,,,,,,,,,,,,,,,0
C11314,0,28.0,15.0,20713.12,1380.8746666666666,774.4695398775185,576.0,11.6,5.866666666666666,2.0,11.0,39.142857142857146,38.110885065025194,137.0,0.7153284671532846,1.0,822.02,5.0,5288.7,7.0,7111.0,11.0,14149.15,1.6666666666666667,1.4,0.06733325858714391,14.0,0.0,,0.0,29.0,637.0,0.0,0.0,Female,North,Silver,40-70k,In-Store,2.0,1
C11315,0,8.0,20.0,40269.78,2013.489,865.1886978779769,436.0,13.55,7.15,3.0,3.0,22.526315789473685,25.18237571762493,103.0,0.35514018691588783,2.0,3906.13,5.0,9284.02,8.0,13561.619999999999,14.0,27598.06,1.25,1.1428571428571428,0.006185768512328225,13.0,0.0,,0.0,43.0,464.0,0.0,0.0,Female,Central,Silver,40-70k,Online Web,2.0,1
C11316,0,75.0,10.0,3974.0099999999998,397.40099999999995,322.54515330587606,562.0,4.3,2.5,3.0,6.0,54.111111111111114,52.80493453372621,181.0,1.3860369609856262,0.0,0.0,1.0,189.51,4.0,909.46,6.0,1440.67,0.25,1.3333333333333333,0.036435450551368966,7.0,1.0,5.0,0.0,36.0,575.0,0.0,0.0,Female,Central,Bronze,40-70k,In-Store,1.0,1
C11317,0,61.0,3.0,4647.969999999999,1549.323333333333,841.9109223862897,132.0,6.0,3.3333333333333335,1.0,1.0,35.5,34.64823227814083,60.0,1.7183098591549295,0.0,0.0,1.0,2235.22,3.0,4647.969999999999,3.0,4647.969999999999,0.3333333333333333,3.0,0.06579664062484297,6.0,0.0,,0.0,33.0,137.0,1.0,0.0,Female,Central,Silver,20-40k,Online Web,3.0,1
C11318,0,5.0,3.0,5612.4,1870.8,665.3788680894519,45.0,9.0,4.0,1.0,2.0,20.0,14.142135623730951,30.0,0.25,1.0,1107.71,3.0,5612.4,3.0,5612.4,3.0,5612.4,3.0,3.0,0.0031084033464182314,7.0,0.0,,0.0,20.0,121.0,1.0,0.0,Male,Bangkok,Bronze,20-40k,In-Store,1.0,1
C11319,0,11.0,12.0,14715.19,1226.2658333333334,1087.3053301915147,271.0,7.833333333333333,4.166666666666667,1.0,1.0,23.636363636363637,20.79554148019583,72.0,0.4653846153846154,1.0,447.94,3.0,3303.46,9.0,11521.85,12.0,14715.19,0.42857142857142855,2.25,0.017132990909515953,10.0,2.0,1.0,1.0,30.0,273.0,1.0,0.0,Female,Bangkok,Silver,Unknown,Online Web,1.0,1
C11320,1,96.0,17.0,9780.35,575.314705882353,350.769189908365,517.0,7.176470588235294,3.764705882352941,2.0,11.0,26.3125,28.51600427829958,98.0,3.648456057007126,0.0,0.0,0.0,0.0,4.0,2101.3,10.0,5835.16,0.0,0.5714285714285714,0.04343603476369413,13.0,1.0,2.0,0.0,38.0,565.0,1.0,1.0,Female,North,Bronze,>120k,In-Store,2.0,1
C11321,0,10.0,32.0,44643.77,1395.1178125,969.7735462658258,633.0,10.875,5.875,3.0,20.0,20.096774193548388,20.057176336180646,100.0,0.4975922953451043,1.0,1579.19,5.0,4859.34,9.0,8835.289999999999,24.0,28568.7,1.0,0.5625,0.011551953791299202,14.0,0.0,,0.0,31.0,647.0,0.0,1.0,Male,Northeast,Platinum,70-120k,In-Store,3.0,1
C11322,0,0.0,34.0,35699.14,1049.974705882353,618.3641215886419,543.0,6.852941176470588,3.823529411764706,2.0,1.0,16.454545454545453,18.1367908357069,81.0,0.0,4.0,2518.02,5.0,3790.77,10.0,11081.5,22.0,25058.33,0.8333333333333334,0.7692307692307693,0.019362427380939625,12.0,1.0,5.0,0.0,34.0,543.0,1.0,1.0,Male,Bangkok,Silver,>120k,Mobile App,3.0,1
C11323,0,5.0,17.0,11461.91,674.23,445.75827970437075,279.0,6.0,3.3529411764705883,3.0,3.0,17.125,14.863265679744362,45.0,0.291970802919708,2.0,771.12,5.0,4051.0,10.0,7870.79,17.0,11461.91,0.8333333333333334,1.25,0.04091818872521948,12.0,1.0,5.0,1.0,39.0,298.0,1.0,1.0,Male,Northeast,Gold,40-70k,Mobile App,2.0,1
C11324,0,12.0,11.0,5281.21,480.11,343.1944924383257,568.0,5.2727272727272725,2.5454545454545454,2.0,1.0,55.6,51.53682609983316,162.0,0.2158273381294964,2.0,1567.73,3.0,2326.98,5.0,3266.01,7.0,3524.98,1.0,1.6666666666666667,0.0848376045567418,11.0,0.0,,0.0,30.0,617.0,0.0,1.0,Female,Northeast,Silver,<20k,Mobile App,1.0,1
C11325,1,112.0,3.0,1892.8600000000001,630.9533333333334,462.65870426625855,205.0,7.666666666666667,3.0,1.0,1.0,46.5,16.263455967290593,58.0,2.4086021505376345,0.0,0.0,0.0,0.0,2.0,1132.36,3.0,1892.8600000000001,0.0,1.0,0.06019095472396963,7.0,0.0,,0.0,45.0,337.0,0.0,0.0,Male,Northeast,Bronze,40-70k,Online Web,1.0,1
C11326,0,51.0,25.0,46421.01,1856.8404,1236.370226538421,487.0,10.84,5.76,3.0,17.0,18.166666666666668,14.8753273012341,66.0,2.807339449541284,0.0,0.0,4.0,12795.49,11.0,23340.18,18.0,36040.25,0.5,1.375,0.005623822524208205,14.0,0.0,,0.0,42.0,493.0,1.0,0.0,Male,South,Gold,40-70k,In-Store,1.0,1
C11327,0,209.0,2.0,566.0899999999999,283.04499999999996,195.84736518523806,214.0,5.0,3.0,1.0,1.0,5.0,,5.0,41.8,0.0,0.0,0.0,0.0,0.0,0.0,2.0,566.0899999999999,0.0,0.0,0.06759672557771812,4.0,0.0,,0.0,35.0,247.0,0.0,1.0,Female,Bangkok,Bronze,20-40k,Mobile App,2.0,1
C11328,0,1.0,14.0,9980.21,712.8721428571428,584.7861937255171,420.0,8.071428571428571,4.5,3.0,3.0,32.23076923076923,40.55069634863222,159.0,0.031026252983293555,3.0,3560.2599999999998,6.0,4418.61,7.0,4696.3099999999995,12.0,8827.699999999999,3.0,1.1666666666666667,0.05820954113688136,13.0,0.0,,0.0,30.0,517.0,1.0,1.0,Female,Central,Silver,40-70k,Mobile App,2.0,1
C11329,0,7.0,53.0,113388.76,2139.410566037736,1176.0446613206605,388.0,11.283018867924529,6.150943396226415,3.0,22.0,7.326923076923077,7.202181461049728,42.0,0.9553805774278216,6.0,15963.310000000001,7.0,16659.68,20.0,46336.76,45.0,97938.89,0.5,0.7692307692307693,0.0,14.0,0.0,,0.0,34.0,389.0,1.0,0.0,Male,Bangkok,Platinum,Unknown,In-Store,1.0,1
C11330,1,225.0,3.0,1020.93,340.31,238.73960123950945,277.0,3.3333333333333335,1.6666666666666667,1.0,1.0,26.0,5.656854249492381,30.0,8.653846153846153,0.0,0.0,0.0,0.0,0.0,0.0,3.0,1020.93,0.0,0.0,0.05364293659621802,4.0,0.0,,0.0,18.0,283.0,0.0,0.0,Male,Bangkok,Bronze,Unknown,Online Web,1.0,1
C11331,0,97.0,7.0,2855.54,407.9342857142857,326.3924791748498,584.0,4.714285714285714,2.142857142857143,3.0,2.0,81.16666666666667,94.03917623345426,244.0,1.195071868583162,0.0,0.0,0.0,0.0,1.0,943.82,2.0,1085.3200000000002,0.0,0.5,0.10288060672131097,7.0,1.0,4.0,0.0,31.0,618.0,0.0,1.0,Male,Bangkok,Silver,<20k,Mobile App,2.0,1
C11332,0,5.0,26.0,22937.8,882.2230769230769,507.21387605442516,629.0,7.423076923076923,4.153846153846154,3.0,13.0,24.96,19.683918986489115,80.0,0.2003205128205128,2.0,1474.83,3.0,2302.17,5.0,2822.52,14.0,12077.76,1.0,0.5,0.025159170566333145,13.0,0.0,,0.0,34.0,659.0,1.0,0.0,Female,Central,Bronze,20-40k,In-Store,1.0,1
C11333,0,9.0,26.0,25774.56,991.3292307692308,436.53502893511836,436.0,9.076923076923077,4.769230769230769,2.0,2.0,17.08,15.82961359814783,70.0,0.5269320843091335,3.0,2009.53,5.0,3749.88,11.0,9243.6,22.0,20654.07,0.7142857142857143,0.9166666666666666,0.04073672677035943,14.0,1.0,4.0,0.0,33.0,509.0,0.0,1.0,Male,Bangkok,Platinum,20-40k,Mobile App,2.0,1
C11334,1,36.0,15.0,19016.41,1267.7606666666666,758.0035601731947,384.0,9.8,5.266666666666667,1.0,11.0,24.857142857142858,17.17268467366413,51.0,1.4482758620689655,0.0,0.0,2.0,1847.71,5.0,4918.97,13.0,16778.53,0.5,0.5555555555555556,0.04975867208936154,13.0,0.0,,0.0,35.0,385.0,0.0,0.0,Female,Bangkok,Bronze,70-120k,In-Store,3.0,1
C11335,0,20.0,30.0,37525.71,1250.857,1079.7621677022373,577.0,9.166666666666666,4.9,3.0,16.0,19.20689655172414,15.728453085195696,51.0,1.0412926391382404,1.0,1357.98,2.0,1561.43,10.0,9339.21,20.0,21814.91,0.2222222222222222,0.9090909090909091,0.022072213877164692,13.0,1.0,3.0,0.0,27.0,657.0,1.0,1.0,Female,Northeast,Platinum,20-40k,In-Store,2.0,1
C11336,0,14.0,22.0,35207.25,1600.3295454545455,817.6375377732935,491.0,11.818181818181818,6.545454545454546,3.0,13.0,22.714285714285715,19.380771029922563,70.0,0.6163522012578616,2.0,2740.2200000000003,6.0,9744.81,8.0,14511.68,15.0,23521.36,2.0,1.0,0.002597810983046238,13.0,1.0,4.0,0.0,34.0,506.0,1.0,0.0,Female,Bangkok,Silver,70-120k,In-Store,3.0,1
C11337,1,90.0,8.0,3083.05,385.38125,504.66927191230894,282.0,3.75,2.125,2.0,7.0,27.428571428571427,34.345582650743424,104.0,3.28125,0.0,0.0,0.0,0.0,7.0,1780.81,8.0,3083.05,0.0,3.5,0.06938591937022325,9.0,0.0,,0.0,33.0,299.0,1.0,0.0,Male,Northeast,Bronze,20-40k,In-Store,2.0,1
C11338,0,14.0,5.0,4142.86,828.5719999999999,373.6040811741757,194.0,7.4,4.0,1.0,1.0,45.0,22.642143596988927,62.0,0.3111111111111111,1.0,625.08,2.0,2022.7800000000002,3.0,3029.9300000000003,5.0,4142.86,1.0,1.0,0.16818391727738177,10.0,2.0,3.0,0.0,37.0,286.0,1.0,1.0,Female,Central,Gold,70-120k,Online Web,2.0,1
C11339,0,1.0,99.0,235595.13,2379.748787878788,1230.9627573589048,611.0,14.636363636363637,8.02020202020202,3.0,26.0,6.224489795918367,6.114931214464048,35.0,0.16065573770491803,4.0,12583.41,13.0,31821.059999999998,20.0,48400.47,60.0,142750.19,1.625,0.4878048780487805,0.01296292199849478,14.0,1.0,3.0,0.0,51.0,628.0,1.0,0.0,Male,Bangkok,Platinum,40-70k,In-Store,2.0,1
C11340,0,24.0,12.0,9058.56,754.88,518.0214103507867,540.0,7.166666666666667,3.6666666666666665,2.0,7.0,46.90909090909091,48.85991106306794,153.0,0.5116279069767442,1.0,532.85,2.0,1866.3899999999999,2.0,1866.3899999999999,5.0,3030.48,2.0,0.5,0.058007275086883005,12.0,1.0,5.0,0.0,35.0,574.0,0.0,0.0,Male,Northeast,Gold,20-40k,In-Store,3.0,1
C11341,0,27.0,1.0,379.26,379.26,,27.0,5.0,3.0,1.0,1.0,,,,,1.0,379.26,1.0,379.26,1.0,379.26,1.0,379.26,1.0,1.0,0.03217903896700436,3.0,1.0,4.0,1.0,30.0,102.0,0.0,0.0,Female,Central,Gold,40-70k,In-Store,2.0,1
C11342,0,10.0,5.0,3296.06,659.212,701.5264183692585,112.0,7.2,3.0,2.0,5.0,25.5,15.92691642053372,48.0,0.39215686274509803,1.0,381.89,4.0,1384.29,5.0,3296.06,5.0,3296.06,2.0,5.0,0.05971124303568525,6.0,0.0,,0.0,35.0,192.0,1.0,0.0,Male,North,Bronze,20-40k,In-Store,1.0,1
C11343,0,2.0,68.0,190188.53,2796.8901470588235,1567.0688460606982,530.0,14.632352941176471,7.970588235294118,3.0,10.0,7.880597014925373,6.470263888721071,26.0,0.2537878787878788,7.0,11054.16,13.0,33797.36,23.0,56452.59,43.0,125844.98,1.1818181818181819,1.0952380952380953,0.012560448625722628,14.0,0.0,,0.0,41.0,541.0,0.0,0.0,Female,Unknown,Platinum,>120k,Online Web,3.0,1
C11344,1,28.0,12.0,17337.52,1444.7933333333333,743.3026265053131,213.0,10.833333333333334,5.5,2.0,1.0,16.818181818181817,19.224037982786978,72.0,1.664864864864865,1.0,345.25,2.0,2232.79,8.0,12199.82,12.0,17337.52,0.2857142857142857,1.6,0.030764491836069552,12.0,0.0,,0.0,37.0,257.0,0.0,0.0,Female,Bangkok,Silver,Unknown,Online Web,2.0,1
C11345,1,5.0,3.0,5563.679999999999,1854.5599999999997,596.9673475995146,29.0,9.666666666666666,5.0,1.0,3.0,12.0,1.4142135623730951,13.0,0.4166666666666667,3.0,5563.679999999999,3.0,5563.679999999999,3.0,5563.679999999999,3.0,5563.679999999999,3.0,3.0,0.03842378154165226,9.0,1.0,2.0,0.0,32.0,34.0,0.0,0.0,Female,East,Bronze,20-40k,In-Store,2.0,1
C11346,1,101.0,15.0,10456.0,697.0666666666667,432.8064486690602,426.0,6.4,3.2666666666666666,1.0,1.0,23.214285714285715,18.37296748121909,71.0,4.350769230769231,0.0,0.0,0.0,0.0,4.0,1244.8400000000001,13.0,9128.31,0.0,0.4,0.03184288743414291,12.0,0.0,,0.0,34.0,475.0,1.0,1.0,Female,Bangkok,Bronze,20-40k,Mobile App,2.0,1
C11347,0,37.0,29.0,22661.6,781.4344827586207,482.9448264670925,600.0,6.482758620689655,3.793103448275862,3.0,17.0,20.107142857142858,20.458339394820168,86.0,1.8401420959147423,0.0,0.0,2.0,2334.42,5.0,5424.77,10.0,8771.61,0.5,0.8333333333333334,0.05290683994545196,14.0,1.0,3.0,0.0,48.0,602.0,1.0,1.0,Female,Bangkok,Gold,70-120k,In-Store,3.0,1
C11348,0,52.0,3.0,3184.74,1061.58,874.5167741673113,83.0,8.0,3.6666666666666665,2.0,3.0,15.5,6.363961030678928,20.0,3.3548387096774195,0.0,0.0,3.0,3184.74,3.0,3184.74,3.0,3184.74,3.0,3.0,0.05817048358095959,7.0,2.0,4.0,0.0,25.0,167.0,0.0,0.0,Female,North,Bronze,<20k,In-Store,1.0,1
C11349,0,26.0,9.0,11990.17,1332.2411111111112,2016.1404400267138,184.0,10.11111111111111,4.777777777777778,1.0,6.0,19.75,16.9431823625737,47.0,1.3164556962025316,1.0,1035.56,2.0,1532.8899999999999,8.0,10824.15,9.0,11990.17,0.2857142857142857,4.0,0.04700071771989213,12.0,2.0,4.5,0.0,34.0,292.0,1.0,0.0,Female,North,Bronze,20-40k,In-Store,3.0,1
C11350,0,121.0,6.0,3399.69,566.615,206.84833088521648,249.0,6.666666666666667,4.0,1.0,5.0,25.6,16.11831256676703,49.0,4.7265625,0.0,0.0,0.0,0.0,3.0,1608.49,6.0,3399.69,0.0,0.75,0.09598100323349218,9.0,1.0,2.0,0.0,33.0,401.0,1.0,0.0,Female,Northeast,Silver,20-40k,In-Store,1.0,1
C11351,1,3.0,3.0,3460.54,1153.5133333333333,512.3188724157382,71.0,9.333333333333334,4.666666666666667,1.0,3.0,34.0,28.284271247461902,54.0,0.08823529411764706,1.0,1349.11,3.0,3460.54,3.0,3460.54,3.0,3460.54,3.0,3.0,0.0,9.0,0.0,,0.0,33.0,85.0,1.0,0.0,Male,South,Platinum,<20k,In-Store,2.0,1
C11352,0,31.0,20.0,26897.24,1344.862,965.516271157288,509.0,9.1,4.45,2.0,1.0,25.157894736842106,29.30161762295108,94.0,1.2322175732217573,0.0,0.0,8.0,6982.34,12.0,11498.84,16.0,20245.59,1.6,2.4,0.0002375144171994634,14.0,1.0,4.0,0.0,32.0,514.0,1.0,1.0,Male,East,Bronze,20-40k,Mobile App,1.0,1
C11353,0,1.0,16.0,17005.48,1062.8425,703.2938736687531,440.0,6.875,3.625,2.0,1.0,29.266666666666666,32.1213473002138,109.0,0.03416856492027335,2.0,2008.49,4.0,4088.7200000000003,8.0,9023.76,14.0,16017.73,0.8,1.1428571428571428,0.015896825148812105,11.0,1.0,4.0,0.0,50.0,446.0,1.0,1.0,Male,Bangkok,Gold,20-40k,Mobile App,2.0,1
C11354,0,67.0,12.0,7409.68,617.4733333333334,462.4804745427998,534.0,7.833333333333333,4.083333333333333,2.0,11.0,42.45454545454545,45.224691566363695,161.0,1.5781584582441115,0.0,0.0,1.0,805.96,5.0,4146.5,10.0,6006.68,0.2,0.8333333333333334,0.048026014037404814,11.0,0.0,,0.0,36.0,577.0,0.0,1.0,Male,Bangkok,Bronze,70-120k,In-Store,1.0,1
C11355,1,28.0,16.0,19114.47,1194.654375,860.1536597683674,500.0,9.75,5.375,2.0,1.0,31.466666666666665,24.24242640692631,76.0,0.8898305084745763,1.0,655.21,3.0,3003.9,7.0,9390.55,12.0,14610.41,0.6,1.1666666666666667,0.018867624300317472,14.0,0.0,,0.0,48.0,507.0,1.0,1.0,Female,Bangkok,Gold,70-120k,Mobile App,2.0,1
C11356,0,20.0,1.0,1360.04,1360.04,,20.0,6.0,3.0,1.0,1.0,,,,,1.0,1360.04,1.0,1360.04,1.0,1360.04,1.0,1360.04,1.0,1.0,0.06618878910219439,3.0,0.0,,0.0,23.0,63.0,1.0,1.0,Female,East,Silver,40-70k,In-Store,2.0,1
C11357,1,23.0,3.0,4292.320000000001,1430.7733333333335,1412.9178019380086,53.0,10.0,5.0,1.0,2.0,15.0,12.727922061357855,24.0,1.5333333333333334,2.0,3872.56,3.0,4292.320000000001,3.0,4292.320000000001,3.0,4292.320000000001,3.0,3.0,0.08749372858151143,9.0,0.0,,0.0,37.0,63.0,1.0,1.0,Male,Central,Bronze,Unknown,In-Store,2.0,1
C11358,1,73.0,18.0,28415.41,1578.6338888888888,1120.933612334137,537.0,10.944444444444445,5.888888888888889,3.0,10.0,27.294117647058822,24.707703014147107,97.0,2.6745689655172415,0.0,0.0,1.0,639.43,2.0,2198.0099999999998,9.0,11597.08,0.5,0.25,0.050569199191817675,13.0,1.0,2.0,1.0,27.0,577.0,1.0,1.0,Female,Bangkok,Silver,<20k,In-Store,1.0,1
C11359,1,130.0,17.0,20283.1,1193.1235294117646,790.4577829092232,355.0,7.470588235294118,4.0,3.0,10.0,14.0625,13.122341000497332,50.0,9.244444444444444,0.0,0.0,0.0,0.0,9.0,7445.5599999999995,17.0,20283.1,0.0,1.0,0.03483714890310399,13.0,2.0,4.0,0.0,31.0,357.0,1.0,0.0,Female,Bangkok,Silver,20-40k,In-Store,2.0,1
C11360,1,215.0,4.0,1934.81,483.7025,371.0110652774838,394.0,6.0,3.75,1.0,1.0,59.666666666666664,20.207259421636902,78.0,3.6033519553072626,0.0,0.0,0.0,0.0,0.0,0.0,3.0,1673.48,0.0,0.0,0.06046170580579997,7.0,0.0,,0.0,21.0,418.0,1.0,1.0,Female,South,Bronze,20-40k,Mobile App,2.0,1
C11361,0,31.0,21.0,33717.22,1605.5819047619048,885.8529198440283,356.0,13.523809523809524,7.333333333333333,3.0,13.0,16.25,15.930358307002189,67.0,1.9076923076923078,0.0,0.0,5.0,9765.11,12.0,21292.25,21.0,33717.22,0.625,1.2,0.0,12.0,0.0,,0.0,20.0,386.0,0.0,0.0,Female,South,Gold,70-120k,In-Store,2.0,1
C11362,0,76.0,5.0,2572.54,514.508,531.9120026094542,303.0,4.0,2.2,1.0,4.0,56.75,49.94914080008451,126.0,1.3392070484581498,0.0,0.0,2.0,594.8199999999999,2.0,594.8199999999999,5.0,2572.54,2.0,0.5,0.026695925239302337,6.0,0.0,,0.0,36.0,338.0,1.0,1.0,Female,Bangkok,Bronze,20-40k,In-Store,3.0,1
C11363,1,35.0,20.0,43604.97,2180.2485,1574.2610121185683,480.0,13.2,6.75,3.0,2.0,23.42105263157895,26.67773892941388,94.0,1.49438202247191,0.0,0.0,1.0,1167.37,3.0,10273.82,13.0,32810.17,0.3333333333333333,0.2727272727272727,0.023591898975672067,14.0,1.0,3.0,0.0,40.0,540.0,1.0,0.0,Female,East,Silver,20-40k,Online Web,1.0,1
C11364,0,29.0,30.0,44361.13,1478.7043333333334,835.4032783763503,555.0,13.233333333333333,7.066666666666666,3.0,14.0,18.137931034482758,20.14540737795206,74.0,1.5988593155893536,1.0,1639.21,7.0,7577.98,9.0,9348.93,18.0,24233.67,2.3333333333333335,0.9,0.0101130575614859,13.0,0.0,,0.0,25.0,555.0,0.0,1.0,Male,Bangkok,Silver,<20k,In-Store,2.0,1
C11365,0,1.0,29.0,35931.41,1239.0141379310346,1238.3627265827283,469.0,7.275862068965517,3.9310344827586206,3.0,18.0,16.714285714285715,19.20813319800706,71.0,0.059829059829059825,3.0,10832.16,10.0,17032.0,13.0,21398.32,23.0,30069.06,2.5,1.1818181818181819,0.020443920774933948,13.0,0.0,,0.0,18.0,519.0,1.0,1.0,Male,Bangkok,Gold,40-70k,In-Store,1.0,1
C11366,0,16.0,43.0,116132.59,2700.757906976744,1461.0180014137536,443.0,13.744186046511627,7.27906976744186,3.0,8.0,10.166666666666666,9.787788974438001,41.0,1.5737704918032789,3.0,8832.69,11.0,25118.24,19.0,44557.79,36.0,94385.19,1.2222222222222223,1.0555555555555556,0.026411795068654754,14.0,0.0,,0.0,39.0,447.0,1.0,0.0,Male,South,Gold,70-120k,Mobile App,3.0,1
C11367,0,18.0,21.0,40135.049999999996,1911.1928571428568,974.6163729239462,523.0,12.428571428571429,6.285714285714286,3.0,16.0,25.25,20.57048217330127,72.0,0.7128712871287128,2.0,3506.46,7.0,11181.56,8.0,14399.349999999999,15.0,30712.52,3.5,1.0,0.014134447477516228,13.0,0.0,,0.0,18.0,531.0,1.0,0.0,Female,South,Bronze,>120k,In-Store,3.0,1
C11368,0,64.0,2.0,905.62,452.81,43.586061992338784,275.0,6.0,3.5,1.0,1.0,211.0,,211.0,0.3033175355450237,0.0,0.0,1.0,483.63,1.0,483.63,2.0,905.62,1.0,0.5,0.006330988928998562,4.0,0.0,,0.0,34.0,309.0,0.0,0.0,Male,South,Bronze,40-70k,Mobile App,2.0,1
C11369,0,1.0,66.0,175099.86,2653.0281818181816,1452.8299758565738,476.0,14.045454545454545,7.666666666666667,3.0,4.0,7.3076923076923075,6.1540715102967525,30.0,0.1368421052631579,4.0,7067.53,12.0,22545.699999999997,25.0,61165.95,44.0,114848.11,0.8571428571428571,1.25,0.023950740633013324,14.0,0.0,,0.0,43.0,489.0,1.0,0.0,Female,North,Gold,70-120k,Online Web,3.0,1
C11370,0,1.0,8.0,7187.379999999999,898.4224999999999,377.2990246380941,247.0,8.375,4.75,3.0,2.0,35.142857142857146,29.32250882529535,83.0,0.028455284552845527,1.0,1034.32,2.0,1572.42,6.0,5310.299999999999,8.0,7187.379999999999,0.4,2.0,0.09857462672527859,12.0,0.0,,0.0,18.0,273.0,0.0,1.0,Female,Central,Silver,40-70k,Mobile App,2.0,1
C11371,1,214.0,20.0,20131.58,1006.5790000000001,740.1457019711157,624.0,9.45,4.35,3.0,10.0,21.57894736842105,14.295748355809554,51.0,9.917073170731708,0.0,0.0,0.0,0.0,0.0,0.0,7.0,6042.06,0.0,0.0,0.017689472731433568,13.0,0.0,,0.0,42.0,625.0,0.0,0.0,Female,East,Silver,20-40k,In-Store,3.0,1
C11372,0,7.0,20.0,29633.71,1481.6855,647.8036650054348,316.0,10.4,5.3,3.0,13.0,16.263157894736842,13.093009607603413,49.0,0.43042071197411,3.0,4075.15,6.0,8822.73,10.0,14660.03,20.0,29633.71,1.2,0.9090909090909091,0.024659562241178764,13.0,0.0,,0.0,39.0,322.0,1.0,0.0,Male,Central,Gold,Unknown,In-Store,2.0,1
C11373,1,197.0,25.0,39612.6,1584.504,994.4614582526564,632.0,11.32,5.88,3.0,2.0,18.125,14.078390780075743,54.0,10.86896551724138,0.0,0.0,0.0,0.0,0.0,0.0,8.0,10061.43,0.0,0.0,0.06502213257262303,14.0,1.0,3.0,1.0,34.0,633.0,1.0,1.0,Female,North,Bronze,70-120k,Mobile App,1.0,1
C11374,0,2.0,78.0,147263.14,1887.9889743589745,1116.07335642699,625.0,10.5,5.717948717948718,3.0,26.0,8.090909090909092,6.846400933455971,30.0,0.24719101123595502,4.0,6261.28,10.0,19034.34,17.0,32097.32,36.0,69986.4,1.25,0.85,0.0296269157804497,14.0,0.0,,0.0,39.0,636.0,1.0,0.0,Female,Bangkok,Gold,40-70k,In-Store,1.0,1
C11375,0,7.0,46.0,125984.98999999999,2738.8041304347826,1723.7358521570086,379.0,14.695652173913043,7.934782608695652,3.0,22.0,8.266666666666667,7.481492315890411,31.0,0.846774193548387,2.0,5606.75,9.0,26517.370000000003,24.0,69481.26,45.0,122259.62,0.5625,1.0909090909090908,0.020461117664177644,14.0,0.0,,0.0,44.0,383.0,1.0,0.0,Male,Central,Platinum,40-70k,In-Store,1.0,1
C11376,0,2.0,28.0,38249.979999999996,1366.070714285714,826.1724152039425,534.0,10.714285714285714,5.821428571428571,2.0,17.0,19.703703703703702,27.844091784316603,135.0,0.10150375939849625,2.0,1860.02,2.0,1860.02,6.0,7522.969999999999,19.0,27131.45,0.4,0.42857142857142855,0.05125013053068755,13.0,1.0,5.0,0.0,46.0,545.0,0.0,0.0,Male,Bangkok,Bronze,70-120k,In-Store,1.0,1
C11377,0,49.0,9.0,5397.91,599.7677777777777,385.1351669471959,560.0,6.111111111111111,3.0,2.0,2.0,63.875,27.601436298031405,113.0,0.7671232876712328,0.0,0.0,2.0,1345.6599999999999,3.0,2006.94,4.0,2409.84,1.0,1.5,0.07086854068159246,10.0,0.0,,0.0,37.0,628.0,1.0,0.0,Male,Bangkok,Silver,70-120k,Mobile App,3.0,1
C11378,0,33.0,4.0,2546.0,636.5,499.32996625478035,181.0,4.75,2.5,2.0,2.0,49.333333333333336,34.961884007206095,89.0,0.6689189189189189,0.0,0.0,2.0,2118.7400000000002,3.0,2383.96,4.0,2546.0,1.0,1.5,0.1107168055662282,7.0,0.0,,0.0,36.0,239.0,0.0,0.0,Male,Bangkok,Silver,20-40k,Online Web,2.0,1
C11379,0,144.0,4.0,2376.15,594.0375,411.13012987576894,423.0,4.5,2.25,1.0,1.0,93.0,71.04224095564554,136.0,1.5483870967741935,0.0,0.0,0.0,0.0,2.0,1286.46,3.0,2151.8,0.0,1.0,0.03509733693930756,7.0,1.0,5.0,0.0,25.0,423.0,0.0,1.0,Male,South,Silver,40-70k,Mobile App,1.0,1
C11380,0,36.0,1.0,2959.69,2959.69,,36.0,7.0,4.0,1.0,1.0,,,,,0.0,0.0,1.0,2959.69,1.0,2959.69,1.0,2959.69,1.0,1.0,0.0,4.0,0.0,,0.0,19.0,52.0,0.0,0.0,Male,Central,Silver,40-70k,In-Store,1.0,1
C11381,0,10.0,16.0,22346.1,1396.63125,1049.1286425529522,306.0,8.1875,4.4375,2.0,12.0,19.733333333333334,17.74609279598778,61.0,0.5067567567567567,2.0,2001.23,7.0,12162.81,9.0,15101.41,16.0,22346.1,2.3333333333333335,1.125,0.004822221766978203,13.0,2.0,2.5,1.0,29.0,319.0,1.0,0.0,Female,South,Silver,20-40k,In-Store,2.0,1
C11382,1,12.0,3.0,2245.58,748.5266666666666,694.4111285350583,174.0,6.666666666666667,3.3333333333333335,2.0,2.0,81.0,46.66904755831214,114.0,0.14814814814814814,1.0,396.25,1.0,396.25,3.0,2245.58,3.0,2245.58,0.3333333333333333,3.0,0.13587002532074222,7.0,0.0,,0.0,40.0,193.0,1.0,1.0,Male,Bangkok,Silver,20-40k,Online Web,1.0,1
C11383,0,38.0,7.0,1681.79,240.25571428571428,94.40607040106809,264.0,3.5714285714285716,2.2857142857142856,1.0,1.0,37.666666666666664,23.15743221228698,73.0,1.008849557522124,0.0,0.0,2.0,470.29999999999995,4.0,726.33,7.0,1681.79,0.6666666666666666,1.0,0.10759540688542685,8.0,3.0,3.0,0.0,28.0,338.0,0.0,1.0,Male,North,Gold,<20k,Mobile App,3.0,1
C11384,0,11.0,35.0,52412.32,1497.4948571428572,1141.1960151405951,638.0,11.628571428571428,6.685714285714286,2.0,21.0,18.441176470588236,20.05778195005104,86.0,0.5964912280701754,1.0,727.57,4.0,5145.93,7.0,9676.05,25.0,42328.21,1.0,0.3684210526315789,0.024483614339474727,14.0,0.0,,0.0,23.0,654.0,1.0,1.0,Male,Northeast,Gold,70-120k,In-Store,1.0,1
C11385,0,13.0,38.0,75273.36,1980.877894736842,1023.4460389692925,514.0,12.578947368421053,6.421052631578948,3.0,16.0,13.54054054054054,13.754988175193015,73.0,0.9600798403193613,2.0,5371.74,8.0,14620.55,13.0,22146.38,27.0,47792.2,1.3333333333333333,0.8666666666666667,0.004172973267596955,14.0,0.0,,0.0,31.0,546.0,1.0,0.0,Female,Central,Platinum,<20k,In-Store,1.0,1
C11386,1,163.0,10.0,13428.53,1342.853,677.8693557521079,359.0,9.6,5.7,3.0,6.0,21.77777777777778,17.93584245148369,49.0,7.48469387755102,0.0,0.0,0.0,0.0,1.0,873.49,10.0,13428.53,0.0,0.1,0.049048413195809125,13.0,0.0,,0.0,45.0,433.0,0.0,0.0,Female,Bangkok,Bronze,40-70k,In-Store,2.0,1
C11387,0,52.0,13.0,8505.13,654.2407692307692,398.89034143612156,492.0,7.6923076923076925,4.461538461538462,3.0,8.0,36.666666666666664,28.49667710559612,99.0,1.4181818181818182,0.0,0.0,1.0,973.28,3.0,2934.64,7.0,5382.57,0.3333333333333333,0.6,0.07258783838304535,12.0,2.0,4.0,0.0,18.0,493.0,1.0,0.0,Male,Bangkok,Bronze,<20k,In-Store,1.0,1
C11388,0,1.0,13.0,6812.55,524.0423076923078,482.4077574893436,480.0,5.461538461538462,2.923076923076923,3.0,9.0,39.916666666666664,61.803880921586924,228.0,0.025052192066805846,2.0,467.01,4.0,2179.98,6.0,2616.61,7.0,2808.66,1.3333333333333333,3.0,0.034807593405145484,10.0,0.0,,0.0,31.0,575.0,1.0,1.0,Male,Bangkok,Silver,20-40k,In-Store,2.0,1
C11389,0,14.0,8.0,7544.66,943.0825,1012.5351904819336,300.0,7.375,4.0,2.0,7.0,40.857142857142854,32.77920362785208,79.0,0.34265734265734266,1.0,2805.74,1.0,2805.74,3.0,3567.21,8.0,7544.66,0.3333333333333333,0.5,0.020068396983051417,11.0,0.0,,0.0,40.0,312.0,0.0,0.0,Male,Central,Bronze,20-40k,In-Store,1.0,1
C11390,0,1.0,24.0,34383.28,1432.6366666666665,1250.2214232362364,470.0,9.125,4.875,3.0,12.0,20.391304347826086,18.666301991544167,73.0,0.04904051172707889,3.0,2493.32,7.0,5095.6900000000005,11.0,9791.44,17.0,26191.69,1.4,1.5714285714285714,0.02488407068377239,14.0,0.0,,0.0,34.0,494.0,0.0,1.0,Female,South,Gold,<20k,In-Store,2.0,1
C11391,0,,,,,,,,,,,,,,,,,,,,,,,,,,,,,,,,,,,,,,,,0
C11392,1,30.0,21.0,14653.24,697.7733333333333,455.278802079927,457.0,5.0,2.619047619047619,2.0,1.0,21.35,20.93668399823872,73.0,1.405152224824356,0.0,0.0,2.0,2076.83,9.0,5529.07,17.0,10922.82,0.25,1.0,0.04555692629160028,12.0,2.0,2.0,0.0,35.0,490.0,1.0,1.0,Male,Central,Bronze,40-70k,Mobile App,1.0,1
C11393,0,2.0,59.0,103189.67,1748.9774576271186,1482.2956404970391,570.0,9.101694915254237,4.813559322033898,2.0,24.0,9.793103448275861,9.083933417853078,55.0,0.20422535211267606,3.0,3078.71,9.0,11985.84,18.0,23244.28,34.0,64933.89,0.9,1.0588235294117647,0.03203260950828619,14.0,0.0,,0.0,39.0,570.0,0.0,0.0,Female,Northeast,Gold,>120k,In-Store,2.0,1
C11394,1,138.0,3.0,779.0,259.6666666666667,179.408760748558,153.0,3.6666666666666665,2.0,1.0,1.0,7.5,9.192388155425117,14.0,18.4,0.0,0.0,0.0,0.0,3.0,779.0,3.0,779.0,0.0,3.0,0.04351456215313589,4.0,0.0,,0.0,22.0,161.0,0.0,0.0,Male,East,Bronze,20-40k,Mobile App,1.0,1
C11395,0,22.0,3.0,2043.0800000000002,681.0266666666668,489.5131144651115,140.0,7.666666666666667,4.333333333333333,2.0,3.0,59.0,12.727922061357855,68.0,0.3728813559322034,1.0,470.19,2.0,1710.8200000000002,3.0,2043.0800000000002,3.0,2043.0800000000002,1.0,3.0,0.03609660358842983,6.0,1.0,4.0,0.0,26.0,163.0,0.0,1.0,Male,Northeast,Bronze,Unknown,In-Store,1.0,1
C11396,0,5.0,53.0,139816.35,2638.0443396226415,1645.775004047672,532.0,12.471698113207546,6.811320754716981,3.0,24.0,10.134615384615385,8.279501846703255,38.0,0.49335863377609107,3.0,8973.69,10.0,32462.56,18.0,59337.72,38.0,102268.6,1.1111111111111112,0.8571428571428571,0.006506973640482423,14.0,0.0,,0.0,52.0,535.0,1.0,1.0,Female,Bangkok,Gold,20-40k,In-Store,1.0,1
C11397,0,28.0,1.0,2080.34,2080.34,,28.0,16.0,8.0,1.0,1.0,,,,,1.0,2080.34,1.0,2080.34,1.0,2080.34,1.0,2080.34,1.0,1.0,0.04003506990909511,5.0,0.0,,0.0,24.0,44.0,0.0,1.0,Female,Bangkok,Bronze,40-70k,In-Store,1.0,1
C11398,0,5.0,19.0,41183.31,2167.5426315789473,1023.4382365766556,252.0,14.631578947368421,7.526315789473684,3.0,10.0,13.722222222222221,9.880495079019875,37.0,0.3643724696356275,5.0,9014.29,7.0,12581.470000000001,13.0,29821.67,19.0,41183.31,1.0,1.8571428571428572,0.008199398031682088,13.0,0.0,,0.0,28.0,261.0,1.0,0.0,Male,Central,Gold,70-120k,In-Store,2.0,1
C11399,0,7.0,4.0,1424.38,356.095,160.57631072691473,143.0,5.75,2.75,2.0,2.0,45.333333333333336,50.34216258101487,101.0,0.15441176470588233,1.0,145.72,1.0,145.72,4.0,1424.38,4.0,1424.38,0.25,4.0,0.042008555056361134,8.0,0.0,,0.0,40.0,159.0,1.0,0.0,Male,Bangkok,Bronze,<20k,Online Web,3.0,1
C11400,1,31.0,20.0,25239.35,1261.9675,976.0274033786411,570.0,10.15,5.2,3.0,11.0,28.36842105263158,16.0146132097316,62.0,1.0927643784786643,0.0,0.0,2.0,3583.91,7.0,11803.89,12.0,18669.85,0.3333333333333333,1.1666666666666667,0.06659829927167644,13.0,2.0,3.0,0.0,24.0,584.0,0.0,1.0,Male,Bangkok,Gold,40-70k,In-Store,1.0,1
C11401,0,44.0,1.0,584.56,584.56,,44.0,6.0,3.0,1.0,1.0,,,,,0.0,0.0,1.0,584.56,1.0,584.56,1.0,584.56,1.0,1.0,0.0,3.0,0.0,,0.0,31.0,56.0,1.0,0.0,Female,Bangkok,Bronze,40-70k,In-Store,3.0,1
C11402,1,102.0,8.0,7031.81,878.97625,754.8511960254626,517.0,9.0,4.0,2.0,6.0,59.285714285714285,31.383192347254315,102.0,1.7204819277108434,0.0,0.0,0.0,0.0,1.0,1657.61,5.0,4994.7300000000005,0.0,0.2,0.05689749518511166,11.0,0.0,,0.0,31.0,547.0,1.0,0.0,Female,Bangkok,Silver,<20k,In-Store,1.0,1
C11403,0,39.0,54.0,138435.0,2563.6111111111113,1301.1047595687007,386.0,15.833333333333334,8.574074074074074,3.0,22.0,6.547169811320755,6.681104347151947,35.0,5.956772334293948,0.0,0.0,10.0,19782.19,21.0,46858.27,52.0,134325.26,0.8333333333333334,0.65625,0.014114959601039702,14.0,0.0,,0.0,44.0,386.0,1.0,1.0,Male,Northeast,Gold,20-40k,In-Store,2.0,1
C11404,0,12.0,17.0,22523.82,1324.9305882352942,714.1137149245786,350.0,9.352941176470589,5.470588235294118,1.0,12.0,21.125,20.323631565249357,59.0,0.5680473372781065,3.0,4169.73,5.0,7853.26,9.0,13190.15,17.0,22523.82,1.0,1.0,0.018717020193923,13.0,0.0,,0.0,22.0,365.0,1.0,1.0,Female,Bangkok,Bronze,40-70k,In-Store,3.0,1
C11405,0,0.0,29.0,35839.32,1235.8386206896553,673.3338176020873,549.0,9.10344827586207,4.931034482758621,3.0,3.0,19.607142857142858,19.222554818665852,66.0,0.0,3.0,3314.08,7.0,7175.179999999999,13.0,15765.83,19.0,20591.95,1.0,1.8571428571428572,0.021648618871402223,14.0,0.0,,0.0,21.0,550.0,1.0,1.0,Male,South,Bronze,20-40k,Mobile App,2.0,1
C11406,0,6.0,17.0,8244.880000000001,484.99294117647065,407.4199100247297,582.0,4.529411764705882,2.5294117647058822,3.0,4.0,36.0,25.930676813380707,76.0,0.16666666666666666,1.0,141.71,2.0,537.12,5.0,1859.6200000000001,8.0,3178.82,0.5,1.25,0.0680328934354424,13.0,0.0,,0.0,33.0,589.0,0.0,0.0,Male,Bangkok,Bronze,20-40k,Online Web,1.0,1
C11407,0,16.0,17.0,7065.36,415.60941176470584,311.4442055663941,579.0,4.882352941176471,2.411764705882353,3.0,4.0,35.1875,44.95511650524332,154.0,0.4547069271758437,5.0,3076.27,6.0,3500.92,6.0,3500.92,11.0,4733.57,6.0,1.0,0.050112259851306115,12.0,0.0,,0.0,44.0,589.0,0.0,1.0,Female,East,Gold,<20k,Mobile App,1.0,1
C11408,1,10.0,13.0,22233.850000000002,1710.296153846154,1175.5625783324517,306.0,10.076923076923077,5.230769230769231,3.0,5.0,24.666666666666668,20.43763610834114,64.0,0.4054054054054054,1.0,798.45,2.0,2633.4,4.0,6225.58,13.0,22233.850000000002,0.6666666666666666,0.4,0.03587502281974418,14.0,0.0,,0.0,37.0,350.0,0.0,1.0,Female,Central,Gold,40-70k,In-Store,2.0,1
C11409,1,31.0,11.0,5582.45,507.49545454545455,180.40265886974262,358.0,6.090909090909091,3.5454545454545454,2.0,9.0,32.7,43.18706081944246,133.0,0.948012232415902,0.0,0.0,1.0,340.54,4.0,2158.85,11.0,5582.45,0.25,0.5,0.09721829158048453,12.0,1.0,1.0,0.0,42.0,495.0,1.0,1.0,Male,East,Gold,70-120k,In-Store,1.0,1
C11410,1,435.0,3.0,7206.66,2402.22,889.1569654453594,488.0,20.666666666666668,10.0,2.0,1.0,26.5,6.363961030678928,31.0,16.41509433962264,0.0,0.0,0.0,0.0,0.0,0.0,0.0,0.0,0.0,0.0,0.0,10.0,0.0,,0.0,43.0,505.0,1.0,0.0,Male,Northeast,Silver,70-120k,Online Web,1.0,1
C11411,1,148.0,22.0,12563.93,571.0877272727273,349.0265108491633,581.0,5.0,2.909090909090909,2.0,2.0,20.61904761904762,19.335139488703437,73.0,7.177829099307159,0.0,0.0,0.0,0.0,1.0,589.08,11.0,7074.07,0.0,0.09090909090909091,0.034650285442070244,13.0,0.0,,0.0,49.0,582.0,1.0,1.0,Female,Central,Bronze,>120k,Online Web,2.0,1
C11412,1,10.0,3.0,4098.59,1366.1966666666667,1020.5867761407322,27.0,8.0,5.0,2.0,3.0,8.5,4.949747468305833,12.0,1.1764705882352942,3.0,4098.59,3.0,4098.59,3.0,4098.59,3.0,4098.59,3.0,3.0,0.052059819413092547,10.0,1.0,1.0,0.0,33.0,34.0,1.0,1.0,Female,Bangkok,Gold,20-40k,In-Store,1.0,1
C11413,1,22.0,14.0,16249.939999999999,1160.7099999999998,1107.955582593454,367.0,6.142857142857143,3.2142857142857144,2.0,9.0,26.53846153846154,27.451822600741178,97.0,0.8289855072463768,1.0,1100.82,3.0,2095.63,3.0,2095.63,12.0,15491.14,3.0,0.3,0.04019104108056578,14.0,1.0,1.0,0.0,18.0,423.0,1.0,0.0,Male,Bangkok,Bronze,20-40k,In-Store,2.0,1
C11414,0,6.0,2.0,1492.42,746.21,147.44590601301888,23.0,5.5,4.5,1.0,2.0,17.0,,17.0,0.35294117647058826,2.0,1492.42,2.0,1492.42,2.0,1492.42,2.0,1492.42,2.0,2.0,0.028245865347050394,7.0,0.0,,0.0,34.0,26.0,0.0,1.0,Male,Bangkok,Silver,70-120k,In-Store,3.0,1
C11415,1,29.0,3.0,2352.7,784.2333333333332,649.9984770238568,44.0,5.333333333333333,3.0,1.0,1.0,7.5,3.5355339059327378,10.0,3.8666666666666667,1.0,275.76,3.0,2352.7,3.0,2352.7,3.0,2352.7,3.0,3.0,0.05628514813358898,5.0,0.0,,0.0,31.0,51.0,0.0,1.0,Male,Bangkok,Bronze,40-70k,Mobile App,1.0,1
C11416,0,12.0,4.0,2225.4300000000003,556.3575000000001,270.61116771424395,68.0,6.0,3.0,1.0,1.0,18.666666666666668,7.094598884597588,25.0,0.6428571428571428,1.0,669.12,4.0,2225.4300000000003,4.0,2225.4300000000003,4.0,2225.4300000000003,4.0,4.0,0.023540200431753165,7.0,0.0,,0.0,30.0,73.0,0.0,1.0,Female,Central,Silver,20-40k,Mobile App,3.0,1
C11417,0,12.0,1.0,1222.68,1222.68,,12.0,10.0,6.0,1.0,1.0,,,,,1.0,1222.68,1.0,1222.68,1.0,1222.68,1.0,1222.68,1.0,1.0,0.0,4.0,0.0,,0.0,27.0,18.0,1.0,0.0,Male,North,Bronze,70-120k,Mobile App,2.0,1
C11418,1,286.0,3.0,1644.51,548.17,420.24465457635506,419.0,5.0,3.0,2.0,3.0,66.5,10.606601717798213,74.0,4.3007518796992485,0.0,0.0,0.0,0.0,0.0,0.0,2.0,1012.37,0.0,0.0,0.0,6.0,2.0,2.5,0.0,23.0,429.0,0.0,1.0,Male,South,Silver,40-70k,In-Store,3.0,1
C11419,0,46.0,17.0,28481.63,1675.39,851.1717743866393,374.0,12.647058823529411,7.117647058823529,3.0,3.0,20.5,21.001587241603115,90.0,2.2439024390243905,0.0,0.0,4.0,6458.79,8.0,14547.51,16.0,25816.77,0.8,0.8888888888888888,0.0,13.0,0.0,,0.0,28.0,394.0,0.0,1.0,Male,Bangkok,Platinum,70-120k,Online Web,1.0,1
C11420,0,6.0,18.0,36511.99,2028.4438888888888,1152.043875002617,442.0,14.333333333333334,7.722222222222222,3.0,12.0,25.647058823529413,18.17601846001548,60.0,0.23394495412844035,1.0,2918.62,3.0,6332.7699999999995,7.0,13630.39,15.0,31338.719999999998,0.6,0.7777777777777778,0.01342117216253804,13.0,0.0,,0.0,20.0,479.0,0.0,1.0,Female,North,Silver,<20k,In-Store,2.0,1
C11421,0,0.0,67.0,282664.33,4218.870597014926,1683.3894518895418,452.0,19.611940298507463,10.671641791044776,3.0,9.0,6.848484848484849,6.344573512349988,28.0,0.0,5.0,20917.309999999998,11.0,42563.67,28.0,117616.65,56.0,243993.78,0.6111111111111112,0.9655172413793104,0.0,14.0,0.0,,0.0,27.0,454.0,0.0,1.0,Male,Bangkok,Gold,>120k,Mobile App,2.0,1
C11422,0,15.0,22.0,34376.46,1562.5663636363636,890.0478872164846,438.0,8.454545454545455,4.409090909090909,3.0,3.0,20.142857142857142,13.861045105928032,57.0,0.7446808510638298,1.0,722.18,7.0,11220.32,11.0,14127.02,20.0,32643.78,1.4,1.1,0.0,14.0,0.0,,0.0,30.0,451.0,1.0,0.0,Male,Bangkok,Silver,40-70k,Mobile App,2.0,1
C11423,0,41.0,2.0,2026.38,1013.19,237.9838582761445,54.0,8.0,4.5,1.0,2.0,13.0,,13.0,3.1538461538461537,0.0,0.0,2.0,2026.38,2.0,2026.38,2.0,2026.38,2.0,2.0,0.0,4.0,0.0,,0.0,19.0,66.0,0.0,0.0,Female,Central,Bronze,<20k,In-Store,3.0,1
C11424,0,8.0,21.0,16855.35,802.6357142857142,513.1079306205609,392.0,6.809523809523809,3.619047619047619,3.0,13.0,19.2,13.165345259030378,46.0,0.4166666666666667,2.0,2631.41,3.0,3391.89,7.0,6547.19,18.0,14663.3,0.6,0.5833333333333334,0.010097326173058764,11.0,1.0,4.0,0.0,52.0,403.0,0.0,1.0,Female,East,Gold,40-70k,In-Store,1.0,1
C11425,0,49.0,12.0,5936.68,494.72333333333336,303.84743986933887,627.0,6.083333333333333,3.0,1.0,1.0,52.54545454545455,22.092368077522323,76.0,0.9325259515570934,0.0,0.0,1.0,349.8,2.0,991.3199999999999,5.0,2950.83,0.5,0.5,0.03538885494794036,10.0,0.0,,0.0,47.0,633.0,1.0,0.0,Male,Northeast,Silver,<20k,Online Web,1.0,1
C11426,0,15.0,2.0,1501.42,750.71,819.7771757008121,37.0,3.0,1.5,1.0,2.0,22.0,,22.0,0.6818181818181818,1.0,171.04,2.0,1501.42,2.0,1501.42,2.0,1501.42,2.0,2.0,0.0,3.0,0.0,,0.0,40.0,49.0,0.0,0.0,Female,Northeast,Bronze,40-70k,In-Store,2.0,1
C11427,1,23.0,20.0,16890.81,844.5405000000001,631.7686603952681,617.0,7.5,3.95,2.0,1.0,31.263157894736842,31.23004626115184,94.0,0.7356902356902357,1.0,620.88,2.0,1145.74,7.0,4483.22,14.0,9644.8,0.3333333333333333,0.875,0.024781149213453563,14.0,0.0,,0.0,25.0,666.0,1.0,0.0,Female,Bangkok,Bronze,40-70k,Online Web,1.0,1
C11428,0,15.0,8.0,5267.72,658.465,444.5185811639374,385.0,8.625,4.5,1.0,1.0,52.857142857142854,43.26056160611176,141.0,0.2837837837837838,1.0,346.86,2.0,463.85,3.0,1296.3899999999999,7.0,5078.24,1.0,0.6,0.04907592272338336,11.0,0.0,,0.0,39.0,567.0,1.0,0.0,Male,East,Bronze,<20k,Online Web,3.0,1
C11429,1,29.0,17.0,19550.58,1150.034117647059,557.6492381087194,575.0,8.529411764705882,4.470588235294118,2.0,1.0,34.125,33.30840734709482,93.0,0.8498168498168498,1.0,993.25,1.0,993.25,3.0,3402.7,6.0,7391.23,0.3333333333333333,0.75,0.0803851261057982,12.0,0.0,,0.0,45.0,667.0,0.0,0.0,Male,North,Gold,40-70k,Online Web,3.0,1
C11430,0,14.0,27.0,42760.33,1583.715925925926,960.6970214231046,570.0,9.555555555555555,4.7407407407407405,3.0,3.0,21.384615384615383,17.620617294696398,64.0,0.6546762589928058,1.0,3539.91,4.0,8217.82,7.0,15246.46,18.0,30903.14,1.0,0.5833333333333334,0.0,14.0,0.0,,0.0,35.0,602.0,1.0,1.0,Female,Bangkok,Gold,40-70k,Mobile App,2.0,1
C11431,0,0.0,17.0,8231.460000000001,484.20352941176475,360.0154719928919,589.0,3.9411764705882355,2.176470588235294,3.0,13.0,36.8125,25.427593279742386,82.0,0.0,1.0,364.09,3.0,1320.8899999999999,5.0,2461.06,10.0,4198.5199999999995,1.0,0.8333333333333334,0.01914531829225715,10.0,0.0,,0.0,18.0,593.0,1.0,0.0,Female,Central,Silver,40-70k,In-Store,1.0,1
C11432,0,2.0,34.0,68626.23,2018.4185294117647,1214.5224642385979,410.0,12.941176470588236,7.352941176470588,3.0,4.0,12.363636363636363,9.736587511219545,41.0,0.16176470588235295,3.0,7269.01,9.0,23891.93,14.0,32305.5,30.0,63116.59,1.5,0.8235294117647058,0.012732607897220723,14.0,0.0,,0.0,46.0,410.0,1.0,1.0,Female,Northeast,Platinum,40-70k,Mobile App,1.0,1
C11433,0,62.0,2.0,1241.8700000000001,620.9350000000001,771.3898586642166,175.0,7.0,3.0,1.0,1.0,113.0,,113.0,0.5486725663716814,0.0,0.0,1.0,75.48,2.0,1241.8700000000001,2.0,1241.8700000000001,0.5,2.0,0.0,5.0,1.0,3.0,0.0,18.0,190.0,0.0,1.0,Male,North,Bronze,20-40k,Mobile App,1.0,1
C11434,0,77.0,4.0,3022.8099999999995,755.7024999999999,483.14003445343525,134.0,8.5,4.0,1.0,4.0,19.0,13.076696830622021,28.0,4.052631578947368,0.0,0.0,2.0,2338.22,4.0,3022.8099999999995,4.0,3022.8099999999995,0.6666666666666666,4.0,0.07749470510324287,8.0,1.0,5.0,0.0,43.0,152.0,0.0,1.0,Male,Bangkok,Gold,20-40k,In-Store,2.0,1
C11435,0,12.0,26.0,30490.309999999998,1172.7042307692307,749.5541724047599,636.0,9.538461538461538,5.115384615384615,1.0,1.0,24.96,21.269069874663852,83.0,0.4807692307692307,1.0,2620.95,4.0,5860.92,5.0,6506.98,13.0,17286.13,2.0,0.5555555555555556,0.006706050528795784,14.0,1.0,4.0,1.0,38.0,666.0,1.0,0.0,Female,Northeast,Gold,70-120k,Online Web,1.0,1
C11436,0,26.0,21.0,39152.8,1864.4190476190477,1104.4984058970151,501.0,12.714285714285714,6.571428571428571,3.0,2.0,23.75,20.514115807619422,82.0,1.0947368421052632,1.0,1367.45,4.0,8188.570000000001,7.0,14677.81,16.0,32227.46,1.0,0.7,0.03396356020777057,14.0,0.0,,0.0,36.0,513.0,0.0,1.0,Female,Northeast,Gold,70-120k,Online Web,1.0,1
C11437,0,20.0,2.0,3156.67,1578.335,2083.8083288176963,33.0,5.0,3.5,1.0,2.0,13.0,,13.0,1.5384615384615385,1.0,3051.81,2.0,3156.67,2.0,3156.67,2.0,3156.67,2.0,2.0,0.014332239420215638,5.0,0.0,,0.0,22.0,34.0,1.0,1.0,Female,East,Bronze,20-40k,In-Store,1.0,1
C11438,0,33.0,3.0,533.67,177.89,55.54853643436522,85.0,2.3333333333333335,2.0,2.0,3.0,26.0,2.8284271247461903,28.0,1.2692307692307692,0.0,0.0,3.0,533.67,3.0,533.67,3.0,533.67,3.0,3.0,0.0483942868351135,5.0,2.0,3.0,0.0,34.0,412.0,1.0,0.0,Female,North,Silver,20-40k,In-Store,3.0,1
C11439,0,50.0,1.0,163.65,163.65,,50.0,3.0,1.0,1.0,1.0,,,,,0.0,0.0,1.0,163.65,1.0,163.65,1.0,163.65,1.0,1.0,0.0,1.0,0.0,,0.0,28.0,52.0,0.0,1.0,Female,North,Silver,<20k,Mobile App,3.0,1
C11440,0,2.0,70.0,134025.56,1914.6508571428571,1290.3123119670477,561.0,11.642857142857142,6.285714285714286,3.0,5.0,8.101449275362318,7.434310220655848,37.0,0.24686940966010734,3.0,7532.19,10.0,20235.64,26.0,44206.01,50.0,91115.08,0.5882352941176471,1.04,0.07491465471942024,14.0,0.0,,0.0,48.0,570.0,1.0,0.0,Female,Bangkok,Gold,70-120k,Mobile App,1.0,1
C11441,1,40.0,23.0,34621.64,1505.2886956521738,660.9070269458507,533.0,13.043478260869565,6.826086956521739,3.0,15.0,22.40909090909091,16.363894899352545,62.0,1.7849898580121704,0.0,0.0,2.0,2082.3599999999997,6.0,8165.76,13.0,20141.13,0.4,0.75,0.04798563081850659,14.0,1.0,2.0,1.0,34.0,544.0,0.0,1.0,Male,Bangkok,Gold,20-40k,In-Store,1.0,1
C11442,0,158.0,4.0,2328.36,582.09,434.7290885904308,257.0,7.25,3.5,1.0,3.0,33.0,33.8673884437522,72.0,4.787878787878788,0.0,0.0,0.0,0.0,1.0,277.84,4.0,2328.36,0.0,0.25,0.0312546807129662,7.0,1.0,4.0,0.0,48.0,310.0,0.0,0.0,Female,East,Bronze,40-70k,In-Store,2.0,1
C11443,0,8.0,2.0,4974.85,2487.425,667.9967051191197,12.0,14.5,6.5,1.0,1.0,4.0,,4.0,2.0,2.0,4974.85,2.0,4974.85,2.0,4974.85,2.0,4974.85,2.0,2.0,0.010450750787187784,8.0,0.0,,0.0,24.0,147.0,1.0,1.0,Female,East,Gold,20-40k,Online Web,1.0,1
C11444,0,1.0,47.0,74859.44,1592.7540425531915,1139.844236215327,367.0,7.659574468085107,4.191489361702128,3.0,3.0,7.956521739130435,9.519468990183878,56.0,0.12568306010928962,4.0,8836.68,11.0,21349.93,20.0,28501.88,46.0,72923.45,1.1,0.7407407407407407,0.003235315186914084,14.0,0.0,,0.0,27.0,378.0,0.0,1.0,Male,Bangkok,Gold,70-120k,Mobile App,1.0,1
C11445,0,35.0,7.0,3938.71,562.6728571428572,804.8030347589049,289.0,6.714285714285714,3.142857142857143,2.0,1.0,42.333333333333336,51.141633398500936,143.0,0.8267716535433071,0.0,0.0,3.0,718.56,6.0,3545.92,7.0,3938.71,0.75,3.0,0.06816455830965523,10.0,0.0,,0.0,27.0,299.0,0.0,1.0,Female,Central,Bronze,40-70k,Mobile App,1.0,1
C11446,0,,,,,,,,,,,,,,,,,,,,,,,,,,,,,,,,,,,,,,,,0
C11447,0,11.0,24.0,36230.75,1509.6145833333333,881.3513927608886,479.0,11.666666666666666,6.625,3.0,4.0,20.347826086956523,14.86792978085313,54.0,0.5405982905982906,1.0,526.96,3.0,1868.75,8.0,10702.9,16.0,23229.260000000002,0.5,0.8888888888888888,0.014139177374268612,14.0,1.0,2.0,0.0,46.0,589.0,1.0,0.0,Male,South,Bronze,40-70k,Mobile App,1.0,1
C11448,0,15.0,32.0,61026.51,1907.0784375,965.4071376504901,625.0,11.8125,5.78125,1.0,1.0,19.677419354838708,17.080958397728924,61.0,0.7622950819672132,2.0,4636.85,5.0,11101.01,7.0,14495.91,19.0,36947.12,1.6666666666666667,0.5384615384615384,0.02637163332746751,14.0,0.0,,0.0,35.0,643.0,1.0,1.0,Female,Central,Bronze,40-70k,Mobile App,1.0,1
C11449,0,6.0,56.0,119643.93000000001,2136.49875,1373.8934547297758,362.0,12.25,6.607142857142857,3.0,9.0,6.472727272727273,5.626835652591914,26.0,0.9269662921348315,2.0,4546.32,12.0,25925.670000000002,27.0,59352.0,56.0,119643.93000000001,0.75,0.9,0.017760997181204583,14.0,0.0,,0.0,46.0,376.0,1.0,0.0,Female,North,Platinum,70-120k,Mobile App,1.0,1
C11450,0,7.0,38.0,53762.340000000004,1414.7984210526317,871.3737997833025,577.0,9.842105263157896,5.184210526315789,2.0,2.0,15.405405405405405,13.407003682693153,61.0,0.4543859649122807,2.0,1675.21,4.0,4167.13,12.0,16393.74,22.0,33253.44,0.4444444444444444,1.0909090909090908,0.0037140427954389286,14.0,0.0,,0.0,34.0,581.0,1.0,1.0,Female,North,Silver,70-120k,Mobile App,2.0,1
C11451,0,53.0,11.0,7534.46,684.9509090909091,469.59300225737064,432.0,7.090909090909091,3.909090909090909,1.0,10.0,37.9,33.020027592693225,89.0,1.3984168865435356,0.0,0.0,1.0,75.88,4.0,2595.42,10.0,7125.96,0.25,0.5714285714285714,0.048771773451318494,9.0,0.0,,0.0,32.0,446.0,0.0,1.0,Male,Unknown,Bronze,<20k,In-Store,1.0,1
C11452,0,,,,,,,,,,,,,,,,,,,,,,,,,,,,,,,,,,,,,,,,0
C11453,0,24.0,61.0,188547.54,3090.9432786885245,1883.3416264074533,503.0,14.819672131147541,7.983606557377049,3.0,23.0,7.983333333333333,6.806008478721532,31.0,3.0062630480167014,1.0,1741.93,6.0,16006.56,20.0,69061.37,43.0,140454.98,0.4,0.8333333333333334,0.011460652396246971,14.0,0.0,,0.0,50.0,526.0,1.0,1.0,Male,North,Platinum,Unknown,In-Store,2.0,1
C11454,0,8.0,23.0,31099.2,1352.1391304347826,717.8023636889136,534.0,11.0,5.826086956521739,3.0,17.0,23.90909090909091,24.834517244215697,96.0,0.33460076045627374,2.0,1597.25,4.0,4596.96,9.0,8840.62,14.0,15503.08,0.6666666666666666,1.5,0.006441999639626285,12.0,1.0,3.0,0.0,48.0,534.0,1.0,1.0,Male,Northeast,Silver,40-70k,In-Store,2.0,1
C11455,1,118.0,18.0,17530.55,973.9194444444444,469.19645920975074,569.0,7.833333333333333,4.888888888888889,2.0,13.0,26.529411764705884,26.370242810454986,87.0,4.447893569844789,0.0,0.0,0.0,0.0,2.0,1510.52,8.0,8193.9,0.0,0.2857142857142857,0.04572587879738015,13.0,0.0,,0.0,19.0,573.0,0.0,0.0,Female,North,Gold,<20k,In-Store,1.0,1
C11456,0,6.0,5.0,1054.24,210.848,137.86640062031069,181.0,3.6,2.0,3.0,3.0,43.75,55.73374202401989,127.0,0.13714285714285715,2.0,278.13,2.0,278.13,4.0,882.95,5.0,1054.24,0.6666666666666666,2.0,0.12724141927579183,5.0,0.0,,0.0,36.0,200.0,1.0,0.0,Male,Unknown,Bronze,20-40k,In-Store,2.0,1
C11457,1,174.0,3.0,1933.08,644.36,400.45281981776577,241.0,5.666666666666667,3.3333333333333335,1.0,3.0,33.5,19.091883092036785,47.0,5.1940298507462686,0.0,0.0,0.0,0.0,1.0,229.64,3.0,1933.08,0.0,0.3333333333333333,0.02777735866137574,5.0,3.0,2.3333333333333335,1.0,43.0,273.0,0.0,0.0,Female,South,Bronze,Unknown,In-Store,1.0,1
C11458,0,3.0,67.0,126442.02,1887.194328358209,1087.8838733080422,629.0,9.985074626865671,5.388059701492537,3.0,3.0,9.484848484848484,7.78804295401695,36.0,0.31629392971246006,6.0,10049.17,12.0,23462.13,18.0,39774.36,36.0,65935.43,1.7142857142857142,0.9473684210526315,0.007497263478814087,14.0,2.0,4.0,1.0,28.0,635.0,1.0,0.0,Male,Bangkok,Gold,Unknown,Mobile App,2.0,1
C11459,0,49.0,23.0,28706.3,1248.1,815.6820326350436,576.0,9.043478260869565,4.826086956521739,3.0,6.0,23.954545454545453,21.996703806592894,83.0,2.045540796963947,0.0,0.0,3.0,3023.06,8.0,8620.119999999999,14.0,19615.8,0.5,1.1428571428571428,0.010726608302007473,13.0,0.0,,0.0,35.0,577.0,1.0,1.0,Male,Bangkok,Gold,40-70k,Mobile App,1.0,1
C11460,0,,,,,,,,,,,,,,,,,,,,,,,,,,,,,,,,,,,,,,,,0
C11461,0,7.0,36.0,54884.5,1524.5694444444443,755.9335292695835,627.0,9.63888888888889,5.222222222222222,3.0,5.0,17.714285714285715,14.466129667710891,64.0,0.3951612903225806,3.0,5527.16,7.0,10855.19,10.0,14220.19,18.0,24706.56,1.75,1.1111111111111112,0.02410761531940074,13.0,0.0,,0.0,39.0,632.0,1.0,1.0,Male,Bangkok,Silver,20-40k,Online Web,2.0,1
C11462,1,45.0,10.0,5990.38,599.038,508.4426310214359,406.0,3.6,2.0,2.0,10.0,40.111111111111114,31.699544336017055,100.0,1.1218836565096952,0.0,0.0,2.0,339.21000000000004,4.0,2006.47,8.0,5100.62,0.6666666666666666,0.8,0.048126166924879824,10.0,0.0,,0.0,26.0,435.0,1.0,0.0,Female,East,Bronze,70-120k,In-Store,2.0,1
C11463,0,0.0,76.0,252028.09,3316.1590789473685,1957.199036520764,563.0,16.236842105263158,8.486842105263158,3.0,2.0,7.506666666666667,6.785065741547176,31.0,0.0,5.0,24295.71,11.0,35532.49,24.0,78106.24,49.0,154623.32,0.7857142857142857,0.9230769230769231,0.0006562418973456066,14.0,0.0,,0.0,18.0,569.0,0.0,1.0,Female,Northeast,Platinum,40-70k,Mobile App,2.0,1
C11464,1,74.0,16.0,11049.73,690.608125,483.8805670165418,521.0,4.625,2.125,3.0,3.0,29.8,49.3083591870008,199.0,2.483221476510067,0.0,0.0,1.0,1077.39,8.0,4833.58,10.0,5965.639999999999,0.125,2.6666666666666665,0.0545054557651762,12.0,1.0,1.0,0.0,33.0,540.0,0.0,1.0,Male,Bangkok,Bronze,40-70k,Online Web,2.0,1
C11465,0,70.0,8.0,5634.38,704.2975,514.1750853482276,404.0,7.375,4.0,1.0,1.0,47.714285714285715,33.33023795151727,96.0,1.467065868263473,0.0,0.0,1.0,598.96,5.0,3714.59,7.0,4327.25,0.2,1.6666666666666667,0.04710701311703861,10.0,3.0,2.3333333333333335,0.0,31.0,427.0,0.0,0.0,Female,Bangkok,Silver,40-70k,Online Web,2.0,1
C11466,1,74.0,17.0,16233.39,954.905294117647,589.4991567966579,365.0,8.470588235294118,4.588235294117647,3.0,12.0,18.1875,17.077153353725752,60.0,4.0687285223367695,0.0,0.0,1.0,1015.76,4.0,4207.2300000000005,16.0,15368.9,0.25,0.3076923076923077,0.011427412636471259,13.0,1.0,3.0,0.0,19.0,380.0,1.0,0.0,Female,East,Silver,40-70k,In-Store,2.0,1
C11467,0,127.0,6.0,5759.41,959.9016666666666,794.5022028771642,366.0,8.333333333333334,3.8333333333333335,3.0,5.0,47.8,43.407372645669305,104.0,2.6569037656903767,0.0,0.0,0.0,0.0,1.0,942.35,5.0,5129.63,0.0,0.2,0.049084484950550636,10.0,0.0,,0.0,41.0,367.0,1.0,1.0,Male,South,Gold,40-70k,In-Store,3.0,1
C11468,0,6.0,6.0,4010.4300000000003,668.4050000000001,544.6180804839296,159.0,6.166666666666667,3.0,2.0,6.0,30.6,32.074912314767126,87.0,0.19607843137254902,1.0,1519.31,5.0,3271.48,6.0,4010.4300000000003,6.0,4010.4300000000003,2.5,6.0,0.048441248140388506,7.0,1.0,4.0,0.0,31.0,191.0,0.0,0.0,Female,Bangkok,Bronze,Unknown,In-Store,1.0,1
C11469,0,35.0,10.0,7967.129999999999,796.713,1144.665589031234,519.0,5.9,3.0,2.0,9.0,53.77777777777778,36.94515454622493,127.0,0.6508264462809917,0.0,0.0,1.0,3915.06,4.0,4654.94,6.0,5403.36,0.25,1.3333333333333333,0.009723617091093498,11.0,1.0,4.0,0.0,35.0,519.0,1.0,1.0,Female,Bangkok,Silver,40-70k,In-Store,2.0,1
C11470,1,103.0,12.0,8575.08,714.59,673.6664905372148,373.0,6.083333333333333,3.0,1.0,1.0,24.545454545454547,15.635623661137641,53.0,4.196296296296296,0.0,0.0,0.0,0.0,3.0,2308.59,10.0,7723.27,0.0,0.375,0.09094590569036051,11.0,1.0,1.0,0.0,41.0,373.0,1.0,1.0,Female,Northeast,Bronze,40-70k,Mobile App,1.0,1
C11471,1,3.0,3.0,3588.58,1196.1933333333334,1147.8908173399304,25.0,9.0,5.0,1.0,3.0,11.0,9.899494936611665,18.0,0.2727272727272727,3.0,3588.58,3.0,3588.58,3.0,3588.58,3.0,3588.58,3.0,3.0,0.013204641698289611,7.0,1.0,2.0,0.0,18.0,39.0,1.0,0.0,Female,Northeast,Silver,20-40k,In-Store,3.0,1
C11472,0,2.0,62.0,147670.78,2381.7867741935484,1488.130145262371,540.0,12.67741935483871,6.919354838709677,3.0,8.0,8.819672131147541,7.479991525666572,34.0,0.22676579925650556,2.0,2385.7,11.0,22704.09,24.0,54813.0,40.0,95768.96,0.7857142857142857,1.411764705882353,0.0,14.0,0.0,,0.0,33.0,544.0,1.0,1.0,Female,Central,Platinum,>120k,Mobile App,1.0,1
C11473,0,15.0,15.0,10727.0,715.1333333333333,562.9659570736134,583.0,6.2,3.466666666666667,2.0,1.0,40.57142857142857,35.99084132582426,111.0,0.36971830985915494,1.0,1655.73,2.0,1760.14,3.0,2204.57,12.0,8099.7,1.0,0.3,0.12304940419353573,13.0,0.0,,0.0,32.0,647.0,1.0,1.0,Male,Bangkok,Bronze,20-40k,Mobile App,2.0,1
C11474,0,22.0,7.0,3384.78,483.54,431.85378602022234,206.0,7.0,3.142857142857143,2.0,6.0,30.666666666666668,14.207978978963428,51.0,0.717391304347826,1.0,115.2,3.0,806.88,5.0,2355.09,7.0,3384.78,1.0,1.6666666666666667,0.025785969830501645,7.0,1.0,5.0,0.0,31.0,254.0,1.0,0.0,Male,Bangkok,Silver,Unknown,In-Store,3.0,1
C11475,0,0.0,80.0,225625.52,2820.319,1133.9269487226652,577.0,15.8,8.65,3.0,26.0,7.30379746835443,5.809705474638519,30.0,0.0,5.0,12911.56,13.0,39382.54,27.0,77998.56,51.0,145842.97,0.8666666666666667,1.08,0.003973062284549662,14.0,0.0,,0.0,40.0,577.0,1.0,1.0,Female,Northeast,Gold,70-120k,In-Store,3.0,1
C11476,0,7.0,91.0,231871.64,2548.04,1451.663059710789,637.0,13.010989010989011,7.010989010989011,3.0,26.0,7.0,6.712390019604113,34.0,1.0,4.0,11695.439999999999,20.0,50727.74,29.0,73973.65,55.0,135156.42,2.0,1.0740740740740742,0.008575481368965986,14.0,0.0,,0.0,49.0,668.0,1.0,0.0,Female,Bangkok,Silver,Unknown,In-Store,3.0,1
C11477,1,26.0,15.0,12118.53,807.902,651.9150787290364,502.0,5.933333333333334,3.3333333333333335,3.0,4.0,34.0,26.42842292800572,105.0,0.7647058823529411,1.0,1428.58,3.0,2578.46,6.0,4900.07,12.0,7206.639999999999,0.75,0.8571428571428571,0.07700761865737062,12.0,1.0,2.0,0.0,44.0,520.0,0.0,0.0,Male,Northeast,Gold,20-40k,Mobile App,3.0,1
C11478,0,4.0,37.0,35929.47,971.0667567567568,617.2186841210157,598.0,7.783783783783784,4.108108108108108,3.0,5.0,16.5,15.07410267407554,75.0,0.24242424242424243,2.0,1661.34,5.0,5658.0,11.0,13047.67,22.0,23209.920000000002,0.7142857142857143,0.9166666666666666,0.012936410519016844,13.0,0.0,,0.0,40.0,634.0,1.0,1.0,Male,South,Gold,20-40k,Mobile App,1.0,1
C11479,0,17.0,3.0,2319.51,773.1700000000001,277.5761771117976,43.0,6.333333333333333,3.3333333333333335,1.0,3.0,13.0,8.48528137423857,19.0,1.3076923076923077,2.0,1230.63,3.0,2319.51,3.0,2319.51,3.0,2319.51,3.0,3.0,0.0033857668890903544,5.0,0.0,,0.0,18.0,49.0,1.0,0.0,Female,Northeast,Gold,Unknown,In-Store,3.0,1
C11480,1,25.0,13.0,9587.48,737.4984615384615,593.701582262309,349.0,4.769230769230769,2.5384615384615383,1.0,10.0,27.0,22.619380266407912,69.0,0.9259259259259259,1.0,286.16,2.0,1151.3600000000001,5.0,2642.08,13.0,9587.48,0.5,0.5555555555555556,0.0147021645252987,11.0,0.0,,0.0,48.0,361.0,0.0,0.0,Female,Bangkok,Silver,<20k,In-Store,2.0,1
C11481,0,23.0,5.0,2341.0699999999997,468.21399999999994,173.51956512163116,197.0,7.6,4.4,2.0,5.0,43.5,27.331300737432898,81.0,0.5287356321839081,1.0,188.42,3.0,1262.33,4.0,1751.41,5.0,2341.0699999999997,1.5,2.0,0.09539596978303291,8.0,0.0,,0.0,31.0,282.0,0.0,1.0,Male,Bangkok,Bronze,<20k,In-Store,2.0,1
C11482,0,11.0,37.0,59321.04,1603.2713513513513,1028.7521776247027,638.0,11.81081081081081,6.054054054054054,3.0,20.0,17.416666666666668,15.11172676150167,65.0,0.631578947368421,3.0,1866.54,5.0,6468.36,9.0,10037.14,15.0,21169.579999999998,1.0,1.2857142857142858,0.018180229290288497,14.0,0.0,,0.0,38.0,647.0,1.0,1.0,Female,Bangkok,Gold,40-70k,In-Store,3.0,1
C11483,0,209.0,13.0,12740.380000000001,980.0292307692308,856.1794623934628,589.0,7.769230769230769,4.6923076923076925,2.0,9.0,31.666666666666668,24.78391462708069,75.0,6.6,0.0,0.0,0.0,0.0,0.0,0.0,5.0,5011.71,0.0,0.0,0.03248373155489808,11.0,1.0,3.0,0.0,36.0,607.0,1.0,1.0,Female,East,Silver,70-120k,In-Store,2.0,1
C11484,0,92.0,7.0,2167.87,309.69571428571425,311.7135543442164,313.0,3.5714285714285716,2.142857142857143,2.0,5.0,36.833333333333336,39.250053078520374,110.0,2.497737556561086,0.0,0.0,0.0,0.0,4.0,694.5300000000001,7.0,2167.87,0.0,1.0,0.07268403064432649,8.0,0.0,,0.0,39.0,313.0,1.0,0.0,Male,Bangkok,Bronze,40-70k,In-Store,1.0,1
C11485,0,4.0,22.0,29666.36,1348.4709090909091,925.6887579007839,546.0,10.090909090909092,5.045454545454546,3.0,4.0,25.80952380952381,20.996711760699693,63.0,0.15498154981549814,2.0,2059.13,4.0,4379.67,7.0,6430.82,13.0,13154.73,1.0,1.0,0.013773624798375569,13.0,0.0,,0.0,23.0,564.0,1.0,1.0,Female,Central,Silver,40-70k,Online Web,1.0,1
C11486,0,0.0,55.0,135380.17,2461.4576363636365,1285.7157368821975,468.0,13.709090909090909,7.454545454545454,3.0,21.0,8.666666666666666,9.454957769080428,47.0,0.0,5.0,13271.800000000001,12.0,27263.280000000002,27.0,72722.47,51.0,123694.66,0.75,1.08,0.014130152279487997,14.0,0.0,,0.0,34.0,485.0,1.0,0.0,Female,East,Silver,>120k,In-Store,1.0,1
C11487,0,16.0,4.0,2882.71,720.6775,356.49729960407836,92.0,6.5,3.5,2.0,2.0,25.333333333333332,17.009801096230763,38.0,0.6315789473684211,1.0,384.17,3.0,1732.28,4.0,2882.71,4.0,2882.71,1.5,4.0,0.048035612267475075,7.0,0.0,,0.0,32.0,111.0,1.0,1.0,Female,Northeast,Silver,40-70k,Mobile App,2.0,1
C11488,1,150.0,12.0,9085.11,757.0925000000001,434.1184216971427,541.0,8.583333333333334,4.416666666666667,2.0,7.0,35.54545454545455,36.811312490493016,116.0,4.219948849104859,0.0,0.0,0.0,0.0,1.0,725.86,7.0,6318.5,0.0,0.14285714285714285,0.05368957644137425,11.0,0.0,,0.0,30.0,563.0,1.0,1.0,Male,Northeast,Bronze,20-40k,In-Store,1.0,1
C11489,0,77.0,11.0,4906.27,446.0245454545455,321.85254746121353,436.0,5.0,2.5454545454545454,1.0,8.0,35.9,25.497058653891823,77.0,2.1448467966573816,0.0,0.0,2.0,909.84,4.0,1994.92,8.0,3950.2200000000003,0.6666666666666666,0.8,0.04715599679942825,12.0,1.0,3.0,0.0,31.0,502.0,0.0,0.0,Male,South,Silver,20-40k,In-Store,1.0,1
C11490,0,16.0,18.0,38952.090000000004,2164.005,1086.5169207380068,454.0,16.944444444444443,8.833333333333334,3.0,2.0,25.764705882352942,37.046473198815946,161.0,0.6210045662100456,3.0,11479.92,4.0,13026.17,6.0,17641.97,11.0,26143.6,1.3333333333333333,1.0,0.02625495752124563,14.0,0.0,,0.0,31.0,473.0,1.0,0.0,Female,Central,Platinum,40-70k,Mobile App,1.0,1
C11491,0,2.0,4.0,1965.77,491.4425,186.59510843445673,156.0,7.75,3.75,1.0,4.0,51.333333333333336,34.03429642777023,78.0,0.03896103896103896,1.0,626.39,2.0,1072.92,4.0,1965.77,4.0,1965.77,0.6666666666666666,4.0,0.06884971010648376,8.0,0.0,,0.0,34.0,167.0,1.0,0.0,Male,North,Gold,40-70k,In-Store,2.0,1
C11492,0,2.0,46.0,70620.7,1535.232608695652,1002.2325547306534,584.0,11.956521739130435,6.304347826086956,2.0,19.0,12.933333333333334,12.501636256542946,56.0,0.15463917525773196,2.0,2598.2599999999998,12.0,25676.63,22.0,39195.52,31.0,53126.19,1.0909090909090908,2.2,0.03271147789729284,14.0,1.0,2.0,1.0,31.0,588.0,0.0,0.0,Male,North,Platinum,40-70k,In-Store,3.0,1
C11493,0,7.0,73.0,207227.23,2838.729178082192,1814.2915086326498,549.0,15.917808219178083,8.602739726027398,3.0,2.0,7.527777777777778,6.404162867575184,31.0,0.929889298892989,3.0,9824.73,8.0,29158.32,16.0,50658.04,47.0,141633.61,0.8888888888888888,0.5,0.020125917134067133,14.0,1.0,4.0,1.0,36.0,549.0,0.0,0.0,Female,Bangkok,Silver,Unknown,Mobile App,1.0,1
C11494,0,10.0,1.0,663.54,663.54,,10.0,8.0,4.0,1.0,1.0,,,,,1.0,663.54,1.0,663.54,1.0,663.54,1.0,663.54,1.0,1.0,0.0,3.0,0.0,,0.0,34.0,55.0,1.0,1.0,Male,East,Gold,20-40k,In-Store,3.0,1
C11495,0,,,,,,,,,,,,,,,,,,,,,,,,,,,,,,,,,,,,,,,,0
C11496,0,,,,,,,,,,,,,,,,,,,,,,,,,,,,,,,,,,,,,,,,0
C11497,0,16.0,27.0,45627.17,1689.895185185185,1049.4858330570569,633.0,11.074074074074074,6.0,2.0,17.0,23.73076923076923,22.8832824434043,90.0,0.6742301458670988,1.0,3591.36,6.0,8379.98,10.0,17494.510000000002,16.0,23513.05,1.2,1.4285714285714286,0.01729203765493202,14.0,0.0,,0.0,20.0,666.0,0.0,0.0,Male,East,Silver,<20k,In-Store,1.0,1
C11498,0,10.0,14.0,4295.6900000000005,306.83500000000004,168.8618452030672,519.0,4.714285714285714,2.642857142857143,3.0,8.0,39.15384615384615,33.1004686619544,93.0,0.2554027504911591,1.0,143.13,1.0,143.13,4.0,1183.66,9.0,2793.54,0.25,0.6666666666666666,0.03629629297271103,9.0,2.0,3.0,0.0,21.0,545.0,0.0,1.0,Female,South,Bronze,<20k,In-Store,1.0,1
C11499,0,1.0,21.0,28137.19,1339.8661904761905,614.6469702396345,449.0,11.857142857142858,6.285714285714286,3.0,12.0,22.4,24.8646864363689,87.0,0.044642857142857144,1.0,810.27,9.0,10620.63,14.0,19643.07,20.0,27564.03,1.5,2.0,0.011628401203727805,13.0,0.0,,0.0,21.0,461.0,1.0,0.0,Female,Bangkok,Silver,20-40k,In-Store,1.0,1
C11500,1,28.0,22.0,31892.16,1449.6436363636365,745.2178481398223,416.0,10.772727272727273,5.681818181818182,3.0,2.0,18.476190476190474,18.715285324084824,87.0,1.5154639175257734,1.0,849.64,6.0,10826.98,10.0,16219.02,19.0,28025.45,1.2,1.0,0.03493136342344065,14.0,2.0,2.0,0.0,38.0,427.0,0.0,0.0,Female,Northeast,Bronze,40-70k,Mobile App,3.0,1
C11501,0,1.0,66.0,228925.63999999998,3468.570303030303,1977.4594457691023,574.0,15.984848484848484,8.727272727272727,3.0,24.0,8.815384615384616,10.638803251089127,68.0,0.11343804537521814,5.0,18446.55,11.0,36062.49,23.0,71858.35,45.0,144387.71,0.8461538461538461,1.0,0.013276049698076461,14.0,0.0,,0.0,65.0,580.0,1.0,0.0,Female,Bangkok,Platinum,70-120k,In-Store,2.0,1
C11502,1,56.0,3.0,677.36,225.78666666666666,107.80796924779419,87.0,2.3333333333333335,2.0,1.0,2.0,15.5,4.949747468305833,19.0,3.6129032258064515,0.0,0.0,3.0,677.36,3.0,677.36,3.0,677.36,3.0,3.0,0.01063332554335125,5.0,1.0,3.0,1.0,25.0,90.0,0.0,1.0,Male,Bangkok,Bronze,20-40k,In-Store,2.0,1
C11503,0,168.0,5.0,2049.88,409.976,196.63074512903623,261.0,5.2,3.2,1.0,1.0,23.25,32.86715685908959,72.0,7.225806451612903,0.0,0.0,0.0,0.0,1.0,548.66,5.0,2049.88,0.0,0.2,0.12837826345777703,9.0,0.0,,0.0,22.0,279.0,1.0,1.0,Male,South,Silver,70-120k,Mobile App,2.0,1
C11504,0,4.0,35.0,38502.16,1100.0617142857143,605.4966837208729,573.0,8.971428571428572,4.714285714285714,2.0,4.0,16.735294117647058,18.47899515753185,94.0,0.23901581722319862,4.0,3076.5699999999997,5.0,3661.16,15.0,20341.46,25.0,28305.45,0.45454545454545453,1.3636363636363635,0.020608796118470694,14.0,0.0,,0.0,20.0,575.0,0.0,0.0,Female,Bangkok,Gold,40-70k,Online Web,3.0,1
C11505,0,,,,,,,,,,,,,,,,,,,,,,,,,,,,,,,,,,,,,,,,0
C11506,0,10.0,3.0,3111.37,1037.1233333333332,991.4685103084887,25.0,4.666666666666667,2.6666666666666665,1.0,1.0,7.5,3.5355339059327378,10.0,1.3333333333333333,3.0,3111.37,3.0,3111.37,3.0,3111.37,3.0,3111.37,3.0,3.0,0.010891299993959873,7.0,0.0,,0.0,34.0,51.0,0.0,1.0,Male,Unknown,Silver,20-40k,Online Web,3.0,1
C11507,1,37.0,23.0,40867.6,1776.8521739130433,1486.3878822071754,551.0,10.478260869565217,5.695652173913044,3.0,12.0,23.363636363636363,16.907438358943434,56.0,1.583657587548638,0.0,0.0,2.0,1476.3,4.0,1750.15,14.0,18589.47,0.6666666666666666,0.36363636363636365,0.04695608534569868,14.0,0.0,,0.0,30.0,586.0,1.0,0.0,Female,East,Bronze,40-70k,In-Store,2.0,1
C11508,1,105.0,16.0,19686.49,1230.405625,650.8657403588828,534.0,11.8125,6.3125,3.0,10.0,28.6,20.814829878169622,68.0,3.6713286713286712,0.0,0.0,0.0,0.0,4.0,7413.21,9.0,11100.470000000001,0.0,0.6666666666666666,0.042109447681773764,13.0,3.0,3.3333333333333335,1.0,34.0,536.0,1.0,0.0,Female,North,Silver,Unknown,In-Store,1.0,1
C11509,0,3.0,15.0,12774.62,851.6413333333334,433.8748741427429,244.0,7.8,4.2,2.0,12.0,17.214285714285715,11.728850500621707,43.0,0.17427385892116182,3.0,1956.3400000000001,7.0,4929.85,11.0,8469.1,15.0,12774.62,1.4,2.2,0.019365328178866947,10.0,0.0,,0.0,49.0,249.0,1.0,0.0,Male,Bangkok,Gold,<20k,In-Store,3.0,1
C11510,1,35.0,16.0,17266.22,1079.13875,1121.776593396237,456.0,7.375,4.125,1.0,1.0,28.066666666666666,21.727095219257144,74.0,1.2470308788598574,0.0,0.0,2.0,1975.5,4.0,5854.79,13.0,14973.859999999999,0.6666666666666666,0.4,0.013975263463868874,12.0,1.0,2.0,0.0,49.0,483.0,1.0,1.0,Female,Central,Gold,<20k,Mobile App,1.0,1
C11511,1,20.0,8.0,3915.74,489.4675,355.1614591683217,562.0,4.25,2.5,2.0,7.0,77.42857142857143,47.55998718410657,175.0,0.25830258302583026,1.0,289.08,2.0,544.26,3.0,1297.5,6.0,2437.37,1.0,0.75,0.09506179686994462,7.0,1.0,2.0,0.0,30.0,608.0,1.0,1.0,Female,Central,Bronze,<20k,In-Store,2.0,1
C11512,0,58.0,1.0,2345.48,2345.48,,58.0,14.0,7.0,1.0,1.0,,,,,0.0,0.0,1.0,2345.48,1.0,2345.48,1.0,2345.48,1.0,1.0,0.0,6.0,0.0,,0.0,22.0,128.0,0.0,0.0,Female,Bangkok,Silver,20-40k,In-Store,1.0,1
C11513,1,130.0,3.0,2538.16,846.0533333333333,716.5278518196856,187.0,7.666666666666667,4.666666666666667,1.0,3.0,28.5,9.192388155425117,35.0,4.56140350877193,0.0,0.0,0.0,0.0,2.0,1183.98,3.0,2538.16,0.0,1.0,0.06392426304356645,7.0,0.0,,0.0,33.0,212.0,1.0,1.0,Male,Northeast,Gold,70-120k,In-Store,1.0,1
C11514,0,54.0,8.0,3885.82,485.7275,231.6942037470942,397.0,5.125,2.625,2.0,7.0,49.0,40.87378948258488,126.0,1.1020408163265305,0.0,0.0,1.0,796.24,4.0,2423.06,7.0,3244.25,0.25,1.0,0.06514009113261383,11.0,0.0,,0.0,36.0,518.0,1.0,0.0,Male,Central,Bronze,Unknown,In-Store,1.0,1
C11515,0,5.0,55.0,151686.44,2757.9352727272726,1316.6353925017927,331.0,15.0,7.927272727272728,3.0,20.0,6.037037037037037,5.808136657531797,25.0,0.8282208588957055,2.0,3899.27,17.0,44364.86,31.0,84563.14,55.0,151686.44,1.1333333333333333,1.24,0.007086449393571458,14.0,0.0,,0.0,34.0,375.0,1.0,0.0,Male,East,Platinum,40-70k,In-Store,1.0,1
C11516,0,6.0,90.0,199965.7,2221.8411111111113,1220.4961995351114,630.0,11.677777777777777,6.266666666666667,3.0,9.0,7.01123595505618,6.809909861275151,34.0,0.8557692307692307,2.0,5480.5599999999995,15.0,34110.4,29.0,64874.29,51.0,119121.05,1.0,1.2608695652173914,0.0035548299304541363,14.0,0.0,,0.0,21.0,632.0,0.0,0.0,Male,East,Platinum,70-120k,Online Web,2.0,1
C11517,1,94.0,20.0,23908.17,1195.4085,441.387283415358,633.0,9.9,5.05,3.0,2.0,28.36842105263158,29.39805459609679,107.0,3.3135435992578848,0.0,0.0,0.0,0.0,5.0,6184.43,14.0,17496.31,0.0,0.5,0.056869854251373086,13.0,2.0,2.0,1.0,23.0,660.0,1.0,1.0,Male,Central,Gold,40-70k,Mobile App,1.0,1
C11518,1,75.0,26.0,35714.85,1373.6480769230768,1223.154495576153,611.0,8.5,4.653846153846154,3.0,14.0,21.44,21.52339812080487,85.0,3.498134328358209,0.0,0.0,1.0,3362.48,2.0,3680.42,13.0,17385.61,0.5,0.16666666666666666,0.02480338298943048,14.0,1.0,2.0,0.0,35.0,623.0,0.0,0.0,Male,Central,Gold,Unknown,In-Store,2.0,1
C11519,0,15.0,18.0,24280.72,1348.9288888888889,777.7237735467968,239.0,11.333333333333334,6.055555555555555,2.0,13.0,13.176470588235293,14.023352372550077,44.0,1.1383928571428572,1.0,1585.94,5.0,8608.14,15.0,19754.97,18.0,24280.72,0.45454545454545453,3.75,0.02029004687781184,13.0,1.0,3.0,0.0,37.0,279.0,0.0,0.0,Female,Central,Platinum,Unknown,In-Store,1.0,1
C11520,0,75.0,9.0,7824.12,869.3466666666667,453.2566485171509,223.0,7.666666666666667,4.111111111111111,2.0,8.0,18.5,18.05547008526779,58.0,4.054054054054054,0.0,0.0,2.0,1175.07,7.0,5399.04,9.0,7824.12,0.3333333333333333,2.3333333333333335,0.06021543606103701,12.0,0.0,,0.0,43.0,242.0,0.0,0.0,Female,Unknown,Silver,20-40k,In-Store,2.0,1
C11521,1,67.0,3.0,3469.16,1156.3866666666665,962.207117066452,105.0,6.666666666666667,4.0,1.0,3.0,19.0,18.384776310850235,32.0,3.526315789473684,0.0,0.0,2.0,3137.08,3.0,3469.16,3.0,3469.16,1.0,3.0,0.0,8.0,1.0,4.0,0.0,34.0,108.0,1.0,0.0,Male,South,Silver,40-70k,In-Store,3.0,1
C11522,0,25.0,20.0,28821.63,1441.0815,947.6553521983946,374.0,10.5,5.85,3.0,16.0,18.36842105263158,19.227325827569786,76.0,1.3610315186246418,1.0,726.17,4.0,3658.33,6.0,6217.37,18.0,26427.83,1.3333333333333333,0.46153846153846156,0.02695013384587181,14.0,0.0,,0.0,26.0,383.0,1.0,0.0,Female,Northeast,Silver,20-40k,In-Store,2.0,1
C11523,0,30.0,14.0,18773.68,1340.9771428571428,729.2750002510772,253.0,9.285714285714286,4.714285714285714,3.0,11.0,17.153846153846153,15.258036974253677,46.0,1.7488789237668163,0.0,0.0,5.0,4998.98,10.0,12591.22,14.0,18773.68,0.8333333333333334,2.0,0.047686005960306886,13.0,2.0,5.0,0.0,37.0,265.0,0.0,1.0,Female,Bangkok,Silver,20-40k,In-Store,1.0,1
C11524,0,19.0,7.0,1611.2,230.17142857142858,159.9673069128576,514.0,4.857142857142857,2.5714285714285716,2.0,1.0,82.5,114.4984716055197,301.0,0.23030303030303031,1.0,63.55,1.0,63.55,1.0,63.55,4.0,813.38,1.0,0.25,0.0830815108212544,8.0,0.0,,0.0,37.0,559.0,1.0,0.0,Male,Northeast,Silver,40-70k,Mobile App,2.0,1
C11525,0,16.0,2.0,1657.21,828.605,103.58407237601736,55.0,7.0,5.0,1.0,2.0,39.0,,39.0,0.41025641025641024,1.0,901.85,2.0,1657.21,2.0,1657.21,2.0,1657.21,2.0,2.0,0.0,6.0,1.0,3.0,0.0,34.0,61.0,1.0,1.0,Female,Bangkok,Bronze,20-40k,In-Store,1.0,1
C11526,0,22.0,3.0,4074.4100000000003,1358.1366666666668,881.3188030635301,57.0,10.333333333333334,5.666666666666667,1.0,3.0,17.5,12.020815280171307,26.0,1.2571428571428571,1.0,1027.9,3.0,4074.4100000000003,3.0,4074.4100000000003,3.0,4074.4100000000003,3.0,3.0,0.020145833032721047,9.0,1.0,2.0,0.0,21.0,68.0,1.0,1.0,Female,East,Silver,20-40k,In-Store,1.0,1
C11527,1,41.0,30.0,44299.24,1476.6413333333333,765.5039281132276,623.0,11.233333333333333,5.866666666666666,1.0,1.0,20.06896551724138,14.611470627271768,58.0,2.042955326460481,0.0,0.0,2.0,2350.34,8.0,10663.91,20.0,32333.75,0.2857142857142857,0.6153846153846154,0.059515835541102936,14.0,1.0,3.0,1.0,32.0,662.0,0.0,1.0,Female,Bangkok,Bronze,20-40k,Mobile App,2.0,1
C11528,0,0.0,33.0,49075.6,1487.1393939393938,1264.0933523971328,631.0,11.090909090909092,5.393939393939394,3.0,14.0,19.71875,18.643055223447583,79.0,0.0,3.0,4672.28,6.0,8662.96,10.0,11853.65,17.0,19731.32,1.2,1.25,0.044784137479331486,13.0,0.0,,0.0,34.0,666.0,1.0,0.0,Female,Bangkok,Bronze,70-120k,In-Store,1.0,1
C11529,0,49.0,4.0,7309.960000000001,1827.4900000000002,2291.953837973182,168.0,9.25,5.75,1.0,4.0,39.666666666666664,52.65295180076169,100.0,1.2352941176470589,0.0,0.0,3.0,6166.77,4.0,7309.960000000001,4.0,7309.960000000001,1.5,4.0,0.01566461853765474,9.0,0.0,,0.0,18.0,268.0,0.0,1.0,Male,South,Bronze,20-40k,In-Store,2.0,1
C11530,0,40.0,3.0,383.96000000000004,127.98666666666668,89.96378289808257,149.0,2.3333333333333335,1.6666666666666667,1.0,3.0,54.5,0.7071067811865476,55.0,0.7339449541284404,0.0,0.0,1.0,230.77,3.0,383.96000000000004,3.0,383.96000000000004,0.3333333333333333,3.0,0.11184103999444843,4.0,0.0,,0.0,34.0,202.0,0.0,1.0,Female,South,Gold,20-40k,In-Store,1.0,1
C11531,0,9.0,5.0,2584.05,516.8100000000001,452.3936869586047,51.0,3.4,1.8,2.0,4.0,10.5,10.969655114602888,25.0,0.8571428571428571,1.0,1192.55,5.0,2584.05,5.0,2584.05,5.0,2584.05,5.0,5.0,0.0587950332729915,7.0,0.0,,0.0,26.0,112.0,0.0,1.0,Male,Bangkok,Bronze,20-40k,In-Store,2.0,1
C11532,0,36.0,98.0,267726.77999999997,2731.9059183673467,1425.364550555789,634.0,15.173469387755102,8.285714285714286,3.0,25.0,6.164948453608248,6.262787605456958,33.0,5.839464882943144,0.0,0.0,8.0,23410.100000000002,27.0,77211.77,55.0,151410.18,0.4,0.9310344827586207,0.0,14.0,0.0,,0.0,38.0,667.0,1.0,0.0,Female,Northeast,Platinum,>120k,In-Store,2.0,1
C11533,0,12.0,20.0,20051.920000000002,1002.5960000000001,553.6000458282609,306.0,6.85,3.7,3.0,11.0,15.473684210526315,12.05712523804277,43.0,0.7755102040816327,4.0,3312.55,8.0,6425.39,11.0,8915.880000000001,20.0,20051.920000000002,2.0,1.1,0.0,12.0,0.0,,0.0,30.0,320.0,1.0,1.0,Female,South,Gold,40-70k,In-Store,2.0,1
C11534,0,3.0,22.0,27121.030000000002,1232.774090909091,942.0159075932094,520.0,8.727272727272727,4.818181818181818,3.0,12.0,24.61904761904762,22.977110763706104,89.0,0.1218568665377176,3.0,3790.82,7.0,8369.18,8.0,8850.45,14.0,15141.67,3.5,1.1428571428571428,0.012533647038605482,13.0,1.0,3.0,0.0,33.0,521.0,1.0,0.0,Male,Central,Silver,70-120k,In-Store,1.0,1
C11535,1,31.0,3.0,5280.299999999999,1760.0999999999997,493.133309461042,79.0,7.0,3.0,1.0,3.0,24.0,14.142135623730951,34.0,1.2916666666666667,0.0,0.0,3.0,5280.299999999999,3.0,5280.299999999999,3.0,5280.299999999999,3.0,3.0,0.015919578360406434,3.0,0.0,,0.0,27.0,79.0,1.0,0.0,Female,Central,Silver,20-40k,In-Store,1.0,1
C11536,0,12.0,8.0,2889.94,361.2425,273.8369022272721,427.0,5.125,2.625,2.0,2.0,59.285714285714285,23.221500710292073,89.0,0.20240963855421687,1.0,393.93,1.0,393.93,3.0,1480.0900000000001,6.0,2606.96,0.3333333333333333,0.75,0.057026602843335904,8.0,0.0,,0.0,18.0,496.0,1.0,0.0,Female,Central,Silver,20-40k,Online Web,2.0,1
C11537,0,21.0,7.0,3998.41,571.2014285714286,458.713284141215,257.0,5.285714285714286,3.0,2.0,1.0,39.333333333333336,34.17991613018772,98.0,0.5338983050847458,1.0,1287.26,2.0,1601.77,3.0,2421.94,7.0,3998.41,1.0,0.6,0.06427697182587694,10.0,0.0,,0.0,33.0,282.0,0.0,0.0,Male,Northeast,Bronze,20-40k,Online Web,3.0,1
C11538,0,20.0,25.0,38269.67,1530.7867999999999,897.4384559480015,438.0,11.96,6.04,3.0,13.0,17.416666666666668,15.24272218831482,50.0,1.1483253588516746,2.0,2838.88,6.0,8386.59,9.0,14938.22,21.0,33318.96,1.5,0.6923076923076923,0.018105550843174174,14.0,0.0,,0.0,36.0,443.0,1.0,1.0,Male,North,Silver,<20k,In-Store,2.0,1
C11539,1,147.0,19.0,14120.42,743.18,637.0772542199607,599.0,5.2105263157894735,2.6842105263157894,2.0,1.0,25.11111111111111,19.499287736279552,65.0,5.853982300884955,0.0,0.0,0.0,0.0,1.0,55.6,9.0,6260.54,0.0,0.1111111111111111,0.0634966218568877,14.0,0.0,,0.0,50.0,602.0,0.0,1.0,Male,Bangkok,Silver,40-70k,Mobile App,3.0,1
C11540,0,48.0,3.0,535.21,178.40333333333334,140.04974342473224,156.0,2.6666666666666665,1.6666666666666667,1.0,3.0,54.0,65.05382386916237,100.0,0.8888888888888888,0.0,0.0,2.0,205.70000000000002,3.0,535.21,3.0,535.21,1.0,3.0,0.11969143721832955,3.0,1.0,3.0,0.0,47.0,156.0,0.0,0.0,Male,East,Silver,20-40k,In-Store,1.0,1
C11541,0,0.0,27.0,33614.19,1244.97,831.6641039737507,562.0,9.74074074074074,5.666666666666667,3.0,3.0,21.615384615384617,21.780866691804388,106.0,0.0,1.0,1764.12,8.0,9806.95,12.0,13842.060000000001,21.0,25352.8,1.6,1.2,0.03260778847919344,14.0,1.0,3.0,0.0,39.0,584.0,0.0,0.0,Male,Bangkok,Gold,40-70k,Online Web,3.0,1
C11542,0,41.0,13.0,22111.27,1700.866923076923,1076.7116520714403,277.0,12.153846153846153,6.461538461538462,3.0,3.0,19.666666666666668,13.28247877559917,53.0,2.084745762711864,0.0,0.0,2.0,6237.15,9.0,15281.220000000001,13.0,22111.27,0.25,1.8,0.0017710661158890316,12.0,0.0,,0.0,33.0,281.0,1.0,1.0,Male,Central,Platinum,20-40k,Online Web,1.0,1
C11543,0,6.0,12.0,21101.55,1758.4624999999999,1277.1712686254232,317.0,8.75,4.5,1.0,10.0,28.272727272727273,20.080293369823604,61.0,0.21221864951768488,1.0,2563.48,4.0,6039.58,8.0,15265.29,12.0,21101.55,0.8,1.6,0.030788352125931305,13.0,1.0,5.0,0.0,23.0,318.0,1.0,1.0,Female,East,Gold,20-40k,In-Store,2.0,1
C11544,0,31.0,28.0,42431.23,1515.4010714285716,912.0860523743618,543.0,11.178571428571429,5.75,3.0,4.0,18.962962962962962,19.46294602074074,66.0,1.634765625,0.0,0.0,4.0,3778.81,8.0,10242.74,20.0,28424.26,0.8,0.6153846153846154,0.007421084310151919,14.0,0.0,,0.0,54.0,649.0,1.0,1.0,Male,South,Silver,Unknown,Online Web,1.0,1
C11545,0,15.0,53.0,174763.45,3297.4235849056604,1584.8054384202865,474.0,15.415094339622641,8.716981132075471,2.0,1.0,8.826923076923077,6.277008010397491,26.0,1.6993464052287581,3.0,8212.380000000001,10.0,30684.7,17.0,54575.46,37.0,117787.19,1.25,0.8095238095238095,0.012680667651066452,14.0,0.0,,0.0,44.0,480.0,1.0,1.0,Male,East,Platinum,>120k,Mobile App,1.0,1
C11546,0,15.0,22.0,14782.42,671.9281818181818,458.9529597914133,469.0,6.2272727272727275,3.5,3.0,13.0,21.61904761904762,21.02492851468511,90.0,0.6938325991189427,1.0,865.46,4.0,2116.87,10.0,5362.33,19.0,13397.91,0.5714285714285714,1.0,0.03846799299068156,13.0,0.0,,0.0,35.0,495.0,1.0,1.0,Male,Bangkok,Bronze,40-70k,In-Store,2.0,1
C11547,0,71.0,8.0,7517.42,939.6775,665.8020641248096,313.0,5.5,3.375,2.0,4.0,34.57142857142857,27.56118734051651,91.0,2.053719008264463,0.0,0.0,2.0,1212.74,3.0,1702.6299999999999,8.0,7517.42,1.0,0.5,0.014444910587865121,11.0,0.0,,0.0,18.0,324.0,1.0,1.0,Female,Bangkok,Bronze,40-70k,In-Store,1.0,1
C11548,0,26.0,15.0,14462.28,964.152,436.7745129141908,371.0,7.4,4.0,2.0,13.0,24.642857142857142,15.9161608380971,51.0,1.055072463768116,1.0,888.36,3.0,2904.2200000000003,6.0,5137.14,14.0,13701.36,0.75,0.6666666666666666,0.025500110506767863,13.0,0.0,,0.0,34.0,371.0,1.0,1.0,Female,Northeast,Gold,70-120k,In-Store,1.0,1
C11549,0,8.0,27.0,23862.42,883.7933333333333,602.1583910464857,479.0,8.481481481481481,4.185185185185185,3.0,2.0,18.115384615384617,18.902543581384858,75.0,0.44161358811040335,3.0,2354.59,4.0,2804.8,12.0,10479.25,17.0,15490.82,0.4444444444444444,2.0,0.03469838597388287,13.0,0.0,,0.0,41.0,493.0,0.0,1.0,Female,Bangkok,Gold,70-120k,Mobile App,3.0,1
C11550,0,,,,,,,,,,,,,,,,,,,,,,,,,,,,,,,,,,,,,,,,0
C11551,0,29.0,17.0,18764.52,1103.795294117647,886.0578269723543,333.0,7.823529411764706,4.176470588235294,3.0,12.0,19.0,24.402185694455053,88.0,1.5263157894736843,1.0,1182.42,3.0,3115.8100000000004,8.0,10432.25,17.0,18764.52,0.5,0.8,0.04601221379634318,11.0,0.0,,0.0,22.0,388.0,1.0,1.0,Male,North,Gold,40-70k,In-Store,2.0,1
C11552,0,3.0,10.0,12480.93,1248.093,973.8470333801573,245.0,10.5,6.0,2.0,1.0,26.88888888888889,22.44685080609552,62.0,0.1115702479338843,2.0,1987.48,4.0,3670.9300000000003,8.0,10588.33,10.0,12480.93,0.8,2.6666666666666665,0.0,12.0,0.0,,0.0,46.0,249.0,1.0,1.0,Female,North,Gold,40-70k,Online Web,2.0,1
C11553,1,73.0,13.0,15226.93,1171.3023076923077,704.7758497464973,551.0,10.615384615384615,5.538461538461538,3.0,2.0,39.833333333333336,32.310519911782556,109.0,1.8326359832635981,0.0,0.0,2.0,1760.23,4.0,4190.62,7.0,9081.66,0.6666666666666666,1.0,0.008514301304427945,12.0,0.0,,0.0,21.0,588.0,1.0,0.0,Female,Central,Gold,40-70k,Online Web,1.0,1
C11554,0,13.0,3.0,1119.0900000000001,373.03000000000003,391.86648529824544,148.0,4.666666666666667,2.6666666666666665,1.0,2.0,67.5,37.476659402887016,94.0,0.1925925925925926,1.0,62.92,2.0,305.64,3.0,1119.0900000000001,3.0,1119.0900000000001,1.0,3.0,0.015674063910072037,5.0,0.0,,0.0,48.0,170.0,1.0,1.0,Female,Bangkok,Silver,20-40k,In-Store,2.0,1
C11555,0,35.0,12.0,5327.83,443.98583333333335,282.0241024341499,626.0,5.25,3.0,3.0,9.0,53.72727272727273,45.7167166561443,156.0,0.6514382402707276,0.0,0.0,2.0,1715.21,3.0,1883.34,6.0,3082.5699999999997,1.0,0.75,0.049228276367893294,10.0,1.0,2.0,1.0,28.0,632.0,1.0,0.0,Female,Bangkok,Silver,70-120k,In-Store,1.0,1
C11556,0,0.0,34.0,38965.15,1146.0338235294118,1066.8584492941843,492.0,6.764705882352941,3.5294117647058822,3.0,3.0,14.909090909090908,17.01536738577005,82.0,0.0,2.0,2304.5299999999997,8.0,5574.38,17.0,20871.06,22.0,25307.11,0.8,2.8333333333333335,0.044076572692219845,14.0,1.0,3.0,0.0,34.0,516.0,1.0,0.0,Male,Bangkok,Silver,70-120k,Mobile App,2.0,1
C11557,1,92.0,4.0,1877.03,469.2575,438.8266516803645,432.0,4.0,3.0,1.0,4.0,113.33333333333333,127.90751867397528,261.0,0.8117647058823529,0.0,0.0,0.0,0.0,3.0,766.6800000000001,3.0,766.6800000000001,0.0,3.0,0.08160249729671545,10.0,4.0,2.0,2.0,47.0,466.0,0.0,1.0,Female,Bangkok,Silver,70-120k,In-Store,2.0,1
C11558,0,4.0,4.0,2122.11,530.5275,373.8456070247003,50.0,3.5,2.5,1.0,1.0,15.333333333333334,2.3094010767585034,18.0,0.2608695652173913,2.0,1320.96,4.0,2122.11,4.0,2122.11,4.0,2122.11,4.0,4.0,0.01441608805703272,6.0,0.0,,0.0,18.0,99.0,1.0,1.0,Female,Northeast,Bronze,70-120k,Online Web,1.0,1
C11559,0,61.0,3.0,692.76,230.92,238.25748005046975,147.0,2.6666666666666665,1.6666666666666667,2.0,3.0,43.0,15.556349186104045,54.0,1.4186046511627908,0.0,0.0,1.0,140.96,3.0,692.76,3.0,692.76,0.3333333333333333,3.0,0.20057237153374802,4.0,0.0,,0.0,38.0,154.0,0.0,1.0,Male,Central,Bronze,<20k,In-Store,1.0,1
C11560,0,9.0,6.0,3477.54,579.59,210.29813884102734,394.0,6.5,3.5,1.0,4.0,77.0,39.79321550214308,124.0,0.11688311688311688,1.0,611.31,2.0,1355.8,4.0,2773.94,5.0,2965.1099999999997,0.6666666666666666,2.0,0.019134761294981078,8.0,0.0,,0.0,21.0,485.0,0.0,1.0,Male,Northeast,Silver,20-40k,In-Store,2.0,1
C11561,0,44.0,1.0,725.64,725.64,,44.0,4.0,2.0,1.0,1.0,,,,,0.0,0.0,1.0,725.64,1.0,725.64,1.0,725.64,1.0,1.0,0.0,2.0,0.0,,0.0,33.0,52.0,1.0,1.0,Male,Bangkok,Silver,40-70k,In-Store,1.0,1
C11562,0,5.0,6.0,14768.64,2461.44,2154.5793025368084,90.0,10.333333333333334,5.5,1.0,5.0,17.0,14.983324063771697,41.0,0.29411764705882354,2.0,6893.91,5.0,13628.439999999999,6.0,14768.64,6.0,14768.64,2.5,6.0,0.006343971208906993,12.0,0.0,,0.0,18.0,129.0,0.0,0.0,Female,Bangkok,Bronze,>120k,In-Store,1.0,1
C11563,0,37.0,10.0,9394.73,939.473,922.6401866509681,402.0,5.7,3.3,3.0,6.0,40.55555555555556,36.404364817666824,125.0,0.9123287671232876,0.0,0.0,2.0,744.94,4.0,5013.73,7.0,7844.13,0.6666666666666666,1.0,0.05011531395627473,12.0,0.0,,0.0,18.0,540.0,1.0,0.0,Female,Bangkok,Silver,<20k,In-Store,1.0,1
C11564,0,53.0,5.0,2757.18,551.4359999999999,617.2384201667941,225.0,4.6,2.4,2.0,2.0,43.0,20.33060090930254,65.0,1.2325581395348837,0.0,0.0,1.0,1507.62,3.0,2336.31,5.0,2757.18,0.3333333333333333,1.0,0.09362025266521365,8.0,0.0,,0.0,44.0,261.0,0.0,1.0,Male,Northeast,Silver,70-120k,Mobile App,2.0,1
C11565,0,20.0,3.0,3382.58,1127.5266666666666,460.2738378762509,50.0,9.0,5.0,1.0,3.0,15.0,12.727922061357855,24.0,1.3333333333333333,1.0,1007.71,3.0,3382.58,3.0,3382.58,3.0,3382.58,3.0,3.0,0.0202009083746582,11.0,0.0,,0.0,18.0,122.0,0.0,1.0,Male,Northeast,Bronze,20-40k,In-Store,1.0,1
C11566,0,1.0,76.0,187916.76,2472.588947368421,1564.0360721821214,634.0,14.355263157894736,7.7105263157894735,3.0,9.0,8.44,7.023589595841346,31.0,0.11848341232227488,4.0,10561.57,11.0,27227.72,29.0,69589.94,46.0,116345.71,0.5789473684210527,1.6111111111111112,0.022352471110204712,14.0,0.0,,0.0,31.0,666.0,1.0,1.0,Female,South,Platinum,70-120k,Mobile App,2.0,1
C11567,1,2.0,3.0,1607.23,535.7433333333333,494.14329018345813,20.0,4.0,2.0,1.0,2.0,9.0,4.242640687119285,12.0,0.2222222222222222,3.0,1607.23,3.0,1607.23,3.0,1607.23,3.0,1607.23,3.0,3.0,0.03357064687984799,5.0,2.0,3.0,1.0,19.0,21.0,1.0,0.0,Male,Central,Silver,40-70k,In-Store,1.0,1
C11568,0,5.0,2.0,2232.2,1116.1,672.4302646371592,17.0,4.0,2.0,1.0,2.0,12.0,,12.0,0.4166666666666667,2.0,2232.2,2.0,2232.2,2.0,2232.2,2.0,2232.2,2.0,2.0,0.01631397572734243,4.0,0.0,,0.0,30.0,61.0,1.0,0.0,Female,Bangkok,Silver,20-40k,In-Store,2.0,1
C11569,0,50.0,13.0,18484.98,1421.9215384615384,933.4355955094612,596.0,14.0,7.384615384615385,3.0,7.0,45.5,39.70001144950602,128.0,1.098901098901099,0.0,0.0,2.0,4881.2699999999995,5.0,8508.99,9.0,14597.66,0.5,1.0,0.06526656239712737,11.0,3.0,3.3333333333333335,1.0,21.0,598.0,1.0,1.0,Male,Central,Bronze,20-40k,In-Store,1.0,1
C11570,1,95.0,18.0,25342.73,1407.9294444444445,814.721763414987,374.0,11.666666666666666,5.888888888888889,3.0,14.0,16.41176470588235,12.82604198266856,50.0,5.788530465949822,0.0,0.0,0.0,0.0,6.0,10188.41,17.0,24865.93,0.0,0.5,0.04867489508021952,14.0,1.0,4.0,0.0,35.0,379.0,1.0,1.0,Male,Bangkok,Bronze,<20k,In-Store,2.0,1
C11571,0,3.0,30.0,29622.18,987.4060000000001,788.5546912989961,612.0,7.433333333333334,4.266666666666667,2.0,4.0,21.0,22.962702678163,86.0,0.14285714285714285,4.0,3080.81,7.0,8781.95,13.0,15443.25,17.0,19746.53,1.0,2.6,0.030150855774859642,13.0,0.0,,0.0,18.0,614.0,0.0,0.0,Female,Bangkok,Gold,70-120k,Mobile App,1.0,1
C11572,0,1.0,44.0,107627.89,2446.088409090909,1069.1567899788483,371.0,14.727272727272727,8.136363636363637,3.0,7.0,8.604651162790697,7.572316544598868,33.0,0.11621621621621622,2.0,2046.54,7.0,10972.11,19.0,41720.69,43.0,106055.33,0.5384615384615384,0.76,0.02071764615322744,14.0,0.0,,0.0,54.0,372.0,1.0,0.0,Male,North,Platinum,>120k,Mobile App,2.0,1
C11573,0,127.0,4.0,2341.6,585.4,442.9215898252571,221.0,6.75,3.25,1.0,3.0,31.333333333333332,23.860706890897706,48.0,4.053191489361702,0.0,0.0,0.0,0.0,3.0,2174.89,4.0,2341.6,0.0,1.5,0.01691513881833334,5.0,0.0,,0.0,24.0,264.0,0.0,1.0,Male,East,Silver,20-40k,In-Store,1.0,1
C11574,1,17.0,3.0,5956.33,1985.4433333333334,1787.1193453805297,53.0,9.666666666666666,4.333333333333333,3.0,2.0,18.0,21.213203435596427,33.0,0.9444444444444444,1.0,626.14,3.0,5956.33,3.0,5956.33,3.0,5956.33,3.0,3.0,0.08433181140371106,9.0,2.0,3.5,0.0,22.0,97.0,1.0,1.0,Male,Bangkok,Bronze,Unknown,Mobile App,1.0,1
C11575,0,18.0,2.0,1053.71,526.855,427.863242228168,180.0,6.0,4.5,1.0,1.0,162.0,,162.0,0.1111111111111111,1.0,224.31,1.0,224.31,1.0,224.31,2.0,1053.71,1.0,0.5,0.050095557478724934,5.0,0.0,,0.0,34.0,218.0,1.0,0.0,Male,Northeast,Gold,20-40k,Online Web,3.0,1
C11576,0,,,,,,,,,,,,,,,,,,,,,,,,,,,,,,,,,,,,,,,,0
C11577,0,26.0,7.0,2404.7000000000003,343.52857142857147,293.72385820861126,376.0,3.857142857142857,2.5714285714285716,2.0,7.0,58.333333333333336,33.53605025441527,104.0,0.4457142857142857,1.0,524.1,2.0,968.32,4.0,1876.9700000000003,6.0,2104.69,0.6666666666666666,1.3333333333333333,0.05368871328896987,10.0,0.0,,0.0,34.0,405.0,0.0,0.0,Female,Bangkok,Bronze,40-70k,In-Store,3.0,1
C11578,0,142.0,4.0,2066.37,516.5925,605.3395440783627,471.0,5.5,2.75,1.0,1.0,109.66666666666667,91.08969938106796,213.0,1.2948328267477203,0.0,0.0,0.0,0.0,1.0,110.95,2.0,378.92,0.0,0.5,0.06239024987862261,6.0,1.0,3.0,0.0,45.0,497.0,1.0,1.0,Female,Central,Silver,40-70k,Mobile App,2.0,1
C11579,1,46.0,3.0,6519.289999999999,2173.0966666666664,1239.96805242447,84.0,9.666666666666666,6.0,1.0,2.0,19.0,15.556349186104045,30.0,2.4210526315789473,0.0,0.0,3.0,6519.289999999999,3.0,6519.289999999999,3.0,6519.289999999999,3.0,3.0,0.010255296925384554,10.0,1.0,3.0,0.0,30.0,100.0,0.0,0.0,Female,Bangkok,Silver,40-70k,In-Store,1.0,1
C11580,0,20.0,70.0,189452.95,2706.4707142857146,1880.211789459932,520.0,11.957142857142857,6.8,3.0,4.0,7.246376811594203,6.93330792178437,41.0,2.76,3.0,4710.27,11.0,23953.04,20.0,54308.88,42.0,114930.49,1.1,0.8695652173913043,0.0,14.0,0.0,,0.0,45.0,524.0,1.0,1.0,Male,South,Platinum,>120k,Mobile App,1.0,1
C11581,1,7.0,34.0,65346.0,1921.9411764705883,1229.5226515141771,637.0,13.794117647058824,6.9411764705882355,2.0,21.0,19.09090909090909,20.02711230489127,96.0,0.3666666666666667,1.0,1779.18,7.0,9668.05,14.0,20692.66,20.0,37147.27,0.875,2.0,0.0,14.0,0.0,,0.0,43.0,640.0,1.0,0.0,Female,Northeast,Silver,20-40k,In-Store,1.0,1
C11582,1,139.0,17.0,33425.79,1966.2229411764706,1400.6238995121278,504.0,13.176470588235293,7.0,2.0,1.0,22.8125,25.309336222034748,95.0,6.093150684931507,0.0,0.0,0.0,0.0,5.0,7604.54,14.0,29291.36,0.0,0.5,0.01151465792265954,14.0,1.0,2.0,0.0,35.0,513.0,1.0,0.0,Female,South,Gold,>120k,Online Web,1.0,1
C11583,0,32.0,4.0,3396.36,849.09,674.6051025600088,86.0,7.25,3.0,2.0,2.0,18.0,2.0,20.0,1.7777777777777777,0.0,0.0,4.0,3396.36,4.0,3396.36,4.0,3396.36,4.0,4.0,0.04830009555219923,6.0,0.0,,0.0,32.0,87.0,1.0,1.0,Female,East,Bronze,40-70k,In-Store,3.0,1
C11584,0,17.0,39.0,75293.83,1930.6110256410257,1109.5899227614036,575.0,13.820512820512821,7.487179487179487,2.0,20.0,14.68421052631579,12.531269565668666,60.0,1.157706093189964,1.0,2267.52,4.0,6727.16,8.0,13649.09,24.0,45289.93,0.8,0.47058823529411764,0.025359682104007953,14.0,1.0,3.0,0.0,50.0,600.0,1.0,1.0,Male,Bangkok,Gold,40-70k,In-Store,1.0,1
C11585,0,47.0,5.0,1555.1200000000001,311.024,257.21328062524304,270.0,4.6,2.2,2.0,1.0,55.75,81.77356948713116,178.0,0.8430493273542601,0.0,0.0,3.0,667.45,4.0,812.89,5.0,1555.1200000000001,1.5,2.0,0.049670007333170375,5.0,0.0,,0.0,34.0,274.0,1.0,1.0,Male,North,Bronze,<20k,Mobile App,3.0,1
C11586,0,16.0,2.0,1882.2,941.1,1088.0817727542355,17.0,5.5,3.0,1.0,1.0,1.0,,1.0,16.0,2.0,1882.2,2.0,1882.2,2.0,1882.2,2.0,1882.2,2.0,2.0,0.06825933498012464,4.0,0.0,,0.0,40.0,20.0,1.0,1.0,Male,Bangkok,Platinum,70-120k,Mobile App,1.0,1
C11587,0,0.0,10.0,5199.18,519.918,379.5724406867402,219.0,3.7,2.1,3.0,9.0,24.333333333333332,36.038174204584784,116.0,0.0,2.0,775.74,3.0,1411.33,8.0,3495.51,10.0,5199.18,0.5,2.6666666666666665,0.005832096801333925,9.0,0.0,,0.0,32.0,323.0,1.0,1.0,Female,Bangkok,Silver,>120k,In-Store,1.0,1
C11588,0,129.0,3.0,1833.3600000000001,611.12,276.94490011552836,360.0,8.666666666666666,4.333333333333333,1.0,1.0,115.5,102.5304832720494,188.0,1.1168831168831168,0.0,0.0,0.0,0.0,2.0,1206.17,3.0,1833.3600000000001,0.0,1.0,0.15215249934100086,9.0,0.0,,0.0,40.0,388.0,0.0,1.0,Male,East,Bronze,20-40k,Mobile App,2.0,1
C11589,0,5.0,58.0,145772.48,2513.3186206896553,1311.9441822241329,368.0,13.551724137931034,7.413793103448276,3.0,24.0,6.368421052631579,7.900342621294001,33.0,0.7851239669421488,12.0,36680.66,25.0,66066.05,37.0,97882.66,56.0,139080.06,1.9230769230769231,1.85,0.004451583514484959,14.0,0.0,,0.0,46.0,368.0,0.0,0.0,Female,East,Platinum,40-70k,In-Store,3.0,1
C11590,0,92.0,4.0,1296.1,324.025,137.2265840377391,220.0,5.25,3.25,2.0,4.0,42.666666666666664,36.22614157391501,81.0,2.15625,0.0,0.0,0.0,0.0,2.0,666.99,4.0,1296.1,0.0,0.6666666666666666,0.14374805937807608,6.0,1.0,4.0,0.0,39.0,251.0,1.0,0.0,Male,Bangkok,Silver,20-40k,In-Store,2.0,1
C11591,1,36.0,10.0,5774.3,577.4300000000001,298.6082736071903,364.0,6.8,3.9,2.0,2.0,36.44444444444444,37.25624481583964,109.0,0.9878048780487805,0.0,0.0,2.0,1173.46,5.0,2296.17,10.0,5774.3,0.5,0.8333333333333334,0.047104331208929755,11.0,1.0,2.0,0.0,45.0,375.0,0.0,1.0,Female,South,Silver,Unknown,Mobile App,1.0,1
C11592,0,118.0,8.0,5268.0599999999995,658.5074999999999,376.89845861603476,547.0,6.625,3.625,1.0,8.0,61.285714285714285,62.117400368748754,157.0,1.9254079254079255,0.0,0.0,0.0,0.0,2.0,816.3499999999999,3.0,1400.0,0.0,1.0,0.052495265228159345,11.0,1.0,2.0,0.0,34.0,650.0,1.0,0.0,Male,Northeast,Bronze,20-40k,In-Store,2.0,1
C11593,0,7.0,42.0,41641.65,991.4678571428572,745.9316014008702,596.0,6.880952380952381,3.8333333333333335,3.0,7.0,14.365853658536585,14.37490190846702,60.0,0.48726655348047543,3.0,1686.18,8.0,4558.2,13.0,10399.32,25.0,25942.71,1.3333333333333333,1.0,0.01592070393384527,14.0,1.0,3.0,0.0,21.0,624.0,1.0,1.0,Female,Bangkok,Gold,70-120k,Online Web,1.0,1
C11594,1,92.0,9.0,10215.98,1135.108888888889,753.5368821339213,285.0,6.777777777777778,4.0,1.0,8.0,24.125,25.659515082824814,83.0,3.8134715025906734,0.0,0.0,0.0,0.0,2.0,1862.08,9.0,10215.98,0.0,0.25,0.07299119721025701,11.0,1.0,1.0,0.0,18.0,394.0,1.0,0.0,Male,Bangkok,Silver,40-70k,In-Store,3.0,1
C11595,1,12.0,30.0,46413.24,1547.108,861.1715887749103,555.0,12.566666666666666,6.366666666666666,3.0,19.0,18.724137931034484,17.23554581116789,83.0,0.6408839779005524,1.0,1076.66,5.0,5515.99,8.0,12519.45,17.0,27446.52,1.25,0.8,0.04787689934375584,14.0,1.0,4.0,0.0,31.0,560.0,0.0,0.0,Female,Northeast,Bronze,20-40k,In-Store,2.0,1
C11596,1,29.0,18.0,27078.22,1504.3455555555556,635.9829426053558,411.0,12.11111111111111,6.277777777777778,2.0,14.0,22.470588235294116,21.062756369534185,86.0,1.2905759162303665,1.0,1685.45,4.0,4914.68,11.0,16932.8,16.0,23129.52,0.5,1.8333333333333333,0.038223195901737464,14.0,1.0,1.0,1.0,45.0,414.0,0.0,1.0,Female,South,Gold,40-70k,In-Store,2.0,1
C11597,1,305.0,10.0,12470.5,1247.05,903.5322332564198,577.0,10.8,5.3,2.0,1.0,30.22222222222222,34.69069679963844,91.0,10.091911764705882,0.0,0.0,0.0,0.0,0.0,0.0,1.0,1078.86,0.0,0.0,0.050741792328596116,12.0,0.0,,0.0,28.0,592.0,0.0,0.0,Male,East,Silver,<20k,Mobile App,2.0,1
C11598,0,3.0,7.0,9113.48,1301.9257142857143,908.1544587762801,105.0,7.571428571428571,3.857142857142857,2.0,2.0,17.0,14.394443372357264,39.0,0.17647058823529413,1.0,2540.13,6.0,8562.34,7.0,9113.48,7.0,9113.48,3.0,7.0,0.13390050216489713,12.0,0.0,,0.0,31.0,143.0,1.0,1.0,Female,Central,Gold,>120k,Mobile App,1.0,1
C11599,1,36.0,19.0,29736.01,1565.0531578947368,1135.6541040839886,556.0,10.947368421052632,5.421052631578948,3.0,10.0,28.88888888888889,26.345864479333347,88.0,1.2461538461538462,0.0,0.0,2.0,1917.46,4.0,5199.79,12.0,15350.47,0.6666666666666666,0.4444444444444444,0.0,13.0,1.0,3.0,1.0,26.0,557.0,1.0,0.0,Male,Bangkok,Platinum,70-120k,In-Store,3.0,1
C11600,0,,,,,,,,,,,,,,,,,,,,,,,,,,,,,,,,,,,,,,,,0
C11601,0,48.0,28.0,55823.93,1993.7117857142857,936.5030303012156,617.0,13.464285714285714,7.214285714285714,3.0,15.0,21.074074074074073,16.482918724746828,81.0,2.2776801405975395,0.0,0.0,3.0,6351.51,7.0,14915.86,13.0,27777.18,0.6,1.0,0.02495073570689239,14.0,0.0,,0.0,32.0,638.0,1.0,1.0,Female,South,Gold,40-70k,In-Store,1.0,1
C11602,1,380.0,3.0,2337.54,779.18,469.83121394815817,443.0,5.0,3.0,1.0,3.0,31.5,3.5355339059327378,34.0,12.063492063492063,0.0,0.0,0.0,0.0,0.0,0.0,0.0,0.0,0.0,0.0,0.12451685393258428,6.0,1.0,1.0,1.0,48.0,468.0,1.0,1.0,Male,Bangkok,Bronze,70-120k,In-Store,1.0,1
C11603,0,11.0,30.0,35901.07,1196.7023333333334,579.5471981355631,609.0,11.466666666666667,6.2,2.0,1.0,20.620689655172413,16.59908300630629,70.0,0.5334448160535117,1.0,1139.0,2.0,1886.42,6.0,6636.47,16.0,19168.14,0.4,0.5454545454545454,0.046723748244855645,13.0,0.0,,0.0,37.0,611.0,1.0,0.0,Male,South,Gold,40-70k,Online Web,3.0,1
C11604,0,88.0,15.0,14553.11,970.2073333333334,556.5502702935373,564.0,8.266666666666667,4.333333333333333,2.0,10.0,34.0,36.99480212969634,149.0,2.588235294117647,0.0,0.0,1.0,1725.32,3.0,3005.13,12.0,12036.17,0.3333333333333333,0.3,0.07271129699648152,11.0,0.0,,0.0,32.0,613.0,1.0,1.0,Male,Central,Silver,<20k,In-Store,2.0,1
C11605,0,29.0,34.0,80039.01,2354.0885294117647,1280.049429256619,360.0,14.117647058823529,7.647058823529412,3.0,19.0,10.030303030303031,9.793125294322698,46.0,2.8912386706948636,1.0,1692.64,5.0,11978.09,20.0,53804.78,34.0,80039.01,0.3125,1.3333333333333333,0.02129408678969118,14.0,3.0,3.6666666666666665,0.0,34.0,363.0,1.0,1.0,Female,Central,Gold,70-120k,In-Store,1.0,1
C11606,0,67.0,8.0,4214.98,526.8725,252.81125001810005,366.0,6.25,3.625,2.0,8.0,42.714285714285715,31.025335269283207,84.0,1.568561872909699,0.0,0.0,1.0,1095.28,2.0,1459.59,7.0,3963.8999999999996,0.5,0.3333333333333333,0.05057112416065809,10.0,1.0,3.0,0.0,39.0,399.0,0.0,0.0,Male,Northeast,Silver,20-40k,In-Store,2.0,1
C11607,0,19.0,3.0,3412.94,1137.6466666666668,494.87084520441624,57.0,8.666666666666666,5.0,2.0,3.0,19.0,12.727922061357855,28.0,1.0,2.0,2599.4,3.0,3412.94,3.0,3412.94,3.0,3412.94,3.0,3.0,0.07227317455053522,9.0,1.0,3.0,0.0,34.0,83.0,1.0,0.0,Male,Bangkok,Bronze,Unknown,In-Store,1.0,1
C11608,1,71.0,3.0,2186.37,728.79,321.18863242649167,126.0,6.0,2.6666666666666665,2.0,3.0,27.5,9.192388155425117,34.0,2.581818181818182,0.0,0.0,1.0,1095.83,3.0,2186.37,3.0,2186.37,0.3333333333333333,3.0,0.02641070856043604,5.0,2.0,3.0,0.0,29.0,177.0,0.0,1.0,Female,Bangkok,Silver,20-40k,In-Store,2.0,1
C11609,1,54.0,30.0,35609.24,1186.9746666666665,715.600108906592,588.0,8.166666666666666,4.3,3.0,2.0,18.413793103448278,18.06440312046103,85.0,2.932584269662921,0.0,0.0,2.0,4906.49,7.0,10777.43,20.0,25202.54,0.3333333333333333,0.5,0.07172407536687363,14.0,2.0,2.0,0.0,35.0,604.0,0.0,1.0,Female,Bangkok,Bronze,40-70k,Mobile App,1.0,1
C11610,1,113.0,18.0,15706.04,872.5577777777778,666.2985838598149,512.0,6.666666666666667,3.5,3.0,10.0,23.470588235294116,20.766913730315178,84.0,4.814536340852131,0.0,0.0,0.0,0.0,8.0,7123.87,12.0,9269.79,0.0,1.6,0.07398600664704902,12.0,1.0,4.0,0.0,24.0,527.0,1.0,1.0,Male,North,Bronze,Unknown,In-Store,1.0,1
C11611,1,135.0,7.0,5522.88,788.9828571428571,862.8327728807841,415.0,7.0,3.142857142857143,2.0,1.0,46.666666666666664,44.96961937426941,132.0,2.892857142857143,0.0,0.0,0.0,0.0,2.0,803.31,5.0,4428.38,0.0,0.5,0.048938621370157406,8.0,1.0,2.0,1.0,18.0,455.0,1.0,1.0,Female,North,Bronze,70-120k,Online Web,1.0,1
C11612,0,19.0,34.0,29574.68,869.8435294117647,718.7550155098043,469.0,6.323529411764706,3.588235294117647,3.0,20.0,13.636363636363637,13.033174454584591,46.0,1.3933333333333333,1.0,1295.26,4.0,2780.5,10.0,5289.7,29.0,26561.75,0.5714285714285714,0.5,0.039084893503786196,14.0,0.0,,0.0,33.0,472.0,1.0,0.0,Female,East,Silver,>120k,In-Store,1.0,1
C11613,0,0.0,3.0,4020.77,1340.2566666666667,1525.4434664166788,24.0,5.666666666666667,3.6666666666666665,1.0,3.0,12.0,12.727922061357855,21.0,0.0,3.0,4020.77,3.0,4020.77,3.0,4020.77,3.0,4020.77,3.0,3.0,0.09928583909426118,7.0,0.0,,0.0,20.0,36.0,0.0,1.0,Male,Bangkok,Bronze,40-70k,In-Store,1.0,1
C11614,0,7.0,29.0,47506.89,1638.1686206896552,1183.394396398175,444.0,11.137931034482758,6.0,3.0,16.0,15.607142857142858,17.858163991967967,78.0,0.448512585812357,4.0,7412.67,5.0,8239.73,13.0,22220.05,27.0,46961.979999999996,0.5555555555555556,0.8666666666666667,0.003489378947182948,14.0,1.0,5.0,0.0,22.0,475.0,1.0,1.0,Female,Unknown,Gold,40-70k,In-Store,2.0,1
C11615,0,16.0,43.0,54016.39,1256.1951162790697,928.2556600172999,632.0,9.627906976744185,4.930232558139535,3.0,21.0,14.666666666666666,14.604821567144533,56.0,1.090909090909091,1.0,1206.2,6.0,9059.77,10.0,10479.75,22.0,20888.84,1.2,0.7692307692307693,0.0027858140955547154,14.0,0.0,,0.0,26.0,632.0,1.0,0.0,Female,Northeast,Platinum,70-120k,In-Store,2.0,1
C11616,0,75.0,11.0,6813.49,619.4081818181818,436.787510485778,340.0,6.818181818181818,3.6363636363636362,3.0,7.0,26.5,29.613247786158894,92.0,2.830188679245283,0.0,0.0,2.0,1367.11,6.0,4259.16,11.0,6813.49,0.4,1.0,0.08155669864069923,9.0,1.0,4.0,0.0,29.0,423.0,0.0,0.0,Female,North,Silver,40-70k,In-Store,3.0,1
C11617,0,6.0,4.0,5340.07,1335.0175,1285.8539720972726,51.0,7.0,3.25,2.0,2.0,15.0,20.8806130178211,39.0,0.4,2.0,4210.12,4.0,5340.07,4.0,5340.07,4.0,5340.07,4.0,4.0,0.022910079629954914,8.0,1.0,3.0,0.0,18.0,51.0,0.0,1.0,Male,Central,Gold,20-40k,Online Web,2.0,1
C11618,1,126.0,19.0,31206.2,1642.4315789473685,1001.0414466459039,546.0,11.263157894736842,6.368421052631579,1.0,16.0,23.333333333333332,19.152637661997492,80.0,5.4,0.0,0.0,0.0,0.0,4.0,4913.2,11.0,19226.02,0.0,0.5,0.0,14.0,1.0,1.0,0.0,47.0,564.0,1.0,0.0,Female,Unknown,Silver,<20k,In-Store,1.0,1
C11619,0,57.0,12.0,7369.86,614.155,410.5896137264068,332.0,5.75,3.1666666666666665,2.0,10.0,25.0,23.16031087874254,84.0,2.28,0.0,0.0,3.0,878.3599999999999,7.0,3096.87,12.0,7369.86,0.6,1.1666666666666667,0.04426424455888131,12.0,1.0,5.0,1.0,22.0,349.0,0.0,1.0,Male,Central,Silver,20-40k,In-Store,1.0,1
C11620,0,13.0,19.0,17093.2,899.642105263158,612.1092424702832,248.0,6.947368421052632,3.736842105263158,2.0,1.0,13.055555555555555,12.679173392161523,41.0,0.9957446808510638,2.0,2057.8199999999997,4.0,3556.45,13.0,10953.41,19.0,17093.2,0.4,1.8571428571428572,0.006468660216025002,11.0,0.0,,0.0,44.0,264.0,0.0,1.0,Female,Bangkok,Silver,70-120k,Mobile App,3.0,1
C11621,1,28.0,16.0,20946.56,1309.16,601.7186459135199,374.0,11.5,6.625,3.0,12.0,23.066666666666666,19.70303336569077,66.0,1.2138728323699421,1.0,2231.08,3.0,4405.76,7.0,8627.14,15.0,19091.510000000002,0.6,0.7777777777777778,0.055982023306426286,14.0,1.0,1.0,1.0,34.0,380.0,1.0,1.0,Female,Northeast,Bronze,40-70k,In-Store,3.0,1
C11622,0,37.0,5.0,1548.97,309.794,186.1573229287529,346.0,4.0,2.6,2.0,1.0,77.25,67.35663788125612,156.0,0.47896440129449835,0.0,0.0,3.0,795.73,3.0,795.73,5.0,1548.97,3.0,1.0,0.018496223450093784,8.0,0.0,,0.0,36.0,357.0,1.0,0.0,Female,Central,Bronze,20-40k,Online Web,2.0,1
C11623,0,35.0,2.0,2210.43,1105.215,730.2786704060305,42.0,7.0,3.0,1.0,1.0,7.0,,7.0,5.0,0.0,0.0,2.0,2210.43,2.0,2210.43,2.0,2210.43,2.0,2.0,0.0,4.0,0.0,,0.0,23.0,45.0,0.0,0.0,Male,Central,Silver,40-70k,Online Web,3.0,1
C11624,0,3.0,6.0,7464.1900000000005,1244.0316666666668,1382.480941299614,94.0,5.833333333333333,3.0,2.0,5.0,18.2,17.569860557215588,47.0,0.16483516483516483,4.0,4033.57,5.0,4123.200000000001,6.0,7464.1900000000005,6.0,7464.1900000000005,2.5,6.0,0.077034269052995,9.0,0.0,,0.0,30.0,101.0,1.0,0.0,Female,Bangkok,Silver,40-70k,In-Store,2.0,1
C11625,0,38.0,10.0,3878.04,387.804,202.71994805094482,527.0,5.3,2.7,2.0,1.0,54.333333333333336,52.18955834264168,145.0,0.6993865030674846,0.0,0.0,1.0,276.07,2.0,1023.5999999999999,7.0,3127.89,0.5,0.3333333333333333,0.08591766744057229,10.0,1.0,2.0,0.0,36.0,654.0,1.0,0.0,Male,Northeast,Silver,20-40k,Mobile App,1.0,1
C11626,0,16.0,96.0,173173.11000000002,1803.8865625,1243.9532869159966,586.0,8.697916666666666,4.604166666666667,3.0,10.0,6.0,5.619116308202419,26.0,2.6666666666666665,2.0,1127.8700000000001,12.0,16922.77,31.0,54726.39,61.0,107062.78,0.6,1.0,0.00047605967576572856,14.0,0.0,,0.0,40.0,615.0,1.0,1.0,Female,Bangkok,Platinum,20-40k,Mobile App,2.0,1
C11627,0,1.0,75.0,198079.33,2641.057733333333,1464.8628100717413,617.0,14.653333333333334,7.933333333333334,3.0,25.0,8.324324324324325,8.223101618132903,40.0,0.12012987012987013,7.0,20289.46,18.0,56786.340000000004,24.0,70968.85,46.0,126910.04,2.5714285714285716,1.0434782608695652,0.0,14.0,0.0,,0.0,50.0,617.0,0.0,0.0,Male,Bangkok,Platinum,40-70k,In-Store,2.0,1
C11628,0,17.0,38.0,68685.16,1807.5042105263158,1145.7900496179104,580.0,12.394736842105264,6.868421052631579,2.0,2.0,15.216216216216216,12.747843249252304,57.0,1.1172291296625223,1.0,708.13,3.0,3862.91,6.0,8439.39,20.0,34872.7,0.75,0.4,0.021538357216802008,14.0,0.0,,0.0,62.0,582.0,0.0,1.0,Male,Bangkok,Silver,20-40k,Mobile App,1.0,1
C11629,0,5.0,44.0,91209.88,2072.9518181818185,1178.4389086380193,452.0,11.886363636363637,6.5,3.0,4.0,10.395348837209303,10.139830783982356,34.0,0.4809843400447427,5.0,7368.39,13.0,23176.93,20.0,37231.450000000004,31.0,56696.57,1.625,1.6666666666666667,0.010440672905567426,14.0,1.0,5.0,0.0,18.0,457.0,1.0,1.0,Male,Bangkok,Silver,70-120k,Mobile App,2.0,1
C11630,0,7.0,49.0,119144.96,2431.5297959183677,2087.8024013885292,435.0,11.510204081632653,6.081632653061225,3.0,4.0,8.916666666666666,8.230284846375746,36.0,0.7850467289719627,4.0,9794.96,9.0,16636.31,19.0,39360.3,42.0,93550.55,0.8181818181818182,0.7916666666666666,0.01983779212886992,14.0,0.0,,0.0,31.0,454.0,1.0,0.0,Male,South,Silver,70-120k,Online Web,1.0,1
C11631,1,256.0,3.0,3970.48,1323.4933333333333,427.11513873115445,308.0,9.333333333333334,5.333333333333333,1.0,1.0,26.0,21.213203435596427,41.0,9.846153846153847,0.0,0.0,0.0,0.0,0.0,0.0,3.0,3970.48,0.0,0.0,0.040946859903381636,9.0,2.0,3.0,0.0,52.0,317.0,1.0,1.0,Female,South,Bronze,20-40k,Mobile App,1.0,1
C11632,0,4.0,61.0,143279.23,2348.8398360655738,1416.979654515773,430.0,12.557377049180328,6.737704918032787,3.0,3.0,7.1,5.649958751911829,23.0,0.5633802816901409,3.0,6115.5,9.0,26863.98,24.0,71532.28,49.0,116910.81999999999,0.5625,0.9230769230769231,0.016792975274694547,14.0,1.0,4.0,0.0,32.0,433.0,1.0,0.0,Male,Central,Silver,>120k,Mobile App,2.0,1
C11633,0,235.0,3.0,1866.29,622.0966666666667,421.44157001099614,346.0,7.0,3.0,2.0,1.0,55.5,12.020815280171307,64.0,4.2342342342342345,0.0,0.0,0.0,0.0,0.0,0.0,3.0,1866.29,0.0,0.0,0.026655888181913008,6.0,0.0,,0.0,43.0,460.0,1.0,1.0,Male,Northeast,Silver,20-40k,Mobile App,2.0,1
C11634,1,43.0,8.0,10553.21,1319.15125,1115.2662845186026,268.0,10.0,4.875,2.0,7.0,32.142857142857146,34.58047894129756,93.0,1.3377777777777777,0.0,0.0,1.0,496.38,4.0,3676.29,8.0,10553.21,0.25,0.8,0.026835493931329318,10.0,3.0,2.0,0.0,40.0,324.0,1.0,0.0,Male,Northeast,Gold,>120k,In-Store,2.0,1
C11635,0,,,,,,,,,,,,,,,,,,,,,,,,,,,,,,,,,,,,,,,,0
C11636,1,72.0,11.0,6344.030000000001,576.73,571.4255082685756,513.0,5.0,2.6363636363636362,2.0,9.0,44.1,44.16496852081347,139.0,1.6326530612244898,0.0,0.0,1.0,2127.26,5.0,3559.12,9.0,4728.6,0.2,1.0,0.08342206740514604,10.0,1.0,1.0,0.0,43.0,589.0,0.0,0.0,Male,South,Bronze,20-40k,In-Store,2.0,1
C11637,0,1.0,25.0,38357.36,1534.2944,918.7068464562929,612.0,12.68,6.44,3.0,16.0,25.458333333333332,20.342671293670325,71.0,0.03927986906710311,2.0,6161.35,5.0,11209.6,11.0,21552.14,14.0,25868.6,0.7142857142857143,2.75,0.027062757503052048,14.0,0.0,,0.0,33.0,636.0,0.0,0.0,Female,Bangkok,Gold,40-70k,In-Store,1.0,1
C11638,0,2.0,104.0,283376.33,2724.772403846154,1609.2189155464268,604.0,12.298076923076923,6.798076923076923,3.0,26.0,5.844660194174757,5.4228226525173095,35.0,0.34219269102990035,10.0,32670.49,23.0,72051.64,31.0,103345.53,60.0,172551.39,2.5555555555555554,1.0333333333333334,0.00033308551235003967,14.0,0.0,,0.0,46.0,605.0,1.0,0.0,Female,North,Gold,20-40k,In-Store,1.0,1
C11639,1,134.0,3.0,3646.7700000000004,1215.5900000000001,642.7111537852755,200.0,14.333333333333334,7.333333333333333,2.0,2.0,33.0,26.870057685088806,52.0,4.0606060606060606,0.0,0.0,0.0,0.0,2.0,3108.66,3.0,3646.7700000000004,0.0,1.0,0.05967216665506333,9.0,0.0,,0.0,38.0,233.0,0.0,1.0,Male,South,Gold,40-70k,Online Web,2.0,1
C11640,0,1.0,5.0,4061.8199999999997,812.3639999999999,382.67878923452236,310.0,6.8,3.8,2.0,1.0,77.25,60.246023381907406,157.0,0.012944983818770227,1.0,433.32,1.0,433.32,2.0,1483.1399999999999,5.0,4061.8199999999997,0.5,0.5,0.02282344846500461,10.0,2.0,3.5,0.0,28.0,403.0,0.0,0.0,Male,Northeast,Silver,20-40k,Mobile App,1.0,1
C11641,0,16.0,7.0,4276.8,610.9714285714286,248.0089924732953,271.0,8.428571428571429,4.285714285714286,1.0,1.0,42.5,36.45133742402328,107.0,0.3764705882352941,1.0,347.0,2.0,1265.46,4.0,2378.44,7.0,4276.8,0.6666666666666666,1.0,0.041499606675974965,10.0,0.0,,0.0,43.0,276.0,0.0,0.0,Female,Northeast,Bronze,<20k,Online Web,2.0,1
C11642,1,81.0,28.0,17618.16,629.22,546.220943853038,617.0,4.714285714285714,2.5357142857142856,3.0,14.0,19.85185185185185,20.579496337754954,74.0,4.080223880597015,0.0,0.0,1.0,896.5,2.0,1733.27,11.0,10135.0,0.5,0.2,0.05485168687968164,14.0,0.0,,0.0,33.0,625.0,1.0,0.0,Male,Central,Gold,Unknown,In-Store,3.0,1
C11643,0,105.0,2.0,3565.96,1782.98,982.2985982887282,222.0,5.5,3.0,2.0,2.0,117.0,,117.0,0.8974358974358975,0.0,0.0,0.0,0.0,1.0,2477.57,2.0,3565.96,0.0,0.5,0.2094950332410402,4.0,1.0,5.0,0.0,42.0,251.0,1.0,1.0,Female,Northeast,Bronze,>120k,In-Store,2.0,1
C11644,1,52.0,23.0,25834.86,1123.2547826086957,549.3278835571335,635.0,8.608695652173912,4.739130434782608,2.0,1.0,26.5,24.546845399106157,85.0,1.9622641509433962,0.0,0.0,2.0,2584.07,4.0,5782.700000000001,11.0,10663.01,0.6666666666666666,0.5,0.10775454776535077,14.0,1.0,3.0,0.0,39.0,665.0,0.0,1.0,Male,Bangkok,Bronze,<20k,Mobile App,2.0,1
C11645,0,1.0,23.0,26465.39,1150.6691304347826,898.0896202035693,409.0,8.130434782608695,4.434782608695652,2.0,3.0,18.545454545454547,12.908938478461064,51.0,0.053921568627450976,2.0,822.48,6.0,4062.44,12.0,10494.15,19.0,18662.88,0.8571428571428571,1.5,0.0,13.0,0.0,,0.0,32.0,424.0,1.0,1.0,Male,North,Platinum,20-40k,Online Web,3.0,1
C11646,1,145.0,22.0,23176.71,1053.486818181818,488.3861021421314,479.0,8.409090909090908,4.545454545454546,3.0,4.0,15.904761904761905,12.251141832110026,41.0,9.116766467065869,0.0,0.0,0.0,0.0,4.0,3122.1299999999997,14.0,15170.91,0.0,0.36363636363636365,0.043288862103412123,14.0,0.0,,0.0,34.0,509.0,1.0,1.0,Male,Central,Gold,20-40k,Mobile App,2.0,1
C11647,0,20.0,45.0,46193.91,1026.5313333333334,695.3843124475716,638.0,8.488888888888889,4.888888888888889,3.0,3.0,14.045454545454545,15.037866228917453,83.0,1.4239482200647249,3.0,2410.9700000000003,9.0,7211.47,16.0,16284.62,27.0,26240.23,1.125,1.3333333333333333,0.003217313679020849,14.0,0.0,,0.0,40.0,659.0,1.0,1.0,Male,Northeast,Gold,20-40k,Mobile App,1.0,1
C11648,0,9.0,27.0,51371.380000000005,1902.643703703704,990.9568277064661,581.0,13.851851851851851,7.296296296296297,3.0,14.0,22.0,17.962182495454165,76.0,0.4090909090909091,3.0,5771.52,5.0,11123.53,7.0,14955.87,14.0,26569.95,1.6666666666666667,0.875,0.00772014326150556,14.0,0.0,,0.0,36.0,615.0,0.0,0.0,Male,Bangkok,Silver,Unknown,In-Store,2.0,1
C11649,0,2.0,32.0,38503.18,1203.224375,926.8633368480732,417.0,7.96875,4.21875,3.0,16.0,13.387096774193548,12.521121939493119,64.0,0.1493975903614458,3.0,3982.63,9.0,12421.02,19.0,20673.11,30.0,36758.57,0.8181818181818182,1.5833333333333333,0.014467951353036546,14.0,0.0,,0.0,56.0,417.0,1.0,1.0,Male,East,Gold,70-120k,In-Store,1.0,1
C11650,1,118.0,6.0,2989.66,498.27666666666664,394.1726788435072,322.0,5.5,3.3333333333333335,2.0,5.0,40.8,57.06750388793959,142.0,2.8921568627450984,0.0,0.0,0.0,0.0,1.0,387.7,6.0,2989.66,0.0,0.16666666666666666,0.04356282971242838,10.0,0.0,,0.0,31.0,327.0,0.0,1.0,Female,North,Bronze,<20k,In-Store,1.0,1
C11651,0,,,,,,,,,,,,,,,,,,,,,,,,,,,,,,,,,,,,,,,,0
C11652,0,6.0,34.0,25864.63,760.7244117647059,415.20950851924744,442.0,6.205882352941177,3.0588235294117645,3.0,7.0,13.212121212121213,12.715044179429675,58.0,0.4541284403669725,3.0,2523.9700000000003,10.0,8617.25,17.0,14154.0,26.0,19380.13,1.25,1.7,0.01427182553066777,13.0,1.0,3.0,0.0,38.0,442.0,0.0,0.0,Male,Bangkok,Gold,20-40k,Online Web,2.0,1
C11653,0,,,,,,,,,,,,,,,,,,,,,,,,,,,,,,,,,,,,,,,,0
C11654,1,94.0,7.0,4169.38,595.6257142857143,451.0882600946716,490.0,7.285714285714286,3.5714285714285716,1.0,1.0,66.0,49.76745924798653,133.0,1.4242424242424243,0.0,0.0,0.0,0.0,2.0,387.06,6.0,3435.56,0.0,0.4,0.10616942001706461,10.0,0.0,,0.0,19.0,643.0,0.0,1.0,Female,Bangkok,Gold,70-120k,Mobile App,2.0,1
C11655,0,1.0,15.0,8170.61,544.7073333333333,420.38574210338,482.0,6.333333333333333,3.2,2.0,1.0,34.357142857142854,35.51512601447693,136.0,0.029106029106029108,2.0,1943.9099999999999,5.0,3523.17,9.0,6390.19,10.0,6580.14,1.0,4.5,0.08062135004669689,12.0,0.0,,0.0,28.0,492.0,0.0,1.0,Male,Bangkok,Silver,40-70k,Online Web,2.0,1
C11656,0,24.0,1.0,1618.12,1618.12,,24.0,10.0,6.0,1.0,1.0,,,,,1.0,1618.12,1.0,1618.12,1.0,1618.12,1.0,1618.12,1.0,1.0,0.0,3.0,0.0,,0.0,22.0,71.0,0.0,1.0,Female,Bangkok,Silver,40-70k,In-Store,1.0,1
C11657,0,34.0,2.0,3972.51,1986.255,2307.692477876981,56.0,9.0,4.5,1.0,1.0,22.0,,22.0,1.5454545454545454,0.0,0.0,2.0,3972.51,2.0,3972.51,2.0,3972.51,2.0,2.0,0.02177815535773649,6.0,0.0,,0.0,18.0,428.0,0.0,0.0,Male,North,Bronze,40-70k,Mobile App,1.0,1
C11658,1,44.0,3.0,476.72,158.90666666666667,18.383322151704064,126.0,2.0,1.3333333333333333,2.0,2.0,41.0,49.49747468305833,76.0,1.0731707317073171,0.0,0.0,1.0,161.26,3.0,476.72,3.0,476.72,0.3333333333333333,3.0,0.0,4.0,0.0,,0.0,35.0,153.0,0.0,0.0,Female,East,Silver,<20k,Online Web,1.0,1
C11659,0,31.0,32.0,39501.0,1234.40625,678.1245208602439,582.0,10.125,5.40625,3.0,17.0,17.774193548387096,16.406725607545532,54.0,1.7441016333938295,0.0,0.0,4.0,5666.6,10.0,10572.41,22.0,27910.01,0.5714285714285714,0.7692307692307693,0.02140783393983867,13.0,0.0,,0.0,26.0,593.0,0.0,0.0,Female,Central,Gold,70-120k,In-Store,2.0,1
C11660,0,46.0,12.0,10169.65,847.4708333333333,855.2793528693984,565.0,6.833333333333333,3.4166666666666665,2.0,1.0,47.18181818181818,48.16807694275989,138.0,0.9749518304431599,0.0,0.0,1.0,804.74,3.0,2684.38,7.0,4730.69,0.3333333333333333,0.6,0.03723938536458831,12.0,1.0,4.0,0.0,37.0,663.0,1.0,1.0,Male,Central,Bronze,40-70k,Online Web,1.0,1
C11661,0,16.0,29.0,29656.81,1022.6486206896552,1212.9426344364945,515.0,6.275862068965517,3.1724137931034484,3.0,17.0,17.821428571428573,18.53735682031281,75.0,0.8977955911823646,2.0,3170.9300000000003,4.0,4638.16,11.0,13186.27,22.0,22093.48,0.5,0.9166666666666666,0.03136702988322242,13.0,1.0,2.0,0.0,32.0,519.0,1.0,1.0,Male,Bangkok,Silver,20-40k,In-Store,2.0,1
C11662,0,20.0,3.0,3223.7599999999998,1074.5866666666666,1161.8570104076202,169.0,6.666666666666667,3.6666666666666665,1.0,3.0,74.5,51.61879502661797,111.0,0.2684563758389262,1.0,2346.24,1.0,2346.24,3.0,3223.7599999999998,3.0,3223.7599999999998,0.3333333333333333,3.0,0.020996689847854473,7.0,1.0,3.0,0.0,22.0,174.0,0.0,1.0,Male,Northeast,Bronze,70-120k,In-Store,1.0,1
C11663,1,38.0,14.0,12599.33,899.9521428571428,505.36095625843467,313.0,8.285714285714286,4.642857142857143,1.0,1.0,21.153846153846153,16.772229795340042,60.0,1.7963636363636364,0.0,0.0,2.0,713.23,6.0,3865.16,14.0,12599.33,0.4,0.6666666666666666,0.07494381453252442,12.0,0.0,,0.0,22.0,402.0,0.0,1.0,Male,South,Bronze,20-40k,Mobile App,3.0,1
C11664,0,55.0,2.0,1558.39,779.195,381.1800525342322,58.0,7.5,4.0,1.0,2.0,3.0,,3.0,18.333333333333332,0.0,0.0,2.0,1558.39,2.0,1558.39,2.0,1558.39,2.0,2.0,0.1267420162840348,6.0,0.0,,0.0,37.0,65.0,1.0,1.0,Female,Bangkok,Bronze,Unknown,In-Store,3.0,1
C11665,0,17.0,7.0,3342.59,477.5128571428572,470.80854784488514,168.0,5.142857142857143,3.142857142857143,2.0,5.0,25.166666666666668,18.28022611092835,56.0,0.6754966887417219,1.0,118.72,3.0,1661.1699999999998,7.0,3342.59,7.0,3342.59,0.6,7.0,0.06656073544935129,10.0,2.0,2.5,0.0,25.0,210.0,1.0,1.0,Female,Northeast,Silver,40-70k,In-Store,1.0,1
C11666,0,34.0,6.0,2457.18,409.53,516.2168565244649,59.0,3.6666666666666665,2.5,1.0,6.0,5.0,2.3452078799117144,8.0,6.8,0.0,0.0,6.0,2457.18,6.0,2457.18,6.0,2457.18,6.0,6.0,0.03725325789692273,9.0,0.0,,0.0,30.0,110.0,0.0,0.0,Male,Northeast,Gold,Unknown,In-Store,2.0,1
C11667,0,52.0,3.0,2211.4,737.1333333333333,198.0613203867261,148.0,8.333333333333334,4.0,2.0,1.0,48.0,63.63961030678928,93.0,1.0833333333333333,0.0,0.0,1.0,784.51,3.0,2211.4,3.0,2211.4,0.3333333333333333,3.0,0.15800134786796988,7.0,1.0,3.0,0.0,42.0,190.0,0.0,0.0,Male,Northeast,Bronze,20-40k,Mobile App,3.0,1
C11668,0,5.0,34.0,59244.55,1742.4867647058825,852.8311183372516,486.0,14.294117647058824,7.176470588235294,2.0,2.0,14.575757575757576,12.252628042154628,53.0,0.343035343035343,2.0,6709.68,4.0,9525.07,10.0,22727.760000000002,27.0,47806.35,0.5714285714285714,0.5555555555555556,0.036089524851735305,14.0,2.0,3.0,0.0,32.0,494.0,1.0,1.0,Female,Central,Bronze,20-40k,Mobile App,3.0,1
C11669,1,233.0,6.0,9687.42,1614.57,1370.0758711837823,371.0,9.166666666666666,5.0,1.0,1.0,27.6,25.145576151681233,60.0,8.442028985507246,0.0,0.0,0.0,0.0,0.0,0.0,5.0,7037.58,0.0,0.0,0.033652608835306116,10.0,0.0,,0.0,26.0,389.0,1.0,1.0,Female,Bangkok,Silver,20-40k,Mobile App,2.0,1
C11670,1,94.0,19.0,18573.13,977.5331578947369,717.8700838209022,620.0,8.157894736842104,4.0,2.0,1.0,29.22222222222222,33.145943866048555,122.0,3.216730038022814,0.0,0.0,0.0,0.0,5.0,3741.23,8.0,7565.3,0.0,1.25,0.03462899252938116,13.0,3.0,1.6666666666666667,1.0,23.0,660.0,1.0,0.0,Male,Bangkok,Gold,20-40k,Mobile App,1.0,1
C11671,0,66.0,2.0,1265.5700000000002,632.7850000000001,67.28121022989994,104.0,3.5,3.0,1.0,2.0,38.0,,38.0,1.736842105263158,0.0,0.0,1.0,680.36,2.0,1265.5700000000002,2.0,1265.5700000000002,0.5,2.0,0.04628520184779086,2.0,0.0,,0.0,29.0,159.0,1.0,0.0,Male,North,Bronze,20-40k,In-Store,2.0,1
C11672,1,68.0,22.0,18272.170000000002,830.5531818181819,1015.9085722145068,406.0,7.681818181818182,4.045454545454546,2.0,14.0,16.095238095238095,14.621575708194934,61.0,4.224852071005917,0.0,0.0,2.0,374.7,8.0,7709.11,19.0,17040.83,0.2857142857142857,0.6666666666666666,0.0264526217921907,12.0,2.0,4.0,0.0,35.0,430.0,0.0,1.0,Female,Bangkok,Bronze,20-40k,In-Store,1.0,1
C11673,0,49.0,9.0,6952.32,772.48,398.71978355732483,546.0,8.444444444444445,4.111111111111111,1.0,1.0,62.125,35.385378336256345,119.0,0.7887323943661971,0.0,0.0,2.0,1472.27,3.0,1949.19,5.0,3981.79,1.0,1.0,0.023948111022196017,9.0,0.0,,0.0,34.0,566.0,1.0,1.0,Female,Bangkok,Gold,20-40k,Online Web,2.0,1
C11674,0,5.0,41.0,141571.13,3452.9543902439027,1502.4004061834662,366.0,19.70731707317073,10.317073170731707,3.0,20.0,9.025,8.213458311569946,33.0,0.5540166204986149,3.0,11000.61,9.0,36416.65,18.0,61900.96,40.0,138608.61,0.9,0.782608695652174,0.01011725230823963,14.0,1.0,2.0,1.0,39.0,373.0,1.0,0.0,Male,Northeast,Platinum,70-120k,In-Store,2.0,1
C11675,0,27.0,11.0,9334.45,848.5863636363637,895.2909093839023,607.0,6.0,3.090909090909091,2.0,2.0,58.0,52.02349896387636,143.0,0.46551724137931033,1.0,460.09,1.0,460.09,4.0,2010.75,6.0,2647.84,0.25,1.3333333333333333,0.022012562142793533,13.0,1.0,5.0,0.0,37.0,648.0,0.0,1.0,Female,Northeast,Bronze,Unknown,Mobile App,3.0,1
C11676,0,4.0,5.0,4681.5,936.3,615.194735226172,100.0,6.6,3.6,1.0,5.0,24.0,3.7416573867739413,28.0,0.16666666666666666,1.0,877.34,4.0,4360.05,5.0,4681.5,5.0,4681.5,2.0,5.0,0.02147262986938337,9.0,0.0,,0.0,43.0,129.0,0.0,0.0,Male,North,Bronze,70-120k,In-Store,3.0,1
C11677,0,3.0,64.0,122610.66,1915.7915625,1265.0318382908722,387.0,10.765625,5.640625,3.0,22.0,6.095238095238095,5.849494838167749,35.0,0.4921875,8.0,18374.7,21.0,42293.98,29.0,58981.19,60.0,113217.01,2.3333333333333335,0.90625,0.019335879372483916,14.0,0.0,,0.0,35.0,410.0,0.0,0.0,Male,Bangkok,Platinum,20-40k,In-Store,2.0,1
C11678,0,49.0,8.0,5983.85,747.98125,864.3074602318901,241.0,5.625,3.125,1.0,1.0,27.428571428571427,17.16447050214622,52.0,1.7864583333333335,0.0,0.0,1.0,632.77,4.0,1377.84,8.0,5983.85,0.25,0.8,0.046999821626511396,11.0,0.0,,0.0,35.0,283.0,0.0,1.0,Male,Unknown,Silver,20-40k,Mobile App,3.0,1
C11679,1,62.0,22.0,33932.130000000005,1542.3695454545457,780.193745995352,612.0,14.227272727272727,7.681818181818182,2.0,14.0,26.19047619047619,27.19856438788461,101.0,2.367272727272727,0.0,0.0,2.0,2861.7400000000002,4.0,4495.8,7.0,10504.630000000001,0.6666666666666666,1.0,0.06576203895029412,14.0,0.0,,0.0,49.0,641.0,0.0,0.0,Female,Northeast,Bronze,20-40k,In-Store,2.0,1
C11680,0,30.0,18.0,35969.34,1998.2966666666664,1028.9479477030666,320.0,14.055555555555555,7.555555555555555,2.0,14.0,17.058823529411764,15.939222801925185,58.0,1.7586206896551724,0.0,0.0,6.0,11313.720000000001,9.0,21047.05,18.0,35969.34,1.5,0.9,0.02506129053679533,14.0,0.0,,0.0,34.0,324.0,1.0,1.0,Male,Northeast,Silver,70-120k,In-Store,1.0,1
C11681,1,304.0,4.0,8550.94,2137.735,1128.3035587258125,338.0,13.75,7.75,2.0,4.0,11.333333333333334,5.507570547286102,17.0,26.823529411764703,0.0,0.0,0.0,0.0,0.0,0.0,4.0,8550.94,0.0,0.0,0.10085792908809678,11.0,2.0,2.5,1.0,32.0,374.0,1.0,1.0,Female,North,Silver,20-40k,In-Store,2.0,1
C11682,0,39.0,4.0,3562.91,890.7275,523.8781702759399,77.0,5.0,3.5,1.0,4.0,12.666666666666666,3.7859388972001824,17.0,3.0789473684210527,0.0,0.0,4.0,3562.91,4.0,3562.91,4.0,3562.91,4.0,4.0,0.012866582625680524,9.0,0.0,,0.0,31.0,105.0,1.0,1.0,Female,Central,Silver,>120k,In-Store,2.0,1
C11683,1,27.0,3.0,1740.01,580.0033333333333,195.1870375648274,114.0,6.0,3.3333333333333335,2.0,1.0,43.5,48.79036790187178,78.0,0.6206896551724138,1.0,356.46,1.0,356.46,3.0,1740.01,3.0,1740.01,0.3333333333333333,3.0,0.020606545012439352,7.0,3.0,2.0,1.0,21.0,115.0,1.0,0.0,Male,Bangkok,Silver,40-70k,Online Web,3.0,1
C11684,1,49.0,3.0,1338.6599999999999,446.21999999999997,126.29689109396159,77.0,2.3333333333333335,1.6666666666666667,2.0,2.0,14.0,4.242640687119285,17.0,3.5,0.0,0.0,3.0,1338.6599999999999,3.0,1338.6599999999999,3.0,1338.6599999999999,3.0,3.0,0.0,4.0,0.0,,0.0,38.0,118.0,1.0,1.0,Male,North,Silver,40-70k,Mobile App,2.0,1
C11685,0,4.0,58.0,156963.05,2706.2594827586204,1823.2318591315698,393.0,13.10344827586207,7.172413793103448,3.0,22.0,6.824561403508772,5.275017965499345,22.0,0.5861182519280206,4.0,9564.949999999999,12.0,29953.79,24.0,66309.49,54.0,148264.32,0.9230769230769231,0.7741935483870968,0.0,14.0,0.0,,0.0,48.0,401.0,0.0,0.0,Female,Bangkok,Gold,70-120k,In-Store,3.0,1
C11686,1,20.0,3.0,1546.98,515.66,271.24636403093047,56.0,5.333333333333333,2.6666666666666665,2.0,2.0,18.0,21.213203435596427,33.0,1.1111111111111112,2.0,826.02,3.0,1546.98,3.0,1546.98,3.0,1546.98,3.0,3.0,0.0,4.0,0.0,,0.0,34.0,63.0,1.0,1.0,Female,South,Silver,40-70k,Online Web,1.0,1
C11687,0,28.0,6.0,7876.64,1312.7733333333333,966.645459528294,192.0,7.0,3.0,2.0,6.0,32.8,16.42254547870092,46.0,0.853658536585366,1.0,561.48,3.0,4695.76,5.0,7243.1900000000005,6.0,7876.64,1.0,2.5,0.026713770090314514,9.0,0.0,,0.0,33.0,194.0,0.0,0.0,Female,South,Bronze,<20k,In-Store,1.0,1
C11688,1,13.0,14.0,16785.57,1198.9692857142857,1017.5939074825499,395.0,7.571428571428571,4.357142857142857,2.0,1.0,29.384615384615383,29.144863645642207,94.0,0.4424083769633508,1.0,105.0,2.0,334.65999999999997,8.0,10859.66,11.0,14225.05,0.2857142857142857,2.0,0.029920882143868514,10.0,2.0,4.0,1.0,29.0,408.0,1.0,1.0,Male,Northeast,Gold,20-40k,Mobile App,1.0,1
C11689,0,1.0,64.0,147200.8,2300.0125,1545.9920109005268,426.0,12.3125,6.6875,3.0,7.0,6.746031746031746,5.5936838054277755,27.0,0.14823529411764705,6.0,19014.559999999998,13.0,38392.26,23.0,65098.61,52.0,129291.82,1.1818181818181819,0.7666666666666667,0.03910018488081969,14.0,0.0,,0.0,41.0,431.0,0.0,1.0,Male,Northeast,Platinum,70-120k,Mobile App,2.0,1
C11690,0,72.0,8.0,6685.650000000001,835.7062500000001,704.3007839986205,314.0,5.5,2.875,2.0,8.0,34.57142857142857,17.481963494386083,57.0,2.0826446280991737,0.0,0.0,1.0,122.68,4.0,1275.44,8.0,6685.650000000001,0.25,0.8,0.08317037248324909,11.0,1.0,3.0,0.0,34.0,379.0,1.0,0.0,Female,Northeast,Bronze,40-70k,In-Store,2.0,1
C11691,1,60.0,3.0,1046.56,348.8533333333333,90.87740826703487,109.0,4.333333333333333,2.3333333333333335,2.0,3.0,24.5,33.23401871576773,48.0,2.4489795918367347,0.0,0.0,1.0,249.82,3.0,1046.56,3.0,1046.56,0.3333333333333333,3.0,0.06274292059966687,6.0,1.0,3.0,0.0,40.0,121.0,1.0,0.0,Female,North,Gold,20-40k,In-Store,2.0,1
C11692,0,27.0,3.0,1417.12,472.3733333333333,223.07469025717225,137.0,5.666666666666667,3.6666666666666665,1.0,1.0,55.0,7.0710678118654755,60.0,0.4909090909090909,1.0,318.79,2.0,1047.04,3.0,1417.12,3.0,1417.12,1.0,3.0,0.11951686258915922,8.0,0.0,,0.0,32.0,184.0,0.0,1.0,Female,Central,Bronze,<20k,Mobile App,2.0,1
C11693,0,16.0,75.0,216699.92,2889.332266666667,1584.1525726620587,485.0,14.44,7.906666666666666,3.0,21.0,6.337837837837838,7.339659629723473,44.0,2.5245202558635396,3.0,9948.39,12.0,35211.84,23.0,64917.65,57.0,159127.2,1.0,0.6571428571428571,0.0,14.0,1.0,3.0,0.0,54.0,494.0,1.0,0.0,Female,Bangkok,Gold,>120k,In-Store,1.0,1
C11694,0,3.0,30.0,41121.01,1370.7003333333334,852.2445178083387,593.0,9.866666666666667,5.466666666666667,3.0,16.0,20.344827586206897,25.27460026823791,117.0,0.14745762711864407,1.0,1926.27,6.0,9658.86,11.0,18923.62,16.0,25658.09,1.0,1.8333333333333333,0.016329909869135857,14.0,1.0,3.0,0.0,53.0,668.0,1.0,0.0,Female,Bangkok,Gold,40-70k,In-Store,2.0,1
C11695,1,141.0,8.0,7132.67,891.58375,467.4519257463044,300.0,12.0,6.0,3.0,6.0,22.714285714285715,15.402535350976969,47.0,6.2075471698113205,0.0,0.0,0.0,0.0,1.0,828.33,8.0,7132.67,0.0,0.125,0.016702900398823797,9.0,0.0,,0.0,33.0,392.0,0.0,1.0,Male,Bangkok,Bronze,<20k,In-Store,2.0,1
C11696,0,,,,,,,,,,,,,,,,,,,,,,,,,,,,,,,,,,,,,,,,0
C11697,0,8.0,16.0,8126.3099999999995,507.89437499999997,416.2161844197276,429.0,6.0,3.5,2.0,10.0,28.066666666666666,16.153136213250033,67.0,0.2850356294536817,1.0,1544.33,3.0,2791.87,7.0,4229.38,13.0,7113.12,0.6,1.0,0.050137634785657935,13.0,0.0,,0.0,27.0,475.0,0.0,1.0,Female,South,Bronze,<20k,In-Store,1.0,1
C11698,1,143.0,8.0,11401.46,1425.1825,704.2842636880164,413.0,10.625,6.625,1.0,8.0,38.57142857142857,34.43765934195268,99.0,3.7074074074074077,0.0,0.0,0.0,0.0,3.0,4108.84,6.0,8614.03,0.0,0.75,0.04802674535304501,13.0,3.0,3.3333333333333335,2.0,31.0,419.0,1.0,1.0,Male,South,Silver,Unknown,In-Store,3.0,1
C11699,1,53.0,11.0,13976.61,1270.6009090909092,596.5576995304737,363.0,12.818181818181818,6.7272727272727275,3.0,3.0,31.0,40.76763422127902,135.0,1.7096774193548387,0.0,0.0,1.0,1018.79,1.0,1018.79,11.0,13976.61,1.0,0.09090909090909091,0.0,12.0,0.0,,0.0,34.0,445.0,0.0,0.0,Male,Unknown,Bronze,20-40k,Mobile App,1.0,1
C11700,0,50.0,14.0,11982.29,855.8778571428572,663.7248573731852,542.0,7.142857142857143,3.857142857142857,1.0,1.0,37.84615384615385,29.45291766488269,108.0,1.3211382113821137,0.0,0.0,1.0,96.1,4.0,1672.99,7.0,4514.8,0.25,1.0,0.05800125313775789,12.0,0.0,,0.0,39.0,546.0,1.0,1.0,Female,Bangkok,Bronze,40-70k,Online Web,1.0,1
C11701,0,21.0,4.0,2358.13,589.5325,624.534783892512,133.0,5.75,2.75,1.0,1.0,37.333333333333336,37.112441759244746,76.0,0.5625,1.0,373.43,2.0,837.54,4.0,2358.13,4.0,2358.13,0.6666666666666666,4.0,0.07993367147873585,6.0,0.0,,0.0,37.0,280.0,1.0,1.0,Male,North,Bronze,<20k,Mobile App,2.0,1
C11702,0,35.0,25.0,31172.74,1246.9096,885.2137506109282,559.0,9.52,5.16,2.0,18.0,21.833333333333332,18.181851119864763,59.0,1.6030534351145038,0.0,0.0,2.0,2951.94,4.0,4684.05,16.0,18984.170000000002,0.6666666666666666,0.3076923076923077,0.0,13.0,1.0,3.0,0.0,51.0,590.0,1.0,0.0,Male,East,Silver,40-70k,In-Store,2.0,1
C11703,0,188.0,3.0,1397.22,465.74,50.26879648449921,268.0,6.666666666666667,3.0,1.0,3.0,40.0,5.656854249492381,44.0,4.7,0.0,0.0,0.0,0.0,0.0,0.0,3.0,1397.22,0.0,0.0,0.01855116849181318,5.0,0.0,,0.0,29.0,347.0,0.0,0.0,Male,Northeast,Silver,<20k,In-Store,1.0,1
C11704,0,26.0,32.0,68780.22,2149.381875,1510.4620299686505,338.0,11.1875,6.1875,2.0,1.0,10.064516129032258,10.17164517624351,42.0,2.5833333333333335,1.0,2114.35,12.0,30387.9,22.0,49978.14,32.0,68780.22,1.0909090909090908,2.0,0.0,14.0,0.0,,0.0,41.0,363.0,1.0,1.0,Female,Northeast,Platinum,Unknown,Mobile App,1.0,1
C11705,0,2.0,17.0,19089.96,1122.9388235294118,940.599370108512,257.0,6.705882352941177,3.8823529411764706,1.0,11.0,15.9375,12.860631140551904,40.0,0.12549019607843137,1.0,836.72,3.0,1747.4,8.0,7467.96,17.0,19089.96,0.5,0.8,0.013686994539358828,14.0,0.0,,0.0,37.0,258.0,1.0,0.0,Male,Bangkok,Gold,40-70k,In-Store,3.0,1
C11706,0,2.0,71.0,118768.06,1672.7895774647886,1648.1159754298126,498.0,7.633802816901408,3.887323943661972,3.0,5.0,7.085714285714285,5.970319966039878,29.0,0.28225806451612906,1.0,2471.32,11.0,15565.45,27.0,43508.23,48.0,76268.85,0.6470588235294118,1.2272727272727273,0.0,14.0,0.0,,0.0,41.0,499.0,0.0,1.0,Male,Northeast,Gold,40-70k,Mobile App,2.0,1
C11707,1,25.0,19.0,30029.350000000002,1580.492105263158,1437.3379492449806,444.0,10.947368421052632,6.2631578947368425,3.0,3.0,23.27777777777778,15.063807641283619,46.0,1.0739856801909307,1.0,884.22,3.0,2678.6800000000003,6.0,6819.71,14.0,23648.83,0.75,0.6666666666666666,0.030255206960870938,14.0,1.0,4.0,0.0,32.0,467.0,1.0,1.0,Female,Central,Silver,20-40k,Mobile App,3.0,1
C11708,0,14.0,4.0,1476.59,369.1475,515.7594241746824,118.0,2.5,1.75,2.0,2.0,34.666666666666664,11.50362261782493,46.0,0.40384615384615385,1.0,164.65,3.0,1430.32,4.0,1476.59,4.0,1476.59,1.5,4.0,0.09493833819599382,4.0,1.0,2.0,0.0,33.0,135.0,1.0,0.0,Female,Bangkok,Bronze,20-40k,Online Web,1.0,1
C11709,0,57.0,3.0,1899.99,633.33,417.80188044095735,126.0,4.333333333333333,2.6666666666666665,1.0,1.0,34.5,10.606601717798213,42.0,1.6521739130434783,0.0,0.0,1.0,156.8,3.0,1899.99,3.0,1899.99,0.3333333333333333,3.0,0.0,5.0,0.0,,0.0,28.0,297.0,0.0,1.0,Female,Bangkok,Bronze,20-40k,Mobile App,2.0,1
C11710,0,7.0,2.0,1429.06,714.53,311.04213090833855,28.0,6.0,3.5,1.0,2.0,21.0,,21.0,0.3333333333333333,2.0,1429.06,2.0,1429.06,2.0,1429.06,2.0,1429.06,2.0,2.0,0.02930308382013314,5.0,0.0,,0.0,27.0,40.0,1.0,0.0,Male,Bangkok,Bronze,70-120k,In-Store,2.0,1
C11711,1,153.0,5.0,8328.8,1665.7599999999998,1027.1021464051178,236.0,11.8,7.0,3.0,2.0,20.75,24.281337140555777,57.0,7.373493975903615,0.0,0.0,0.0,0.0,1.0,550.3,5.0,8328.8,0.0,0.2,0.050191984654912286,10.0,2.0,3.0,0.0,43.0,399.0,1.0,1.0,Male,South,Platinum,40-70k,Mobile App,2.0,1
C11712,0,,,,,,,,,,,,,,,,,,,,,,,,,,,,,,,,,,,,,,,,0
C11713,0,30.0,11.0,6550.24,595.4763636363637,635.0288880401068,374.0,4.7272727272727275,2.5454545454545454,2.0,2.0,34.4,24.070267505322366,71.0,0.872093023255814,0.0,0.0,3.0,1219.04,5.0,4572.870000000001,10.0,6257.49,1.0,0.8333333333333334,0.18088211387197217,10.0,0.0,,0.0,40.0,404.0,0.0,0.0,Female,South,Silver,20-40k,Online Web,3.0,1
C11714,1,297.0,9.0,15174.89,1686.0988888888887,753.6043631184145,558.0,13.666666666666666,7.333333333333333,3.0,7.0,32.625,21.29344298805889,68.0,9.10344827586207,0.0,0.0,0.0,0.0,0.0,0.0,3.0,5883.24,0.0,0.0,0.02564983366903445,12.0,0.0,,0.0,33.0,595.0,1.0,0.0,Male,North,Silver,70-120k,In-Store,3.0,1
C11715,0,0.0,22.0,37804.04,1718.3654545454547,814.2098860433566,427.0,11.772727272727273,6.181818181818182,3.0,3.0,20.333333333333332,15.255600064675704,59.0,0.0,1.0,1585.48,2.0,3482.65,7.0,11681.08,16.0,27556.64,0.3333333333333333,0.7,0.024032062025686383,14.0,2.0,2.5,0.0,31.0,438.0,1.0,1.0,Female,Bangkok,Gold,>120k,Mobile App,1.0,1
C11716,0,19.0,19.0,25910.96,1363.7347368421051,590.7881080704205,373.0,9.736842105263158,5.368421052631579,3.0,13.0,19.666666666666668,11.077268722611237,49.0,0.9661016949152542,1.0,1161.58,4.0,5082.42,8.0,10461.41,18.0,25210.72,0.8,0.7272727272727273,0.023779562446405934,14.0,0.0,,0.0,23.0,381.0,0.0,0.0,Female,East,Platinum,20-40k,In-Store,1.0,1
C11717,0,65.0,2.0,461.0,230.5,296.98484809834997,101.0,4.5,2.0,1.0,1.0,36.0,,36.0,1.8055555555555556,0.0,0.0,1.0,440.5,2.0,461.0,2.0,461.0,0.5,2.0,0.14548925837364918,3.0,0.0,,0.0,34.0,258.0,1.0,1.0,Female,Central,Bronze,20-40k,Mobile App,1.0,1
C11718,0,10.0,24.0,27407.68,1141.9866666666667,697.5724636671567,623.0,8.375,4.458333333333333,2.0,2.0,26.652173913043477,24.608957525946398,82.0,0.37520391517128876,3.0,3111.0699999999997,4.0,5178.59,9.0,12601.58,16.0,19385.08,0.6666666666666666,1.125,0.08922193496075448,14.0,2.0,3.5,0.0,28.0,660.0,0.0,1.0,Male,East,Gold,40-70k,Mobile App,2.0,1
C11719,0,1.0,81.0,115335.89,1423.8998765432098,1164.6841472374535,575.0,7.827160493827161,4.234567901234568,3.0,26.0,7.175,7.457516809369277,36.0,0.13937282229965156,9.0,10265.01,13.0,15878.58,29.0,30585.76,55.0,76341.67,0.7647058823529411,1.0740740740740742,0.0,14.0,1.0,5.0,0.0,41.0,580.0,1.0,0.0,Male,Bangkok,Silver,40-70k,In-Store,1.0,1
C11720,0,7.0,2.0,405.81,202.905,37.22917202947171,188.0,2.5,1.5,2.0,2.0,181.0,,181.0,0.03867403314917127,1.0,229.23,1.0,229.23,1.0,229.23,2.0,405.81,1.0,0.5,0.09938081182449676,2.0,0.0,,0.0,44.0,238.0,0.0,0.0,Female,Central,Silver,40-70k,In-Store,2.0,1
C11721,0,50.0,25.0,27272.16,1090.8864,772.0004695695895,581.0,9.28,5.04,3.0,14.0,22.125,25.570554567110296,99.0,2.2598870056497176,0.0,0.0,2.0,3140.03,5.0,4120.05,11.0,12133.630000000001,0.5,0.7142857142857143,0.04215618957975165,12.0,0.0,,0.0,51.0,618.0,1.0,0.0,Male,North,Gold,70-120k,In-Store,1.0,1
C11722,0,93.0,2.0,186.79,93.395,107.62872316440439,116.0,1.5,1.0,1.0,1.0,23.0,,23.0,4.043478260869565,0.0,0.0,0.0,0.0,2.0,186.79,2.0,186.79,0.0,2.0,0.0,2.0,3.0,3.3333333333333335,0.0,21.0,154.0,0.0,0.0,Male,Central,Bronze,20-40k,Online Web,1.0,1
C11723,1,33.0,6.0,3815.33,635.8883333333333,487.17035868027386,346.0,7.333333333333333,3.6666666666666665,2.0,6.0,62.6,33.86443562205046,101.0,0.5271565495207667,0.0,0.0,2.0,1849.25,3.0,1956.69,6.0,3815.33,1.0,0.75,0.019202936738277086,10.0,1.0,3.0,0.0,24.0,354.0,1.0,0.0,Female,Central,Bronze,70-120k,In-Store,2.0,1
C11724,0,29.0,2.0,1239.44,619.72,217.18077677363615,246.0,7.5,3.0,1.0,1.0,217.0,,217.0,0.1336405529953917,1.0,773.29,1.0,773.29,1.0,773.29,2.0,1239.44,1.0,0.5,0.0495747992853254,3.0,0.0,,0.0,32.0,393.0,0.0,0.0,Male,Northeast,Bronze,20-40k,Online Web,2.0,1
C11725,0,10.0,31.0,64477.47,2079.918387096774,1068.2498603294916,633.0,12.548387096774194,6.258064516129032,3.0,15.0,20.766666666666666,19.327813322155507,80.0,0.48154093097913325,2.0,2804.5299999999997,5.0,10589.39,9.0,18037.13,18.0,35593.85,1.0,0.9,0.02751686264147221,14.0,0.0,,0.0,27.0,650.0,1.0,0.0,Male,Central,Bronze,70-120k,In-Store,3.0,1
C11726,0,22.0,34.0,24481.67,720.0491176470588,528.6456665936918,621.0,5.5588235294117645,3.1470588235294117,2.0,18.0,18.151515151515152,13.908453392005013,59.0,1.2120200333889817,1.0,476.88,4.0,2529.8199999999997,9.0,3982.01,23.0,12633.91,0.6666666666666666,0.6,0.0299602184025549,13.0,3.0,4.333333333333333,1.0,38.0,646.0,1.0,1.0,Male,East,Silver,<20k,In-Store,2.0,1
C11727,0,10.0,21.0,33313.25,1586.345238095238,810.0579967731883,421.0,12.380952380952381,6.428571428571429,3.0,3.0,20.55,22.262725515273754,70.0,0.48661800486618,2.0,2565.54,8.0,10866.99,9.0,14700.75,17.0,27513.78,4.0,1.0,0.012379186862100261,14.0,0.0,,0.0,45.0,431.0,1.0,0.0,Female,South,Gold,70-120k,Online Web,2.0,1
C11728,0,1.0,21.0,21050.22,1002.3914285714286,981.3303766025268,330.0,7.190476190476191,3.9523809523809526,2.0,13.0,16.45,17.169357649756822,67.0,0.060790273556231005,2.0,871.9000000000001,3.0,4554.88,7.0,8812.35,21.0,21050.22,0.6,0.4666666666666667,0.050310033313241916,13.0,1.0,2.0,0.0,32.0,348.0,1.0,0.0,Female,North,Gold,>120k,In-Store,1.0,1
C11729,0,8.0,30.0,30423.05,1014.1016666666667,791.8271745782503,435.0,7.6,4.066666666666666,3.0,4.0,14.724137931034482,9.5801004756293,36.0,0.5433255269320844,1.0,196.36,5.0,3601.37,10.0,7204.14,22.0,21533.05,0.8333333333333334,0.7692307692307693,0.02009979035072208,14.0,1.0,5.0,0.0,42.0,438.0,0.0,0.0,Female,Bangkok,Silver,<20k,Online Web,1.0,1
C11730,0,17.0,10.0,4667.63,466.76300000000003,305.14752122903144,368.0,6.7,3.8,1.0,1.0,39.0,36.138621999185304,118.0,0.4358974358974359,2.0,902.11,3.0,1258.3400000000001,5.0,2072.14,9.0,4458.17,1.0,1.0,0.03621301628532669,11.0,0.0,,0.0,18.0,373.0,0.0,1.0,Male,Bangkok,Silver,40-70k,Mobile App,3.0,1
C11731,0,10.0,12.0,15004.6,1250.3833333333334,1041.1620039458826,249.0,8.666666666666666,4.666666666666667,1.0,1.0,21.727272727272727,19.318855603223028,66.0,0.46025104602510464,1.0,696.77,5.0,7777.17,9.0,12255.71,12.0,15004.6,1.0,2.25,0.02553105264935328,12.0,0.0,,0.0,35.0,264.0,1.0,0.0,Male,Northeast,Bronze,40-70k,Online Web,1.0,1
C11732,0,42.0,17.0,49683.77,2922.5747058823526,1216.592239095117,332.0,17.88235294117647,9.823529411764707,3.0,11.0,18.125,13.710701416533485,64.0,2.317241379310345,0.0,0.0,4.0,11689.63,8.0,21619.88,17.0,49683.77,0.8,0.8,0.05561632800624523,14.0,1.0,3.0,0.0,34.0,337.0,0.0,0.0,Male,Bangkok,Silver,<20k,In-Store,3.0,1
C11733,0,61.0,15.0,24479.48,1631.9653333333333,1759.324346352748,300.0,9.2,5.333333333333333,2.0,10.0,17.071428571428573,13.544594639783208,49.0,3.5732217573221754,0.0,0.0,2.0,2092.7599999999998,10.0,17574.08,15.0,24479.48,0.2222222222222222,1.6666666666666667,0.010608698744966043,14.0,0.0,,0.0,33.0,302.0,1.0,1.0,Male,Bangkok,Silver,70-120k,In-Store,2.0,1
C11734,0,5.0,15.0,13587.62,905.8413333333334,737.3570572066026,277.0,6.333333333333333,3.6666666666666665,3.0,12.0,19.428571428571427,16.345850029497186,53.0,0.2573529411764706,1.0,594.17,3.0,1701.72,11.0,10444.85,15.0,13587.62,0.3333333333333333,2.2,0.017184561525330554,13.0,1.0,2.0,0.0,37.0,278.0,1.0,1.0,Male,East,Gold,40-70k,In-Store,2.0,1
C11735,1,41.0,23.0,32069.86,1394.341739130435,1174.3369417236427,528.0,10.652173913043478,5.565217391304348,2.0,14.0,22.136363636363637,16.659890397357003,58.0,1.8521560574948666,0.0,0.0,2.0,2794.7,5.0,7011.58,15.0,22744.25,0.5,0.45454545454545453,0.05227745489137196,13.0,1.0,3.0,0.0,22.0,544.0,0.0,0.0,Male,South,Bronze,40-70k,In-Store,1.0,1
C11736,0,2.0,51.0,72243.53,1416.5398039215686,1019.7211980879678,393.0,8.352941176470589,4.490196078431373,3.0,23.0,7.82,7.035449596181338,28.0,0.2557544757033248,6.0,6371.3,12.0,13572.54,21.0,25084.2,46.0,66917.8,1.2,0.8076923076923077,0.03776661413090024,14.0,0.0,,0.0,22.0,393.0,1.0,1.0,Female,Bangkok,Platinum,20-40k,In-Store,1.0,1
C11737,1,396.0,3.0,2821.7,940.5666666666666,307.22956503782854,469.0,10.333333333333334,5.333333333333333,1.0,3.0,36.5,6.363961030678928,41.0,10.849315068493151,0.0,0.0,0.0,0.0,0.0,0.0,0.0,0.0,0.0,0.0,0.014511481707849471,8.0,2.0,2.5,0.0,18.0,485.0,1.0,1.0,Female,Central,Bronze,20-40k,In-Store,1.0,1
C11738,0,16.0,8.0,5233.45,654.18125,370.074212574316,431.0,8.625,3.75,2.0,6.0,59.285714285714285,38.72860392403477,110.0,0.26987951807228916,1.0,864.13,2.0,1452.73,4.0,2700.22,6.0,3972.09,0.6666666666666666,1.3333333333333333,0.05513779936268358,10.0,1.0,3.0,0.0,34.0,449.0,0.0,1.0,Female,East,Bronze,<20k,In-Store,2.0,1
C11739,1,42.0,3.0,1154.98,384.99333333333334,287.4529320311994,79.0,4.0,1.6666666666666667,2.0,3.0,18.5,10.606601717798213,26.0,2.27027027027027,0.0,0.0,3.0,1154.98,3.0,1154.98,3.0,1154.98,3.0,3.0,0.0,3.0,0.0,,0.0,18.0,84.0,0.0,0.0,Male,Central,Bronze,20-40k,In-Store,2.0,1
C11740,0,22.0,3.0,3559.18,1186.3933333333332,382.5681954022489,27.0,7.333333333333333,4.333333333333333,2.0,3.0,2.5,2.1213203435596424,4.0,8.8,3.0,3559.18,3.0,3559.18,3.0,3559.18,3.0,3559.18,3.0,3.0,0.04390199349381214,8.0,0.0,,0.0,28.0,81.0,1.0,1.0,Male,Northeast,Bronze,70-120k,Mobile App,1.0,1
C11741,0,37.0,20.0,29342.97,1467.1485,825.2196407609501,304.0,9.5,5.15,2.0,13.0,14.052631578947368,15.493631968616892,49.0,2.6329588014981273,0.0,0.0,5.0,7999.34,11.0,16914.61,20.0,29342.97,0.7142857142857143,1.1,0.0,13.0,1.0,2.0,0.0,31.0,305.0,1.0,1.0,Male,Bangkok,Bronze,40-70k,In-Store,1.0,1
C11742,1,30.0,28.0,49968.770000000004,1784.5989285714288,1528.3309898790692,495.0,10.928571428571429,5.785714285714286,3.0,4.0,17.22222222222222,12.616635335123512,55.0,1.7419354838709677,0.0,0.0,3.0,2736.02,10.0,14450.66,17.0,26139.69,0.375,1.25,0.02357564964007999,14.0,0.0,,0.0,31.0,539.0,1.0,1.0,Male,Central,Gold,20-40k,Online Web,3.0,1
C11743,1,316.0,3.0,992.47,330.8233333333333,45.93759063483123,334.0,3.6666666666666665,2.3333333333333335,1.0,3.0,9.0,5.656854249492381,13.0,35.111111111111114,0.0,0.0,0.0,0.0,0.0,0.0,3.0,992.47,0.0,0.0,0.11944814124744921,4.0,4.0,3.25,1.0,30.0,349.0,0.0,1.0,Male,North,Bronze,>120k,In-Store,3.0,1
C11744,0,9.0,66.0,236621.29,3585.1710606060606,1660.2865110726,455.0,17.136363636363637,9.242424242424242,3.0,7.0,6.861538461538461,5.156539910264813,24.0,1.3116591928251122,5.0,16881.65,15.0,51700.21,27.0,92642.72,55.0,199979.67,1.1538461538461537,0.9310344827586207,0.025923339325053606,14.0,2.0,3.5,0.0,47.0,493.0,1.0,1.0,Female,Bangkok,Gold,70-120k,Mobile App,2.0,1
C11745,0,4.0,1.0,461.51,461.51,,4.0,2.0,2.0,1.0,1.0,,,,,1.0,461.51,1.0,461.51,1.0,461.51,1.0,461.51,1.0,1.0,0.0,2.0,0.0,,0.0,31.0,64.0,1.0,1.0,Female,Bangkok,Bronze,20-40k,Online Web,2.0,1
C11746,0,60.0,24.0,44760.25,1865.0104166666667,787.2363278417301,323.0,13.833333333333334,7.208333333333333,1.0,17.0,11.434782608695652,8.91284102729683,33.0,5.247148288973384,0.0,0.0,6.0,9017.15,13.0,21168.52,24.0,44760.25,0.75,1.0833333333333333,0.03463809590976548,14.0,1.0,2.0,0.0,28.0,330.0,0.0,0.0,Male,Bangkok,Gold,40-70k,In-Store,1.0,1
C11747,0,10.0,45.0,74932.69,1665.1708888888888,1165.6823761171397,535.0,7.977777777777778,4.488888888888889,2.0,22.0,11.931818181818182,10.80137314111568,41.0,0.8380952380952381,1.0,1477.15,7.0,9374.85,12.0,17928.03,25.0,40336.83,1.1666666666666667,0.8571428571428571,0.004049318589769575,14.0,0.0,,0.0,39.0,535.0,1.0,0.0,Female,Northeast,Silver,40-70k,In-Store,2.0,1
C11748,1,250.0,3.0,2246.59,748.8633333333333,419.2396938904203,415.0,6.0,3.3333333333333335,2.0,1.0,82.5,82.73149339882606,141.0,3.0303030303030303,0.0,0.0,0.0,0.0,0.0,0.0,2.0,1270.66,0.0,0.0,0.042308938376018825,6.0,1.0,1.0,0.0,43.0,438.0,1.0,1.0,Male,Bangkok,Bronze,20-40k,Online Web,1.0,1
C11749,1,33.0,3.0,1712.07,570.6899999999999,418.88896237547243,217.0,7.333333333333333,5.0,1.0,1.0,92.0,74.95331880577403,145.0,0.358695652173913,0.0,0.0,2.0,1574.4,2.0,1574.4,3.0,1712.07,2.0,1.0,0.02289706025031532,9.0,0.0,,0.0,40.0,266.0,1.0,1.0,Female,Central,Gold,40-70k,Online Web,2.0,1
C11750,0,41.0,33.0,44058.55,1335.107575757576,770.7090717442862,537.0,11.424242424242424,6.515151515151516,3.0,4.0,15.5,12.26850149905269,54.0,2.6451612903225805,0.0,0.0,3.0,2995.98,8.0,10738.01,23.0,30648.72,0.5,0.5,0.03358755686579016,14.0,0.0,,0.0,53.0,563.0,1.0,1.0,Female,Bangkok,Gold,70-120k,Mobile App,2.0,1
C11751,1,157.0,8.0,3734.11,466.76375,149.68698749986825,448.0,4.75,2.625,3.0,2.0,41.57142857142857,27.837966537669033,91.0,3.7766323024054986,0.0,0.0,0.0,0.0,1.0,270.32,6.0,2804.82,0.0,0.16666666666666666,0.04686411194294627,9.0,0.0,,0.0,32.0,505.0,1.0,0.0,Female,Northeast,Bronze,40-70k,Mobile App,1.0,1
C11752,0,18.0,5.0,8562.2,1712.44,445.1001968658293,77.0,10.6,6.2,2.0,5.0,14.75,11.354147553500733,28.0,1.2203389830508475,1.0,1374.15,5.0,8562.2,5.0,8562.2,5.0,8562.2,5.0,5.0,0.01453078512277794,13.0,0.0,,0.0,36.0,93.0,1.0,0.0,Male,North,Bronze,<20k,In-Store,1.0,1
C11753,0,1.0,3.0,1603.42,534.4733333333334,354.5338647200481,151.0,8.333333333333334,3.6666666666666665,1.0,3.0,75.0,63.63961030678928,120.0,0.013333333333333334,1.0,885.56,2.0,1426.83,3.0,1603.42,3.0,1603.42,1.0,3.0,0.038169221079151786,6.0,1.0,4.0,0.0,34.0,264.0,1.0,0.0,Female,Northeast,Bronze,<20k,In-Store,2.0,1
C11754,0,0.0,53.0,99863.76,1884.2218867924528,1225.1410267206238,459.0,11.245283018867925,6.09433962264151,3.0,22.0,8.826923076923077,6.850565037082717,31.0,0.0,4.0,5340.61,16.0,26242.82,27.0,47571.2,43.0,79222.68000000001,1.3333333333333333,1.588235294117647,0.014758434000426401,14.0,2.0,3.0,0.0,29.0,459.0,0.0,1.0,Male,Bangkok,Gold,70-120k,In-Store,3.0,1
C11755,0,,,,,,,,,,,,,,,,,,,,,,,,,,,,,,,,,,,,,,,,0
C11756,0,,,,,,,,,,,,,,,,,,,,,,,,,,,,,,,,,,,,,,,,0
C11757,1,46.0,23.0,15309.58,665.6339130434783,385.47052294729986,616.0,6.6521739130434785,3.5652173913043477,3.0,12.0,25.90909090909091,25.83262811493781,99.0,1.775438596491228,0.0,0.0,2.0,1682.06,4.0,2159.05,10.0,7104.99,0.6666666666666666,0.5714285714285714,0.042211419955831664,14.0,0.0,,0.0,42.0,666.0,0.0,1.0,Male,Northeast,Bronze,70-120k,In-Store,1.0,1
C11758,0,68.0,3.0,617.97,205.99,9.987807567229147,247.0,3.6666666666666665,2.3333333333333335,1.0,3.0,89.5,37.476659402887016,116.0,0.7597765363128491,0.0,0.0,1.0,211.53,2.0,423.51,3.0,617.97,0.5,1.0,0.09982520029133285,5.0,1.0,4.0,0.0,20.0,255.0,0.0,0.0,Female,South,Bronze,20-40k,In-Store,1.0,1
C11759,0,1.0,66.0,142431.98,2158.060303030303,1516.8307699958027,612.0,10.469696969696969,5.742424242424242,2.0,25.0,9.4,6.216912416947822,25.0,0.10638297872340426,2.0,4668.27,7.0,18134.34,14.0,27473.29,35.0,72047.62,0.875,0.6363636363636364,0.0028447548248957282,14.0,0.0,,0.0,57.0,615.0,1.0,1.0,Female,South,Platinum,Unknown,In-Store,3.0,1
C11760,0,20.0,9.0,3198.17,355.3522222222222,299.28638528914814,578.0,5.777777777777778,3.2222222222222223,3.0,5.0,69.75,40.26253132344548,140.0,0.2867383512544803,1.0,761.52,2.0,839.73,3.0,933.1899999999999,5.0,1525.04,1.0,1.0,0.04847520157091429,9.0,0.0,,0.0,29.0,652.0,0.0,0.0,Female,North,Gold,<20k,In-Store,2.0,1
C11761,0,15.0,6.0,3932.74,655.4566666666666,515.2783968949859,289.0,5.333333333333333,3.5,2.0,6.0,54.8,57.75119046392031,149.0,0.2737226277372263,2.0,738.87,2.0,738.87,3.0,1301.1599999999999,6.0,3932.74,1.0,0.75,0.055435866027788785,10.0,3.0,4.333333333333333,0.0,38.0,300.0,1.0,0.0,Female,Bangkok,Bronze,20-40k,In-Store,1.0,1
C11762,1,46.0,59.0,111376.24,1887.7328813559322,1623.6325207014934,625.0,8.542372881355933,4.6440677966101696,3.0,7.0,9.982758620689655,10.393134338557852,58.0,4.607944732297064,0.0,0.0,1.0,2153.8,8.0,17484.13,27.0,44112.36,0.125,0.4,0.02738351044144028,14.0,0.0,,0.0,61.0,638.0,1.0,1.0,Female,East,Platinum,40-70k,Mobile App,1.0,1
C11763,0,3.0,77.0,236010.26,3065.068311688312,1847.6770384560991,596.0,16.61038961038961,8.935064935064934,3.0,25.0,7.802631578947368,7.029499245972134,35.0,0.38448566610455315,2.0,9826.27,9.0,29336.97,22.0,77602.14,41.0,131222.24,0.6428571428571429,1.1,0.04200935161181211,14.0,0.0,,0.0,31.0,599.0,0.0,1.0,Male,Central,Platinum,70-120k,In-Store,1.0,1
C11764,1,353.0,3.0,506.47999999999996,168.82666666666665,163.04650696452634,425.0,2.0,1.6666666666666667,1.0,3.0,36.0,28.284271247461902,56.0,9.805555555555555,0.0,0.0,0.0,0.0,0.0,0.0,1.0,28.12,0.0,0.0,0.23418410547961774,4.0,4.0,3.0,1.0,20.0,464.0,0.0,0.0,Female,South,Gold,40-70k,In-Store,1.0,1
C11765,0,0.0,23.0,28980.96,1260.0417391304347,991.6757861943139,480.0,8.478260869565217,4.260869565217392,3.0,2.0,21.818181818181817,24.074559509665292,103.0,0.0,3.0,3911.4900000000002,7.0,8922.24,10.0,11114.42,17.0,21833.05,1.75,1.25,0.024750264584093996,12.0,0.0,,0.0,46.0,483.0,1.0,1.0,Male,Bangkok,Gold,<20k,Mobile App,1.0,1
C11766,1,159.0,5.0,2065.56,413.11199999999997,115.13201170829943,402.0,5.4,2.4,2.0,1.0,60.75,83.13192327058641,185.0,2.617283950617284,0.0,0.0,0.0,0.0,2.0,600.74,3.0,1146.74,0.0,1.0,0.04747499435095988,8.0,0.0,,0.0,28.0,587.0,1.0,0.0,Female,North,Bronze,40-70k,Online Web,1.0,1
C11767,0,95.0,8.0,7410.51,926.31375,831.9043731263741,341.0,8.0,4.125,3.0,7.0,35.142857142857146,30.672618470054424,91.0,2.703252032520325,0.0,0.0,0.0,0.0,2.0,1344.6200000000001,8.0,7410.51,0.0,0.2857142857142857,0.047323304133638104,11.0,0.0,,0.0,27.0,357.0,0.0,0.0,Female,Bangkok,Bronze,20-40k,In-Store,1.0,1
C11768,0,2.0,32.0,37689.34,1177.791875,673.6998405552081,478.0,9.0,5.03125,3.0,7.0,15.35483870967742,13.965549009608788,44.0,0.13025210084033612,1.0,2080.91,7.0,8976.130000000001,16.0,20672.41,26.0,33236.67,0.7,1.4545454545454546,0.01025554971695019,14.0,1.0,4.0,0.0,34.0,484.0,0.0,1.0,Female,North,Silver,20-40k,Online Web,1.0,1
C11769,0,87.0,15.0,9564.36,637.624,623.6019515547214,619.0,4.866666666666666,2.533333333333333,2.0,12.0,38.0,34.180516267424814,121.0,2.289473684210526,0.0,0.0,1.0,386.78,2.0,407.75,5.0,1824.48,0.5,0.5,0.09464160459364057,12.0,1.0,4.0,1.0,49.0,646.0,0.0,0.0,Male,Bangkok,Silver,<20k,In-Store,3.0,1
C11770,0,49.0,10.0,2901.71,290.171,279.223541249261,528.0,3.7,2.0,3.0,7.0,53.22222222222222,38.29418290608176,113.0,0.9206680584551148,0.0,0.0,1.0,152.71,2.0,214.19,6.0,883.31,0.5,0.4,0.012116569638783919,8.0,0.0,,0.0,29.0,573.0,1.0,0.0,Female,East,Bronze,40-70k,In-Store,2.0,1
C11771,1,170.0,11.0,14078.91,1279.9009090909092,706.2869890838219,381.0,12.454545454545455,7.545454545454546,1.0,1.0,21.1,19.39329781135741,49.0,8.056872037914692,0.0,0.0,0.0,0.0,1.0,759.02,9.0,11988.74,0.0,0.1111111111111111,0.055162513891797,13.0,1.0,4.0,1.0,49.0,381.0,0.0,0.0,Male,Bangkok,Gold,Unknown,Mobile App,1.0,1
C11772,0,95.0,24.0,34746.81,1447.7837499999998,898.3166604208528,597.0,9.25,4.666666666666667,3.0,3.0,21.82608695652174,18.702581673790977,65.0,4.352589641434263,0.0,0.0,0.0,0.0,3.0,2020.52,12.0,14929.73,0.0,0.3,0.04215431690373801,14.0,0.0,,0.0,31.0,605.0,1.0,1.0,Male,Central,Silver,20-40k,Mobile App,1.0,1
C11773,0,2.0,8.0,8441.61,1055.20125,885.3770910979521,372.0,9.375,4.5,2.0,5.0,52.857142857142854,50.21098343134555,160.0,0.03783783783783784,1.0,2787.1,2.0,3249.97,2.0,3249.97,7.0,6544.01,2.0,0.3333333333333333,0.03822661849602318,11.0,1.0,3.0,0.0,34.0,410.0,0.0,0.0,Female,Bangkok,Gold,20-40k,In-Store,3.0,1
C11774,0,2.0,7.0,3659.16,522.7371428571429,388.7010423497852,202.0,6.142857142857143,3.2857142857142856,1.0,7.0,33.333333333333336,33.90968396589191,95.0,0.06,2.0,323.11,3.0,732.78,5.0,2051.11,7.0,3659.16,1.0,1.6666666666666667,0.08550949564017783,10.0,0.0,,0.0,29.0,203.0,0.0,0.0,Male,Bangkok,Bronze,20-40k,In-Store,1.0,1
C11775,1,172.0,8.0,10213.87,1276.73375,846.4402167048523,566.0,9.125,4.375,3.0,2.0,56.285714285714285,44.87283619932473,150.0,3.0558375634517767,0.0,0.0,0.0,0.0,1.0,1501.85,4.0,4120.639999999999,0.0,0.25,0.05815205864724054,12.0,3.0,1.6666666666666667,2.0,44.0,664.0,1.0,1.0,Female,Bangkok,Bronze,20-40k,Mobile App,3.0,1
C11776,0,43.0,8.0,2380.07,297.50875,292.76654363100107,432.0,4.375,2.5,3.0,2.0,55.57142857142857,57.61034959928972,151.0,0.7737789203084833,0.0,0.0,2.0,285.06,2.0,285.06,7.0,2189.35,2.0,0.3333333333333333,0.08116048334169787,9.0,0.0,,0.0,50.0,472.0,0.0,0.0,Female,East,Bronze,<20k,Mobile App,1.0,1
C11777,0,1.0,34.0,38013.93,1118.0567647058824,733.0875506592919,605.0,8.647058823529411,4.352941176470588,3.0,17.0,18.303030303030305,15.326620730947285,59.0,0.05463576158940397,3.0,3558.39,5.0,5138.27,12.0,14775.16,21.0,23232.82,0.625,1.2,0.013281554789138965,14.0,0.0,,0.0,36.0,612.0,1.0,0.0,Female,Central,Bronze,40-70k,In-Store,2.0,1
C11778,0,82.0,4.0,945.45,236.3625,169.07212137132484,195.0,3.0,2.0,2.0,4.0,37.666666666666664,36.004629331980816,74.0,2.176991150442478,0.0,0.0,1.0,167.57,3.0,510.3,4.0,945.45,0.3333333333333333,1.5,0.0,5.0,0.0,,0.0,18.0,249.0,1.0,1.0,Male,Central,Bronze,<20k,In-Store,3.0,1
C11779,1,403.0,3.0,3833.2,1277.7333333333333,558.7760125786838,541.0,10.0,4.333333333333333,1.0,3.0,69.0,89.09545442950498,132.0,5.840579710144928,0.0,0.0,0.0,0.0,0.0,0.0,0.0,0.0,0.0,0.0,0.058947146178415094,8.0,0.0,,0.0,50.0,542.0,1.0,1.0,Male,Central,Platinum,<20k,In-Store,3.0,1
C11780,0,28.0,5.0,10829.1,2165.82,2791.726215578813,507.0,9.4,4.2,2.0,4.0,119.75,102.67545958017426,268.0,0.23382045929018788,1.0,1848.9,1.0,1848.9,3.0,3656.8900000000003,4.0,3789.33,0.3333333333333333,1.5,0.0065173474836103034,10.0,0.0,,0.0,28.0,517.0,1.0,0.0,Male,Central,Bronze,40-70k,In-Store,1.0,1
C11781,1,7.0,16.0,16578.93,1036.183125,762.3039195117107,356.0,7.875,3.8125,2.0,2.0,23.266666666666666,20.878788507090384,73.0,0.3008595988538682,1.0,2332.16,3.0,3492.7799999999997,7.0,7619.83,16.0,16578.93,0.6,0.7,0.06985148081571099,13.0,0.0,,0.0,25.0,372.0,1.0,1.0,Female,Northeast,Gold,40-70k,Mobile App,2.0,1
C11782,0,66.0,4.0,3380.85,845.2125,307.2457130023678,184.0,9.5,4.5,3.0,2.0,39.333333333333336,32.95957119462165,75.0,1.6779661016949152,0.0,0.0,1.0,433.43,3.0,2587.33,4.0,3380.85,0.3333333333333333,1.5,0.0104491372876147,10.0,0.0,,0.0,37.0,185.0,1.0,1.0,Male,East,Bronze,40-70k,Mobile App,3.0,1
C11783,0,27.0,9.0,7000.53,777.8366666666666,669.3969278761294,121.0,4.222222222222222,2.4444444444444446,3.0,6.0,11.75,7.72287881187172,20.0,2.297872340425532,1.0,1712.35,6.0,4100.83,9.0,7000.53,9.0,7000.53,1.5,9.0,0.07548612541798069,10.0,0.0,,0.0,39.0,124.0,0.0,0.0,Male,Bangkok,Bronze,40-70k,In-Store,2.0,1
C11784,0,11.0,5.0,4978.08,995.616,414.97407982909,35.0,8.6,4.6,2.0,4.0,6.0,2.943920288775949,10.0,1.8333333333333333,3.0,2230.31,5.0,4978.08,5.0,4978.08,5.0,4978.08,5.0,5.0,0.05854051539255847,8.0,0.0,,0.0,21.0,50.0,0.0,0.0,Female,Northeast,Silver,20-40k,In-Store,1.0,1
C11785,1,9.0,18.0,23262.239999999998,1292.3466666666666,1022.0316146485764,337.0,7.944444444444445,4.0,1.0,14.0,19.294117647058822,15.54736595810667,54.0,0.46646341463414637,3.0,2049.57,7.0,4846.18,11.0,10309.15,18.0,23262.239999999998,1.4,1.375,0.03684878657117233,13.0,1.0,2.0,0.0,34.0,341.0,0.0,1.0,Male,Bangkok,Bronze,20-40k,In-Store,1.0,1
C11786,1,306.0,5.0,2220.52,444.104,376.7531874848572,389.0,3.8,2.2,2.0,1.0,20.75,30.324632451743472,66.0,14.74698795180723,0.0,0.0,0.0,0.0,0.0,0.0,3.0,1885.54,0.0,0.0,0.051209851433747657,9.0,3.0,3.0,1.0,47.0,413.0,1.0,1.0,Female,Bangkok,Gold,70-120k,Mobile App,1.0,1
C11787,0,66.0,15.0,5108.3,340.55333333333334,356.7433237270314,579.0,3.7333333333333334,1.9333333333333333,1.0,1.0,36.642857142857146,27.642239536502945,87.0,1.8011695906432748,0.0,0.0,1.0,255.37,6.0,1740.7199999999998,8.0,2178.27,0.16666666666666666,2.0,0.0810211795267573,12.0,0.0,,0.0,30.0,579.0,0.0,0.0,Female,South,Silver,<20k,Online Web,1.0,1
C11788,0,17.0,1.0,3145.19,3145.19,,17.0,15.0,7.0,1.0,1.0,,,,,1.0,3145.19,1.0,3145.19,1.0,3145.19,1.0,3145.19,1.0,1.0,0.013994476194656142,6.0,1.0,5.0,1.0,28.0,17.0,0.0,1.0,Male,Bangkok,Silver,40-70k,Mobile App,1.0,1
C11789,0,,,,,,,,,,,,,,,,,,,,,,,,,,,,,,,,,,,,,,,,0
C11790,1,45.0,21.0,23834.91,1134.9957142857143,697.4616118222667,638.0,8.476190476190476,4.571428571428571,2.0,14.0,29.65,23.222663612582384,93.0,1.5177065767284992,0.0,0.0,1.0,1710.67,3.0,2521.34,8.0,8411.65,0.3333333333333333,0.5,0.018700546293753628,14.0,3.0,2.3333333333333335,0.0,21.0,655.0,1.0,0.0,Female,Bangkok,Bronze,20-40k,In-Store,1.0,1
C11791,0,17.0,11.0,20072.1,1824.7363636363634,1138.709007290912,332.0,12.727272727272727,6.2727272727272725,2.0,10.0,31.5,35.40950908065986,122.0,0.5396825396825397,1.0,1026.45,2.0,5085.7,2.0,5085.7,11.0,20072.1,2.0,0.2,0.08222906757004529,14.0,0.0,,0.0,54.0,349.0,1.0,0.0,Female,Bangkok,Bronze,40-70k,In-Store,1.0,1
C11792,0,17.0,92.0,197697.26,2148.883260869565,1157.0098353406356,606.0,12.423913043478262,6.445652173913044,3.0,10.0,6.472527472527473,6.04858231202552,23.0,2.6264855687606112,2.0,4142.86,10.0,17589.7,26.0,50712.67,46.0,88133.06,0.5882352941176471,1.2380952380952381,0.0,14.0,0.0,,0.0,33.0,609.0,1.0,1.0,Female,North,Platinum,40-70k,Mobile App,2.0,1
C11793,0,99.0,5.0,4010.14,802.028,676.5843609779936,248.0,8.4,4.6,1.0,1.0,37.25,32.06633748964793,72.0,2.6577181208053693,0.0,0.0,0.0,0.0,4.0,3703.9,5.0,4010.14,0.0,2.0,0.03687834589030404,10.0,3.0,4.333333333333333,0.0,44.0,316.0,1.0,0.0,Male,Central,Bronze,40-70k,Mobile App,1.0,1
C11794,0,1.0,17.0,20723.18,1219.010588235294,1092.042896590323,364.0,8.0,4.470588235294118,3.0,11.0,22.6875,28.23878833566814,88.0,0.0440771349862259,6.0,8259.42,11.0,16481.15,13.0,17979.7,17.0,20723.18,3.6666666666666665,2.6,0.01444997912210099,14.0,0.0,,0.0,49.0,374.0,1.0,1.0,Female,East,Silver,70-120k,In-Store,2.0,1
C11795,0,5.0,1.0,730.76,730.76,,5.0,10.0,4.0,1.0,1.0,,,,,1.0,730.76,1.0,730.76,1.0,730.76,1.0,730.76,1.0,1.0,0.0,4.0,0.0,,0.0,35.0,70.0,0.0,1.0,Male,Northeast,Bronze,Unknown,In-Store,1.0,1
C11796,0,,,,,,,,,,,,,,,,,,,,,,,,,,,,,,,,,,,,,,,,0
C11797,0,162.0,4.0,1623.31,405.8275,228.69878463093465,509.0,4.75,2.75,1.0,3.0,115.66666666666667,154.22494394012057,291.0,1.4005763688760806,0.0,0.0,0.0,0.0,1.0,345.86,1.0,345.86,0.0,1.0,0.017878102198613313,5.0,0.0,,0.0,23.0,587.0,1.0,1.0,Male,Northeast,Gold,40-70k,In-Store,3.0,1
C11798,0,20.0,9.0,7344.43,816.0477777777778,465.2961094232837,433.0,7.111111111111111,3.6666666666666665,1.0,9.0,51.625,50.90870680513726,127.0,0.387409200968523,2.0,954.8299999999999,2.0,954.8299999999999,5.0,3784.17,8.0,6385.98,0.5,1.25,0.08954964849798124,8.0,0.0,,0.0,27.0,485.0,1.0,0.0,Male,North,Bronze,20-40k,In-Store,2.0,1
C11799,0,,,,,,,,,,,,,,,,,,,,,,,,,,,,,,,,,,,,,,,,0
C11800,0,18.0,3.0,2117.87,705.9566666666666,511.7753550468538,152.0,5.666666666666667,3.0,1.0,1.0,67.0,48.08326112068523,101.0,0.26865671641791045,1.0,1286.78,2.0,1796.65,3.0,2117.87,3.0,2117.87,1.0,3.0,0.0797351143014813,6.0,1.0,5.0,0.0,25.0,195.0,1.0,0.0,Female,Bangkok,Silver,40-70k,In-Store,3.0,1
C11801,0,33.0,6.0,1276.24,212.70666666666668,169.6105703860071,359.0,2.6666666666666665,2.0,1.0,1.0,65.2,53.49953270823961,122.0,0.5061349693251533,0.0,0.0,2.0,583.4300000000001,3.0,969.55,6.0,1276.24,1.0,0.75,0.07815434399468375,6.0,0.0,,0.0,43.0,449.0,0.0,0.0,Female,Northeast,Bronze,20-40k,Online Web,2.0,1
C11802,0,17.0,3.0,1770.58,590.1933333333333,534.7966382030961,140.0,4.666666666666667,2.3333333333333335,1.0,3.0,61.5,67.17514421272202,109.0,0.2764227642276423,1.0,439.78,1.0,439.78,3.0,1770.58,3.0,1770.58,0.3333333333333333,3.0,0.0,6.0,0.0,,0.0,44.0,217.0,1.0,1.0,Female,Central,Bronze,40-70k,In-Store,1.0,1
C11803,1,68.0,23.0,33753.82,1467.557391304348,936.3459590451374,603.0,9.173913043478262,5.608695652173913,2.0,14.0,24.318181818181817,21.94882872162162,84.0,2.796261682242991,0.0,0.0,2.0,2854.2200000000003,7.0,11905.94,14.0,23863.34,0.3333333333333333,0.875,0.0292894224940096,14.0,1.0,3.0,0.0,19.0,614.0,0.0,1.0,Male,North,Silver,70-120k,In-Store,3.0,1
C11804,0,34.0,2.0,1620.28,810.14,849.320097018786,56.0,5.5,2.0,2.0,2.0,22.0,,22.0,1.5454545454545454,0.0,0.0,2.0,1620.28,2.0,1620.28,2.0,1620.28,2.0,2.0,0.0,4.0,0.0,,0.0,27.0,88.0,1.0,1.0,Female,North,Bronze,>120k,Mobile App,1.0,1
C11805,0,,,,,,,,,,,,,,,,,,,,,,,,,,,,,,,,,,,,,,,,0
C11806,0,8.0,8.0,5956.700000000001,744.5875000000001,522.7084046373958,507.0,5.25,2.5,2.0,7.0,71.28571428571429,79.62351889928479,228.0,0.11222444889779558,2.0,1668.4900000000002,4.0,2979.2000000000003,5.0,3069.0,7.0,5482.82,2.0,1.6666666666666667,0.03846805735583962,8.0,1.0,4.0,1.0,29.0,514.0,0.0,0.0,Male,Bangkok,Silver,20-40k,In-Store,1.0,1
C11807,0,17.0,61.0,174259.55,2856.713934426229,1329.6122361679722,443.0,15.229508196721312,8.426229508196721,3.0,9.0,7.1,5.882176467941097,25.0,2.3943661971830985,1.0,3494.21,12.0,36258.659999999996,22.0,71161.06,48.0,144631.33,1.0909090909090908,0.8148148148148148,0.02239301372170824,14.0,0.0,,0.0,46.0,453.0,1.0,1.0,Female,Bangkok,Gold,40-70k,Mobile App,1.0,1
C11808,0,10.0,3.0,2534.64,844.88,215.56827433553394,20.0,5.333333333333333,3.0,1.0,3.0,5.0,1.4142135623730951,6.0,2.0,3.0,2534.64,3.0,2534.64,3.0,2534.64,3.0,2534.64,3.0,3.0,0.044707265778702425,5.0,1.0,4.0,0.0,24.0,21.0,0.0,1.0,Male,Northeast,Bronze,40-70k,In-Store,3.0,1
C11809,0,16.0,4.0,2582.3100000000004,645.5775000000001,363.4137343189807,31.0,6.75,3.25,2.0,4.0,5.0,5.291502622129181,11.0,3.2,3.0,2191.41,4.0,2582.3100000000004,4.0,2582.3100000000004,4.0,2582.3100000000004,4.0,4.0,0.0,8.0,0.0,,0.0,24.0,122.0,1.0,0.0,Female,Northeast,Silver,70-120k,In-Store,3.0,1
C11810,0,113.0,9.0,5776.47,641.83,584.960760884865,599.0,6.222222222222222,3.0,3.0,2.0,60.75,86.47336501572526,230.0,1.860082304526749,0.0,0.0,0.0,0.0,1.0,510.1,4.0,3139.0,0.0,0.25,0.05933246699952124,12.0,2.0,4.0,0.0,32.0,616.0,1.0,0.0,Male,East,Silver,70-120k,Mobile App,1.0,1
C11811,0,52.0,2.0,1185.14,592.57,761.6812825585253,55.0,4.0,2.0,1.0,1.0,3.0,,3.0,17.333333333333332,0.0,0.0,2.0,1185.14,2.0,1185.14,2.0,1185.14,2.0,2.0,0.019151190121495014,4.0,0.0,,0.0,29.0,69.0,1.0,1.0,Male,South,Bronze,20-40k,Mobile App,1.0,1
C11812,1,15.0,9.0,5574.91,619.4344444444445,348.4463911102794,268.0,7.222222222222222,3.7777777777777777,2.0,8.0,31.625,26.05454443497882,83.0,0.4743083003952569,1.0,928.75,5.0,2762.42,6.0,3044.0099999999998,9.0,5574.91,2.5,1.5,0.07312535537695727,9.0,0.0,,0.0,26.0,311.0,1.0,0.0,Female,Bangkok,Silver,20-40k,In-Store,1.0,1
C11813,0,15.0,2.0,562.6,281.3,26.07809809015987,39.0,4.0,3.0,1.0,2.0,24.0,,24.0,0.625,1.0,262.86,2.0,562.6,2.0,562.6,2.0,562.6,2.0,2.0,0.08067388924293674,4.0,0.0,,0.0,34.0,43.0,0.0,0.0,Female,Northeast,Bronze,20-40k,In-Store,1.0,1
C11814,1,17.0,3.0,1661.8899999999999,553.9633333333333,481.2798772370743,27.0,5.333333333333333,2.6666666666666665,1.0,3.0,5.0,0.0,5.0,3.4,3.0,1661.8899999999999,3.0,1661.8899999999999,3.0,1661.8899999999999,3.0,1661.8899999999999,3.0,3.0,0.15194550047202307,7.0,1.0,2.0,0.0,34.0,31.0,0.0,0.0,Male,Central,Bronze,20-40k,In-Store,1.0,1
C11815,0,,,,,,,,,,,,,,,,,,,,,,,,,,,,,,,,,,,,,,,,0
C11816,1,35.0,10.0,7791.829999999999,779.1829999999999,825.4337775584692,404.0,5.5,3.7,2.0,1.0,41.0,54.4426303552648,179.0,0.8536585365853658,0.0,0.0,2.0,675.9000000000001,4.0,4672.219999999999,6.0,5668.07,0.6666666666666666,1.3333333333333333,0.059150898970018226,13.0,2.0,1.5,0.0,37.0,455.0,0.0,0.0,Male,Bangkok,Silver,>120k,Online Web,2.0,1
C11817,0,19.0,39.0,83103.5,2130.858974358974,1004.1554908185415,552.0,16.435897435897434,8.743589743589743,3.0,20.0,14.026315789473685,16.302025810285155,84.0,1.3545966228893058,3.0,6199.93,5.0,9042.05,13.0,27393.170000000002,25.0,50254.78,0.5555555555555556,1.0,0.0265519897153868,14.0,1.0,5.0,0.0,35.0,552.0,1.0,0.0,Male,East,Gold,Unknown,In-Store,1.0,1
C11818,1,38.0,9.0,5518.9800000000005,613.22,318.1323094248681,501.0,4.777777777777778,3.0,1.0,7.0,57.875,32.44088029455604,102.0,0.6565874730021598,0.0,0.0,3.0,2083.12,4.0,2102.6400000000003,6.0,3566.9500000000003,1.5,1.3333333333333333,0.09167992916427337,12.0,0.0,,0.0,33.0,655.0,0.0,1.0,Male,South,Bronze,20-40k,In-Store,1.0,1
C11819,0,14.0,9.0,1601.0800000000002,177.8977777777778,142.25923342421203,281.0,2.7777777777777777,1.7777777777777777,2.0,8.0,33.375,23.42122053669645,67.0,0.41947565543071164,3.0,426.35,4.0,564.46,6.0,1209.88,9.0,1601.0800000000002,1.3333333333333333,1.5,0.029018818263965115,9.0,1.0,3.0,0.0,25.0,363.0,0.0,0.0,Male,Bangkok,Bronze,20-40k,In-Store,1.0,1
C11820,0,27.0,16.0,18569.02,1160.56375,601.6501442075784,399.0,8.75,5.0625,3.0,9.0,24.8,13.878040207464455,48.0,1.0887096774193548,1.0,847.49,4.0,3332.75,8.0,9635.48,15.0,18366.66,0.8,1.0,0.02176979980255249,13.0,0.0,,0.0,43.0,404.0,1.0,0.0,Female,Central,Gold,70-120k,In-Store,1.0,1
C11821,0,1.0,56.0,174488.98,3115.874642857143,1561.3787456731534,433.0,15.875,8.589285714285714,3.0,2.0,7.8545454545454545,7.374676846198659,32.0,0.12731481481481483,5.0,11103.01,12.0,35148.770000000004,23.0,69375.24,49.0,157220.95,1.0,0.8518518518518519,0.03404067427222686,14.0,1.0,2.0,0.0,41.0,433.0,1.0,0.0,Male,North,Platinum,20-40k,Mobile App,2.0,1
C11822,0,1.0,2.0,6703.11,3351.555,2693.815206811707,36.0,12.0,6.0,1.0,2.0,35.0,,35.0,0.02857142857142857,1.0,5256.37,2.0,6703.11,2.0,6703.11,2.0,6703.11,2.0,2.0,0.04828899281862558,9.0,0.0,,0.0,33.0,97.0,0.0,1.0,Female,Northeast,Bronze,70-120k,In-Store,1.0,1
C11823,0,23.0,12.0,9070.15,755.8458333333333,492.37765281352034,472.0,6.0,3.0,2.0,1.0,40.81818181818182,16.381808092015863,61.0,0.5634743875278396,1.0,335.86,3.0,971.31,4.0,1588.1100000000001,9.0,5625.61,1.5,0.6666666666666666,0.07215677529174919,12.0,0.0,,0.0,27.0,474.0,1.0,1.0,Male,Bangkok,Silver,<20k,Online Web,1.0,1
C11824,0,51.0,4.0,1580.88,395.22,290.45257799969113,285.0,3.75,2.5,2.0,4.0,78.0,47.286361670147556,122.0,0.6538461538461539,0.0,0.0,2.0,857.49,2.0,857.49,4.0,1580.88,2.0,0.6666666666666666,0.09676903299528639,6.0,2.0,2.5,0.0,44.0,363.0,1.0,0.0,Female,Central,Silver,20-40k,In-Store,3.0,1
C11825,0,5.0,18.0,17458.0,969.8888888888889,603.3958266042274,361.0,8.666666666666666,4.777777777777778,3.0,5.0,20.941176470588236,20.188086177976647,64.0,0.23876404494382023,1.0,802.24,3.0,2852.66,8.0,7339.8,18.0,17458.0,0.5,0.7272727272727273,0.024637703021231923,13.0,0.0,,0.0,43.0,376.0,1.0,1.0,Female,Central,Gold,40-70k,Online Web,2.0,1
C11826,1,36.0,28.0,24597.13,878.4689285714286,532.0370176924775,568.0,7.357142857142857,3.75,1.0,1.0,19.703703703703702,20.631967009426482,84.0,1.8270676691729324,0.0,0.0,3.0,1788.35,6.0,4292.31,13.0,11131.7,0.75,0.75,0.06320736572500404,13.0,0.0,,0.0,43.0,571.0,1.0,1.0,Female,Northeast,Gold,40-70k,Mobile App,1.0,1
C11827,0,15.0,36.0,58114.57,1614.2936111111112,892.6151551549535,482.0,11.194444444444445,5.777777777777778,3.0,4.0,13.342857142857143,11.422225128702216,57.0,1.1241970021413277,1.0,2081.91,2.0,2999.1899999999996,13.0,20190.71,28.0,46154.2,0.16666666666666666,0.8125,0.016202019073447243,14.0,0.0,,0.0,69.0,554.0,1.0,0.0,Female,South,Bronze,20-40k,Mobile App,2.0,1
C11828,0,88.0,9.0,10060.27,1117.8077777777778,681.8391668270783,552.0,7.555555555555555,4.444444444444445,1.0,1.0,58.0,53.93647056623984,159.0,1.5172413793103448,0.0,0.0,1.0,1965.2,1.0,1965.2,4.0,3699.71,1.0,0.25,0.023642550184978864,12.0,3.0,3.6666666666666665,1.0,19.0,630.0,1.0,1.0,Male,East,Bronze,<20k,Mobile App,3.0,1
C11829,0,429.0,3.0,1076.51,358.83666666666664,219.48826946635063,455.0,5.666666666666667,3.0,2.0,3.0,13.0,1.4142135623730951,14.0,33.0,0.0,0.0,0.0,0.0,0.0,0.0,0.0,0.0,0.0,0.0,0.09949391442553013,7.0,0.0,,0.0,32.0,564.0,1.0,1.0,Female,East,Silver,20-40k,In-Store,2.0,1
C11830,0,3.0,2.0,2046.34,1023.17,840.170135270232,30.0,7.5,4.0,1.0,2.0,27.0,,27.0,0.1111111111111111,1.0,1617.26,2.0,2046.34,2.0,2046.34,2.0,2046.34,2.0,2.0,0.12066691016909094,6.0,0.0,,0.0,39.0,56.0,0.0,1.0,Female,Central,Bronze,70-120k,In-Store,1.0,1
C11831,0,4.0,3.0,3374.34,1124.78,394.5701098664215,63.0,5.333333333333333,4.0,2.0,3.0,29.5,34.64823227814083,54.0,0.13559322033898305,1.0,1089.42,3.0,3374.34,3.0,3374.34,3.0,3374.34,3.0,3.0,0.0,8.0,0.0,,0.0,20.0,124.0,0.0,1.0,Male,Bangkok,Gold,20-40k,In-Store,1.0,1
C11832,0,3.0,69.0,175869.34,2548.8310144927536,1627.5494534658224,638.0,14.753623188405797,7.768115942028985,3.0,26.0,9.338235294117647,10.426158683764326,42.0,0.32125984251968503,3.0,8285.5,9.0,20477.21,17.0,35752.1,35.0,79697.57,1.0,0.8947368421052632,0.01984586883296014,14.0,0.0,,0.0,55.0,653.0,1.0,1.0,Female,Bangkok,Platinum,40-70k,In-Store,2.0,1
C11833,0,11.0,14.0,6724.85,480.3464285714286,416.11751858204565,364.0,5.285714285714286,2.7142857142857144,3.0,2.0,27.153846153846153,28.678813765118647,90.0,0.40509915014164305,3.0,392.93,6.0,2092.7400000000002,8.0,3406.01,14.0,6724.85,2.0,1.1428571428571428,0.07871573533823874,12.0,0.0,,0.0,36.0,420.0,1.0,1.0,Male,North,Bronze,>120k,Online Web,1.0,1
C11834,0,9.0,67.0,105813.59,1579.3073134328358,790.472720502953,500.0,10.029850746268657,5.865671641791045,3.0,3.0,7.4393939393939394,6.928489207898262,37.0,1.2097759674134418,4.0,6851.349999999999,12.0,16928.82,25.0,41376.89,46.0,67552.09,0.8571428571428571,1.1363636363636365,0.04499068534237244,14.0,1.0,5.0,1.0,47.0,505.0,1.0,1.0,Male,Central,Platinum,70-120k,Mobile App,1.0,1
C11835,1,98.0,22.0,25461.73,1157.3513636363637,910.3657409985101,492.0,8.772727272727273,4.545454545454546,3.0,12.0,18.761904761904763,16.60091793216496,69.0,5.223350253807106,0.0,0.0,0.0,0.0,4.0,3746.19,17.0,20072.78,0.0,0.2857142857142857,0.07640003308193001,13.0,2.0,1.5,0.0,35.0,544.0,0.0,0.0,Female,South,Bronze,70-120k,In-Store,3.0,1
C11836,0,20.0,12.0,20132.77,1677.7308333333333,818.4522131155782,311.0,15.0,8.166666666666666,2.0,10.0,26.454545454545453,21.83741576452505,73.0,0.7560137457044674,1.0,3047.93,3.0,3976.2799999999997,6.0,9395.619999999999,12.0,20132.77,0.75,0.8571428571428571,0.01039118332180669,14.0,1.0,3.0,0.0,40.0,317.0,1.0,1.0,Male,East,Bronze,40-70k,In-Store,3.0,1
C11837,0,51.0,3.0,1330.0,443.3333333333333,360.98075645847564,173.0,7.666666666666667,3.6666666666666665,1.0,3.0,61.0,76.36753236814714,115.0,0.8360655737704918,0.0,0.0,2.0,1266.78,3.0,1330.0,3.0,1330.0,1.0,3.0,0.12299211352306595,6.0,0.0,,0.0,25.0,210.0,0.0,1.0,Male,Central,Silver,40-70k,In-Store,3.0,1
C11838,1,14.0,10.0,5693.43,569.3430000000001,286.37538569933776,379.0,6.1,3.7,2.0,9.0,40.55555555555556,40.44474969359778,119.0,0.34520547945205476,1.0,172.32,1.0,172.32,2.0,1046.1,8.0,4583.35,0.5,0.2857142857142857,0.08277739739820372,10.0,1.0,1.0,0.0,33.0,394.0,0.0,1.0,Male,Central,Bronze,40-70k,In-Store,1.0,1
C11839,0,0.0,67.0,185643.16,2770.793432835821,1514.3032657343754,511.0,13.537313432835822,7.447761194029851,3.0,26.0,7.742424242424242,7.847215294535245,43.0,0.0,6.0,18751.670000000002,21.0,60377.229999999996,31.0,93440.47,51.0,142351.86000000002,1.9090909090909092,1.4761904761904763,0.006372137701717501,14.0,1.0,3.0,0.0,46.0,529.0,1.0,1.0,Male,North,Gold,70-120k,In-Store,2.0,1
C11840,0,9.0,78.0,194558.97,2494.3457692307693,1393.4099092677304,576.0,13.756410256410257,7.423076923076923,3.0,26.0,7.363636363636363,6.320203800238963,30.0,1.2222222222222223,2.0,5569.84,9.0,27540.9,23.0,57807.33,48.0,122238.46,0.6,0.8846153846153846,0.0,14.0,0.0,,0.0,55.0,647.0,1.0,0.0,Male,Central,Gold,40-70k,In-Store,1.0,1
C11841,0,9.0,32.0,37027.159999999996,1157.0987499999999,729.3740531873226,554.0,7.3125,3.71875,3.0,19.0,17.580645161290324,18.973269255364485,80.0,0.5119266055045871,1.0,938.89,6.0,8331.43,8.0,10466.71,17.0,21237.92,2.0,0.8,0.02828885679637193,14.0,0.0,,0.0,32.0,554.0,1.0,0.0,Male,Northeast,Silver,40-70k,In-Store,3.0,1
C11842,0,3.0,63.0,232575.27,3691.6709523809523,1725.807601114213,480.0,18.22222222222222,9.746031746031745,3.0,21.0,7.693548387096774,8.775130113793969,43.0,0.389937106918239,4.0,12434.92,12.0,43214.38,21.0,78860.49,45.0,164797.31,1.2,0.84,0.025160777553411444,14.0,1.0,2.0,0.0,37.0,496.0,1.0,1.0,Female,South,Platinum,>120k,In-Store,2.0,1
C11843,0,5.0,32.0,34875.78,1089.868125,781.2580965152071,576.0,7.71875,4.0,2.0,18.0,18.419354838709676,18.02179087206816,66.0,0.2714535901926445,3.0,6627.57,10.0,13098.529999999999,13.0,15835.88,22.0,23636.13,2.5,1.3,0.024071251419087593,14.0,2.0,2.5,0.0,34.0,608.0,1.0,0.0,Male,Bangkok,Gold,<20k,In-Store,3.0,1
C11844,0,20.0,7.0,3793.0,541.8571428571429,276.63455374159156,415.0,5.857142857142857,3.5714285714285716,1.0,1.0,65.83333333333333,48.9097808895794,121.0,0.3037974683544304,1.0,152.3,2.0,392.31,3.0,966.44,5.0,2487.64,1.0,1.0,0.05903308393037888,8.0,1.0,2.0,0.0,21.0,429.0,0.0,1.0,Female,Northeast,Gold,40-70k,Online Web,3.0,1
C11845,0,13.0,17.0,13447.82,791.0482352941176,607.9945273112588,409.0,6.588235294117647,3.6470588235294117,3.0,5.0,24.75,25.64241278299164,104.0,0.5252525252525253,2.0,2530.02,5.0,3031.88,6.0,3587.8999999999996,12.0,8044.05,2.5,0.8571428571428571,0.0290985541691996,13.0,1.0,3.0,0.0,34.0,469.0,1.0,1.0,Female,South,Silver,70-120k,Mobile App,1.0,1
C11846,0,1.0,5.0,1919.81,383.962,203.61289551499434,279.0,5.6,3.0,3.0,3.0,69.5,55.15130702591433,128.0,0.014388489208633094,1.0,362.68,1.0,362.68,2.0,756.1,5.0,1919.81,0.5,0.5,0.04559713253095902,8.0,1.0,3.0,1.0,27.0,311.0,1.0,1.0,Male,Central,Silver,<20k,In-Store,1.0,1
C11847,0,7.0,27.0,42504.0,1574.2222222222222,1258.5224714210688,550.0,10.555555555555555,5.7407407407407405,2.0,1.0,20.884615384615383,14.015211516283077,56.0,0.3351749539594844,1.0,1559.23,6.0,9322.34,11.0,16258.03,18.0,23453.28,1.0,1.375,0.013415588934303608,13.0,0.0,,0.0,41.0,579.0,1.0,1.0,Female,Northeast,Silver,20-40k,Online Web,1.0,1
C11848,0,,,,,,,,,,,,,,,,,,,,,,,,,,,,,,,,,,,,,,,,0
C11849,0,24.0,10.0,4602.5599999999995,460.256,368.4586595595827,354.0,5.1,2.9,1.0,8.0,36.666666666666664,34.26368339802363,98.0,0.6545454545454545,1.0,123.95,2.0,223.48000000000002,3.0,530.24,10.0,4602.5599999999995,1.0,0.375,0.10503913275971026,10.0,1.0,4.0,0.0,44.0,488.0,0.0,0.0,Male,Central,Bronze,40-70k,In-Store,3.0,1
C11850,0,1.0,22.0,22032.97,1001.4986363636364,703.7348555913957,526.0,6.818181818181818,3.8181818181818183,3.0,3.0,25.0,22.40089283934906,85.0,0.04,3.0,1789.75,5.0,5621.42,8.0,7409.66,15.0,13145.71,1.25,1.0,0.015048548029468563,12.0,0.0,,0.0,26.0,560.0,1.0,0.0,Male,South,Platinum,>120k,Online Web,2.0,1
C11851,0,4.0,16.0,19410.81,1213.175625,708.9815259743491,431.0,10.8125,5.5,1.0,12.0,28.466666666666665,29.601801746965787,95.0,0.14051522248243561,2.0,3143.76,3.0,3739.2700000000004,9.0,11910.11,12.0,15491.58,0.42857142857142855,2.25,0.0018583891047182206,13.0,0.0,,0.0,38.0,467.0,1.0,1.0,Female,North,Silver,40-70k,In-Store,3.0,1
C11852,0,10.0,15.0,10225.34,681.6893333333334,526.8354234817912,476.0,6.533333333333333,3.6666666666666665,2.0,1.0,33.285714285714285,48.320132086276054,167.0,0.30042918454935624,1.0,2091.26,3.0,3742.58,12.0,7950.59,13.0,8289.05,0.3,6.0,0.051523957847323165,11.0,0.0,,0.0,28.0,491.0,1.0,0.0,Female,Bangkok,Bronze,70-120k,Mobile App,1.0,1
C11853,0,63.0,3.0,2413.77,804.59,390.50367821571155,94.0,6.666666666666667,4.666666666666667,1.0,3.0,15.5,9.192388155425117,22.0,4.064516129032258,0.0,0.0,2.0,1829.1100000000001,3.0,2413.77,3.0,2413.77,1.0,3.0,0.06806046215324028,7.0,0.0,,0.0,35.0,124.0,1.0,1.0,Male,East,Bronze,Unknown,In-Store,1.0,1
C11854,0,77.0,9.0,2596.3,288.4777777777778,285.1514493991648,628.0,3.6666666666666665,2.2222222222222223,1.0,1.0,68.875,53.40261497075107,145.0,1.117967332123412,0.0,0.0,1.0,106.61,2.0,177.20999999999998,4.0,1622.08,0.5,0.6666666666666666,0.17805833971773552,10.0,1.0,3.0,0.0,40.0,649.0,0.0,0.0,Female,East,Bronze,20-40k,Online Web,3.0,1
C11855,0,13.0,71.0,243986.34,3436.427323943662,1734.6317528413904,525.0,17.408450704225352,9.704225352112676,3.0,24.0,7.314285714285714,6.675811533239175,28.0,1.77734375,1.0,4699.8,11.0,33013.520000000004,26.0,88637.54,53.0,187545.62,0.6875,0.9285714285714286,0.010967925839844692,14.0,0.0,,0.0,50.0,526.0,1.0,1.0,Female,East,Platinum,<20k,In-Store,1.0,1
C11856,1,22.0,8.0,6188.68,773.585,599.1952346749287,456.0,6.75,3.25,1.0,1.0,62.0,45.4972526643093,135.0,0.3548387096774194,1.0,954.46,2.0,2051.27,3.0,2838.74,7.0,5458.79,1.0,0.6,0.04763165184204857,8.0,1.0,2.0,1.0,29.0,571.0,0.0,1.0,Female,Bangkok,Silver,40-70k,Online Web,2.0,1
C11857,0,,,,,,,,,,,,,,,,,,,,,,,,,,,,,,,,,,,,,,,,0
C11858,0,11.0,21.0,33965.25,1617.392857142857,1108.5580465277533,359.0,12.523809523809524,6.428571428571429,3.0,9.0,17.4,16.400898563316904,62.0,0.632183908045977,3.0,5501.66,7.0,10010.91,10.0,12073.17,21.0,33965.25,1.75,0.8333333333333334,0.013042619159007502,13.0,0.0,,0.0,31.0,374.0,0.0,0.0,Female,South,Silver,40-70k,In-Store,3.0,1
C11859,0,3.0,5.0,2018.6399999999999,403.72799999999995,410.94387472013744,212.0,4.0,2.6,3.0,3.0,52.25,24.3635656941535,67.0,0.05741626794258373,1.0,1118.99,3.0,1539.23,4.0,1911.32,5.0,2018.6399999999999,1.5,2.0,0.09704373342160234,5.0,0.0,,0.0,30.0,212.0,0.0,0.0,Male,Bangkok,Silver,20-40k,In-Store,1.0,1
C11860,0,24.0,18.0,25799.809999999998,1433.3227777777777,1070.2645487740022,388.0,8.555555555555555,4.333333333333333,1.0,13.0,21.41176470588235,21.4710817832073,67.0,1.120879120879121,1.0,2503.95,5.0,6978.639999999999,8.0,10211.39,16.0,24392.84,1.25,0.8888888888888888,0.010744240226809643,13.0,0.0,,0.0,35.0,407.0,1.0,0.0,Male,North,Silver,40-70k,In-Store,2.0,1
C11861,0,0.0,26.0,28645.29,1101.741923076923,655.8593175309426,564.0,8.307692307692308,4.576923076923077,3.0,15.0,22.56,22.58517212686235,72.0,0.0,1.0,785.88,6.0,6252.15,8.0,9058.44,16.0,18023.31,2.0,0.8888888888888888,0.0,12.0,2.0,4.0,0.0,36.0,618.0,1.0,0.0,Female,Northeast,Silver,40-70k,In-Store,1.0,1
C11862,0,,,,,,,,,,,,,,,,,,,,,,,,,,,,,,,,,,,,,,,,0
C11863,0,27.0,3.0,4991.41,1663.8033333333333,584.3382792812168,38.0,10.333333333333334,5.333333333333333,1.0,1.0,5.5,4.949747468305833,9.0,4.909090909090909,1.0,2273.75,3.0,4991.41,3.0,4991.41,3.0,4991.41,3.0,3.0,0.03672718711161545,10.0,0.0,,0.0,25.0,62.0,1.0,1.0,Female,North,Gold,40-70k,Mobile App,2.0,1
C11864,0,202.0,2.0,1035.8700000000001,517.9350000000001,680.8236221298436,277.0,3.5,2.0,1.0,1.0,75.0,,75.0,2.6933333333333334,0.0,0.0,0.0,0.0,0.0,0.0,2.0,1035.8700000000001,0.0,0.0,0.040230151303171535,4.0,1.0,3.0,0.0,35.0,392.0,1.0,0.0,Male,Northeast,Bronze,20-40k,Mobile App,1.0,1
C11865,0,2.0,26.0,28175.9,1083.6884615384615,666.1043928075676,524.0,8.307692307692308,4.538461538461538,1.0,1.0,20.88,19.436477733032458,88.0,0.09578544061302682,3.0,4889.37,5.0,7801.360000000001,10.0,13876.76,20.0,24880.36,0.8333333333333334,0.9090909090909091,0.020936180977336828,13.0,1.0,4.0,0.0,32.0,535.0,1.0,0.0,Female,Unknown,Silver,<20k,Online Web,2.0,1
C11866,0,113.0,5.0,1763.15,352.63,174.22328245673714,261.0,5.8,3.4,2.0,2.0,37.0,39.42080668885405,93.0,3.054054054054054,0.0,0.0,0.0,0.0,2.0,670.64,5.0,1763.15,0.0,0.5,0.03987213905694386,7.0,0.0,,0.0,29.0,351.0,1.0,1.0,Male,South,Bronze,20-40k,Online Web,2.0,1
C11867,0,7.0,4.0,3739.32,934.83,660.5315620518573,133.0,6.25,3.25,2.0,2.0,42.0,37.36308338453881,76.0,0.16666666666666666,2.0,2415.63,3.0,3202.6000000000004,4.0,3739.32,4.0,3739.32,1.5,4.0,0.025365945202051793,9.0,1.0,4.0,0.0,28.0,139.0,0.0,1.0,Female,Central,Bronze,<20k,In-Store,1.0,1
C11868,0,0.0,44.0,102568.31999999999,2331.0981818181817,2031.2922985767168,366.0,10.386363636363637,5.7272727272727275,3.0,21.0,8.511627906976743,6.818644234126284,30.0,0.0,5.0,6929.32,12.0,18331.71,26.0,61484.42,43.0,99459.44,0.8,1.4444444444444444,0.01406335686309944,14.0,4.0,3.75,0.0,40.0,370.0,1.0,0.0,Female,Bangkok,Gold,40-70k,In-Store,1.0,1
C11869,0,52.0,4.0,1935.76,483.94,343.2666269825833,118.0,4.5,2.25,3.0,2.0,22.0,24.576411454889016,50.0,2.3636363636363638,0.0,0.0,3.0,1509.09,4.0,1935.76,4.0,1935.76,1.5,4.0,0.11359806579236574,5.0,0.0,,0.0,36.0,135.0,1.0,1.0,Female,Central,Bronze,70-120k,Online Web,3.0,1
C11870,0,1.0,57.0,163042.25,2860.3903508771928,1385.3591581723556,489.0,15.87719298245614,8.350877192982455,3.0,7.0,8.714285714285714,6.958877353853422,28.0,0.11475409836065575,4.0,12043.75,14.0,39471.21,21.0,56585.31,42.0,111272.07,1.75,0.9545454545454546,0.014570364894046018,14.0,0.0,,0.0,33.0,489.0,1.0,0.0,Male,South,Gold,70-120k,Mobile App,3.0,1
C11871,0,0.0,86.0,231050.48,2686.6334883720933,1555.2723106228186,627.0,13.406976744186046,7.4186046511627906,3.0,2.0,7.376470588235295,7.9925210138518095,39.0,0.0,7.0,16942.43,15.0,40472.94,31.0,79535.19,59.0,148871.15,0.8823529411764706,1.0689655172413792,0.0339379142601924,14.0,0.0,,0.0,32.0,627.0,1.0,1.0,Male,Central,Gold,40-70k,Online Web,3.0,1
C11872,1,85.0,12.0,6975.13,581.2608333333334,400.7678137924373,370.0,5.833333333333333,3.5833333333333335,3.0,4.0,25.90909090909091,19.98726867510689,67.0,3.280701754385965,0.0,0.0,1.0,1492.38,3.0,2171.71,10.0,6602.400000000001,0.3333333333333333,0.375,0.06557467091425953,11.0,1.0,4.0,0.0,35.0,394.0,0.0,1.0,Female,Bangkok,Bronze,40-70k,Online Web,2.0,1
C11873,0,17.0,33.0,32062.62,971.5945454545454,627.9219971167342,612.0,7.151515151515151,4.03030303030303,3.0,6.0,18.59375,20.15241820917329,81.0,0.9142857142857143,3.0,3567.87,5.0,4180.79,11.0,10504.0,19.0,18993.379999999997,0.7142857142857143,1.2222222222222223,0.01304697001551723,13.0,0.0,,0.0,37.0,627.0,0.0,1.0,Female,Northeast,Gold,<20k,Mobile App,1.0,1
C11874,0,,,,,,,,,,,,,,,,,,,,,,,,,,,,,,,,,,,,,,,,0
C11875,0,4.0,3.0,2924.54,974.8466666666667,1108.4572571972874,93.0,9.333333333333334,4.666666666666667,2.0,3.0,44.5,17.67766952966369,57.0,0.0898876404494382,1.0,2247.37,2.0,2705.08,3.0,2924.54,3.0,2924.54,1.0,3.0,0.06878391114960389,8.0,1.0,3.0,0.0,47.0,176.0,1.0,0.0,Female,Northeast,Gold,20-40k,In-Store,1.0,1
C11876,0,4.0,9.0,2411.02,267.8911111111111,253.3775880205491,375.0,3.3333333333333335,1.8888888888888888,2.0,9.0,46.375,25.922618364222835,91.0,0.0862533692722372,1.0,460.3,2.0,1086.58,4.0,1259.25,8.0,1726.82,0.6666666666666666,0.8,0.04425866244891325,9.0,0.0,,0.0,34.0,410.0,1.0,0.0,Male,Unknown,Silver,<20k,In-Store,1.0,1
C11877,0,33.0,26.0,41495.06,1595.9638461538461,732.3557817677248,491.0,12.961538461538462,6.8076923076923075,3.0,5.0,18.32,17.055595367307863,64.0,1.8013100436681222,0.0,0.0,3.0,6145.62,9.0,16093.380000000001,22.0,35231.36,0.42857142857142855,0.6428571428571429,0.016264156221625328,14.0,0.0,,0.0,28.0,508.0,0.0,0.0,Male,Central,Gold,20-40k,Online Web,2.0,1
C11878,0,,,,,,,,,,,,,,,,,,,,,,,,,,,,,,,,,,,,,,,,0
C11879,1,71.0,8.0,2852.83,356.60375,86.38060115186245,337.0,5.375,3.125,1.0,1.0,38.0,41.06498914322678,125.0,1.868421052631579,0.0,0.0,2.0,691.3299999999999,5.0,1742.0,8.0,2852.83,0.5,1.25,0.10685784950612838,10.0,1.0,3.0,1.0,34.0,365.0,0.0,1.0,Male,South,Bronze,20-40k,Mobile App,2.0,1
C11880,0,0.0,61.0,157319.72,2579.0118032786886,1091.0338887824219,533.0,14.295081967213115,7.770491803278689,3.0,6.0,8.883333333333333,7.542178947547991,45.0,0.0,4.0,12441.98,12.0,31322.08,21.0,55802.48,45.0,117631.57,1.2,0.84,0.0007896773488740922,14.0,1.0,3.0,0.0,34.0,536.0,0.0,1.0,Male,East,Platinum,20-40k,Online Web,3.0,1
C11881,0,7.0,9.0,7710.3,856.7,502.01745970633334,163.0,6.666666666666667,3.4444444444444446,3.0,5.0,19.5,14.272851351929848,49.0,0.358974358974359,2.0,987.87,4.0,1879.5500000000002,9.0,7710.3,9.0,7710.3,0.6666666666666666,9.0,0.053273691487284766,10.0,1.0,2.0,0.0,33.0,215.0,1.0,1.0,Male,Bangkok,Silver,Unknown,In-Store,2.0,1
C11882,0,,,,,,,,,,,,,,,,,,,,,,,,,,,,,,,,,,,,,,,,0
C11883,0,21.0,18.0,21591.94,1199.552222222222,677.962505796124,300.0,10.722222222222221,5.833333333333333,3.0,13.0,16.41176470588235,14.692935477336599,50.0,1.2795698924731185,1.0,824.35,3.0,4656.86,7.0,9196.86,18.0,21591.94,0.6,0.5833333333333334,0.01247354750837767,14.0,0.0,,0.0,34.0,301.0,1.0,1.0,Male,Bangkok,Gold,70-120k,In-Store,1.0,1
C11884,0,28.0,12.0,9625.07,802.0891666666666,417.7421114528204,259.0,6.666666666666667,3.25,1.0,1.0,21.0,17.424121211699603,57.0,1.3333333333333333,1.0,780.31,3.0,1925.05,7.0,5364.35,12.0,9625.07,0.6,1.1666666666666667,0.005891277830968662,13.0,1.0,3.0,0.0,32.0,261.0,1.0,1.0,Male,South,Gold,20-40k,Online Web,2.0,1
C11885,0,17.0,22.0,30741.13,1397.324090909091,767.8055063600112,310.0,10.136363636363637,5.318181818181818,1.0,1.0,13.952380952380953,12.245310083767542,47.0,1.2184300341296928,2.0,2486.0699999999997,6.0,11450.82,11.0,19395.95,22.0,30741.13,1.0,0.9166666666666666,0.018219753561138006,14.0,1.0,5.0,1.0,29.0,313.0,1.0,1.0,Male,Northeast,Silver,>120k,Mobile App,3.0,1
C11886,0,13.0,20.0,28242.65,1412.1325000000002,704.6565155552552,377.0,11.05,5.8,3.0,13.0,19.157894736842106,21.24006475689735,87.0,0.6785714285714285,2.0,4184.91,5.0,9209.32,11.0,18650.47,19.0,26851.47,0.7142857142857143,1.2222222222222223,0.02312189111944085,14.0,0.0,,0.0,40.0,377.0,1.0,1.0,Male,Unknown,Gold,40-70k,In-Store,2.0,1
C11887,0,19.0,25.0,46972.77,1878.9107999999999,1143.3021525021284,436.0,12.0,6.4,3.0,2.0,17.375,16.169785296092808,59.0,1.0935251798561152,3.0,3948.46,7.0,8497.54,12.0,20580.86,19.0,36985.22,1.1666666666666667,1.5,0.04783297984756091,14.0,1.0,4.0,0.0,33.0,448.0,1.0,1.0,Female,Bangkok,Bronze,<20k,Mobile App,3.0,1
C11888,0,140.0,5.0,2815.27,563.054,480.1076757145214,261.0,7.6,4.0,2.0,5.0,30.25,25.863423336183992,53.0,4.628099173553719,0.0,0.0,0.0,0.0,1.0,109.08,5.0,2815.27,0.0,0.2,0.07118985170155556,8.0,0.0,,0.0,31.0,427.0,0.0,1.0,Male,Bangkok,Bronze,<20k,In-Store,2.0,1
C11889,0,82.0,8.0,5712.71,714.08875,710.4530770358047,437.0,7.125,3.5,1.0,6.0,50.714285714285715,20.718062053148095,78.0,1.6169014084507043,0.0,0.0,1.0,515.98,3.0,969.83,6.0,4682.65,0.3333333333333333,0.75,0.013623154874033302,11.0,0.0,,0.0,30.0,451.0,1.0,1.0,Male,East,Silver,40-70k,In-Store,1.0,1
C11890,0,2.0,11.0,4831.14,439.1945454545455,327.24116795915626,364.0,4.181818181818182,2.272727272727273,2.0,3.0,36.2,32.23455702606547,98.0,0.055248618784530384,1.0,806.44,2.0,1201.66,4.0,2506.08,11.0,4831.14,0.6666666666666666,0.5,0.08206807053677798,9.0,1.0,3.0,0.0,35.0,435.0,0.0,1.0,Male,East,Bronze,40-70k,Mobile App,2.0,1
C11891,0,32.0,13.0,5371.81,413.2161538461539,475.69782629554624,591.0,4.230769230769231,2.3076923076923075,2.0,2.0,46.583333333333336,42.04209650799873,116.0,0.6869409660107334,0.0,0.0,1.0,316.03,2.0,459.96999999999997,6.0,3462.9,0.5,0.4,0.027999384787978036,11.0,1.0,3.0,0.0,46.0,665.0,0.0,1.0,Female,Bangkok,Silver,70-120k,Online Web,1.0,1
C11892,0,2.0,36.0,113826.39,3161.8441666666668,1651.7018801611437,415.0,15.694444444444445,8.472222222222221,3.0,3.0,11.8,11.684076645538726,58.0,0.1694915254237288,3.0,12217.15,5.0,16944.68,13.0,43336.83,32.0,104066.77,0.5555555555555556,0.65,0.01475107155602685,14.0,1.0,3.0,0.0,50.0,415.0,1.0,0.0,Female,Bangkok,Platinum,40-70k,Online Web,1.0,1
C11893,0,23.0,10.0,4247.5599999999995,424.756,407.83143010589833,311.0,4.0,2.5,1.0,8.0,32.0,32.12475680841802,98.0,0.71875,1.0,999.67,2.0,1306.9299999999998,5.0,2817.43,10.0,4247.5599999999995,0.5,0.8333333333333334,0.06318220214687596,11.0,0.0,,0.0,18.0,366.0,0.0,1.0,Male,Bangkok,Silver,20-40k,In-Store,2.0,1
C11894,0,9.0,70.0,125926.2,1798.9457142857143,1106.6335142374558,522.0,11.314285714285715,6.0285714285714285,3.0,24.0,7.434782608695652,6.547290101456805,32.0,1.2105263157894737,2.0,2323.31,7.0,9328.609999999999,22.0,37970.07,45.0,80885.01,0.4375,0.9166666666666666,0.0007811963770579804,14.0,2.0,4.0,1.0,52.0,533.0,0.0,1.0,Female,Central,Bronze,70-120k,In-Store,1.0,1
C11895,0,1.0,15.0,22628.18,1508.5453333333332,885.4334277376465,380.0,13.466666666666667,7.066666666666666,3.0,12.0,27.071428571428573,34.66202596438996,139.0,0.036939313984168866,4.0,7846.23,5.0,10017.57,5.0,10017.57,14.0,20584.76,5.0,0.5,0.02737244788308618,14.0,0.0,,0.0,42.0,381.0,1.0,1.0,Male,Northeast,Gold,20-40k,In-Store,1.0,1
C11896,1,17.0,3.0,4974.389999999999,1658.1299999999999,1166.8569191207635,30.0,9.0,5.666666666666667,2.0,2.0,6.5,2.1213203435596424,8.0,2.6153846153846154,2.0,3989.15,3.0,4974.389999999999,3.0,4974.389999999999,3.0,4974.389999999999,3.0,3.0,0.06999713953997072,10.0,2.0,1.5,0.0,18.0,56.0,1.0,0.0,Male,Bangkok,Silver,40-70k,Online Web,3.0,1
C11897,0,15.0,65.0,215335.3,3312.850769230769,1642.3725112749503,528.0,18.215384615384615,9.723076923076922,3.0,21.0,8.015625,8.119137078825672,37.0,1.871345029239766,5.0,16353.54,17.0,56340.49,27.0,89695.85,46.0,158852.58,1.5454545454545454,1.35,0.027985896234259157,14.0,0.0,,0.0,44.0,537.0,1.0,0.0,Female,Bangkok,Gold,70-120k,In-Store,2.0,1
C11898,1,21.0,3.0,2907.13,969.0433333333334,1158.879761421923,60.0,5.333333333333333,2.3333333333333335,1.0,3.0,19.5,10.606601717798213,27.0,1.0769230769230769,1.0,2280.02,3.0,2907.13,3.0,2907.13,3.0,2907.13,3.0,3.0,0.02547986349953405,6.0,0.0,,0.0,29.0,71.0,1.0,0.0,Female,East,Silver,40-70k,In-Store,1.0,1
C11899,0,12.0,61.0,159862.84,2620.7022950819673,1478.108920775003,540.0,13.737704918032787,7.60655737704918,3.0,7.0,8.8,7.262161045504807,33.0,1.3636363636363635,5.0,18121.89,11.0,38212.83,18.0,47596.67,42.0,104085.23,1.375,0.72,0.015966590978815774,14.0,0.0,,0.0,48.0,547.0,0.0,1.0,Male,Northeast,Platinum,40-70k,Mobile App,2.0,1
C11900,0,3.0,12.0,7064.83,588.7358333333333,531.4051252440139,295.0,6.166666666666667,3.4166666666666665,1.0,1.0,26.545454545454547,20.07168969650356,59.0,0.11301369863013698,1.0,1543.99,3.0,2452.84,5.0,3156.08,12.0,7064.83,1.0,0.625,0.09373901621175076,11.0,1.0,3.0,0.0,43.0,321.0,1.0,1.0,Male,Central,Bronze,70-120k,Mobile App,1.0,1
C11901,0,63.0,15.0,9491.25,632.75,582.6412603088505,425.0,5.533333333333333,3.066666666666667,2.0,2.0,25.857142857142858,26.80372288394954,91.0,2.43646408839779,0.0,0.0,2.0,670.2800000000001,6.0,3151.1,12.0,8659.61,0.4,0.8571428571428571,0.05068798553315002,12.0,0.0,,0.0,30.0,656.0,0.0,0.0,Female,North,Silver,70-120k,Online Web,3.0,1
C11902,0,,,,,,,,,,,,,,,,,,,,,,,,,,,,,,,,,,,,,,,,0
C11903,0,,,,,,,,,,,,,,,,,,,,,,,,,,,,,,,,,,,,,,,,0
C11904,1,26.0,15.0,14983.95,998.9300000000001,793.1196816009909,515.0,6.6,3.8,3.0,11.0,34.92857142857143,28.28553390995879,109.0,0.7443762781186094,1.0,1625.2,1.0,1625.2,6.0,7547.34,10.0,9820.67,0.16666666666666666,1.2,0.012982641505456806,12.0,1.0,4.0,0.0,50.0,522.0,0.0,1.0,Female,Bangkok,Silver,20-40k,In-Store,2.0,1
C11905,1,103.0,21.0,29318.760000000002,1396.1314285714286,1278.8578719517104,461.0,7.380952380952381,4.0476190476190474,2.0,15.0,17.9,14.899311181534888,63.0,5.754189944134079,0.0,0.0,0.0,0.0,4.0,4310.28,18.0,27506.0,0.0,0.26666666666666666,0.015251814992518353,14.0,2.0,3.5,0.0,33.0,473.0,1.0,0.0,Female,Northeast,Platinum,>120k,In-Store,1.0,1
C11906,0,25.0,3.0,3748.1400000000003,1249.38,626.4720459844956,67.0,8.666666666666666,4.0,1.0,3.0,21.0,9.899494936611665,28.0,1.1904761904761905,1.0,1737.48,3.0,3748.1400000000003,3.0,3748.1400000000003,3.0,3748.1400000000003,3.0,3.0,0.03428321137792435,7.0,0.0,,0.0,25.0,95.0,1.0,1.0,Male,Bangkok,Bronze,40-70k,In-Store,1.0,1
C11907,1,3.0,15.0,13642.48,909.4986666666666,444.8272319976225,583.0,8.333333333333334,4.733333333333333,3.0,3.0,41.42857142857143,38.56805032010959,140.0,0.07241379310344827,1.0,1179.7,1.0,1179.7,3.0,2472.87,9.0,8142.54,0.3333333333333333,0.42857142857142855,0.12332182634645883,14.0,0.0,,0.0,34.0,585.0,0.0,1.0,Male,Central,Bronze,<20k,Online Web,3.0,1
C11908,1,24.0,3.0,4125.03,1375.01,768.1215252158996,93.0,11.333333333333334,5.666666666666667,1.0,1.0,34.5,41.71930009000631,64.0,0.6956521739130435,1.0,617.76,2.0,1971.47,3.0,4125.03,3.0,4125.03,1.0,3.0,0.00457289851784999,9.0,1.0,4.0,1.0,20.0,103.0,0.0,1.0,Female,Central,Bronze,20-40k,Mobile App,3.0,1
C11909,0,96.0,8.0,4705.5199999999995,588.1899999999999,434.1149822997853,474.0,6.625,3.25,2.0,2.0,54.0,70.75780286771676,207.0,1.7777777777777777,0.0,0.0,0.0,0.0,1.0,742.56,4.0,3315.65,0.0,0.25,0.07671901611295552,10.0,0.0,,0.0,40.0,478.0,0.0,0.0,Female,Bangkok,Gold,<20k,Mobile App,1.0,1
C11910,0,11.0,20.0,12052.460000000001,602.623,557.3260678699395,577.0,4.7,2.55,2.0,13.0,29.789473684210527,23.287046822377505,80.0,0.3692579505300353,1.0,342.91,3.0,1407.37,6.0,2029.0900000000001,10.0,3141.67,0.75,1.2,0.05347147996635601,12.0,0.0,,0.0,33.0,653.0,1.0,1.0,Female,Central,Bronze,20-40k,In-Store,1.0,1
C11911,0,3.0,64.0,216357.36,3380.58375,1913.9527029878775,418.0,15.0,8.125,3.0,10.0,6.587301587301587,6.1843583145235685,27.0,0.45542168674698796,3.0,10055.39,12.0,39779.979999999996,28.0,86564.73,53.0,173527.74,0.7058823529411765,1.0769230769230769,0.010361870016242595,14.0,1.0,5.0,0.0,33.0,439.0,1.0,1.0,Female,Central,Platinum,70-120k,Mobile App,1.0,1
C11912,0,8.0,38.0,58266.36,1533.3252631578948,800.7722997907027,628.0,10.763157894736842,5.7894736842105265,2.0,2.0,16.756756756756758,16.76538332630895,80.0,0.4774193548387096,3.0,3189.94,4.0,4578.1,12.0,16138.6,25.0,36766.91,0.4444444444444444,0.8571428571428571,0.021185838478014366,14.0,0.0,,0.0,38.0,639.0,1.0,1.0,Female,Bangkok,Gold,40-70k,Mobile App,2.0,1
C11913,0,20.0,26.0,20880.99,803.115,763.4426339221567,477.0,5.653846153846154,3.1538461538461537,3.0,4.0,18.28,15.412440862281786,55.0,1.0940919037199124,2.0,2186.31,3.0,2945.54,9.0,7440.3,20.0,15020.27,0.42857142857142855,0.75,0.03253637198880798,14.0,1.0,4.0,1.0,18.0,486.0,1.0,1.0,Male,Unknown,Platinum,>120k,Online Web,2.0,1
C11914,0,14.0,74.0,183011.51,2473.1285135135136,1562.2244426499126,637.0,13.0,6.594594594594595,3.0,23.0,8.534246575342467,7.4667451479893705,42.0,1.640449438202247,6.0,13981.09,14.0,29869.2,29.0,68849.0,46.0,119727.68,0.875,1.6111111111111112,0.004430549417503382,14.0,1.0,4.0,0.0,41.0,645.0,1.0,0.0,Female,East,Gold,>120k,In-Store,3.0,1
C11915,1,58.0,12.0,16159.73,1346.6441666666667,824.410899981516,554.0,9.5,4.916666666666667,2.0,5.0,45.09090909090909,48.7677240507583,180.0,1.286290322580645,0.0,0.0,1.0,653.93,3.0,1878.02,10.0,13878.83,0.3333333333333333,0.375,0.05862488196205426,11.0,1.0,4.0,0.0,26.0,568.0,1.0,1.0,Male,North,Silver,Unknown,Mobile App,1.0,1
C11916,0,1.0,4.0,8011.52,2002.88,391.10284913306367,114.0,6.5,3.75,3.0,2.0,37.666666666666664,11.590225767142474,50.0,0.026548672566371685,1.0,1706.48,3.0,6317.01,4.0,8011.52,4.0,8011.52,1.5,4.0,0.0,10.0,0.0,,0.0,24.0,125.0,0.0,1.0,Female,Northeast,Silver,<20k,In-Store,2.0,1
C11917,0,23.0,6.0,2703.29,450.54833333333335,277.6171537507484,177.0,5.833333333333333,4.166666666666667,2.0,5.0,30.8,21.787611158637837,58.0,0.7467532467532467,1.0,347.13,3.0,910.76,6.0,2703.29,6.0,2703.29,0.75,6.0,0.08365535849875258,9.0,1.0,4.0,0.0,21.0,347.0,1.0,0.0,Female,South,Bronze,Unknown,In-Store,3.0,1
C11918,0,13.0,1.0,2556.05,2556.05,,13.0,5.0,4.0,1.0,1.0,,,,,1.0,2556.05,1.0,2556.05,1.0,2556.05,1.0,2556.05,1.0,1.0,0.012223304272553021,4.0,0.0,,0.0,35.0,60.0,1.0,0.0,Female,Central,Bronze,40-70k,In-Store,2.0,1
C11919,0,3.0,8.0,4037.12,504.64,220.43351728550073,631.0,7.75,4.125,1.0,7.0,89.71428571428571,43.633757137161155,148.0,0.03343949044585987,1.0,542.26,2.0,857.45,2.0,857.45,5.0,2823.54,2.0,0.5,0.060131628878267736,11.0,1.0,3.0,0.0,45.0,649.0,0.0,1.0,Male,Bangkok,Silver,20-40k,In-Store,1.0,1
C11920,0,66.0,13.0,4816.91,370.53153846153845,284.8040453494927,502.0,5.0,2.5384615384615383,3.0,2.0,36.333333333333336,34.07834111768548,109.0,1.81651376146789,0.0,0.0,2.0,968.5699999999999,5.0,1820.1,8.0,2502.6899999999996,0.5,1.25,0.09398675845465146,11.0,1.0,5.0,0.0,41.0,523.0,0.0,1.0,Female,Bangkok,Bronze,70-120k,Mobile App,2.0,1
C11921,1,67.0,3.0,2805.78,935.2600000000001,200.18354802530604,114.0,6.0,4.666666666666667,2.0,3.0,23.5,16.263455967290593,35.0,2.851063829787234,0.0,0.0,2.0,2076.4700000000003,3.0,2805.78,3.0,2805.78,1.0,3.0,0.04141441749231295,9.0,0.0,,0.0,27.0,143.0,1.0,1.0,Female,Northeast,Gold,70-120k,In-Store,1.0,1
C11922,1,103.0,20.0,19069.01,953.4504999999999,609.4067830316627,615.0,7.5,3.5,2.0,13.0,26.94736842105263,27.643511764789555,94.0,3.822265625,0.0,0.0,0.0,0.0,4.0,3911.63,9.0,9225.83,0.0,0.6666666666666666,0.052677727778997666,13.0,2.0,3.0,1.0,24.0,617.0,1.0,0.0,Female,Bangkok,Gold,40-70k,In-Store,3.0,1
C11923,0,46.0,7.0,4297.19,613.8842857142856,318.3719392396856,561.0,5.714285714285714,2.857142857142857,2.0,3.0,85.83333333333333,65.82223535148792,203.0,0.5359223300970875,0.0,0.0,1.0,666.33,1.0,666.33,4.0,2605.0,1.0,0.25,0.05585936727577926,6.0,2.0,4.0,0.0,34.0,578.0,0.0,1.0,Female,Bangkok,Bronze,70-120k,Online Web,1.0,1
C11924,0,40.0,5.0,4200.15,840.03,364.3985794428952,160.0,6.2,2.8,2.0,5.0,30.0,39.15780041490243,86.0,1.3333333333333333,0.0,0.0,2.0,2204.38,5.0,4200.15,5.0,4200.15,0.5,5.0,0.07636434805746568,6.0,0.0,,0.0,44.0,229.0,0.0,1.0,Male,North,Silver,20-40k,In-Store,3.0,1
C11925,1,135.0,3.0,553.29,184.42999999999998,269.12987701108176,223.0,2.6666666666666665,1.6666666666666667,3.0,2.0,44.0,19.79898987322333,58.0,3.0681818181818183,0.0,0.0,0.0,0.0,1.0,494.8,3.0,553.29,0.0,0.3333333333333333,0.0,3.0,1.0,2.0,0.0,27.0,332.0,0.0,1.0,Female,Bangkok,Bronze,40-70k,Mobile App,1.0,1
C11926,1,0.0,3.0,2405.91,801.9699999999999,788.1617045378442,11.0,8.0,4.333333333333333,1.0,1.0,5.5,2.1213203435596424,7.0,0.0,3.0,2405.91,3.0,2405.91,3.0,2405.91,3.0,2405.91,3.0,3.0,0.01154473482031709,8.0,3.0,2.3333333333333335,1.0,18.0,12.0,0.0,1.0,Female,Bangkok,Silver,40-70k,Mobile App,3.0,1
C11927,0,1.0,70.0,198045.62,2829.2231428571426,1316.6138314295954,519.0,15.271428571428572,8.4,2.0,25.0,7.507246376811594,6.792346879362263,35.0,0.13320463320463322,3.0,4799.71,9.0,25325.329999999998,24.0,70065.87,48.0,141187.21,0.5625,0.96,0.0,14.0,0.0,,0.0,41.0,529.0,0.0,1.0,Male,Bangkok,Platinum,70-120k,In-Store,2.0,1
C11928,0,4.0,24.0,33563.19,1398.4662500000002,997.1201989765652,595.0,10.916666666666666,5.416666666666667,3.0,6.0,25.695652173913043,28.723501278425296,137.0,0.155668358714044,3.0,2903.89,5.0,4947.23,7.0,7681.87,14.0,17181.94,1.6666666666666667,0.875,0.022073514084911264,14.0,0.0,,0.0,27.0,596.0,1.0,1.0,Female,Northeast,Gold,<20k,Mobile App,3.0,1
C11929,0,13.0,58.0,123322.79,2126.255,1294.8666382136703,553.0,11.810344827586206,6.586206896551724,3.0,21.0,9.473684210526315,8.831973697792373,49.0,1.3722222222222222,1.0,3052.86,10.0,19346.63,19.0,35686.05,35.0,75639.83,1.0,1.1176470588235294,0.016999419554955996,14.0,0.0,,0.0,44.0,554.0,1.0,1.0,Male,Northeast,Gold,70-120k,In-Store,2.0,1
C11930,1,74.0,4.0,7435.49,1858.8725,1380.7639359034793,188.0,9.25,4.0,2.0,4.0,38.0,33.406586176980134,74.0,1.9473684210526316,0.0,0.0,2.0,1838.48,3.0,3823.84,4.0,7435.49,1.0,1.5,0.010380010328103624,8.0,1.0,3.0,0.0,35.0,190.0,1.0,1.0,Female,South,Silver,70-120k,In-Store,1.0,1
C11931,1,21.0,21.0,15041.96,716.2838095238095,516.7989910639938,397.0,6.095238095238095,3.7142857142857144,2.0,15.0,18.8,20.27599046837624,79.0,1.1170212765957446,2.0,1416.6100000000001,5.0,2906.73,8.0,7001.6,17.0,11560.82,1.25,0.8,0.08898775744552506,13.0,2.0,2.0,1.0,23.0,413.0,0.0,1.0,Male,South,Platinum,20-40k,In-Store,1.0,1
C11932,0,60.0,4.0,1610.23,402.5575,216.77962363884666,401.0,4.75,2.5,1.0,4.0,113.66666666666667,101.79063480170134,231.0,0.5278592375366569,0.0,0.0,1.0,292.84,2.0,892.3799999999999,3.0,1043.54,0.5,1.0,0.06854743077287952,7.0,1.0,2.0,0.0,33.0,438.0,1.0,0.0,Male,Bangkok,Bronze,20-40k,In-Store,1.0,1
C11933,0,34.0,3.0,2100.0499999999997,700.0166666666665,422.7359142932303,131.0,8.333333333333334,6.0,3.0,2.0,48.5,54.44722215136416,87.0,0.7010309278350515,0.0,0.0,1.0,1156.8,3.0,2100.0499999999997,3.0,2100.0499999999997,0.3333333333333333,3.0,0.07412551032105036,11.0,0.0,,0.0,37.0,156.0,1.0,0.0,Male,North,Bronze,20-40k,In-Store,1.0,1
C11934,0,38.0,11.0,6754.4400000000005,614.0400000000001,390.37394641548514,367.0,6.2727272727272725,3.1818181818181817,3.0,9.0,32.9,24.91518947683655,80.0,1.155015197568389,0.0,0.0,1.0,542.78,5.0,2399.55,10.0,5926.43,0.2,0.8333333333333334,0.08591364787908971,13.0,0.0,,0.0,36.0,373.0,1.0,0.0,Female,North,Silver,70-120k,In-Store,2.0,1
C11935,1,78.0,8.0,8572.86,1071.6075,660.3608477783729,324.0,7.875,3.875,1.0,7.0,35.142857142857146,25.129190008358616,70.0,2.219512195121951,0.0,0.0,2.0,1587.6299999999999,5.0,5038.5,8.0,8572.86,0.5,1.25,0.032648777955812336,11.0,2.0,4.5,0.0,23.0,353.0,1.0,0.0,Female,Northeast,Silver,<20k,In-Store,3.0,1
C11936,0,21.0,18.0,29797.73,1655.4294444444445,1096.7627503782758,449.0,11.944444444444445,6.333333333333333,2.0,14.0,25.176470588235293,21.089794019020335,74.0,0.8341121495327103,1.0,1199.39,1.0,1199.39,6.0,13589.33,15.0,27623.55,0.16666666666666666,0.6,0.030100109105775315,14.0,1.0,4.0,0.0,36.0,455.0,1.0,0.0,Female,Bangkok,Gold,20-40k,In-Store,3.0,1
C11937,0,0.0,26.0,45109.22,1734.97,1057.5754517347686,632.0,11.461538461538462,5.961538461538462,3.0,3.0,25.28,28.04686554085263,114.0,0.0,3.0,5812.219999999999,6.0,7863.6,8.0,10270.52,15.0,26582.37,2.0,1.0,0.03232676558370197,14.0,1.0,4.0,0.0,34.0,639.0,0.0,1.0,Female,Bangkok,Gold,40-70k,Online Web,2.0,1
C11938,1,120.0,12.0,19965.73,1663.8108333333332,856.4295642476527,316.0,13.416666666666666,7.166666666666667,1.0,1.0,17.818181818181817,14.38623079071222,51.0,6.734693877551021,0.0,0.0,0.0,0.0,2.0,3162.65,12.0,19965.73,0.0,0.18181818181818182,0.06446497928215951,14.0,2.0,2.5,1.0,27.0,333.0,0.0,1.0,Female,Northeast,Silver,<20k,Mobile App,1.0,1
C11939,0,43.0,9.0,6184.68,687.1866666666667,352.69971385018164,297.0,7.555555555555555,3.888888888888889,2.0,7.0,31.75,28.574464124459098,83.0,1.3543307086614174,0.0,0.0,4.0,2706.67,7.0,5141.3,9.0,6184.68,1.0,2.3333333333333335,0.08535817068084818,11.0,0.0,,0.0,22.0,310.0,0.0,0.0,Male,Bangkok,Silver,40-70k,In-Store,2.0,1
C11940,0,15.0,20.0,28678.91,1433.9455,691.2417279411778,349.0,11.85,6.75,3.0,14.0,17.57894736842105,13.213275266747976,50.0,0.8532934131736527,1.0,603.76,4.0,3214.95,9.0,11924.81,20.0,28678.91,0.6666666666666666,0.75,0.017982761312802874,14.0,0.0,,0.0,41.0,374.0,0.0,1.0,Male,Bangkok,Gold,40-70k,In-Store,2.0,1
C11941,0,,,,,,,,,,,,,,,,,,,,,,,,,,,,,,,,,,,,,,,,0
C11942,0,8.0,45.0,56779.21,1261.7602222222222,890.030714274638,611.0,8.755555555555556,4.6,3.0,21.0,13.704545454545455,16.180061726180224,65.0,0.5837479270315091,2.0,5793.12,3.0,7364.16,11.0,17741.07,27.0,32398.14,0.3333333333333333,0.6470588235294118,0.03370556098444275,14.0,1.0,3.0,0.0,35.0,664.0,0.0,1.0,Male,South,Silver,40-70k,In-Store,1.0,1
C11943,0,2.0,59.0,181212.2,3071.393220338983,1852.6632530080437,443.0,14.40677966101695,7.745762711864407,3.0,20.0,7.603448275862069,7.184143492814425,45.0,0.26303854875283444,2.0,4759.04,10.0,26163.379999999997,22.0,54204.08,44.0,132816.81,0.7692307692307693,0.9565217391304348,0.0038909949727916194,14.0,0.0,,0.0,26.0,448.0,0.0,0.0,Male,Bangkok,Platinum,Unknown,In-Store,2.0,1
C11944,0,2.0,27.0,36836.12,1364.3007407407408,738.1988383268579,339.0,10.518518518518519,5.962962962962963,3.0,13.0,12.961538461538462,9.754919863251647,42.0,0.1543026706231454,2.0,3029.44,5.0,5891.42,12.0,13461.630000000001,27.0,36836.12,0.625,0.75,0.02980400977567517,13.0,0.0,,0.0,40.0,339.0,0.0,0.0,Female,Northeast,Silver,40-70k,In-Store,3.0,1
C11945,0,32.0,4.0,2980.76,745.19,957.6999483484725,349.0,6.5,2.75,1.0,4.0,105.66666666666667,109.6965511460289,229.0,0.3028391167192429,0.0,0.0,2.0,559.54,3.0,799.3199999999999,4.0,2980.76,1.0,1.5,0.18256734558438387,7.0,0.0,,0.0,18.0,354.0,0.0,0.0,Female,South,Bronze,70-120k,In-Store,2.0,1
C11946,0,7.0,17.0,6164.17,362.59823529411767,306.2818321055645,382.0,4.294117647058823,2.235294117647059,3.0,2.0,23.4375,26.140565538386248,106.0,0.2986666666666667,1.0,456.58,3.0,1036.21,8.0,2820.36,12.0,3464.26,0.5,1.6,0.0431130567068722,11.0,0.0,,0.0,45.0,407.0,1.0,1.0,Male,South,Silver,>120k,Mobile App,2.0,1
C11947,0,16.0,31.0,42139.28,1359.3316129032257,813.0066077554219,507.0,10.580645161290322,6.0,3.0,2.0,16.366666666666667,20.153691085451715,98.0,0.9775967413441955,1.0,1173.81,3.0,5437.03,4.0,6591.24,23.0,33880.75,1.5,0.2,0.01618581751826181,13.0,0.0,,0.0,35.0,520.0,0.0,1.0,Female,Northeast,Gold,<20k,Mobile App,1.0,1
C11948,0,95.0,6.0,1771.29,295.215,257.320833027565,260.0,4.5,2.5,1.0,1.0,33.0,11.467344941179714,43.0,2.878787878787879,0.0,0.0,0.0,0.0,4.0,1465.77,6.0,1771.29,0.0,1.3333333333333333,0.0628442332823652,8.0,0.0,,0.0,60.0,271.0,1.0,1.0,Female,Central,Bronze,20-40k,Mobile App,3.0,1
C11949,0,2.0,56.0,77225.92,1379.0342857142857,887.2175329049949,611.0,8.517857142857142,4.785714285714286,3.0,6.0,11.072727272727272,9.799573961741899,41.0,0.180623973727422,1.0,2428.66,5.0,7578.1,13.0,18973.51,28.0,38432.92,0.5555555555555556,0.8125,0.009602858363033137,14.0,0.0,,0.0,32.0,612.0,1.0,0.0,Female,Central,Gold,<20k,Online Web,2.0,1
C11950,0,13.0,30.0,61331.92,2044.3973333333333,1182.0797052125556,577.0,14.033333333333333,7.466666666666667,2.0,2.0,19.448275862068964,19.877457093215188,82.0,0.6684397163120568,2.0,6463.85,10.0,22375.7,11.0,24205.44,19.0,41909.32,5.0,1.2222222222222223,0.031043092981720262,14.0,0.0,,0.0,18.0,655.0,0.0,1.0,Male,Bangkok,Gold,40-70k,Mobile App,1.0,1
C11951,0,15.0,21.0,33711.39,1605.3042857142857,977.9773678340998,425.0,11.238095238095237,6.0476190476190474,3.0,3.0,20.5,15.364004412227542,51.0,0.7317073170731707,1.0,2854.75,6.0,14723.81,8.0,17076.17,15.0,26629.7,2.0,1.0,0.029375511960992348,12.0,0.0,,0.0,47.0,426.0,1.0,1.0,Male,Central,Silver,70-120k,Online Web,2.0,1
C11952,0,18.0,18.0,28648.39,1591.5772222222222,764.7104518228612,324.0,13.277777777777779,6.666666666666667,3.0,3.0,18.0,27.636027210870957,119.0,1.0,1.0,1257.01,5.0,7525.98,5.0,7525.98,18.0,28648.39,5.0,0.35714285714285715,0.02145407458339439,12.0,0.0,,0.0,41.0,325.0,1.0,1.0,Male,Northeast,Gold,40-70k,Mobile App,3.0,1
C11953,0,2.0,71.0,183858.85,2589.561267605634,1270.5271344715036,558.0,14.732394366197184,7.830985915492958,3.0,25.0,7.942857142857143,6.301335755071034,35.0,0.2517985611510791,2.0,5623.17,12.0,32545.5,23.0,56996.47,48.0,119722.44,1.0,0.8846153846153846,0.034204888416243175,14.0,1.0,3.0,0.0,35.0,558.0,1.0,0.0,Female,Bangkok,Platinum,70-120k,In-Store,2.0,1
C11954,0,15.0,18.0,32963.4,1831.3000000000002,522.3997627465455,394.0,14.333333333333334,8.0,3.0,2.0,22.294117647058822,17.566888974297473,58.0,0.6728232189973615,1.0,1477.26,4.0,7431.1,8.0,15089.65,15.0,27257.15,0.8,1.0,0.008241039963823788,14.0,0.0,,0.0,33.0,395.0,1.0,1.0,Female,East,Platinum,40-70k,Mobile App,3.0,1
C11955,1,16.0,6.0,7161.85,1193.6416666666667,743.4885299832586,282.0,11.0,5.0,2.0,5.0,53.2,39.43602414037196,112.0,0.3007518796992481,1.0,1637.65,3.0,4143.360000000001,4.0,4878.17,6.0,7161.85,1.5,1.3333333333333333,0.04574192387893647,10.0,0.0,,0.0,25.0,422.0,1.0,0.0,Male,Central,Platinum,40-70k,In-Store,2.0,1
C11956,0,78.0,6.0,2359.12,393.18666666666667,272.40641649319986,302.0,4.5,2.3333333333333335,2.0,5.0,44.8,54.755821608300245,133.0,1.7410714285714286,0.0,0.0,1.0,806.54,1.0,806.54,6.0,2359.12,1.0,0.16666666666666666,0.10725962702833616,7.0,0.0,,0.0,39.0,361.0,0.0,1.0,Male,Central,Bronze,>120k,In-Store,3.0,1
C11957,1,10.0,19.0,26920.77,1416.8826315789474,945.7998747670445,376.0,9.842105263157896,5.105263157894737,2.0,11.0,20.333333333333332,17.610157496706936,73.0,0.49180327868852464,1.0,1365.23,5.0,5935.9400000000005,11.0,17474.06,18.0,25835.34,0.7142857142857143,1.375,0.06465248421125046,12.0,2.0,4.0,0.0,50.0,385.0,0.0,0.0,Female,Central,Bronze,<20k,In-Store,1.0,1
C11958,1,160.0,15.0,24960.38,1664.0253333333335,750.1582492273277,435.0,12.133333333333333,6.4,2.0,1.0,19.642857142857142,17.91263903958982,60.0,8.145454545454546,0.0,0.0,0.0,0.0,4.0,8272.7,9.0,14848.39,0.0,0.6666666666666666,0.04126750495587247,14.0,2.0,3.5,0.0,41.0,464.0,0.0,0.0,Female,North,Bronze,40-70k,Online Web,3.0,1
C11959,1,18.0,26.0,32963.27,1267.818076923077,732.6304602677627,534.0,10.384615384615385,5.653846153846154,2.0,1.0,20.64,14.730580436629102,57.0,0.872093023255814,1.0,1766.16,2.0,2302.95,5.0,6831.16,16.0,17399.1,0.5,0.4166666666666667,0.024958122615325866,14.0,0.0,,0.0,18.0,564.0,0.0,0.0,Female,Northeast,Bronze,70-120k,Online Web,2.0,1
C11960,0,56.0,5.0,2790.35,558.0699999999999,434.08116366642776,450.0,5.4,3.6,3.0,4.0,98.5,62.63385665915839,176.0,0.5685279187817259,0.0,0.0,1.0,1019.19,1.0,1019.19,4.0,1998.69,1.0,0.25,0.07969379745248978,9.0,0.0,,0.0,29.0,450.0,1.0,1.0,Female,North,Bronze,<20k,In-Store,2.0,1
C11961,0,114.0,2.0,616.7,308.35,139.30003589374988,120.0,4.5,2.5,1.0,2.0,6.0,,6.0,19.0,0.0,0.0,0.0,0.0,2.0,616.7,2.0,616.7,0.0,2.0,0.0724781542811593,4.0,1.0,2.0,0.0,34.0,558.0,0.0,1.0,Male,Unknown,Bronze,20-40k,In-Store,2.0,1
C11962,0,0.0,16.0,9728.3,608.01875,342.2800469182119,558.0,7.5625,3.875,2.0,1.0,37.2,33.895216687398744,115.0,0.0,2.0,1740.04,4.0,2982.32,5.0,3665.33,7.0,5129.8,2.0,1.6666666666666667,0.040731183262221964,11.0,1.0,5.0,0.0,26.0,603.0,1.0,1.0,Male,Central,Gold,20-40k,Mobile App,3.0,1
C11963,0,7.0,3.0,3017.8199999999997,1005.9399999999999,994.3853098271313,49.0,7.666666666666667,4.0,1.0,2.0,21.0,16.97056274847714,33.0,0.3333333333333333,1.0,2075.54,3.0,3017.8199999999997,3.0,3017.8199999999997,3.0,3017.8199999999997,3.0,3.0,0.025226750045220805,7.0,1.0,3.0,0.0,43.0,92.0,0.0,1.0,Female,Northeast,Bronze,Unknown,In-Store,2.0,1
C11964,1,478.0,7.0,8642.65,1234.6642857142856,428.94413089418936,606.0,12.142857142857142,5.714285714285714,2.0,7.0,21.333333333333332,17.189143860782206,50.0,22.40625,0.0,0.0,0.0,0.0,0.0,0.0,0.0,0.0,0.0,0.0,0.0862470542088998,11.0,0.0,,0.0,34.0,662.0,1.0,0.0,Male,Bangkok,Bronze,40-70k,In-Store,2.0,1
C11965,0,45.0,24.0,17247.66,718.6525,545.0880428705392,560.0,5.25,2.7083333333333335,3.0,14.0,22.391304347826086,17.685996336174053,70.0,2.0097087378640777,0.0,0.0,5.0,2575.15,11.0,7484.429999999999,19.0,13101.880000000001,0.7142857142857143,1.2222222222222223,0.001649672149366526,11.0,0.0,,0.0,36.0,666.0,1.0,0.0,Female,Northeast,Silver,20-40k,In-Store,2.0,1
C11966,0,17.0,25.0,19303.27,772.1308,481.0511164619965,420.0,5.92,3.4,3.0,2.0,16.791666666666668,15.359402067921069,62.0,1.0124069478908189,2.0,1556.52,3.0,1916.63,8.0,5309.66,23.0,17800.2,0.5,0.5,0.03626283101010505,14.0,2.0,3.5,0.0,44.0,462.0,0.0,1.0,Female,Northeast,Silver,40-70k,Mobile App,3.0,1
C11967,0,0.0,55.0,114043.65,2073.520909090909,1592.6286374724352,455.0,9.745454545454546,5.327272727272727,3.0,23.0,8.425925925925926,9.317465547069364,45.0,0.0,6.0,20651.85,14.0,35195.51,25.0,53059.92,45.0,89654.49,1.1666666666666667,1.1904761904761905,0.0035722242851838094,14.0,1.0,4.0,0.0,33.0,456.0,1.0,1.0,Male,Bangkok,Platinum,40-70k,In-Store,2.0,1
C11968,0,16.0,30.0,30533.53,1017.7843333333333,782.5154161032199,527.0,7.733333333333333,4.166666666666667,3.0,19.0,17.620689655172413,18.1431092647623,70.0,0.9080234833659492,1.0,2286.77,6.0,5304.86,9.0,6529.360000000001,24.0,24063.26,1.5,0.5625,0.0,13.0,0.0,,0.0,36.0,537.0,1.0,0.0,Male,East,Silver,40-70k,In-Store,3.0,1
C11969,0,17.0,34.0,45608.64,1341.4305882352942,886.5115649964024,497.0,9.529411764705882,5.147058823529412,3.0,18.0,14.545454545454545,12.869758421127484,54.0,1.16875,1.0,2656.56,3.0,4235.58,10.0,15635.33,20.0,25800.7,0.375,0.9090909090909091,0.0242316959363098,14.0,2.0,4.0,0.0,34.0,498.0,1.0,0.0,Female,East,Gold,40-70k,In-Store,1.0,1
C11970,0,,,,,,,,,,,,,,,,,,,,,,,,,,,,,,,,,,,,,,,,0
C11971,0,2.0,4.0,1409.06,352.265,258.1386826882015,114.0,3.75,1.75,2.0,3.0,37.333333333333336,35.303446479534166,75.0,0.05357142857142857,1.0,736.11,3.0,1229.58,4.0,1409.06,4.0,1409.06,1.5,4.0,0.012073365678548392,4.0,0.0,,0.0,23.0,121.0,1.0,0.0,Female,Bangkok,Bronze,70-120k,In-Store,1.0,1
C11972,0,5.0,10.0,1817.75,181.775,128.75151522301488,598.0,3.3,2.0,1.0,9.0,65.88888888888889,36.59728283781613,122.0,0.07588532883642496,1.0,330.37,1.0,330.37,2.0,789.73,5.0,1124.98,0.5,0.5,0.049617023501424724,8.0,0.0,,0.0,38.0,631.0,0.0,1.0,Male,Bangkok,Bronze,40-70k,In-Store,2.0,1
C11973,0,10.0,71.0,166709.04,2348.014647887324,1426.148629559277,533.0,14.0,7.619718309859155,2.0,2.0,7.4714285714285715,7.59046203281695,41.0,1.3384321223709368,2.0,3880.91,13.0,27082.86,20.0,39220.57,47.0,110328.84,1.625,0.7142857142857143,0.013042583275122581,14.0,0.0,,0.0,35.0,539.0,1.0,1.0,Male,North,Platinum,70-120k,Mobile App,3.0,1
C11974,0,6.0,5.0,1414.15,282.83000000000004,199.94213650453972,113.0,4.4,2.6,2.0,5.0,26.75,35.236108373844765,79.0,0.22429906542056074,2.0,726.13,3.0,818.5899999999999,5.0,1414.15,5.0,1414.15,1.0,5.0,0.0621227998036901,5.0,0.0,,0.0,25.0,189.0,0.0,0.0,Male,East,Silver,20-40k,In-Store,3.0,1
C11975,0,86.0,15.0,10648.82,709.9213333333333,444.88010784394265,638.0,7.266666666666667,4.2,2.0,14.0,39.42857142857143,36.491757311046996,116.0,2.181159420289855,0.0,0.0,1.0,529.63,7.0,3522.0,10.0,7704.73,0.14285714285714285,1.75,0.07490937016499712,13.0,0.0,,0.0,44.0,666.0,0.0,0.0,Male,Central,Silver,40-70k,In-Store,1.0,1
C11976,1,4.0,14.0,12320.05,880.0035714285714,438.69418262712253,368.0,7.285714285714286,4.0,2.0,11.0,28.0,15.583110515341067,55.0,0.14285714285714285,1.0,674.93,3.0,3602.69,7.0,7106.41,13.0,11700.08,0.6,1.0,0.05808359015487275,11.0,1.0,2.0,0.0,39.0,378.0,1.0,1.0,Female,Northeast,Silver,20-40k,In-Store,1.0,1
C11977,0,2.0,5.0,7253.17,1450.634,763.5908593153798,79.0,9.2,5.2,2.0,4.0,19.25,15.945218719101975,34.0,0.1038961038961039,2.0,2908.12,5.0,7253.17,5.0,7253.17,5.0,7253.17,5.0,5.0,0.10427930319922742,11.0,0.0,,0.0,35.0,100.0,0.0,1.0,Female,East,Silver,40-70k,In-Store,2.0,1
C11978,0,,,,,,,,,,,,,,,,,,,,,,,,,,,,,,,,,,,,,,,,0
C11979,0,10.0,11.0,6315.4,574.1272727272727,521.2596096014137,318.0,3.6363636363636362,2.090909090909091,2.0,1.0,30.8,25.572554732672987,77.0,0.3246753246753247,1.0,40.03,3.0,1451.61,6.0,2465.56,11.0,6315.4,0.75,1.0,0.039354316623365554,11.0,2.0,4.5,0.0,33.0,354.0,0.0,1.0,Male,East,Gold,20-40k,Mobile App,3.0,1
C11980,1,197.0,9.0,11262.939999999999,1251.4377777777777,495.8689998068486,311.0,7.222222222222222,3.5555555555555554,3.0,2.0,14.25,9.269766525030251,32.0,13.824561403508772,0.0,0.0,0.0,0.0,0.0,0.0,9.0,11262.939999999999,0.0,0.0,0.0865914017648676,11.0,2.0,3.5,2.0,43.0,316.0,0.0,0.0,Female,Bangkok,Gold,40-70k,Online Web,2.0,1
C11981,1,37.0,17.0,11049.26,649.9564705882353,425.00913668033627,458.0,6.882352941176471,3.5294117647058822,2.0,13.0,26.3125,21.807395534542863,74.0,1.4061757719714965,0.0,0.0,1.0,725.39,3.0,1370.01,12.0,8552.21,0.3333333333333333,0.3,0.044546154970292476,14.0,1.0,4.0,1.0,34.0,485.0,1.0,0.0,Male,North,Silver,40-70k,In-Store,3.0,1
C11982,0,3.0,99.0,215703.64,2178.824646464647,1589.9909178429564,632.0,10.454545454545455,5.646464646464646,3.0,7.0,6.418367346938775,6.866808663745466,56.0,0.46740858505564387,3.0,9053.72,14.0,28805.29,30.0,54861.42,54.0,106685.15,0.8235294117647058,1.2,0.013585176900246701,14.0,0.0,,0.0,27.0,639.0,0.0,1.0,Female,South,Platinum,70-120k,Mobile App,2.0,1
C11983,0,41.0,5.0,1790.79,358.158,289.3971836766903,158.0,4.6,2.4,2.0,2.0,29.25,20.870633275809656,53.0,1.4017094017094016,0.0,0.0,1.0,238.6,5.0,1790.79,5.0,1790.79,0.2,5.0,0.01730212037402871,7.0,1.0,3.0,0.0,27.0,176.0,1.0,1.0,Female,Bangkok,Bronze,40-70k,Mobile App,1.0,1
C11984,0,2.0,15.0,7120.63,474.70866666666666,459.2312429619537,483.0,4.933333333333334,2.3333333333333335,2.0,2.0,34.357142857142854,21.59275926664429,71.0,0.058212058212058215,1.0,161.75,2.0,865.37,3.0,1212.1399999999999,10.0,5842.77,1.0,0.375,0.06577932301233272,10.0,1.0,4.0,0.0,25.0,537.0,0.0,1.0,Female,North,Bronze,<20k,Mobile App,1.0,1
C11985,0,3.0,85.0,276578.48,3253.8644705882352,1726.9680828615892,638.0,15.364705882352942,8.258823529411766,3.0,24.0,7.559523809523809,5.627709394018374,23.0,0.3968503937007874,4.0,15006.68,12.0,33163.05,26.0,83826.63,47.0,148697.80000000002,0.8,1.1818181818181819,0.0,14.0,0.0,,0.0,41.0,641.0,1.0,1.0,Male,North,Platinum,>120k,In-Store,3.0,1
C11986,0,9.0,64.0,178741.93,2792.84265625,1777.2905801168804,416.0,15.015625,7.890625,3.0,23.0,6.4603174603174605,4.775020340525488,22.0,1.393120393120393,5.0,12088.0,14.0,39437.39,27.0,76189.9,55.0,149891.49,1.0,0.9310344827586207,0.012648338677517659,14.0,0.0,,0.0,45.0,436.0,0.0,1.0,Male,Bangkok,Gold,20-40k,In-Store,3.0,1
C11987,1,56.0,9.0,3377.17,375.24111111111114,246.1469754254785,301.0,5.888888888888889,3.4444444444444446,2.0,3.0,30.625,34.14648068040311,102.0,1.8285714285714285,0.0,0.0,1.0,166.23,3.0,1022.12,9.0,3377.17,0.3333333333333333,0.42857142857142855,0.04368202116423092,10.0,1.0,3.0,0.0,30.0,426.0,0.0,1.0,Male,Bangkok,Silver,70-120k,Mobile App,1.0,1
C11988,1,3.0,3.0,4467.03,1489.01,1047.8616603827054,12.0,8.666666666666666,4.333333333333333,2.0,2.0,4.5,4.949747468305833,8.0,0.6666666666666666,3.0,4467.03,3.0,4467.03,3.0,4467.03,3.0,4467.03,3.0,3.0,0.023664022031342213,7.0,0.0,,0.0,18.0,13.0,1.0,0.0,Female,North,Silver,40-70k,Online Web,2.0,1
C11989,0,6.0,54.0,145178.6,2688.4925925925927,1445.7894981768386,505.0,14.0,7.592592592592593,3.0,22.0,9.415094339622641,8.160491035056442,32.0,0.6372745490981965,4.0,12841.67,10.0,23163.03,17.0,49114.38,36.0,96358.85,1.25,0.85,0.0219776895856057,14.0,0.0,,0.0,26.0,506.0,1.0,0.0,Male,Central,Gold,>120k,In-Store,2.0,1
C11990,0,,,,,,,,,,,,,,,,,,,,,,,,,,,,,,,,,,,,,,,,0
C11991,0,1.0,30.0,40096.09,1336.5363333333332,666.2288556442062,516.0,9.133333333333333,5.133333333333334,3.0,4.0,17.75862068965517,15.433394155933872,65.0,0.05631067961165049,4.0,4171.26,7.0,7898.61,14.0,18471.73,24.0,30998.17,0.875,1.2727272727272727,0.01964040032890482,14.0,0.0,,0.0,25.0,520.0,0.0,0.0,Female,Bangkok,Silver,40-70k,Mobile App,1.0,1
C11992,1,58.0,7.0,6331.969999999999,904.5671428571428,524.8571845341767,230.0,7.142857142857143,4.0,3.0,6.0,28.666666666666668,13.764689123502452,48.0,2.0232558139534884,0.0,0.0,2.0,1704.1899999999998,5.0,4067.3999999999996,7.0,6331.969999999999,0.5,1.6666666666666667,0.014197061882313379,11.0,0.0,,0.0,27.0,295.0,1.0,1.0,Male,East,Bronze,>120k,In-Store,2.0,1
C11993,0,29.0,23.0,27611.87,1200.5160869565218,828.1713764879779,583.0,9.73913043478261,5.521739130434782,2.0,2.0,25.181818181818183,20.423227587926085,67.0,1.151624548736462,1.0,1513.49,2.0,2866.51,6.0,4973.09,14.0,13695.630000000001,0.4,0.6666666666666666,0.022365806576791308,14.0,0.0,,0.0,29.0,624.0,1.0,1.0,Male,Bangkok,Platinum,<20k,Mobile App,2.0,1
C11994,1,59.0,8.0,6356.01,794.50125,984.8881344662956,411.0,6.0,3.25,3.0,4.0,50.285714285714285,38.6338119860237,129.0,1.1732954545454546,0.0,0.0,1.0,28.66,4.0,4397.099999999999,6.0,5296.21,0.25,1.3333333333333333,0.12197436655440407,9.0,0.0,,0.0,19.0,429.0,1.0,1.0,Female,Bangkok,Silver,<20k,In-Store,1.0,1
C11995,1,7.0,23.0,28327.27,1231.6204347826088,964.001352104287,380.0,7.260869565217392,4.043478260869565,3.0,14.0,16.954545454545453,16.205458435875336,72.0,0.41286863270777485,1.0,1139.24,3.0,2785.27,9.0,8160.91,21.0,24729.33,0.42857142857142855,0.6923076923076923,0.08239155757746167,14.0,3.0,2.6666666666666665,1.0,44.0,387.0,1.0,0.0,Female,North,Silver,Unknown,In-Store,2.0,1
C11996,1,54.0,32.0,36239.13,1132.4728125,714.9837291865543,629.0,7.75,4.28125,3.0,15.0,18.548387096774192,16.665010670418464,58.0,2.9113043478260874,0.0,0.0,3.0,3417.8500000000004,7.0,6381.42,17.0,17159.8,0.6,0.6363636363636364,0.0011639585726665154,14.0,0.0,,0.0,32.0,659.0,1.0,1.0,Male,Bangkok,Silver,70-120k,In-Store,1.0,1
C11997,0,1.0,1.0,381.01,381.01,,1.0,5.0,3.0,1.0,1.0,,,,,1.0,381.01,1.0,381.01,1.0,381.01,1.0,381.01,1.0,1.0,0.08659171001845947,2.0,0.0,,0.0,26.0,20.0,0.0,0.0,Female,East,Bronze,40-70k,In-Store,2.0,1
C11998,0,52.0,11.0,4127.7300000000005,375.2481818181819,268.3996123998014,391.0,3.727272727272727,2.3636363636363638,2.0,7.0,33.9,43.108261646953736,150.0,1.5339233038348083,0.0,0.0,1.0,556.27,4.0,1282.4,10.0,3573.53,0.25,0.5714285714285714,0.037513320166674045,12.0,1.0,3.0,0.0,28.0,429.0,0.0,1.0,Male,South,Gold,20-40k,In-Store,3.0,1
C11999,1,58.0,3.0,4461.34,1487.1133333333335,1093.7342986911096,134.0,10.0,6.333333333333333,1.0,3.0,38.0,28.284271247461902,58.0,1.5263157894736843,0.0,0.0,1.0,851.54,3.0,4461.34,3.0,4461.34,0.3333333333333333,3.0,0.012562802948141917,9.0,1.0,3.0,0.0,48.0,143.0,1.0,1.0,Female,Northeast,Gold,20-40k,In-Store,2.0,1
C12000,1,49.0,29.0,40356.74,1391.6117241379309,1351.2881704059516,532.0,9.172413793103448,4.793103448275862,3.0,16.0,17.25,15.368618820324892,51.0,2.8405797101449277,0.0,0.0,1.0,1438.75,7.0,13827.8,18.0,26580.850000000002,0.14285714285714285,0.5833333333333334,0.02149822759520311,14.0,2.0,2.5,2.0,48.0,534.0,0.0,0.0,Female,Northeast,Silver,40-70k,In-Store,1.0,1
C12001,1,19.0,22.0,25302.2,1150.1000000000001,957.18549721865,458.0,6.818181818181818,3.6818181818181817,1.0,1.0,20.904761904761905,22.142503837427153,78.0,0.908883826879271,1.0,332.28,1.0,332.28,9.0,11484.949999999999,19.0,23586.6,0.1111111111111111,0.8181818181818182,0.05751946537318425,14.0,2.0,3.0,0.0,46.0,460.0,0.0,0.0,Female,Bangkok,Bronze,<20k,Online Web,1.0,1
C12002,0,36.0,2.0,2588.93,1294.465,1339.889568602577,77.0,11.5,5.5,1.0,2.0,41.0,,41.0,0.8780487804878049,0.0,0.0,2.0,2588.93,2.0,2588.93,2.0,2588.93,2.0,2.0,0.023516942759723606,8.0,0.0,,0.0,41.0,107.0,1.0,0.0,Female,Bangkok,Bronze,20-40k,In-Store,3.0,1
C12003,0,0.0,3.0,2464.13,821.3766666666667,317.01054703800213,102.0,9.0,4.0,1.0,1.0,51.0,56.568542494923804,91.0,0.0,2.0,1670.78,2.0,1670.78,3.0,2464.13,3.0,2464.13,1.0,3.0,0.059258976463626475,7.0,0.0,,0.0,28.0,108.0,0.0,1.0,Female,Bangkok,Bronze,<20k,Mobile App,1.0,1
C12004,1,48.0,16.0,11621.9,726.36875,525.8774903577828,440.0,6.4375,3.5625,3.0,12.0,26.133333333333333,23.469940247859498,96.0,1.836734693877551,0.0,0.0,2.0,1345.0700000000002,5.0,3755.5,12.0,8710.5,0.5,0.625,0.03255237056676337,12.0,0.0,,0.0,38.0,448.0,1.0,1.0,Female,Central,Silver,40-70k,In-Store,3.0,1
C12005,1,188.0,3.0,2478.4700000000003,826.1566666666668,370.78193717242135,238.0,7.0,4.333333333333333,1.0,3.0,25.0,16.97056274847714,37.0,7.52,0.0,0.0,0.0,0.0,0.0,0.0,3.0,2478.4700000000003,0.0,0.0,0.04181132133827157,6.0,1.0,3.0,0.0,22.0,242.0,1.0,1.0,Male,Bangkok,Silver,<20k,In-Store,3.0,1
C12006,0,0.0,52.0,166209.31,3196.3328846153845,1347.1963025110183,606.0,17.634615384615383,9.173076923076923,3.0,6.0,11.882352941176471,10.544471648828173,44.0,0.0,3.0,10067.06,13.0,44108.659999999996,19.0,62659.2,35.0,112579.02,1.8571428571428572,1.1176470588235294,0.02284584263596262,14.0,0.0,,0.0,39.0,618.0,1.0,1.0,Male,Northeast,Bronze,70-120k,Online Web,2.0,1
C12007,0,48.0,3.0,1973.35,657.7833333333333,413.74859907114285,137.0,8.333333333333334,4.333333333333333,2.0,3.0,44.5,53.033008588991066,82.0,1.0786516853932584,0.0,0.0,1.0,515.8,3.0,1973.35,3.0,1973.35,0.3333333333333333,3.0,0.007643760529028689,7.0,0.0,,0.0,29.0,155.0,0.0,1.0,Female,Northeast,Bronze,40-70k,In-Store,2.0,1
C12008,0,18.0,61.0,100402.64,1645.944918032787,1094.3255765517908,451.0,9.180327868852459,4.983606557377049,3.0,22.0,7.216666666666667,7.364807905181641,41.0,2.4942263279445727,3.0,3341.85,13.0,16519.59,19.0,24507.69,47.0,67296.44,1.8571428571428572,0.6551724137931034,0.022662250591960052,14.0,0.0,,0.0,43.0,464.0,1.0,0.0,Female,Northeast,Platinum,70-120k,In-Store,1.0,1
C12009,0,24.0,31.0,55202.51,1780.726129032258,848.622707122851,528.0,13.774193548387096,7.258064516129032,1.0,1.0,16.8,13.478974687293157,53.0,1.4285714285714286,2.0,4519.6,7.0,10730.77,10.0,15038.21,20.0,34045.22,1.75,0.9090909090909091,0.032322974868536886,14.0,0.0,,0.0,63.0,550.0,1.0,0.0,Male,North,Silver,<20k,Online Web,2.0,1
C12010,0,66.0,16.0,9675.95,604.746875,375.6888713056545,489.0,6.9375,3.5625,3.0,4.0,28.2,18.60952137252019,68.0,2.3404255319148937,0.0,0.0,2.0,1194.6,5.0,2456.2799999999997,12.0,6596.7,0.5,0.625,0.05874141520263041,12.0,0.0,,0.0,24.0,494.0,1.0,1.0,Male,Bangkok,Silver,<20k,Mobile App,2.0,1
C12011,0,19.0,29.0,18852.34,650.0806896551724,413.2188641103529,456.0,5.275862068965517,2.7241379310344827,1.0,17.0,15.607142857142858,16.273903867540422,61.0,1.217391304347826,1.0,543.37,4.0,2128.0,8.0,4329.35,19.0,13194.24,0.8,0.6666666666666666,0.01575844019425525,14.0,0.0,,0.0,34.0,457.0,1.0,1.0,Male,East,Gold,70-120k,In-Store,2.0,1
C12012,0,1.0,88.0,167474.2,1903.1159090909093,1432.4631984886912,633.0,10.545454545454545,5.670454545454546,3.0,24.0,7.264367816091954,6.163394885475131,39.0,0.13765822784810128,7.0,13445.43,15.0,40182.73,30.0,62650.19,53.0,99411.42,0.9375,1.25,0.022568717438863926,14.0,0.0,,0.0,31.0,635.0,1.0,1.0,Female,Bangkok,Platinum,40-70k,In-Store,1.0,1
C12013,0,8.0,7.0,2233.93,319.1328571428571,459.0916547820013,233.0,3.142857142857143,1.7142857142857142,2.0,7.0,37.5,29.07060370890154,71.0,0.21333333333333335,3.0,562.75,3.0,562.75,5.0,697.95,7.0,2233.93,1.0,1.6666666666666667,0.050066548452801625,6.0,0.0,,0.0,45.0,249.0,1.0,0.0,Female,Bangkok,Bronze,70-120k,In-Store,1.0,1
C12014,0,51.0,28.0,36765.04,1313.037142857143,726.1815854171336,448.0,10.428571428571429,5.464285714285714,3.0,3.0,14.703703703703704,12.916342703409073,54.0,3.468513853904282,0.0,0.0,1.0,1002.9,4.0,4273.9,19.0,22724.25,0.25,0.25,0.021846859670229857,13.0,0.0,,0.0,42.0,468.0,1.0,0.0,Male,South,Silver,<20k,Mobile App,3.0,1
C12015,0,0.0,44.0,79498.79,1806.7906818181816,1324.102193674972,383.0,10.659090909090908,5.545454545454546,3.0,4.0,8.906976744186046,9.18283583516752,40.0,0.0,1.0,597.74,9.0,14694.42,16.0,25876.23,38.0,69141.93,1.125,0.6956521739130435,0.037493061066849236,14.0,1.0,4.0,0.0,33.0,392.0,1.0,1.0,Female,Unknown,Gold,>120k,Mobile App,1.0,1
C12016,0,16.0,56.0,124302.01000000001,2219.67875,1214.1109723954958,488.0,12.232142857142858,6.339285714285714,2.0,23.0,8.581818181818182,6.948729990785977,27.0,1.8644067796610169,1.0,2543.39,9.0,23609.239999999998,19.0,46172.47,35.0,75349.44,0.8181818181818182,1.1176470588235294,0.006229155533894953,14.0,0.0,,0.0,42.0,489.0,0.0,0.0,Female,Unknown,Platinum,20-40k,In-Store,1.0,1
C12017,0,72.0,3.0,2945.75,981.9166666666666,282.59460191824854,319.0,6.0,3.0,1.0,1.0,123.5,96.87362902255701,192.0,0.582995951417004,0.0,0.0,1.0,1207.76,2.0,1872.78,3.0,2945.75,0.5,1.0,0.01700531582969323,4.0,0.0,,0.0,37.0,350.0,1.0,0.0,Male,East,Bronze,20-40k,Mobile App,3.0,1
C12018,1,191.0,11.0,9157.99,832.5445454545454,559.4165065380827,432.0,8.272727272727273,4.2727272727272725,2.0,10.0,24.1,15.021835958216144,53.0,7.9253112033195015,0.0,0.0,0.0,0.0,0.0,0.0,8.0,6270.719999999999,0.0,0.0,0.04525902511644975,12.0,1.0,1.0,0.0,30.0,443.0,1.0,0.0,Female,Central,Silver,40-70k,In-Store,1.0,1
C12019,0,0.0,1.0,831.35,831.35,,0.0,6.0,3.0,1.0,1.0,,,,,1.0,831.35,1.0,831.35,1.0,831.35,1.0,831.35,1.0,1.0,0.0,3.0,0.0,,0.0,21.0,4.0,0.0,1.0,Male,Central,Gold,70-120k,In-Store,1.0,1
C12020,0,24.0,10.0,3876.55,387.65500000000003,369.628659430275,263.0,4.5,2.3,3.0,8.0,26.555555555555557,18.775723096002928,70.0,0.903765690376569,1.0,288.66,1.0,288.66,6.0,1747.16,10.0,3876.55,0.16666666666666666,1.2,0.10437330043365657,9.0,0.0,,0.0,27.0,302.0,0.0,0.0,Male,Northeast,Silver,<20k,In-Store,1.0,1
C12021,1,113.0,16.0,20410.18,1275.63625,713.8555503729963,426.0,8.5625,4.6875,1.0,11.0,20.866666666666667,23.179013496408054,71.0,5.415335463258786,0.0,0.0,0.0,0.0,7.0,8048.91,10.0,12434.61,0.0,1.75,0.05267428017108338,13.0,0.0,,0.0,26.0,454.0,1.0,0.0,Female,Central,Silver,20-40k,In-Store,1.0,1
C12022,0,1.0,16.0,11160.81,697.550625,526.4934917669132,370.0,5.5,2.875,3.0,4.0,24.6,20.265382164807903,66.0,0.04065040650406504,2.0,2082.01,3.0,2634.48,4.0,2935.41,15.0,10377.75,1.5,0.3333333333333333,0.024879494861330627,13.0,1.0,1.0,0.0,39.0,373.0,1.0,0.0,Male,Northeast,Gold,40-70k,Online Web,2.0,1
C12023,0,52.0,19.0,35634.44,1875.4968421052633,846.279937143553,566.0,15.157894736842104,7.842105263157895,2.0,16.0,28.555555555555557,25.652020267239184,84.0,1.821011673151751,0.0,0.0,2.0,2005.6200000000001,6.0,10877.28,12.0,20763.45,0.4,0.8571428571428571,0.02259598307653275,13.0,0.0,,0.0,51.0,570.0,1.0,1.0,Female,Northeast,Gold,40-70k,In-Store,3.0,1
C12024,0,,,,,,,,,,,,,,,,,,,,,,,,,,,,,,,,,,,,,,,,0
C12025,0,4.0,3.0,4610.889999999999,1536.9633333333331,659.1310334321495,119.0,8.666666666666666,4.666666666666667,2.0,3.0,57.5,16.263455967290593,69.0,0.06956521739130435,1.0,1622.4,2.0,3771.61,3.0,4610.889999999999,3.0,4610.889999999999,1.0,3.0,0.006100202837133207,8.0,0.0,,0.0,37.0,139.0,1.0,0.0,Male,East,Silver,20-40k,In-Store,1.0,1
C12026,0,17.0,10.0,6183.93,618.393,685.3179246006109,539.0,3.1,2.0,1.0,8.0,58.0,43.69782603288178,131.0,0.29310344827586204,1.0,1001.22,4.0,1501.5900000000001,5.0,2044.68,8.0,3585.6200000000003,2.0,1.25,0.01065984487789894,9.0,0.0,,0.0,20.0,551.0,1.0,1.0,Male,Northeast,Bronze,<20k,In-Store,1.0,1
C12027,1,74.0,25.0,47526.97,1901.0788,1080.9656363845863,611.0,13.28,6.96,3.0,14.0,22.375,24.31820305861434,114.0,3.3072625698324023,0.0,0.0,1.0,1433.01,5.0,11547.57,16.0,28486.43,0.2,0.4166666666666667,0.06086025389413148,13.0,0.0,,0.0,40.0,642.0,0.0,0.0,Male,North,Silver,20-40k,In-Store,2.0,1
C12028,0,37.0,20.0,11961.31,598.0654999999999,553.3373894115501,610.0,6.6,3.65,3.0,2.0,30.157894736842106,22.116517602850433,79.0,1.2268760907504364,0.0,0.0,4.0,3256.1899999999996,6.0,3530.8099999999995,10.0,6423.69,1.3333333333333333,1.2,0.033066943888455956,10.0,0.0,,0.0,36.0,645.0,1.0,1.0,Male,East,Gold,20-40k,Mobile App,2.0,1
C12029,1,57.0,22.0,34155.13,1552.505909090909,740.4237582027193,534.0,12.227272727272727,6.0,3.0,4.0,22.714285714285715,22.67408842080064,96.0,2.509433962264151,0.0,0.0,1.0,369.09,5.0,7051.33,13.0,19026.96,0.2,0.5555555555555556,0.06715324001532752,14.0,0.0,,0.0,28.0,535.0,1.0,0.0,Female,Bangkok,Silver,40-70k,Online Web,1.0,1
C12030,0,1.0,42.0,120456.32,2868.0076190476193,1188.208297124359,380.0,14.047619047619047,7.5,3.0,3.0,9.24390243902439,8.154080229568745,35.0,0.10817941952506596,7.0,15688.64,11.0,25447.920000000002,24.0,60737.55,40.0,114289.47,0.7857142857142857,1.411764705882353,0.029243502437845025,14.0,0.0,,0.0,31.0,383.0,1.0,1.0,Male,Bangkok,Platinum,40-70k,Mobile App,2.0,1
C12031,0,,,,,,,,,,,,,,,,,,,,,,,,,,,,,,,,,,,,,,,,0
C12032,0,21.0,15.0,30480.25,2032.0166666666667,1118.9243918965,267.0,14.8,8.0,3.0,2.0,17.571428571428573,11.836802360007965,39.0,1.1951219512195121,1.0,1238.62,3.0,3186.7,10.0,18947.01,15.0,30480.25,0.375,1.6666666666666667,0.06246174364690778,12.0,1.0,3.0,0.0,39.0,334.0,0.0,1.0,Female,Bangkok,Gold,40-70k,Mobile App,1.0,1
C12033,0,4.0,6.0,2824.0699999999997,470.6783333333333,349.53864240834184,268.0,6.166666666666667,3.1666666666666665,1.0,6.0,52.8,21.58008341040414,80.0,0.07575757575757576,1.0,205.27,3.0,1185.92,4.0,2217.2799999999997,6.0,2824.0699999999997,1.5,1.3333333333333333,0.12112271922371913,8.0,0.0,,0.0,37.0,462.0,1.0,1.0,Female,Central,Silver,20-40k,In-Store,3.0,1
C12034,0,73.0,4.0,2625.8799999999997,656.4699999999999,552.3330962984805,370.0,5.75,3.0,2.0,4.0,99.0,53.45091205957107,148.0,0.7373737373737373,0.0,0.0,1.0,155.09,1.0,155.09,3.0,2083.74,1.0,0.3333333333333333,0.0028897014987715923,7.0,0.0,,0.0,32.0,454.0,1.0,1.0,Female,Bangkok,Bronze,<20k,In-Store,1.0,1
C12035,0,12.0,20.0,25560.16,1278.008,653.7903829177892,421.0,9.45,5.0,3.0,2.0,21.526315789473685,18.86610252705639,61.0,0.5574572127139364,2.0,3484.38,3.0,4379.46,10.0,11396.32,18.0,22481.13,0.375,1.1111111111111112,0.011516763116657308,14.0,0.0,,0.0,34.0,422.0,1.0,1.0,Female,Northeast,Gold,70-120k,Online Web,1.0,1
C12036,1,85.0,13.0,10239.62,787.663076923077,766.051032290328,400.0,6.230769230769231,3.4615384615384617,1.0,10.0,26.25,13.511779372761449,51.0,3.238095238095238,0.0,0.0,1.0,244.67,5.0,2712.57,11.0,7934.8,0.2,0.7142857142857143,0.0247516548407067,11.0,1.0,3.0,0.0,40.0,444.0,1.0,0.0,Female,Central,Bronze,20-40k,In-Store,3.0,1
C12037,1,3.0,9.0,4067.29,451.9211111111111,337.794761151074,545.0,4.666666666666667,2.3333333333333335,2.0,7.0,67.75,96.74081720910628,298.0,0.04428044280442804,1.0,759.51,4.0,1701.95,5.0,1915.98,5.0,1915.98,2.0,5.0,0.0434114871809345,7.0,0.0,,0.0,33.0,548.0,1.0,0.0,Female,Bangkok,Silver,70-120k,In-Store,3.0,1
C12038,0,11.0,58.0,181508.84,3129.46275862069,1496.3925230821342,505.0,17.413793103448278,9.10344827586207,3.0,22.0,8.666666666666666,9.651671456528238,61.0,1.2692307692307694,5.0,20401.22,14.0,46757.770000000004,25.0,75677.94,41.0,126314.33,1.1666666666666667,1.4705882352941178,0.004754301157428083,14.0,0.0,,0.0,43.0,530.0,1.0,1.0,Female,Central,Gold,>120k,In-Store,2.0,1
C12039,1,22.0,23.0,26836.81,1166.8178260869565,1110.375661996493,436.0,8.217391304347826,4.217391304347826,3.0,2.0,18.818181818181817,16.78898835159909,59.0,1.1690821256038648,1.0,322.62,5.0,3762.14,9.0,10659.85,17.0,18247.13,1.0,1.0,0.050547379921006344,13.0,3.0,3.0,1.0,26.0,445.0,0.0,1.0,Male,Central,Bronze,20-40k,Online Web,2.0,1
C12040,0,31.0,16.0,18778.25,1173.640625,1244.4930253479058,488.0,6.9375,3.9375,2.0,1.0,30.466666666666665,31.041140136154485,92.0,1.0175054704595186,0.0,0.0,2.0,3763.82,8.0,12732.8,12.0,15660.94,0.2857142857142857,1.6,0.042927040595295736,13.0,1.0,5.0,1.0,32.0,514.0,1.0,1.0,Male,North,Gold,70-120k,Mobile App,2.0,1
C12041,0,0.0,19.0,20462.21,1076.9584210526316,855.2945841070923,495.0,7.421052631578948,3.736842105263158,3.0,12.0,27.5,22.24000105797712,76.0,0.0,1.0,574.46,4.0,2644.2400000000002,8.0,8559.960000000001,15.0,17003.13,0.8,1.0,0.07345872740667554,12.0,0.0,,0.0,59.0,530.0,1.0,0.0,Male,Central,Bronze,40-70k,In-Store,2.0,1
C12042,0,23.0,21.0,28520.7,1358.1285714285714,810.131400683159,409.0,8.619047619047619,4.619047619047619,1.0,1.0,19.3,15.09653149428354,60.0,1.1917098445595855,1.0,1880.84,3.0,4544.2,8.0,10798.92,18.0,25848.79,0.5,0.7272727272727273,0.01932487745300302,14.0,0.0,,0.0,27.0,416.0,1.0,1.0,Female,Northeast,Gold,70-120k,Mobile App,2.0,1
C12043,0,0.0,32.0,50379.21,1574.3503125,834.8485085427346,524.0,12.46875,6.75,3.0,14.0,16.903225806451612,26.08876493653884,138.0,0.0,4.0,5315.12,10.0,11278.87,15.0,19802.73,20.0,30965.21,1.6666666666666667,2.5,0.014497366213670024,14.0,0.0,,0.0,29.0,573.0,1.0,1.0,Male,Central,Silver,40-70k,In-Store,1.0,1
C12044,0,3.0,30.0,58669.56,1955.6519999999998,1061.973770824873,442.0,14.266666666666667,8.0,3.0,15.0,15.137931034482758,13.084134716548443,43.0,0.19817767653758542,2.0,5446.639999999999,4.0,7381.16,13.0,21989.96,26.0,51665.75,0.4,0.9285714285714286,0.027930917131773262,14.0,0.0,,0.0,20.0,521.0,1.0,1.0,Female,Central,Gold,40-70k,In-Store,3.0,1
C12045,0,13.0,5.0,2131.9900000000002,426.398,327.33481272238674,116.0,3.4,2.0,1.0,1.0,25.75,18.89223826513594,49.0,0.5048543689320388,1.0,190.54,3.0,1039.06,5.0,2131.9900000000002,5.0,2131.9900000000002,1.0,5.0,0.0,8.0,0.0,,0.0,18.0,136.0,1.0,1.0,Female,Central,Bronze,<20k,Online Web,2.0,1
C12046,0,10.0,31.0,33199.13,1070.9396774193547,690.6069872389256,552.0,7.870967741935484,4.193548387096774,3.0,15.0,18.066666666666666,13.15932430225633,49.0,0.5535055350553506,1.0,250.79,5.0,6806.8099999999995,7.0,8481.73,19.0,18852.34,1.6666666666666667,0.5384615384615384,0.03467497643323992,12.0,0.0,,0.0,31.0,575.0,1.0,1.0,Female,Central,Silver,70-120k,In-Store,2.0,1
C12047,0,44.0,7.0,3146.86,449.5514285714286,216.60215645499096,321.0,4.714285714285714,2.4285714285714284,2.0,5.0,46.166666666666664,17.54327981497949,66.0,0.9530685920577617,0.0,0.0,2.0,784.25,4.0,1371.37,7.0,3146.86,0.6666666666666666,1.0,0.057617555985457855,9.0,0.0,,0.0,37.0,404.0,0.0,1.0,Female,Bangkok,Silver,>120k,In-Store,2.0,1
C12048,0,122.0,16.0,6827.16,426.6975,318.2429755077086,626.0,5.0,2.375,3.0,10.0,33.6,32.57036339110406,98.0,3.630952380952381,0.0,0.0,0.0,0.0,5.0,1883.0,9.0,3346.32,0.0,1.0,0.07894921455514843,12.0,0.0,,0.0,18.0,649.0,1.0,1.0,Male,North,Silver,20-40k,In-Store,3.0,1
C12049,1,196.0,17.0,17981.63,1057.7429411764706,1074.457477019011,558.0,6.529411764705882,3.9411764705882355,3.0,12.0,22.625,18.686447852209188,53.0,8.662983425414364,0.0,0.0,0.0,0.0,0.0,0.0,8.0,9554.49,0.0,0.0,0.09759448930134149,14.0,1.0,1.0,0.0,34.0,558.0,1.0,0.0,Male,Bangkok,Silver,40-70k,In-Store,2.0,1
C12050,0,2.0,2.0,1162.25,581.125,5.932625894155205,66.0,6.5,3.0,1.0,2.0,64.0,,64.0,0.03125,1.0,576.93,2.0,1162.25,2.0,1162.25,2.0,1162.25,2.0,2.0,0.06388685293620174,4.0,1.0,4.0,0.0,20.0,190.0,0.0,0.0,Female,Bangkok,Bronze,40-70k,In-Store,2.0,1
C12051,0,26.0,13.0,6223.38,478.72153846153844,273.96158291647856,444.0,6.3076923076923075,3.1538461538461537,1.0,12.0,34.833333333333336,22.91816799489925,82.0,0.7464114832535884,1.0,455.78,2.0,1120.1,5.0,3033.03,9.0,4211.37,0.5,1.0,0.08979382302740983,12.0,0.0,,0.0,39.0,491.0,0.0,1.0,Female,Bangkok,Silver,20-40k,In-Store,2.0,1
C12052,0,9.0,12.0,6403.43,533.6191666666667,339.14744236523256,531.0,6.666666666666667,3.3333333333333335,2.0,3.0,47.45454545454545,50.0367137937008,150.0,0.18965517241379312,1.0,294.72,3.0,1031.6100000000001,4.0,1485.07,9.0,4108.17,1.5,0.6666666666666666,0.04502388398482998,9.0,0.0,,0.0,44.0,549.0,0.0,0.0,Female,Bangkok,Bronze,20-40k,Online Web,2.0,1
C12053,1,27.0,35.0,48558.93,1387.398,873.913432412939,630.0,10.371428571428572,5.6,3.0,16.0,17.735294117647058,17.615951489504344,82.0,1.5223880597014927,1.0,2550.05,2.0,2880.7700000000004,7.0,16170.86,18.0,30667.54,0.3333333333333333,0.5833333333333334,0.03917296613207943,14.0,3.0,2.0,2.0,30.0,649.0,1.0,0.0,Female,South,Gold,40-70k,In-Store,2.0,1
C12054,0,0.0,86.0,303388.13,3527.768953488372,2019.7204040035601,618.0,17.03488372093023,9.093023255813954,3.0,12.0,7.270588235294118,5.866345165624068,24.0,0.0,2.0,2433.29,9.0,31312.88,20.0,65153.7,47.0,169800.2,0.75,0.7142857142857143,0.0007682594431176275,14.0,0.0,,0.0,52.0,657.0,0.0,1.0,Male,Northeast,Platinum,70-120k,Online Web,1.0,1
C12055,1,53.0,22.0,20603.63,936.5286363636365,825.9690417021893,634.0,6.409090909090909,3.3636363636363638,3.0,3.0,27.666666666666668,19.865380271551142,72.0,1.9156626506024095,0.0,0.0,2.0,2725.67,4.0,5819.68,12.0,9823.43,0.6666666666666666,0.4444444444444444,0.04511854201387022,14.0,1.0,5.0,0.0,31.0,641.0,1.0,1.0,Male,South,Silver,40-70k,Online Web,1.0,1
C12056,0,12.0,29.0,31960.8,1102.096551724138,738.3923751602717,631.0,9.10344827586207,4.724137931034483,2.0,16.0,22.107142857142858,25.041209421914296,88.0,0.5428109854604201,2.0,1110.26,5.0,5600.49,10.0,9946.87,18.0,18388.45,0.8333333333333334,1.1111111111111112,0.03101258166531297,14.0,0.0,,0.0,45.0,644.0,1.0,0.0,Female,Northeast,Gold,<20k,In-Store,1.0,1
C12057,1,15.0,3.0,1355.9399999999998,451.97999999999996,536.059888072219,58.0,4.666666666666667,2.3333333333333335,2.0,2.0,21.5,7.7781745930520225,27.0,0.6976744186046512,1.0,61.12,3.0,1355.9399999999998,3.0,1355.9399999999998,3.0,1355.9399999999998,3.0,3.0,0.003981312804842217,5.0,0.0,,0.0,27.0,75.0,1.0,1.0,Male,Northeast,Platinum,40-70k,Mobile App,1.0,1
C12058,0,16.0,22.0,19025.06,864.7754545454546,634.8137721953038,367.0,6.363636363636363,3.227272727272727,3.0,10.0,16.714285714285715,20.06275867657002,68.0,0.9572649572649572,1.0,885.68,7.0,5600.07,12.0,10826.46,21.0,18479.739999999998,1.1666666666666667,1.2,0.020705388445440977,12.0,2.0,3.0,0.0,20.0,393.0,0.0,0.0,Female,South,Gold,70-120k,In-Store,2.0,1
C12059,0,10.0,64.0,146707.63,2292.30671875,1282.3517565154534,395.0,12.15625,6.484375,3.0,9.0,6.111111111111111,5.733633400499736,37.0,1.6363636363636365,6.0,13306.119999999999,13.0,26787.22,27.0,56801.04,57.0,125058.18,0.8666666666666667,0.8709677419354839,0.0025628789528529127,14.0,0.0,,0.0,42.0,400.0,0.0,1.0,Female,Bangkok,Platinum,>120k,Mobile App,2.0,1
C12060,0,4.0,30.0,42190.020000000004,1406.334,796.2349290192844,521.0,10.1,5.166666666666667,2.0,20.0,17.82758620689655,13.469725221285913,44.0,0.22437137330754353,1.0,1168.01,4.0,5012.389999999999,9.0,11053.69,20.0,27106.97,0.6666666666666666,0.75,0.019888426697492505,14.0,0.0,,0.0,45.0,526.0,1.0,0.0,Female,North,Silver,Unknown,In-Store,1.0,1
C12061,0,13.0,38.0,51286.11,1349.6344736842104,864.5392107616116,567.0,10.5,5.684210526315789,3.0,21.0,14.972972972972974,11.20388446151722,36.0,0.8682310469314078,2.0,3099.1400000000003,6.0,5296.66,11.0,11779.01,22.0,24165.69,1.0,0.9166666666666666,0.06374040074000971,14.0,0.0,,0.0,23.0,601.0,0.0,0.0,Male,Bangkok,Gold,70-120k,In-Store,1.0,1
C12062,0,5.0,10.0,5929.360000000001,592.936,285.173920897406,275.0,6.7,4.0,2.0,8.0,30.0,29.364093720052047,92.0,0.16666666666666666,3.0,2777.25,5.0,3650.92,7.0,4621.26,10.0,5929.360000000001,1.6666666666666667,1.75,0.023578272024556448,9.0,0.0,,0.0,29.0,276.0,1.0,0.0,Female,Central,Gold,20-40k,In-Store,1.0,1
C12063,0,70.0,33.0,40621.19,1230.9451515151516,1076.8074789485386,555.0,8.515151515151516,4.515151515151516,3.0,17.0,15.15625,13.840355614953943,57.0,4.618556701030927,0.0,0.0,2.0,589.95,9.0,11911.14,18.0,26680.41,0.25,0.9,0.031726591627278575,14.0,0.0,,0.0,39.0,584.0,1.0,0.0,Female,Bangkok,Gold,40-70k,In-Store,1.0,1
C12064,0,22.0,10.0,7065.0,706.5,379.2015630242048,264.0,7.7,4.2,2.0,9.0,26.88888888888889,25.27075604549874,75.0,0.8181818181818181,1.0,184.85,3.0,1126.61,8.0,5699.88,10.0,7065.0,0.5,2.6666666666666665,0.0768567396644541,12.0,2.0,2.5,1.0,28.0,330.0,0.0,0.0,Female,North,Silver,70-120k,In-Store,1.0,1
C12065,0,8.0,9.0,4292.3,476.9222222222222,507.10975732029095,546.0,6.444444444444445,3.888888888888889,1.0,1.0,67.25,56.27673967609912,159.0,0.11895910780669144,1.0,219.14,1.0,219.14,2.0,299.44,3.0,643.78,0.5,1.0,0.041225323105926914,11.0,0.0,,0.0,23.0,652.0,1.0,0.0,Female,Northeast,Bronze,40-70k,Online Web,2.0,1
C12066,1,27.0,23.0,21567.31,937.7091304347827,752.5424060471339,623.0,8.0,4.434782608695652,1.0,15.0,27.09090909090909,26.37442681103022,109.0,0.9966442953020135,1.0,984.15,3.0,2154.51,4.0,4029.17,11.0,9653.54,1.5,0.5,0.08928447764773842,13.0,0.0,,0.0,27.0,646.0,1.0,1.0,Male,Bangkok,Gold,40-70k,In-Store,1.0,1
C12067,1,82.0,3.0,1837.0,612.3333333333334,362.6540266332822,96.0,5.333333333333333,2.6666666666666665,2.0,3.0,7.0,0.0,7.0,11.714285714285714,0.0,0.0,2.0,1226.64,3.0,1837.0,3.0,1837.0,1.0,3.0,0.0,7.0,2.0,3.0,0.0,40.0,99.0,1.0,0.0,Male,Northeast,Bronze,<20k,In-Store,1.0,1
C12068,0,8.0,14.0,7612.4,543.7428571428571,397.73837992847996,387.0,5.928571428571429,3.0714285714285716,3.0,9.0,29.153846153846153,22.1692209825776,69.0,0.27440633245382584,3.0,1970.48,5.0,2685.38,7.0,3556.88,13.0,6392.68,1.6666666666666667,1.0,0.06918961880597928,9.0,0.0,,0.0,34.0,396.0,1.0,0.0,Male,Bangkok,Gold,40-70k,In-Store,1.0,1
C12069,0,4.0,9.0,6800.5,755.6111111111111,396.989074517311,428.0,7.333333333333333,3.888888888888889,3.0,7.0,53.0,47.8748368143433,127.0,0.07547169811320754,1.0,1395.44,1.0,1395.44,2.0,1793.2,7.0,4755.8099999999995,0.5,0.3333333333333333,0.07588216189625908,11.0,1.0,4.0,0.0,29.0,441.0,1.0,0.0,Female,North,Bronze,20-40k,In-Store,1.0,1
C12070,0,32.0,4.0,1990.12,497.53,286.05924293171626,131.0,5.5,3.0,1.0,4.0,33.0,19.157244060668017,55.0,0.9696969696969697,0.0,0.0,3.0,1379.77,4.0,1990.12,4.0,1990.12,1.5,4.0,0.008771099699660811,8.0,0.0,,0.0,18.0,146.0,1.0,1.0,Female,North,Bronze,<20k,In-Store,1.0,1
C12071,0,103.0,8.0,5151.17,643.89625,423.1734466736339,309.0,5.75,3.0,2.0,7.0,29.428571428571427,26.222491255009462,82.0,3.5,0.0,0.0,0.0,0.0,4.0,1539.19,8.0,5151.17,0.0,0.8,0.06626219927783177,10.0,0.0,,0.0,43.0,321.0,1.0,1.0,Female,Bangkok,Silver,40-70k,In-Store,2.0,1
C12072,1,100.0,22.0,23191.71,1054.1686363636363,646.7410261368364,553.0,7.909090909090909,4.363636363636363,2.0,14.0,21.571428571428573,16.234443102772044,68.0,4.635761589403973,0.0,0.0,0.0,0.0,3.0,1454.1,8.0,9943.28,0.0,0.5,0.0457582576558984,14.0,0.0,,0.0,34.0,556.0,0.0,1.0,Male,Bangkok,Silver,40-70k,In-Store,3.0,1
C12073,0,19.0,11.0,4285.61,389.60090909090906,321.7847627049654,383.0,4.7272727272727275,2.6363636363636362,3.0,9.0,36.4,35.618971224771656,114.0,0.521978021978022,1.0,116.64,2.0,608.38,5.0,1905.41,10.0,3426.6,0.5,0.8333333333333334,0.03646305243727784,8.0,0.0,,0.0,28.0,387.0,0.0,0.0,Female,Bangkok,Silver,<20k,In-Store,1.0,1
C12074,0,44.0,3.0,1600.9,533.6333333333333,362.6109582366939,199.0,5.333333333333333,3.0,1.0,2.0,77.5,21.920310216782973,93.0,0.567741935483871,0.0,0.0,1.0,162.73,2.0,1050.07,3.0,1600.9,0.5,1.0,0.0639544402086208,5.0,0.0,,0.0,48.0,199.0,0.0,1.0,Female,North,Bronze,40-70k,In-Store,1.0,1
C12075,0,,,,,,,,,,,,,,,,,,,,,,,,,,,,,,,,,,,,,,,,0
C12076,1,28.0,59.0,127821.03,2166.4581355932205,1371.4212391460717,561.0,11.254237288135593,6.084745762711864,3.0,9.0,9.189655172413794,8.949089724466491,54.0,3.046904315196998,1.0,1023.84,6.0,10201.48,15.0,31493.59,36.0,70364.59,0.6,0.6818181818181818,0.012576149680569183,14.0,0.0,,0.0,48.0,562.0,1.0,1.0,Male,North,Platinum,40-70k,Mobile App,2.0,1
C12077,1,273.0,13.0,13182.45,1014.0346153846154,764.875806014887,538.0,7.230769230769231,3.923076923076923,2.0,10.0,22.083333333333332,26.42126668676832,77.0,12.362264150943396,0.0,0.0,0.0,0.0,0.0,0.0,6.0,3919.14,0.0,0.0,0.06620231025931092,12.0,1.0,3.0,1.0,25.0,553.0,0.0,0.0,Male,Central,Bronze,<20k,In-Store,1.0,1
C12078,0,17.0,1.0,228.86,228.86,,17.0,3.0,3.0,1.0,1.0,,,,,1.0,228.86,1.0,228.86,1.0,228.86,1.0,228.86,1.0,1.0,0.05710283454185893,3.0,0.0,,0.0,26.0,49.0,1.0,1.0,Male,Unknown,Silver,40-70k,In-Store,1.0,1
C12079,1,24.0,7.0,4207.92,601.1314285714286,411.914621712986,382.0,6.714285714285714,3.4285714285714284,2.0,2.0,59.666666666666664,51.82534772354805,142.0,0.4022346368715084,1.0,505.58,4.0,2788.72,5.0,3066.79,6.0,3420.7999999999997,2.0,2.5,0.08568200336791787,12.0,2.0,3.5,1.0,39.0,402.0,0.0,0.0,Female,North,Bronze,40-70k,Online Web,1.0,1
C12080,1,55.0,24.0,29595.05,1233.1270833333333,659.3420912874417,548.0,9.125,4.833333333333333,2.0,1.0,21.434782608695652,19.60942743347635,83.0,2.5659229208924947,0.0,0.0,3.0,3802.37,7.0,8689.16,13.0,15016.77,0.6,1.0,0.03363417588840526,14.0,1.0,1.0,0.0,23.0,572.0,1.0,1.0,Female,Central,Silver,40-70k,Mobile App,3.0,1
C12081,0,1.0,40.0,41881.07,1047.02675,680.3109744339866,638.0,8.25,4.525,3.0,6.0,16.333333333333332,14.023163794487232,64.0,0.06122448979591837,2.0,1956.44,3.0,3449.72,9.0,10444.23,23.0,25437.989999999998,0.42857142857142855,0.6,0.054237463433933576,14.0,0.0,,0.0,37.0,641.0,1.0,1.0,Female,North,Gold,20-40k,Online Web,3.0,1
C12082,1,73.0,13.0,8126.66,625.1276923076923,517.1978405335468,587.0,6.538461538461538,3.3846153846153846,2.0,11.0,42.833333333333336,55.259443180383755,177.0,1.7042801556420233,0.0,0.0,1.0,222.31,6.0,3925.91,9.0,6250.23,0.16666666666666666,1.5,0.022909152118501416,12.0,0.0,,0.0,34.0,606.0,1.0,0.0,Female,Bangkok,Silver,20-40k,In-Store,1.0,1
C12083,0,11.0,13.0,15086.65,1160.5115384615385,609.1725482686351,350.0,10.76923076923077,5.076923076923077,1.0,1.0,28.25,36.683226288170054,126.0,0.3893805309734513,2.0,2177.04,4.0,4423.7,6.0,6337.57,13.0,15086.65,1.3333333333333333,0.75,0.02876560822172495,10.0,0.0,,0.0,22.0,364.0,1.0,1.0,Female,Bangkok,Platinum,Unknown,Mobile App,2.0,1
C12084,0,0.0,55.0,159981.7,2908.758181818182,1576.4740361103213,385.0,15.854545454545455,8.527272727272727,3.0,21.0,7.12962962962963,5.805158071714851,28.0,0.0,3.0,4458.76,8.0,22344.879999999997,20.0,66898.15,51.0,148691.79,0.6153846153846154,0.625,0.03147192424469174,14.0,1.0,4.0,0.0,43.0,390.0,1.0,0.0,Male,Bangkok,Silver,20-40k,In-Store,3.0,1
C12085,0,1.0,16.0,26147.05,1634.190625,1100.8898636979618,422.0,10.25,5.3125,3.0,10.0,28.066666666666666,22.961043613249025,75.0,0.035629453681710214,1.0,2643.9,5.0,5248.75,8.0,12367.94,13.0,21097.27,1.25,1.3333333333333333,0.03287486799934161,14.0,0.0,,0.0,28.0,442.0,0.0,0.0,Male,Bangkok,Platinum,>120k,In-Store,1.0,1
C12086,0,30.0,3.0,1342.4299999999998,447.47666666666663,171.1482025419295,36.0,6.0,3.6666666666666665,1.0,3.0,3.0,2.8284271247461903,5.0,10.0,0.0,0.0,3.0,1342.4299999999998,3.0,1342.4299999999998,3.0,1342.4299999999998,3.0,3.0,0.14249669436796952,6.0,0.0,,0.0,31.0,73.0,0.0,0.0,Female,Bangkok,Gold,20-40k,In-Store,1.0,1
C12087,1,255.0,8.0,4056.61,507.07625,178.96133189183635,552.0,6.5,3.375,1.0,1.0,42.42857142857143,32.330878650072506,105.0,6.0101010101010095,0.0,0.0,0.0,0.0,0.0,0.0,3.0,1734.81,0.0,0.0,0.032368789521767236,10.0,1.0,1.0,0.0,33.0,576.0,1.0,0.0,Male,Central,Bronze,70-120k,Mobile App,1.0,1
C12088,1,138.0,20.0,32772.24,1638.6119999999999,611.6436552919906,624.0,11.9,6.1,2.0,16.0,25.57894736842105,36.81080123712738,167.0,5.395061728395062,0.0,0.0,0.0,0.0,4.0,4656.51,13.0,21025.07,0.0,0.4,0.049117817478497805,14.0,0.0,,0.0,52.0,640.0,0.0,0.0,Male,Bangkok,Bronze,40-70k,In-Store,2.0,1
C12089,0,4.0,71.0,193875.0,2730.6338028169016,1451.4558780040384,449.0,14.43661971830986,7.816901408450704,3.0,26.0,6.357142857142857,4.989948488844854,22.0,0.6292134831460674,5.0,17713.690000000002,18.0,52224.14,32.0,98007.7,59.0,168346.7,1.2,1.1428571428571428,0.02547865020386157,14.0,1.0,4.0,0.0,35.0,451.0,0.0,0.0,Female,South,Gold,70-120k,In-Store,3.0,1
C12090,1,25.0,4.0,3938.71,984.6775,468.8583859670922,50.0,9.75,4.75,2.0,4.0,8.333333333333334,5.033222956847166,13.0,3.0,1.0,565.89,4.0,3938.71,4.0,3938.71,4.0,3938.71,4.0,4.0,0.03619372488755989,7.0,1.0,2.0,0.0,28.0,60.0,0.0,1.0,Male,Bangkok,Bronze,20-40k,In-Store,3.0,1
C12091,0,3.0,80.0,158869.06,1985.8632499999999,1165.7027706476606,631.0,11.7625,6.1,3.0,25.0,7.949367088607595,8.22737571360085,39.0,0.37738853503184716,2.0,5829.81,11.0,23392.43,25.0,52948.31,45.0,88499.25,0.7333333333333333,1.1904761904761905,0.029140857602409226,14.0,1.0,4.0,0.0,49.0,636.0,1.0,0.0,Female,Central,Silver,20-40k,In-Store,1.0,1
C12092,0,3.0,3.0,4738.7699999999995,1579.59,2141.398947137128,64.0,8.0,4.666666666666667,1.0,3.0,30.5,38.890872965260115,58.0,0.09836065573770492,2.0,4428.42,3.0,4738.7699999999995,3.0,4738.7699999999995,3.0,4738.7699999999995,3.0,3.0,0.05563626580575733,9.0,0.0,,0.0,35.0,74.0,1.0,1.0,Female,Central,Bronze,40-70k,In-Store,1.0,1
C12093,0,71.0,3.0,609.0999999999999,203.0333333333333,86.3264602154712,553.0,3.6666666666666665,2.3333333333333335,2.0,3.0,241.0,316.7838379715733,465.0,0.2946058091286307,0.0,0.0,2.0,481.82,2.0,481.82,2.0,481.82,2.0,2.0,0.13140819964349376,5.0,0.0,,0.0,41.0,574.0,0.0,1.0,Female,Northeast,Bronze,40-70k,In-Store,2.0,1
C12094,0,,,,,,,,,,,,,,,,,,,,,,,,,,,,,,,,,,,,,,,,0
C12095,1,25.0,15.0,15756.039999999999,1050.4026666666666,605.8938272204211,336.0,9.466666666666667,5.066666666666666,2.0,13.0,22.214285714285715,32.31617497222041,122.0,1.12540192926045,1.0,493.02,1.0,493.02,7.0,5685.76,15.0,15756.039999999999,0.14285714285714285,0.7777777777777778,0.0767270890490829,12.0,1.0,3.0,0.0,44.0,337.0,0.0,1.0,Female,Central,Bronze,<20k,In-Store,3.0,1
C12096,1,157.0,19.0,17188.61,904.6636842105263,787.8591764198763,557.0,8.0,4.2105263157894735,3.0,13.0,22.22222222222222,20.44664665604422,65.0,7.065,0.0,0.0,0.0,0.0,2.0,803.14,10.0,9610.55,0.0,0.2222222222222222,0.06302293571730332,13.0,2.0,3.0,0.0,25.0,569.0,1.0,1.0,Male,East,Silver,40-70k,In-Store,1.0,1
C12097,0,22.0,29.0,33841.38,1166.9441379310344,759.6948655241093,571.0,9.310344827586206,5.0344827586206895,2.0,2.0,19.607142857142858,18.174747001579654,76.0,1.122040072859745,2.0,1119.82,3.0,1511.62,7.0,8065.5199999999995,21.0,23525.19,0.6,0.4666666666666667,0.02094807938329188,14.0,0.0,,0.0,22.0,582.0,1.0,0.0,Male,Central,Gold,>120k,Mobile App,1.0,1
C12098,0,8.0,68.0,143888.03,2116.0004411764708,1445.6736338184053,502.0,11.411764705882353,6.0,3.0,22.0,7.373134328358209,6.934402206861885,37.0,1.0850202429149798,2.0,5116.71,13.0,28857.27,20.0,40493.14,45.0,95687.2,1.625,0.7692307692307693,0.006034542309562757,14.0,0.0,,0.0,40.0,514.0,1.0,0.0,Female,Northeast,Gold,>120k,In-Store,3.0,1
C12099,0,37.0,3.0,3476.92,1158.9733333333334,200.46350025212402,100.0,9.333333333333334,6.666666666666667,1.0,2.0,31.5,23.33452377915607,48.0,1.1746031746031746,0.0,0.0,2.0,2539.84,3.0,3476.92,3.0,3476.92,1.0,3.0,0.0762895581390406,12.0,0.0,,0.0,28.0,108.0,0.0,0.0,Female,Bangkok,Bronze,20-40k,In-Store,1.0,1
C12100,0,32.0,8.0,4675.78,584.4725,374.2685536101431,463.0,3.875,2.25,2.0,8.0,61.57142857142857,48.203931868874015,133.0,0.5197215777262181,0.0,0.0,1.0,1096.83,2.0,1877.4299999999998,5.0,3619.22,0.5,0.5,0.0840263207900155,9.0,0.0,,0.0,23.0,498.0,0.0,1.0,Male,Central,Silver,20-40k,In-Store,2.0,1
C12101,0,11.0,7.0,1721.23,245.89000000000001,113.59182966510693,243.0,5.857142857142857,3.0,2.0,4.0,38.666666666666664,37.892831336107186,93.0,0.28448275862068967,2.0,531.17,2.0,531.17,3.0,701.63,7.0,1721.23,1.0,0.6,0.013723512760861345,9.0,0.0,,0.0,21.0,355.0,1.0,0.0,Female,North,Bronze,40-70k,In-Store,3.0,1
C12102,0,169.0,5.0,2258.47,451.69399999999996,562.3193683575197,492.0,5.8,3.6,2.0,5.0,80.75,46.02445002387318,126.0,2.0928792569659445,0.0,0.0,0.0,0.0,1.0,39.28,3.0,635.47,0.0,0.3333333333333333,0.0778668778938257,9.0,0.0,,0.0,18.0,518.0,1.0,1.0,Male,Northeast,Gold,20-40k,In-Store,2.0,1
C12103,0,0.0,4.0,6174.8,1543.7,1301.3741007617039,42.0,9.0,4.75,2.0,4.0,14.0,8.888194417315589,24.0,0.0,2.0,2426.2400000000002,4.0,6174.8,4.0,6174.8,4.0,6174.8,4.0,4.0,0.034929645264594134,10.0,0.0,,0.0,23.0,89.0,0.0,1.0,Female,Northeast,Bronze,40-70k,In-Store,3.0,1
C12104,0,24.0,21.0,42758.72,2036.1295238095238,1320.4696383805126,359.0,11.476190476190476,6.285714285714286,3.0,2.0,16.75,11.9378874971553,46.0,1.4328358208955223,1.0,4400.81,2.0,6278.6,11.0,21205.940000000002,21.0,42758.72,0.2,1.0,0.02293587310582474,14.0,0.0,,0.0,42.0,377.0,1.0,1.0,Male,North,Platinum,40-70k,Mobile App,1.0,1
C12105,1,76.0,16.0,16010.67,1000.666875,813.3254910036019,563.0,7.1875,3.9375,2.0,13.0,32.46666666666667,26.527254627933853,76.0,2.3408624229979464,0.0,0.0,1.0,3553.92,2.0,4961.9400000000005,7.0,10191.21,0.5,0.3333333333333333,0.04717165844110477,12.0,1.0,4.0,0.0,34.0,629.0,1.0,0.0,Female,Bangkok,Silver,20-40k,In-Store,1.0,1
C12106,0,8.0,8.0,1916.6999999999998,239.58749999999998,219.51308992859626,264.0,3.75,2.25,2.0,6.0,36.57142857142857,36.18865910225257,109.0,0.21875,2.0,765.9699999999999,3.0,1058.38,5.0,1674.37,8.0,1916.6999999999998,1.0,1.25,0.07426816133534897,7.0,1.0,3.0,0.0,38.0,268.0,0.0,1.0,Female,East,Silver,40-70k,In-Store,1.0,1
C12107,0,10.0,16.0,36798.46,2299.90375,1821.4193232490425,302.0,14.125,7.875,3.0,13.0,19.466666666666665,14.549750447868103,47.0,0.5136986301369864,2.0,4125.27,5.0,10217.06,11.0,23904.58,16.0,36798.46,0.7142857142857143,1.8333333333333333,0.03131204271671483,14.0,0.0,,0.0,31.0,319.0,0.0,0.0,Male,Northeast,Silver,40-70k,In-Store,1.0,1
C12108,1,16.0,3.0,2354.79,784.93,500.15706812960275,34.0,5.333333333333333,2.6666666666666665,1.0,1.0,9.0,0.0,9.0,1.7777777777777777,2.0,1206.9,3.0,2354.79,3.0,2354.79,3.0,2354.79,3.0,3.0,0.07291002291356624,5.0,0.0,,0.0,38.0,57.0,1.0,0.0,Female,Northeast,Silver,<20k,Online Web,2.0,1
C12109,1,71.0,24.0,32119.75,1338.3229166666667,834.7705863991675,540.0,9.958333333333334,4.833333333333333,2.0,3.0,20.391304347826086,21.62645503341343,99.0,3.4818763326226017,0.0,0.0,1.0,2758.94,6.0,11422.21,13.0,20492.23,0.16666666666666666,0.75,0.036056335322958155,12.0,0.0,,0.0,38.0,661.0,1.0,0.0,Female,Bangkok,Gold,40-70k,Online Web,1.0,1
C12110,0,40.0,33.0,60003.08,1818.2751515151515,1115.4166822372963,434.0,10.878787878787879,5.7272727272727275,2.0,19.0,12.3125,12.977492923544405,53.0,3.248730964467005,0.0,0.0,2.0,1900.74,9.0,12470.79,22.0,34079.94,0.25,0.6428571428571429,0.046769293630346896,14.0,1.0,2.0,0.0,26.0,457.0,1.0,0.0,Male,Northeast,Silver,20-40k,In-Store,2.0,1
C12111,0,7.0,20.0,46765.84,2338.292,1022.4785623623247,469.0,17.55,8.4,3.0,15.0,24.31578947368421,24.42233183784179,104.0,0.2878787878787879,3.0,7040.4,3.0,7040.4,6.0,17413.25,12.0,32135.44,0.75,0.8571428571428571,0.004330705727683538,14.0,0.0,,0.0,32.0,473.0,0.0,0.0,Female,Northeast,Bronze,20-40k,In-Store,3.0,1
C12112,0,1.0,35.0,37997.65,1085.6471428571429,669.4792803654609,592.0,9.085714285714285,4.9714285714285715,3.0,16.0,17.38235294117647,16.169583690378136,67.0,0.05752961082910321,2.0,1392.02,9.0,9071.78,15.0,15794.76,21.0,23953.65,1.2857142857142858,2.142857142857143,0.030198921055096528,12.0,0.0,,0.0,29.0,602.0,1.0,0.0,Female,Bangkok,Gold,40-70k,In-Store,1.0,1
C12113,0,10.0,18.0,7353.18,408.51,331.9133885961996,635.0,5.055555555555555,2.8333333333333335,1.0,13.0,36.76470588235294,40.63946575030962,147.0,0.272,2.0,769.5,2.0,769.5,3.0,849.15,9.0,4486.18,1.0,0.42857142857142855,0.0502908598706371,12.0,0.0,,0.0,38.0,658.0,1.0,1.0,Male,Bangkok,Gold,70-120k,In-Store,2.0,1
C12114,0,3.0,47.0,98830.08,2102.7676595744683,1166.9884729958872,425.0,12.361702127659575,6.638297872340425,3.0,23.0,9.173913043478262,10.894043934036384,65.0,0.32701421800947866,3.0,4998.5199999999995,9.0,20065.11,22.0,48449.71,38.0,76685.56,0.6428571428571429,1.2941176470588236,0.016674140520862798,14.0,1.0,3.0,0.0,27.0,460.0,1.0,0.0,Female,Central,Platinum,70-120k,In-Store,1.0,1
C12115,0,18.0,25.0,31342.59,1253.7036,688.4450344609946,268.0,9.52,5.04,3.0,2.0,10.416666666666666,9.618445443709872,41.0,1.7280000000000002,2.0,1799.5,5.0,7207.42,16.0,19964.1,25.0,31342.59,0.4166666666666667,1.6,0.04931967063195606,13.0,0.0,,0.0,20.0,272.0,1.0,1.0,Male,Central,Silver,70-120k,Mobile App,3.0,1
C12116,0,16.0,30.0,38075.94,1269.198,673.7373816995093,637.0,9.2,4.8,3.0,17.0,21.413793103448278,20.52092528089892,80.0,0.7471819645732689,2.0,3883.0499999999997,6.0,7384.11,10.0,12999.26,18.0,23490.63,1.2,1.1111111111111112,0.005969777528083434,14.0,0.0,,0.0,45.0,652.0,0.0,1.0,Male,Bangkok,Gold,20-40k,In-Store,1.0,1
C12117,0,17.0,13.0,7179.17,552.2438461538461,409.8484639582956,557.0,5.076923076923077,2.6923076923076925,3.0,8.0,45.0,34.7772130202313,107.0,0.37777777777777777,1.0,386.4,2.0,724.6099999999999,2.0,724.6099999999999,7.0,3920.87,2.0,0.3333333333333333,0.02957174564811285,12.0,0.0,,0.0,32.0,622.0,0.0,0.0,Male,South,Silver,20-40k,In-Store,2.0,1
C12118,1,4.0,3.0,4118.03,1372.6766666666665,1109.2380362362865,19.0,6.666666666666667,4.0,1.0,1.0,7.5,3.5355339059327378,10.0,0.5333333333333333,3.0,4118.03,3.0,4118.03,3.0,4118.03,3.0,4118.03,3.0,3.0,0.055577852338219,8.0,1.0,3.0,1.0,27.0,20.0,1.0,0.0,Female,Bangkok,Silver,Unknown,Mobile App,2.0,1
C12119,0,25.0,11.0,16144.17,1467.6518181818183,830.7134707806076,259.0,9.636363636363637,4.363636363636363,3.0,9.0,23.4,30.39809935578941,105.0,1.0683760683760684,1.0,597.64,5.0,5966.62,8.0,11422.03,11.0,16144.17,1.25,2.0,0.006132805213561614,12.0,0.0,,0.0,34.0,272.0,1.0,0.0,Female,South,Silver,Unknown,In-Store,1.0,1
C12120,0,20.0,4.0,1255.53,313.8825,215.5264609237885,142.0,3.75,2.0,1.0,1.0,40.666666666666664,33.201405592735576,79.0,0.49180327868852464,1.0,335.83,2.0,590.75,4.0,1255.53,4.0,1255.53,0.6666666666666666,4.0,0.0,6.0,1.0,5.0,0.0,34.0,157.0,1.0,1.0,Female,North,Bronze,20-40k,Online Web,3.0,1
C12121,1,20.0,26.0,26180.62,1006.946923076923,683.6475368244618,622.0,6.923076923076923,3.4615384615384617,3.0,15.0,24.08,21.428019040499287,70.0,0.8305647840531563,1.0,275.71,1.0,275.71,8.0,7073.57,13.0,10700.13,0.125,1.3333333333333333,0.03217015361809333,14.0,2.0,2.0,0.0,31.0,637.0,0.0,1.0,Female,Bangkok,Gold,20-40k,In-Store,1.0,1
C12122,0,3.0,3.0,2981.06,993.6866666666666,598.494553052351,160.0,5.333333333333333,2.6666666666666665,3.0,2.0,78.5,86.97413408594535,140.0,0.03821656050955414,2.0,2675.8599999999997,2.0,2675.8599999999997,3.0,2981.06,3.0,2981.06,1.0,3.0,0.008435281830216669,5.0,0.0,,0.0,39.0,165.0,1.0,0.0,Female,Bangkok,Silver,70-120k,In-Store,2.0,1
C12123,0,33.0,18.0,31556.1,1753.1166666666666,1036.1350404550672,419.0,12.333333333333334,5.944444444444445,2.0,4.0,22.705882352941178,23.921132670408692,81.0,1.4533678756476682,0.0,0.0,5.0,9012.08,11.0,17337.690000000002,16.0,26425.11,0.7142857142857143,1.8333333333333333,0.004282178897323946,14.0,0.0,,0.0,27.0,421.0,1.0,1.0,Female,North,Platinum,70-120k,Mobile App,1.0,1
C12124,0,16.0,17.0,29265.19,1721.4817647058824,1029.3491984394514,308.0,10.529411764705882,5.588235294117647,2.0,13.0,18.25,15.682261741640882,50.0,0.8767123287671232,2.0,1926.58,6.0,9844.59,9.0,18197.84,17.0,29265.19,1.5,1.0,0.021768640175315036,14.0,0.0,,0.0,45.0,360.0,0.0,0.0,Female,Unknown,Silver,70-120k,In-Store,2.0,1
C12125,0,1.0,58.0,135399.82,2334.479655172414,1468.3794022316317,411.0,12.931034482758621,7.0344827586206895,3.0,22.0,7.192982456140351,5.871963034172363,23.0,0.13902439024390242,7.0,12186.039999999999,12.0,25628.11,24.0,53225.8,44.0,94777.42,0.9230769230769231,1.1428571428571428,0.027607858289097453,14.0,0.0,,0.0,33.0,412.0,1.0,1.0,Female,Bangkok,Gold,70-120k,In-Store,1.0,1
C12126,0,2.0,70.0,248834.82,3554.783142857143,1636.2018414755407,556.0,18.228571428571428,9.742857142857142,3.0,9.0,8.028985507246377,7.795117277336751,48.0,0.2490974729241877,2.0,7406.150000000001,10.0,46755.61,23.0,97860.09,48.0,182640.59,0.7142857142857143,0.8846153846153846,0.019261716192143258,14.0,0.0,,0.0,43.0,558.0,1.0,1.0,Female,South,Platinum,40-70k,Mobile App,3.0,1
C12127,0,17.0,4.0,3363.32,840.83,830.3461408753982,47.0,5.75,3.75,1.0,4.0,10.0,3.605551275463989,14.0,1.7,2.0,2493.3900000000003,4.0,3363.32,4.0,3363.32,4.0,3363.32,4.0,4.0,0.10694171908647476,9.0,0.0,,0.0,24.0,88.0,1.0,1.0,Male,Bangkok,Silver,<20k,In-Store,2.0,1
C12128,0,7.0,4.0,4367.66,1091.915,626.987006590514,49.0,6.75,4.0,2.0,4.0,14.0,7.0,19.0,0.5,2.0,2266.93,4.0,4367.66,4.0,4367.66,4.0,4367.66,4.0,4.0,0.032421283958165806,8.0,0.0,,0.0,23.0,55.0,0.0,1.0,Female,Northeast,Bronze,20-40k,In-Store,3.0,1
C12129,0,11.0,22.0,24162.19,1098.2813636363635,606.9909509978629,446.0,8.454545454545455,4.636363636363637,2.0,4.0,20.714285714285715,16.12185739033458,51.0,0.5310344827586206,2.0,3575.69,6.0,7135.68,9.0,10176.55,20.0,21979.11,1.5,0.75,0.007683594751056294,14.0,0.0,,0.0,34.0,449.0,1.0,1.0,Female,South,Gold,40-70k,Mobile App,1.0,1
C12130,1,117.0,7.0,6367.79,909.6842857142857,506.28506900286726,314.0,8.285714285714286,4.428571428571429,3.0,2.0,32.833333333333336,16.773987798572726,63.0,3.563451776649746,0.0,0.0,0.0,0.0,3.0,2428.66,7.0,6367.79,0.0,0.6,0.00396518768555045,8.0,0.0,,0.0,46.0,325.0,1.0,0.0,Female,East,Silver,70-120k,Online Web,3.0,1
C12131,0,3.0,69.0,213282.11,3091.045072463768,1689.8101936587461,459.0,14.855072463768115,8.27536231884058,3.0,25.0,6.705882352941177,7.1655453043254616,34.0,0.4473684210526316,7.0,19470.629999999997,13.0,42300.34,20.0,56368.13,47.0,140439.46,1.625,0.7142857142857143,0.0,14.0,0.0,,0.0,47.0,467.0,1.0,1.0,Female,Bangkok,Platinum,>120k,In-Store,2.0,1
C12132,0,32.0,16.0,13855.9,865.99375,567.3780805762003,345.0,7.625,3.5625,2.0,13.0,20.866666666666667,22.09998922645719,71.0,1.5335463258785942,0.0,0.0,7.0,6082.74,9.0,7181.51,16.0,13855.9,2.3333333333333335,1.125,0.004527650133774747,11.0,0.0,,0.0,41.0,396.0,1.0,1.0,Male,Northeast,Silver,40-70k,In-Store,2.0,1
C12133,1,43.0,5.0,2445.63,489.12600000000003,352.9528539762782,146.0,2.8,1.6,1.0,1.0,25.75,15.924300089276556,42.0,1.6699029126213591,0.0,0.0,2.0,400.61,5.0,2445.63,5.0,2445.63,0.5,5.0,0.0541234621379425,7.0,0.0,,0.0,35.0,147.0,1.0,0.0,Female,Bangkok,Bronze,20-40k,Online Web,2.0,1
C12134,0,26.0,27.0,46595.5,1725.7592592592594,926.2146066898233,519.0,13.88888888888889,7.444444444444445,3.0,18.0,18.96153846153846,13.932640149607739,53.0,1.3711967545638946,2.0,3841.74,4.0,6398.9,7.0,12018.97,17.0,28796.47,1.0,0.6363636363636364,0.008883263037368498,14.0,0.0,,0.0,26.0,543.0,1.0,0.0,Female,Bangkok,Platinum,Unknown,In-Store,1.0,1
C12135,0,1.0,64.0,149627.28,2337.92625,1361.130438325042,441.0,12.359375,6.828125,3.0,9.0,6.984126984126984,6.961859372258163,40.0,0.1431818181818182,6.0,7457.28,12.0,17719.61,31.0,58605.19,53.0,117627.7,0.6,1.3478260869565217,0.00559153093904025,14.0,0.0,,0.0,43.0,443.0,0.0,1.0,Female,Central,Gold,70-120k,Mobile App,3.0,1
C12136,0,29.0,24.0,18051.17,752.1320833333333,477.86273460226835,602.0,4.958333333333333,2.5833333333333335,2.0,3.0,24.91304347826087,23.178973707530435,87.0,1.1640488656195462,1.0,750.09,3.0,2404.9300000000003,7.0,6733.88,15.0,12851.6,0.6,0.7777777777777778,0.035176623390506326,11.0,0.0,,0.0,41.0,644.0,1.0,1.0,Male,Central,Gold,<20k,Mobile App,1.0,1
C12137,0,15.0,5.0,2699.3,539.86,335.70382459840994,284.0,5.6,2.6,1.0,1.0,67.25,57.57531299668867,143.0,0.22304832713754646,1.0,940.09,3.0,1633.24,4.0,2419.5,5.0,2699.3,1.5,2.0,0.0212125607368192,8.0,0.0,,0.0,30.0,300.0,1.0,1.0,Male,Northeast,Bronze,40-70k,Mobile App,1.0,1
C12138,0,60.0,6.0,5528.75,921.4583333333334,597.4652815826763,402.0,3.8333333333333335,2.6666666666666665,2.0,6.0,68.4,92.79170221523043,234.0,0.8771929824561403,0.0,0.0,1.0,326.34,5.0,4141.9,5.0,4141.9,0.2,5.0,0.04109149500404983,9.0,0.0,,0.0,43.0,422.0,0.0,1.0,Male,Northeast,Bronze,<20k,In-Store,1.0,1
C12139,1,83.0,12.0,9780.36,815.0300000000001,693.3738161010591,326.0,6.583333333333333,3.5833333333333335,3.0,8.0,22.09090909090909,26.242921123436492,89.0,3.757201646090535,0.0,0.0,1.0,298.03,4.0,3187.8999999999996,12.0,9780.36,0.25,0.4444444444444444,0.040005182603335514,13.0,0.0,,0.0,34.0,359.0,1.0,1.0,Female,Bangkok,Bronze,40-70k,In-Store,1.0,1
C12140,0,169.0,4.0,775.6700000000001,193.91750000000002,114.25619731550668,338.0,3.25,2.5,1.0,4.0,56.333333333333336,41.50100400391939,98.0,3.0,0.0,0.0,0.0,0.0,1.0,230.69,4.0,775.6700000000001,0.0,0.25,0.01128078315403049,5.0,0.0,,0.0,43.0,642.0,0.0,0.0,Male,North,Bronze,<20k,In-Store,1.0,1
C12141,0,6.0,12.0,12251.34,1020.945,922.9837081542566,383.0,10.083333333333334,5.333333333333333,3.0,7.0,34.27272727272727,41.814090708972515,134.0,0.17506631299734748,2.0,1473.08,2.0,1473.08,3.0,1917.21,10.0,10622.58,1.0,0.375,0.037737760773998354,14.0,2.0,3.5,1.0,44.0,393.0,1.0,0.0,Male,Central,Bronze,<20k,In-Store,3.0,1
C12142,0,5.0,3.0,3107.87,1035.9566666666667,573.1935464861178,27.0,9.0,4.0,1.0,3.0,11.0,5.656854249492381,15.0,0.45454545454545453,3.0,3107.87,3.0,3107.87,3.0,3107.87,3.0,3107.87,3.0,3.0,0.00812237498882974,7.0,0.0,,0.0,29.0,32.0,1.0,0.0,Male,Bangkok,Bronze,40-70k,In-Store,1.0,1
C12143,0,2.0,4.0,11028.97,2757.2425,1815.1042736690545,76.0,12.0,6.25,2.0,4.0,24.666666666666668,26.350205565295564,54.0,0.08108108108108107,2.0,2469.83,4.0,11028.97,4.0,11028.97,4.0,11028.97,4.0,4.0,0.013253873317879132,9.0,0.0,,0.0,43.0,80.0,1.0,1.0,Female,East,Bronze,20-40k,In-Store,3.0,1
C12144,1,227.0,9.0,2608.92,289.88,151.54319672951343,408.0,4.444444444444445,2.5555555555555554,1.0,1.0,22.625,13.64799828336951,47.0,10.033149171270718,0.0,0.0,0.0,0.0,0.0,0.0,7.0,1660.47,0.0,0.0,0.10706022479909096,8.0,0.0,,0.0,25.0,414.0,1.0,1.0,Male,South,Silver,20-40k,Online Web,1.0,1
C12145,1,64.0,9.0,8019.15,891.0166666666667,592.0423333048068,344.0,9.222222222222221,4.888888888888889,2.0,3.0,35.0,39.50406850656561,119.0,1.8285714285714285,0.0,0.0,2.0,2725.0,6.0,5387.83,9.0,8019.15,0.4,1.5,0.047454164266242216,11.0,0.0,,0.0,33.0,369.0,0.0,1.0,Female,Bangkok,Bronze,20-40k,Online Web,1.0,1
C12146,0,39.0,23.0,34178.659999999996,1486.0286956521738,1100.6485577533751,636.0,10.478260869565217,5.478260869565218,3.0,16.0,27.136363636363637,26.040802150152306,86.0,1.4371859296482412,0.0,0.0,3.0,3043.1,8.0,9237.16,17.0,22972.75,0.5,0.8,0.01364216951821255,13.0,1.0,2.0,0.0,50.0,637.0,1.0,0.0,Male,Bangkok,Silver,>120k,In-Store,1.0,1
C12147,0,3.0,22.0,21392.579999999998,972.3899999999999,513.8263566429347,497.0,9.363636363636363,5.045454545454546,2.0,14.0,23.523809523809526,23.9783632627814,104.0,0.12753036437246962,2.0,1691.44,7.0,7967.69,12.0,11199.22,16.0,15032.55,1.1666666666666667,2.4,0.0290875522159913,14.0,1.0,4.0,0.0,29.0,507.0,1.0,0.0,Male,Northeast,Bronze,Unknown,In-Store,1.0,1
C12148,0,4.0,68.0,169493.36,2492.549411764706,1580.2419899967542,437.0,12.044117647058824,6.514705882352941,3.0,21.0,6.462686567164179,5.114827993224343,26.0,0.6189376443418013,3.0,5262.950000000001,17.0,38555.11,34.0,84928.09,60.0,145956.4,0.9444444444444444,1.2592592592592593,0.0024352128386379572,14.0,0.0,,0.0,33.0,452.0,1.0,1.0,Female,Bangkok,Gold,20-40k,In-Store,1.0,1
C12149,0,17.0,23.0,34926.65,1518.55,890.305106639904,421.0,11.217391304347826,5.913043478260869,3.0,4.0,18.363636363636363,14.117012548341924,51.0,0.9257425742574258,1.0,1124.63,6.0,6665.79,9.0,11947.74,20.0,32570.13,1.5,0.75,0.008837319648130459,14.0,0.0,,0.0,34.0,500.0,1.0,0.0,Female,North,Silver,70-120k,Online Web,1.0,1
C12150,1,7.0,4.0,1483.98,370.995,84.50800573515703,219.0,6.5,3.25,1.0,4.0,70.66666666666667,54.50076452063158,133.0,0.0990566037735849,1.0,323.98,2.0,774.3,2.0,774.3,4.0,1483.98,2.0,0.6666666666666666,0.05313732246085525,7.0,1.0,3.0,1.0,39.0,220.0,1.0,1.0,Female,North,Bronze,<20k,In-Store,2.0,1
C12151,0,58.0,8.0,4005.25,500.65625,497.40979882752896,364.0,3.875,2.125,3.0,3.0,43.714285714285715,30.09271387846946,92.0,1.326797385620915,0.0,0.0,1.0,84.06,2.0,611.5999999999999,8.0,4005.25,0.5,0.2857142857142857,0.058279568881197806,8.0,0.0,,0.0,32.0,494.0,1.0,1.0,Male,Bangkok,Bronze,<20k,Mobile App,3.0,1
C12152,0,8.0,10.0,9416.52,941.652,503.5976626412971,386.0,9.1,4.8,3.0,7.0,42.0,27.271780286589287,86.0,0.19047619047619047,2.0,1353.04,2.0,1353.04,5.0,3446.24,9.0,8363.72,0.5,1.0,0.09336845662591094,11.0,0.0,,0.0,48.0,392.0,1.0,0.0,Male,North,Silver,<20k,In-Store,2.0,1
C12153,1,4.0,3.0,2360.67,786.89,756.2454578375991,11.0,3.0,1.6666666666666667,1.0,3.0,3.5,3.5355339059327378,6.0,1.1428571428571428,3.0,2360.67,3.0,2360.67,3.0,2360.67,3.0,2360.67,3.0,3.0,0.0,4.0,1.0,3.0,1.0,42.0,13.0,1.0,0.0,Male,Bangkok,Bronze,20-40k,In-Store,1.0,1
C12154,0,6.0,20.0,22626.0,1131.3,847.9728810522186,563.0,7.45,4.0,3.0,13.0,29.31578947368421,25.527877205515598,88.0,0.20466786355475763,1.0,458.63,1.0,458.63,7.0,8376.65,12.0,12846.47,0.14285714285714285,1.1666666666666667,0.00812708037519853,14.0,0.0,,0.0,32.0,578.0,0.0,0.0,Male,East,Silver,>120k,In-Store,1.0,1
C12155,0,5.0,25.0,58254.11,2330.1644,1290.7011816162822,490.0,14.72,7.76,2.0,17.0,20.208333333333332,16.516076928297753,57.0,0.24742268041237114,1.0,1441.14,9.0,17125.4,14.0,29070.29,20.0,46581.729999999996,1.5,2.0,0.018949691753005635,13.0,1.0,5.0,0.0,39.0,526.0,1.0,1.0,Female,Bangkok,Platinum,40-70k,In-Store,1.0,1
C12156,1,35.0,3.0,2865.6400000000003,955.2133333333335,1122.218917249809,123.0,4.333333333333333,2.0,1.0,1.0,44.0,8.48528137423857,50.0,0.7954545454545454,0.0,0.0,2.0,2366.41,3.0,2865.6400000000003,3.0,2865.6400000000003,1.0,3.0,0.03417221935740454,6.0,0.0,,0.0,33.0,136.0,1.0,0.0,Male,Northeast,Silver,70-120k,Online Web,3.0,1
C12157,1,268.0,3.0,2329.37,776.4566666666666,248.57721744627628,305.0,8.666666666666666,4.666666666666667,1.0,1.0,18.5,2.1213203435596424,20.0,14.486486486486486,0.0,0.0,0.0,0.0,0.0,0.0,3.0,2329.37,0.0,0.0,0.02772769012438434,7.0,2.0,4.0,0.0,32.0,313.0,0.0,0.0,Female,Northeast,Silver,Unknown,Online Web,3.0,1
C12158,0,21.0,28.0,45284.97,1617.3203571428571,1035.7537374280453,483.0,10.357142857142858,5.678571428571429,3.0,16.0,17.11111111111111,14.172924711286479,57.0,1.2272727272727273,1.0,488.22,4.0,6431.62,12.0,19071.010000000002,22.0,36910.91,0.4444444444444444,1.0909090909090908,0.05193796485897974,14.0,0.0,,0.0,39.0,497.0,1.0,1.0,Female,East,Silver,40-70k,In-Store,2.0,1
C12159,0,14.0,3.0,683.87,227.95666666666668,278.6732520952331,47.0,3.3333333333333335,2.0,2.0,3.0,16.5,21.920310216782973,32.0,0.8484848484848485,2.0,135.39,3.0,683.87,3.0,683.87,3.0,683.87,3.0,3.0,0.09116642523954442,3.0,0.0,,0.0,39.0,101.0,0.0,0.0,Male,Bangkok,Bronze,40-70k,In-Store,1.0,1
C12160,1,160.0,13.0,16290.93,1253.1484615384616,1048.8369769165445,381.0,7.3076923076923075,3.5384615384615383,2.0,8.0,18.416666666666668,21.09484354628932,60.0,8.687782805429864,0.0,0.0,0.0,0.0,2.0,1903.38,9.0,9226.39,0.0,0.25,0.03886220525167806,12.0,0.0,,0.0,39.0,398.0,1.0,1.0,Male,East,Bronze,40-70k,In-Store,2.0,1
C12161,0,10.0,8.0,2886.52,360.815,259.1716419121285,378.0,4.875,3.0,3.0,5.0,52.57142857142857,31.298866554861814,98.0,0.19021739130434784,1.0,369.86,2.0,400.33000000000004,4.0,1758.44,7.0,2722.9700000000003,0.6666666666666666,1.0,0.07856043822742624,12.0,0.0,,0.0,18.0,382.0,0.0,0.0,Male,Northeast,Bronze,40-70k,In-Store,3.0,1
C12162,0,31.0,1.0,696.47,696.47,,31.0,9.0,4.0,1.0,1.0,,,,,0.0,0.0,1.0,696.47,1.0,696.47,1.0,696.47,1.0,1.0,0.026583180757243287,3.0,0.0,,0.0,46.0,70.0,0.0,1.0,Female,Central,Bronze,20-40k,Online Web,2.0,1
C12163,1,3.0,2.0,1618.8200000000002,809.4100000000001,656.5062199248383,31.0,5.0,3.0,2.0,1.0,28.0,,28.0,0.10714285714285714,1.0,345.19,2.0,1618.8200000000002,2.0,1618.8200000000002,2.0,1618.8200000000002,2.0,2.0,0.07543549031926436,4.0,0.0,,0.0,40.0,48.0,1.0,0.0,Female,Central,Bronze,70-120k,In-Store,1.0,1
C12164,0,1.0,31.0,31882.65,1028.4725806451613,792.5814284810857,534.0,8.580645161290322,4.483870967741935,3.0,16.0,17.766666666666666,17.327839536090636,68.0,0.056285178236397754,2.0,2659.0,3.0,4905.17,7.0,6992.18,17.0,19919.06,0.6,0.6363636363636364,0.02471803907533335,14.0,0.0,,0.0,26.0,552.0,1.0,0.0,Male,Northeast,Platinum,20-40k,In-Store,2.0,1
C12165,0,14.0,7.0,3988.87,569.8385714285714,361.8861004712474,514.0,5.571428571428571,2.7142857142857144,2.0,3.0,83.33333333333333,43.90747848222062,125.0,0.168,1.0,632.81,2.0,835.4799999999999,4.0,2036.96,5.0,2902.31,0.6666666666666666,2.0,0.0709124873058612,8.0,0.0,,0.0,29.0,595.0,0.0,1.0,Female,Central,Bronze,40-70k,Mobile App,3.0,1
C12166,0,30.0,13.0,17653.489999999998,1357.960769230769,639.069679931455,367.0,10.076923076923077,5.384615384615385,2.0,11.0,28.083333333333332,22.467990699228224,78.0,1.0682492581602374,0.0,0.0,3.0,3795.43,6.0,7833.39,12.0,16520.22,0.75,0.8571428571428571,0.029749741409349276,13.0,0.0,,0.0,32.0,368.0,1.0,0.0,Female,Bangkok,Silver,Unknown,In-Store,2.0,1
C12167,0,27.0,24.0,23025.13,959.3804166666667,432.14222825239995,379.0,7.958333333333333,4.25,3.0,3.0,15.304347826086957,15.578057944688203,52.0,1.7642045454545454,1.0,480.26,5.0,4092.2,12.0,11597.6,23.0,21871.25,0.625,1.0,0.03207563429690833,14.0,1.0,1.0,0.0,33.0,394.0,0.0,0.0,Male,Unknown,Silver,40-70k,Mobile App,3.0,1
C12168,0,0.0,26.0,34836.12,1339.8507692307694,772.7331069026257,507.0,9.692307692307692,5.461538461538462,2.0,2.0,20.28,20.183574179680534,79.0,0.0,1.0,1690.5,2.0,3008.19,9.0,13407.96,16.0,21099.34,0.25,1.125,0.0037603370662164215,14.0,0.0,,0.0,45.0,517.0,1.0,0.0,Female,Northeast,Bronze,70-120k,Online Web,1.0,1
C12169,0,7.0,24.0,16416.03,684.0012499999999,434.6156710125325,489.0,5.208333333333333,2.875,3.0,4.0,20.956521739130434,15.65096064687278,53.0,0.3340248962655602,1.0,710.83,2.0,1602.66,7.0,5412.65,17.0,10633.19,0.3333333333333333,0.6363636363636364,0.019420995916650936,13.0,0.0,,0.0,41.0,513.0,0.0,1.0,Female,Central,Platinum,20-40k,Mobile App,2.0,1
C12170,0,14.0,2.0,2348.8900000000003,1174.4450000000002,30.002540725745177,34.0,11.0,5.0,1.0,1.0,20.0,,20.0,0.7,1.0,1195.66,2.0,2348.8900000000003,2.0,2348.8900000000003,2.0,2348.8900000000003,2.0,2.0,0.034606200346061995,5.0,0.0,,0.0,19.0,48.0,0.0,1.0,Female,Bangkok,Bronze,70-120k,Mobile App,2.0,1
C12171,0,3.0,1.0,2540.01,2540.01,,3.0,8.0,5.0,1.0,1.0,,,,,1.0,2540.01,1.0,2540.01,1.0,2540.01,1.0,2540.01,1.0,1.0,0.0,4.0,0.0,,0.0,39.0,8.0,0.0,1.0,Female,Bangkok,Platinum,70-120k,Mobile App,2.0,1
C12172,0,8.0,20.0,12299.71,614.9855,365.6680918318515,538.0,7.7,4.25,2.0,18.0,27.894736842105264,26.061667757758514,87.0,0.28679245283018867,1.0,245.64,5.0,2235.99,8.0,4550.48,17.0,10073.36,1.25,0.8,0.05356997206811379,13.0,0.0,,0.0,29.0,564.0,0.0,1.0,Male,South,Bronze,40-70k,In-Store,2.0,1
C12173,0,23.0,7.0,5992.21,856.03,357.77520628648,244.0,9.428571428571429,5.0,1.0,6.0,36.833333333333336,27.16922278363271,77.0,0.6244343891402715,1.0,582.27,3.0,1583.82,6.0,4883.66,7.0,5992.21,0.75,3.0,0.08956777255793319,10.0,0.0,,0.0,27.0,342.0,0.0,1.0,Male,Bangkok,Bronze,40-70k,In-Store,1.0,1
C12174,1,182.0,14.0,21637.34,1545.5242857142857,1425.39345057218,489.0,10.5,5.285714285714286,2.0,1.0,23.615384615384617,21.089248688761064,68.0,7.706840390879479,0.0,0.0,0.0,0.0,0.0,0.0,6.0,7522.87,0.0,0.0,0.05899856266539676,13.0,0.0,,0.0,31.0,494.0,1.0,1.0,Female,Bangkok,Bronze,>120k,Mobile App,1.0,1
C12175,0,1.0,52.0,81654.09,1570.2709615384615,984.9071361823809,416.0,9.423076923076923,5.25,3.0,22.0,8.137254901960784,7.028569151237362,29.0,0.12289156626506025,6.0,7006.46,11.0,13800.2,23.0,30694.65,41.0,61305.04,0.8461538461538461,1.2105263157894737,0.006802665649475949,14.0,0.0,,0.0,51.0,416.0,1.0,1.0,Male,Unknown,Gold,20-40k,In-Store,1.0,1
C12176,0,41.0,15.0,8909.460000000001,593.964,490.5759462946151,450.0,4.0,2.3333333333333335,3.0,9.0,29.214285714285715,21.426721531872197,58.0,1.4034229828850855,0.0,0.0,2.0,1213.0700000000002,3.0,1369.54,11.0,7695.51,1.0,0.3333333333333333,0.09653284875083787,12.0,0.0,,0.0,48.0,516.0,1.0,1.0,Female,Northeast,Silver,<20k,In-Store,1.0,1
C12177,0,22.0,81.0,258231.78,3188.0466666666666,1620.4212636317754,547.0,16.209876543209877,8.691358024691358,3.0,4.0,6.5625,5.516015232995002,23.0,3.3523809523809525,2.0,5153.34,10.0,34874.13,25.0,87600.15,51.0,163568.1,0.625,0.9259259259259259,0.010747317537808686,14.0,0.0,,0.0,52.0,548.0,0.0,1.0,Female,Bangkok,Gold,70-120k,Online Web,3.0,1
C12178,0,128.0,4.0,1665.94,416.485,113.10990716997343,238.0,3.75,2.25,1.0,1.0,36.666666666666664,29.670411748631555,68.0,3.490909090909091,0.0,0.0,0.0,0.0,1.0,333.29,4.0,1665.94,0.0,0.25,0.04902330148074573,4.0,1.0,3.0,0.0,30.0,310.0,0.0,1.0,Female,Central,Bronze,70-120k,Online Web,1.0,1
C12179,1,165.0,5.0,877.44,175.488,127.16054840240349,314.0,2.4,1.6,1.0,1.0,37.25,24.67623688220444,61.0,4.429530201342282,0.0,0.0,0.0,0.0,1.0,335.66,5.0,877.44,0.0,0.2,0.012258957819729157,4.0,0.0,,0.0,44.0,317.0,1.0,1.0,Female,Northeast,Bronze,<20k,Mobile App,1.0,1
C12180,0,1.0,27.0,31202.059999999998,1155.6318518518517,755.7202860289444,332.0,10.37037037037037,5.518518518518518,2.0,18.0,12.73076923076923,13.286256635509318,63.0,0.07854984894259819,3.0,4626.16,7.0,8411.73,10.0,10710.14,27.0,31202.059999999998,1.75,0.5555555555555556,0.03055959117171509,13.0,0.0,,0.0,34.0,352.0,1.0,0.0,Female,Central,Bronze,40-70k,In-Store,2.0,1
C12181,0,10.0,28.0,28084.8,1003.0285714285714,976.901533506962,546.0,5.964285714285714,3.107142857142857,3.0,18.0,19.85185185185185,19.033783131182837,91.0,0.5037313432835822,1.0,340.86,4.0,3289.15,12.0,8026.969999999999,17.0,16577.57,0.4444444444444444,2.0,0.004891426627714778,13.0,1.0,3.0,0.0,43.0,558.0,1.0,0.0,Female,Bangkok,Bronze,40-70k,In-Store,3.0,1
C12182,0,71.0,29.0,58080.14,2002.763448275862,956.7290948489765,609.0,14.379310344827585,7.551724137931035,2.0,21.0,19.214285714285715,21.642477339639875,92.0,3.695167286245353,0.0,0.0,2.0,5024.95,4.0,8743.05,16.0,32218.69,0.6666666666666666,0.3076923076923077,0.019557650732097306,14.0,1.0,4.0,0.0,32.0,612.0,1.0,0.0,Female,Bangkok,Gold,70-120k,In-Store,1.0,1
C12183,1,45.0,20.0,21734.79,1086.7395000000001,620.5899346629785,478.0,9.0,4.8,1.0,1.0,22.789473684210527,20.362217046307496,68.0,1.97459584295612,0.0,0.0,2.0,1836.59,5.0,2861.56,14.0,12805.88,0.5,0.5,0.04202735151831427,13.0,0.0,,0.0,39.0,509.0,0.0,0.0,Female,Bangkok,Gold,40-70k,Online Web,1.0,1
C12184,1,35.0,21.0,34993.24,1666.3447619047618,1316.128862971324,610.0,11.761904761904763,6.095238095238095,3.0,5.0,28.75,29.040579594042107,98.0,1.2173913043478262,0.0,0.0,3.0,3151.92,4.0,5257.21,11.0,17900.57,1.5,0.5,0.03956309793600663,13.0,1.0,4.0,0.0,29.0,621.0,0.0,1.0,Female,Bangkok,Silver,20-40k,Mobile App,1.0,1
C12185,0,3.0,18.0,24752.64,1375.1466666666665,750.5073575451555,293.0,13.38888888888889,6.777777777777778,3.0,10.0,17.058823529411764,17.173637457726063,62.0,0.17586206896551723,2.0,907.54,8.0,7798.33,14.0,17287.67,18.0,24752.64,1.1428571428571428,2.8,0.015495834897765673,13.0,0.0,,0.0,36.0,308.0,0.0,0.0,Male,Central,Silver,40-70k,In-Store,1.0,1
C12186,0,4.0,7.0,5487.75,783.9642857142857,659.9583744918348,219.0,5.571428571428571,2.857142857142857,2.0,7.0,35.833333333333336,16.265505423031485,58.0,0.11162790697674418,2.0,2258.28,4.0,3079.58,5.0,3979.4300000000003,7.0,5487.75,2.0,1.6666666666666667,0.01080093084123605,10.0,0.0,,0.0,30.0,239.0,0.0,0.0,Male,South,Bronze,20-40k,In-Store,3.0,1
C12187,0,7.0,21.0,43690.05,2080.4785714285717,1461.0173098128773,317.0,13.238095238095237,7.095238095238095,3.0,12.0,15.5,10.221236921749066,39.0,0.45161290322580644,2.0,4386.71,6.0,13816.9,14.0,28923.62,21.0,43690.05,0.6666666666666666,1.75,0.020978684070474218,14.0,0.0,,0.0,48.0,341.0,1.0,0.0,Female,North,Gold,<20k,In-Store,1.0,1
C12188,0,2.0,16.0,25848.23,1615.514375,965.9961751888997,403.0,12.6875,7.0625,2.0,10.0,26.733333333333334,28.072525120955305,93.0,0.07481296758104738,1.0,2970.72,3.0,8845.5,6.0,12233.58,11.0,18444.8,0.75,1.0,0.0014166560427121603,13.0,1.0,3.0,0.0,39.0,409.0,0.0,1.0,Female,Central,Gold,Unknown,In-Store,1.0,1
C12189,0,3.0,33.0,61917.54,1876.2890909090909,965.8888508142502,459.0,12.727272727272727,7.090909090909091,3.0,4.0,14.25,13.085327907683967,50.0,0.21052631578947367,3.0,6899.32,6.0,10022.25,14.0,23521.32,26.0,45997.03,0.6666666666666666,1.0769230769230769,0.0051730805721317535,14.0,0.0,,0.0,23.0,469.0,1.0,1.0,Female,Central,Silver,20-40k,Mobile App,1.0,1
C12190,0,2.0,4.0,2104.45,526.1125,383.3247336462911,278.0,3.75,2.25,1.0,1.0,92.0,85.07055894961546,179.0,0.021739130434782608,1.0,718.46,1.0,718.46,2.0,1024.78,4.0,2104.45,0.5,0.6666666666666666,0.062401147689250654,7.0,0.0,,0.0,33.0,282.0,1.0,1.0,Female,Northeast,Bronze,<20k,Mobile App,1.0,1
C12191,0,51.0,5.0,3320.02,664.004,334.59789752776396,303.0,6.8,3.8,1.0,5.0,63.0,77.110310594628,173.0,0.8095238095238095,0.0,0.0,2.0,1803.76,2.0,1803.76,5.0,3320.02,2.0,0.5,0.06911760170249513,8.0,0.0,,0.0,37.0,441.0,1.0,1.0,Male,East,Silver,20-40k,In-Store,2.0,1
C12192,0,5.0,28.0,29304.53,1046.590357142857,666.0992844162705,534.0,7.428571428571429,4.214285714285714,3.0,16.0,19.59259259259259,18.454224572124524,66.0,0.2551984877126654,2.0,1503.3400000000001,7.0,5387.02,13.0,13771.16,22.0,23612.84,1.0,1.3,0.017659944990756366,13.0,1.0,1.0,0.0,39.0,534.0,0.0,1.0,Female,Northeast,Silver,20-40k,In-Store,1.0,1
C12193,0,13.0,4.0,3417.53,854.3825,211.3032530708728,71.0,8.0,4.5,2.0,2.0,19.333333333333332,8.144527815247079,25.0,0.6724137931034483,1.0,719.04,4.0,3417.53,4.0,3417.53,4.0,3417.53,4.0,4.0,0.017149052675171694,9.0,1.0,5.0,0.0,28.0,129.0,0.0,1.0,Female,East,Gold,Unknown,Mobile App,2.0,1
C12194,0,33.0,8.0,3922.98,490.3725,309.328968748714,306.0,6.625,3.5,1.0,7.0,39.0,43.07744963048145,123.0,0.8461538461538461,0.0,0.0,1.0,549.16,5.0,2915.11,8.0,3922.98,0.2,1.25,0.03427920132538039,11.0,2.0,4.5,0.0,32.0,463.0,0.0,1.0,Female,Central,Silver,20-40k,In-Store,1.0,1
C12195,1,110.0,22.0,34138.12,1551.7327272727273,1070.225510362327,539.0,12.954545454545455,6.954545454545454,2.0,12.0,20.428571428571427,20.439108171765785,74.0,5.384615384615385,0.0,0.0,0.0,0.0,3.0,5717.51,7.0,10812.789999999999,0.0,0.6,0.021676195388958146,14.0,0.0,,0.0,43.0,571.0,1.0,0.0,Male,Northeast,Silver,70-120k,In-Store,3.0,1
C12196,0,53.0,8.0,4207.79,525.97375,715.5447106313483,295.0,6.625,3.125,3.0,5.0,34.57142857142857,27.385258460572924,71.0,1.5330578512396695,0.0,0.0,2.0,2055.39,3.0,2170.62,8.0,4207.79,1.0,0.5,0.08071658747064285,9.0,0.0,,0.0,37.0,395.0,0.0,0.0,Male,Bangkok,Bronze,<20k,In-Store,2.0,1
C12197,1,116.0,3.0,1534.5,511.5,328.2777471897844,183.0,3.6666666666666665,2.3333333333333335,1.0,3.0,33.5,28.991378028648448,54.0,3.462686567164179,0.0,0.0,0.0,0.0,2.0,1013.99,3.0,1534.5,0.0,1.0,0.0916947336644154,3.0,1.0,2.0,0.0,35.0,201.0,0.0,0.0,Male,North,Gold,40-70k,In-Store,1.0,1
C12198,0,15.0,31.0,27975.59,902.4383870967742,442.56101861096914,495.0,7.32258064516129,3.774193548387097,3.0,4.0,16.0,13.791551636843627,57.0,0.9375,3.0,2037.76,6.0,4789.2,11.0,8330.02,20.0,17063.33,1.0,1.1,0.011002650704462361,13.0,0.0,,0.0,36.0,499.0,1.0,1.0,Female,South,Gold,Unknown,Mobile App,2.0,1
C12199,0,14.0,94.0,280766.11,2986.873510638298,1674.3266075827576,612.0,17.319148936170212,9.095744680851064,3.0,25.0,6.43010752688172,5.690185771901221,23.0,2.177257525083612,2.0,4228.08,7.0,19883.63,20.0,61932.97,49.0,162942.18,0.5,0.6666666666666666,0.0,14.0,0.0,,0.0,32.0,627.0,1.0,1.0,Female,Northeast,Gold,>120k,In-Store,1.0,1
C12200,1,163.0,20.0,31311.4,1565.5700000000002,1022.4144684597288,539.0,11.7,6.65,2.0,13.0,19.789473684210527,29.393081096990645,116.0,8.236702127659575,0.0,0.0,0.0,0.0,3.0,4774.1900000000005,9.0,12168.46,0.0,0.42857142857142855,0.028530633735193198,14.0,2.0,3.0,0.0,45.0,543.0,0.0,1.0,Female,East,Silver,20-40k,In-Store,1.0,1
C12201,0,7.0,84.0,176405.73,2100.0682142857145,1177.3183214112094,638.0,10.392857142857142,5.5476190476190474,3.0,25.0,7.602409638554217,6.780423324859312,42.0,0.9207606973058636,2.0,3241.91,9.0,14341.42,27.0,51308.11,50.0,99992.13,0.47368421052631576,1.125,0.0,14.0,1.0,3.0,0.0,46.0,639.0,1.0,0.0,Male,Bangkok,Platinum,70-120k,In-Store,1.0,1
C12202,0,48.0,1.0,273.45,273.45,,48.0,5.0,3.0,1.0,1.0,,,,,0.0,0.0,1.0,273.45,1.0,273.45,1.0,273.45,1.0,1.0,0.0,3.0,0.0,,0.0,34.0,83.0,1.0,0.0,Male,North,Bronze,70-120k,In-Store,2.0,1
C12203,0,14.0,9.0,6899.05,766.5611111111111,602.5682227856951,584.0,5.222222222222222,3.0,3.0,2.0,71.25,76.29032891339692,189.0,0.19649122807017544,2.0,1997.73,3.0,2206.2000000000003,3.0,2206.2000000000003,4.0,3481.9500000000003,3.0,1.5,0.04270405352715001,11.0,1.0,3.0,1.0,51.0,645.0,1.0,1.0,Female,Northeast,Bronze,20-40k,Mobile App,1.0,1
C12204,0,24.0,30.0,55747.86,1858.262,1261.2182950224399,569.0,12.2,6.366666666666666,3.0,16.0,18.79310344827586,13.504970805344303,47.0,1.2770642201834863,1.0,2407.12,3.0,3946.8599999999997,8.0,11443.18,19.0,31629.18,0.5,0.6666666666666666,0.003630320684284708,14.0,1.0,4.0,0.0,30.0,586.0,1.0,1.0,Female,South,Silver,70-120k,In-Store,3.0,1
C12205,0,64.0,12.0,5809.66,484.1383333333333,477.7157004638815,576.0,4.416666666666667,2.5,1.0,1.0,46.54545454545455,32.08851394615723,97.0,1.375,0.0,0.0,1.0,15.98,3.0,1232.76,6.0,1837.36,0.3333333333333333,0.75,0.07770584555987008,13.0,0.0,,0.0,29.0,576.0,0.0,0.0,Male,Central,Silver,40-70k,Online Web,1.0,1
C12206,0,26.0,3.0,2500.66,833.5533333333333,754.8997985384109,34.0,5.333333333333333,2.3333333333333335,2.0,1.0,4.0,1.4142135623730951,5.0,6.5,1.0,393.07,3.0,2500.66,3.0,2500.66,3.0,2500.66,3.0,3.0,0.007446158242770162,2.0,0.0,,0.0,25.0,52.0,1.0,0.0,Male,North,Silver,<20k,Online Web,2.0,1
C12207,1,43.0,3.0,934.0,311.3333333333333,338.5450635193686,137.0,2.6666666666666665,2.3333333333333335,3.0,2.0,47.0,33.94112549695428,71.0,0.9148936170212766,0.0,0.0,1.0,104.59,3.0,934.0,3.0,934.0,0.3333333333333333,3.0,0.0,3.0,3.0,2.3333333333333335,0.0,43.0,177.0,1.0,1.0,Female,Central,Bronze,70-120k,Mobile App,1.0,1
C12208,0,6.0,8.0,3878.7299999999996,484.84124999999995,342.8382669271953,289.0,6.75,3.5,2.0,2.0,40.42857142857143,28.283429441147707,78.0,0.14840989399293286,1.0,936.56,2.0,1221.1599999999999,4.0,1996.84,8.0,3878.7299999999996,0.6666666666666666,0.8,0.07762167252457707,12.0,0.0,,0.0,28.0,353.0,1.0,1.0,Male,South,Bronze,70-120k,Mobile App,1.0,1
C12209,0,58.0,9.0,6526.41,725.1566666666666,339.51251740547065,461.0,7.333333333333333,3.7777777777777777,2.0,8.0,50.375,34.51681784703964,113.0,1.15136476426799,0.0,0.0,1.0,916.45,2.0,1306.35,7.0,5287.25,0.5,0.3333333333333333,0.07719879701204262,11.0,1.0,4.0,0.0,18.0,525.0,1.0,1.0,Male,Bangkok,Gold,40-70k,In-Store,2.0,1
C12210,1,140.0,5.0,3912.3,782.46,563.938696446697,418.0,7.2,3.2,2.0,1.0,69.5,57.320735049950876,137.0,2.014388489208633,0.0,0.0,0.0,0.0,2.0,822.9300000000001,4.0,2414.04,0.0,0.6666666666666666,0.048623016596753596,6.0,0.0,,0.0,35.0,546.0,0.0,1.0,Female,Northeast,Silver,20-40k,Mobile App,1.0,1
C12211,0,3.0,7.0,4223.45,603.35,387.50992198050017,201.0,6.142857142857143,3.142857142857143,2.0,6.0,33.0,24.551985663078252,60.0,0.09090909090909091,2.0,1464.44,3.0,1919.02,6.0,3875.8,7.0,4223.45,0.75,3.0,0.10729119328690248,10.0,0.0,,0.0,25.0,230.0,0.0,1.0,Male,North,Bronze,Unknown,In-Store,1.0,1
C12212,1,17.0,4.0,3258.4700000000003,814.6175000000001,267.76253352239803,127.0,8.0,4.25,2.0,1.0,36.666666666666664,30.664855018951798,69.0,0.4636363636363637,1.0,956.71,2.0,1571.7800000000002,4.0,3258.4700000000003,4.0,3258.4700000000003,0.6666666666666666,4.0,0.04583322352334854,8.0,1.0,2.0,0.0,26.0,134.0,0.0,1.0,Male,North,Silver,40-70k,Mobile App,1.0,1
C12213,1,184.0,9.0,4351.77,483.53000000000003,309.8451793638236,498.0,4.555555555555555,2.7777777777777777,2.0,8.0,39.25,59.64358425561917,181.0,4.687898089171974,0.0,0.0,0.0,0.0,0.0,0.0,6.0,3655.5,0.0,0.0,0.018558612197399224,11.0,0.0,,0.0,32.0,557.0,0.0,1.0,Male,North,Bronze,<20k,In-Store,2.0,1
C12214,0,4.0,2.0,383.67,191.835,17.81201981808913,92.0,3.5,2.5,1.0,2.0,88.0,,88.0,0.045454545454545456,1.0,204.43,1.0,204.43,2.0,383.67,2.0,383.67,0.5,2.0,0.0,5.0,0.0,,0.0,47.0,112.0,0.0,0.0,Male,Northeast,Gold,40-70k,In-Store,3.0,1
C12215,0,5.0,19.0,19823.67,1043.3510526315788,685.7641328789913,219.0,6.631578947368421,3.789473684210526,3.0,3.0,11.88888888888889,8.484511070449207,30.0,0.4205607476635514,2.0,1329.85,8.0,8765.43,15.0,15292.1,19.0,19823.67,1.0,3.0,0.0,13.0,0.0,,0.0,40.0,254.0,1.0,1.0,Female,Central,Bronze,40-70k,Mobile App,3.0,1
C12216,0,41.0,20.0,28403.58,1420.179,938.4425149200529,400.0,10.4,5.7,3.0,12.0,18.894736842105264,16.137928880064248,63.0,2.16991643454039,0.0,0.0,2.0,4092.6000000000004,9.0,12435.08,17.0,24009.420000000002,0.25,1.0,0.04586621572731606,13.0,0.0,,0.0,39.0,404.0,1.0,1.0,Male,Central,Silver,70-120k,In-Store,3.0,1
C12217,1,38.0,10.0,8749.13,874.9129999999999,680.002197889422,423.0,8.6,4.8,2.0,9.0,42.77777777777778,63.45230054493252,185.0,0.8883116883116883,0.0,0.0,2.0,264.58,6.0,4278.87,7.0,6746.59,0.4,3.0,0.06986290010503621,12.0,1.0,2.0,0.0,42.0,435.0,0.0,1.0,Male,North,Bronze,70-120k,In-Store,1.0,1
C12218,0,51.0,13.0,17387.21,1337.4776923076922,854.9912583876112,302.0,10.23076923076923,5.538461538461538,2.0,9.0,20.916666666666668,22.30148113032093,69.0,2.4382470119521913,0.0,0.0,2.0,1215.87,8.0,8569.09,13.0,17387.21,0.2857142857142857,1.3333333333333333,0.021936550116497665,13.0,0.0,,0.0,48.0,354.0,1.0,0.0,Male,Bangkok,Gold,70-120k,In-Store,2.0,1
C12219,0,46.0,7.0,3056.92,436.70285714285717,245.90854171922575,437.0,5.285714285714286,2.5714285714285716,3.0,4.0,65.16666666666667,133.37378553024078,336.0,0.7058823529411764,0.0,0.0,3.0,1285.3400000000001,6.0,2582.12,6.0,2582.12,0.75,6.0,0.10427276296743418,9.0,0.0,,0.0,25.0,463.0,0.0,1.0,Female,North,Silver,40-70k,In-Store,2.0,1
C12220,0,24.0,25.0,29549.460000000003,1181.9784000000002,1344.6482400603265,479.0,7.4,3.92,3.0,3.0,18.958333333333332,14.883545529753045,49.0,1.265934065934066,1.0,795.58,5.0,5757.02,12.0,9885.710000000001,19.0,24406.100000000002,0.625,1.5,0.05189121480141971,13.0,2.0,3.5,0.0,26.0,512.0,1.0,1.0,Male,East,Gold,20-40k,Online Web,2.0,1
C12221,0,14.0,39.0,42634.38,1093.1892307692308,889.06785387661,559.0,7.923076923076923,4.3076923076923075,3.0,17.0,14.342105263157896,12.368828115936982,55.0,0.9761467889908256,1.0,409.67,4.0,5105.4800000000005,6.0,7858.88,26.0,33639.75,1.3333333333333333,0.2857142857142857,0.029562193824525178,14.0,0.0,,0.0,41.0,577.0,1.0,1.0,Female,Bangkok,Gold,40-70k,In-Store,2.0,1
C12222,0,5.0,16.0,26855.61,1678.475625,1074.9683092815264,270.0,11.125,5.8125,3.0,11.0,17.666666666666668,13.828886261666021,46.0,0.2830188679245283,2.0,2370.93,5.0,8608.65,11.0,18870.97,16.0,26855.61,0.7142857142857143,1.8333333333333333,0.015200514262308248,14.0,0.0,,0.0,42.0,274.0,0.0,0.0,Female,Bangkok,Gold,40-70k,In-Store,2.0,1
C12223,1,23.0,20.0,25149.8,1257.49,1130.072040451637,609.0,6.7,3.3,3.0,18.0,30.842105263157894,26.90159672645378,86.0,0.7457337883959044,1.0,493.48,2.0,990.0,4.0,2714.84,9.0,6761.4,0.6666666666666666,0.6666666666666666,0.085028287948799,14.0,0.0,,0.0,35.0,617.0,1.0,1.0,Female,Central,Bronze,40-70k,In-Store,2.0,1
C12224,1,202.0,26.0,38416.84,1477.5707692307692,934.3018980433383,555.0,13.076923076923077,6.846153846153846,2.0,18.0,14.12,10.963272017665773,43.0,14.305949008498585,0.0,0.0,0.0,0.0,0.0,0.0,14.0,15532.69,0.0,0.0,0.05733364938073848,13.0,0.0,,0.0,34.0,572.0,0.0,1.0,Female,Bangkok,Silver,40-70k,In-Store,1.0,1
C12225,1,38.0,3.0,1755.33,585.11,70.58953959334202,170.0,7.0,4.0,2.0,3.0,66.0,53.74011537017761,104.0,0.5757575757575758,0.0,0.0,2.0,1100.31,3.0,1755.33,3.0,1755.33,1.0,3.0,0.062123316948065825,4.0,0.0,,0.0,53.0,187.0,1.0,0.0,Female,Central,Silver,20-40k,In-Store,3.0,1
C12226,1,224.0,5.0,2648.26,529.652,349.36704276448285,485.0,5.6,3.0,1.0,1.0,65.25,59.62312191311913,154.0,3.4329501915708813,0.0,0.0,0.0,0.0,0.0,0.0,4.0,1580.78,0.0,0.0,0.023963615992451937,9.0,1.0,2.0,0.0,34.0,491.0,0.0,1.0,Female,North,Bronze,20-40k,Mobile App,1.0,1
C12227,1,95.0,9.0,16327.95,1814.2166666666667,1456.5106393449382,308.0,11.444444444444445,5.777777777777778,3.0,8.0,26.625,18.086597247685923,48.0,3.568075117370892,0.0,0.0,0.0,0.0,3.0,3803.9799999999996,9.0,16327.95,0.0,0.42857142857142855,0.05235345327916425,13.0,0.0,,0.0,26.0,320.0,1.0,1.0,Male,Bangkok,Bronze,20-40k,In-Store,1.0,1
C12228,0,30.0,6.0,9959.390000000001,1659.8983333333335,1328.5625900410814,112.0,10.333333333333334,5.833333333333333,1.0,5.0,16.4,21.26734586167254,53.0,1.829268292682927,0.0,0.0,4.0,7991.54,6.0,9959.390000000001,6.0,9959.390000000001,1.3333333333333333,6.0,0.012646042659079305,13.0,0.0,,0.0,21.0,144.0,1.0,1.0,Male,South,Bronze,20-40k,In-Store,3.0,1
C12229,0,1.0,56.0,114259.08,2040.3407142857143,1190.5298419517512,500.0,10.964285714285714,6.125,3.0,7.0,9.072727272727272,7.05495503687944,40.0,0.11022044088176353,4.0,10652.22,11.0,25018.79,19.0,40911.97,39.0,80443.37,1.2222222222222223,0.9047619047619048,0.020675434260573573,14.0,0.0,,0.0,37.0,513.0,1.0,1.0,Female,North,Platinum,20-40k,Mobile App,1.0,1
C12230,0,57.0,8.0,4815.98,601.9975,446.6565977747494,296.0,5.625,2.75,2.0,7.0,34.142857142857146,56.057793307230625,159.0,1.6694560669456064,0.0,0.0,2.0,682.5899999999999,4.0,2216.92,8.0,4815.98,0.6666666666666666,0.8,0.07738786269573979,11.0,0.0,,0.0,18.0,335.0,0.0,1.0,Female,Bangkok,Silver,20-40k,In-Store,2.0,1
C12231,0,10.0,13.0,9284.22,714.1707692307692,493.6625629155597,518.0,6.0,3.076923076923077,2.0,1.0,42.333333333333336,37.32007340276649,124.0,0.23622047244094488,2.0,1740.99,2.0,1740.99,4.0,2979.84,7.0,4384.9,0.6666666666666666,1.0,0.016616707798879367,12.0,1.0,4.0,1.0,34.0,668.0,0.0,1.0,Male,Bangkok,Bronze,40-70k,Mobile App,1.0,1
C12232,0,1.0,49.0,129307.56,2638.9297959183673,969.4898354579113,542.0,15.285714285714286,8.061224489795919,3.0,23.0,11.270833333333334,12.93311695549055,61.0,0.08872458410351201,1.0,2748.63,3.0,7353.99,12.0,36201.64,31.0,84744.0,0.3,0.6,0.019808266603841034,14.0,0.0,,0.0,48.0,549.0,1.0,1.0,Male,North,Platinum,>120k,In-Store,2.0,1
C12233,0,11.0,4.0,2898.65,724.6625,740.5558723632314,144.0,9.75,4.25,1.0,4.0,44.333333333333336,36.90979996333404,84.0,0.24812030075187969,2.0,2476.15,3.0,2798.5600000000004,4.0,2898.65,4.0,2898.65,1.5,4.0,0.05214641675277622,8.0,1.0,5.0,1.0,37.0,155.0,1.0,1.0,Male,Bangkok,Bronze,40-70k,In-Store,2.0,1
C12234,0,11.0,6.0,3237.37,539.5616666666666,258.2627765216402,445.0,7.333333333333333,3.5,2.0,5.0,86.8,91.72349753471026,239.0,0.12672811059907835,1.0,734.13,1.0,734.13,4.0,2063.23,4.0,2063.23,0.25,4.0,0.04434138824765761,11.0,0.0,,0.0,38.0,449.0,0.0,0.0,Male,Central,Bronze,Unknown,In-Store,2.0,1
C12235,0,2.0,5.0,6349.28,1269.856,891.9417398182461,74.0,7.8,5.0,2.0,5.0,18.0,13.976170195491086,38.0,0.1111111111111111,1.0,933.11,5.0,6349.28,5.0,6349.28,5.0,6349.28,5.0,5.0,0.010650349116418364,9.0,0.0,,0.0,34.0,141.0,0.0,1.0,Female,Central,Gold,20-40k,In-Store,1.0,1
C12236,0,3.0,6.0,2924.89,487.4816666666666,249.1572938058741,254.0,3.6666666666666665,2.1666666666666665,2.0,6.0,50.2,40.953632317536865,112.0,0.0597609561752988,1.0,504.96,1.0,504.96,3.0,945.3,6.0,2924.89,0.3333333333333333,0.75,0.06477141194451727,7.0,0.0,,0.0,21.0,353.0,1.0,0.0,Male,Bangkok,Silver,<20k,In-Store,1.0,1
C12237,0,,,,,,,,,,,,,,,,,,,,,,,,,,,,,,,,,,,,,,,,0
C12238,0,0.0,1.0,620.46,620.46,,0.0,4.0,4.0,1.0,1.0,,,,,1.0,620.46,1.0,620.46,1.0,620.46,1.0,620.46,1.0,1.0,0.0,4.0,0.0,,0.0,38.0,41.0,0.0,0.0,Male,North,Silver,<20k,In-Store,3.0,1
C12239,0,8.0,15.0,20912.68,1394.1786666666667,683.6168169989745,325.0,12.733333333333333,6.4,2.0,1.0,22.642857142857142,19.929132687358216,69.0,0.35331230283911674,2.0,1865.53,6.0,5813.0599999999995,8.0,9326.06,15.0,20912.68,2.0,1.0,0.057646527099667125,13.0,1.0,2.0,1.0,38.0,378.0,0.0,1.0,Male,Northeast,Bronze,20-40k,Mobile App,3.0,1
C12240,0,108.0,8.0,4379.68,547.46,307.43240539298114,391.0,5.75,3.0,3.0,2.0,40.42857142857143,17.251638983558856,74.0,2.6713780918727914,0.0,0.0,0.0,0.0,1.0,1043.67,7.0,3655.05,0.0,0.14285714285714285,0.12523268912732588,10.0,0.0,,0.0,28.0,450.0,1.0,0.0,Female,Northeast,Bronze,<20k,Mobile App,1.0,1
C12241,0,3.0,86.0,206338.91,2399.289651162791,1321.4233373774505,601.0,13.80232558139535,7.372093023255814,3.0,26.0,7.035294117647059,7.969356577397144,43.0,0.42642140468227424,2.0,9089.61,4.0,12567.47,19.0,53223.76,49.0,121307.61,0.25,0.6129032258064516,0.007666602303000893,14.0,1.0,2.0,0.0,36.0,620.0,1.0,1.0,Female,East,Gold,20-40k,In-Store,1.0,1
C12242,0,45.0,8.0,4538.22,567.2775,283.9335354696337,381.0,7.625,3.75,1.0,1.0,48.0,31.230327140991225,91.0,0.9375,0.0,0.0,3.0,2382.24,4.0,2414.74,7.0,4143.85,1.5,1.0,0.0478366504273827,10.0,0.0,,0.0,30.0,385.0,1.0,0.0,Female,Bangkok,Bronze,20-40k,Online Web,1.0,1
C12243,0,2.0,12.0,13981.68,1165.14,644.8584010463072,311.0,10.25,5.666666666666667,2.0,2.0,28.09090909090909,23.649332106655972,86.0,0.07119741100323625,2.0,2670.81,4.0,4972.51,6.0,7286.77,12.0,13981.68,1.3333333333333333,0.8571428571428571,0.022249883740039233,12.0,1.0,3.0,0.0,26.0,333.0,1.0,1.0,Male,Central,Gold,40-70k,Mobile App,1.0,1
C12244,0,0.0,25.0,27002.78,1080.1112,583.5808338847897,369.0,8.24,4.6,3.0,3.0,15.375,13.99320487267644,48.0,0.0,4.0,4910.32,8.0,10919.91,11.0,14630.7,24.0,24821.33,2.0,0.7857142857142857,0.010543950593850687,14.0,0.0,,0.0,50.0,374.0,0.0,0.0,Female,Bangkok,Bronze,40-70k,Online Web,2.0,1
C12245,0,,,,,,,,,,,,,,,,,,,,,,,,,,,,,,,,,,,,,,,,0
C12246,1,30.0,54.0,122887.45999999999,2275.6937037037037,1881.7566702512522,490.0,10.87037037037037,5.722222222222222,3.0,7.0,8.679245283018869,10.391885859993883,63.0,3.4565217391304346,0.0,0.0,6.0,7849.459999999999,13.0,20885.53,34.0,79632.06,0.75,0.5909090909090909,0.004160747612051452,14.0,0.0,,0.0,32.0,497.0,1.0,1.0,Female,East,Silver,20-40k,Mobile App,1.0,1
C12247,0,66.0,10.0,5730.45,573.045,734.6675871024179,402.0,4.6,2.4,2.0,1.0,37.333333333333336,39.17588543989785,101.0,1.7678571428571428,0.0,0.0,1.0,219.09,5.0,1279.44,9.0,5087.58,0.2,1.0,0.015604788629324429,9.0,1.0,3.0,0.0,28.0,467.0,0.0,1.0,Female,Bangkok,Bronze,20-40k,Mobile App,2.0,1
C12248,0,49.0,7.0,2346.3399999999997,335.1914285714285,360.1816428058011,430.0,3.142857142857143,1.8571428571428572,2.0,1.0,63.5,55.50405390599862,168.0,0.7716535433070866,0.0,0.0,3.0,1204.49,4.0,1378.75,5.0,2053.77,1.5,2.0,0.03982550764017908,9.0,0.0,,0.0,32.0,534.0,1.0,1.0,Male,North,Bronze,40-70k,Mobile App,1.0,1
C12249,1,54.0,3.0,1460.9299999999998,486.97666666666663,62.11697459900417,63.0,5.666666666666667,3.6666666666666665,1.0,1.0,4.5,4.949747468305833,8.0,12.0,0.0,0.0,3.0,1460.9299999999998,3.0,1460.9299999999998,3.0,1460.9299999999998,3.0,3.0,0.044550537915699295,8.0,1.0,3.0,0.0,36.0,70.0,0.0,1.0,Female,Central,Gold,40-70k,Online Web,1.0,1
C12250,0,,,,,,,,,,,,,,,,,,,,,,,,,,,,,,,,,,,,,,,,0
C12251,0,16.0,60.0,131302.93,2188.3821666666668,1011.0838825904649,520.0,13.866666666666667,7.333333333333333,3.0,5.0,8.542372881355933,9.727887451669831,68.0,1.873015873015873,2.0,3105.27,4.0,8811.55,14.0,30036.48,36.0,81298.62,0.36363636363636365,0.6086956521739131,0.018185299967233694,14.0,1.0,3.0,0.0,34.0,543.0,1.0,0.0,Female,Bangkok,Platinum,40-70k,Mobile App,3.0,1
C12252,0,17.0,6.0,7734.630000000001,1289.1050000000002,888.81439373471,112.0,7.333333333333333,4.166666666666667,1.0,6.0,19.0,16.73320053068151,38.0,0.8947368421052632,2.0,2696.05,5.0,6585.1,6.0,7734.630000000001,6.0,7734.630000000001,2.5,6.0,0.00898300263685914,11.0,1.0,5.0,0.0,21.0,136.0,0.0,0.0,Male,Bangkok,Bronze,40-70k,In-Store,3.0,1
C12253,0,5.0,2.0,2652.42,1326.21,735.0799254502873,7.0,5.5,3.0,2.0,2.0,2.0,,2.0,2.5,2.0,2652.42,2.0,2652.42,2.0,2652.42,2.0,2652.42,2.0,2.0,0.0,6.0,0.0,,0.0,35.0,25.0,1.0,1.0,Female,South,Bronze,<20k,Mobile App,2.0,1
C12254,0,60.0,19.0,22189.05,1167.8447368421052,811.9242185174702,496.0,10.0,5.578947368421052,3.0,12.0,24.22222222222222,21.17866727894884,71.0,2.4770642201834865,0.0,0.0,2.0,5553.21,8.0,10387.18,14.0,16935.98,0.2857142857142857,1.1428571428571428,0.060686325225567696,14.0,2.0,3.0,0.0,29.0,512.0,0.0,1.0,Female,Central,Bronze,20-40k,In-Store,3.0,1
C12255,0,122.0,4.0,779.2900000000001,194.82250000000002,191.67636445755815,297.0,3.25,2.5,2.0,1.0,58.333333333333336,27.30079363925769,77.0,2.091428571428571,0.0,0.0,0.0,0.0,1.0,47.46,4.0,779.2900000000001,0.0,0.25,0.1166515529358422,7.0,0.0,,0.0,30.0,328.0,1.0,1.0,Female,Northeast,Bronze,20-40k,Mobile App,1.0,1
C12256,1,85.0,11.0,8503.73,773.0663636363636,473.2596783854024,407.0,7.181818181818182,3.909090909090909,3.0,9.0,32.2,18.237933606146893,61.0,2.639751552795031,0.0,0.0,1.0,1100.87,3.0,3170.42,8.0,6693.38,0.3333333333333333,0.5,0.1010067479493444,13.0,0.0,,0.0,24.0,410.0,1.0,0.0,Female,Northeast,Silver,Unknown,In-Store,1.0,1
C12257,0,24.0,6.0,2213.93,368.9883333333333,549.4567112126912,206.0,4.0,2.1666666666666665,1.0,4.0,36.4,18.555322686496186,61.0,0.6593406593406593,1.0,89.7,3.0,1611.27,5.0,1910.03,6.0,2213.93,1.0,2.5,0.012097062078320779,10.0,0.0,,0.0,43.0,215.0,0.0,0.0,Male,Northeast,Bronze,70-120k,In-Store,1.0,1
C12258,0,10.0,24.0,34099.89,1420.82875,795.5137011981766,377.0,9.75,4.875,3.0,4.0,15.956521739130435,25.098855933487492,115.0,0.6267029972752043,2.0,2269.56,9.0,9940.49,15.0,17689.329999999998,23.0,31194.36,1.2857142857142858,1.6666666666666667,0.0025500869188263284,14.0,1.0,3.0,0.0,34.0,413.0,1.0,1.0,Male,East,Platinum,20-40k,Mobile App,1.0,1
C12259,0,33.0,16.0,29094.47,1818.404375,1521.29695271269,379.0,10.375,6.0,1.0,1.0,23.066666666666666,15.2758757834823,54.0,1.430635838150289,0.0,0.0,2.0,1491.71,6.0,7793.54,14.0,25414.25,0.4,0.6666666666666666,0.0038630753270586463,14.0,0.0,,0.0,30.0,408.0,1.0,0.0,Female,Bangkok,Gold,70-120k,Online Web,1.0,1
C12260,0,4.0,30.0,17785.28,592.8426666666667,494.99070437759724,428.0,4.8,2.9,3.0,16.0,14.620689655172415,13.505061995688475,62.0,0.27358490566037735,4.0,3548.5299999999997,9.0,5746.05,14.0,8403.78,25.0,15907.1,1.5,1.1666666666666667,0.10494499411190404,14.0,1.0,4.0,0.0,27.0,436.0,1.0,0.0,Male,Central,Silver,20-40k,In-Store,1.0,1
C12261,1,167.0,3.0,958.8699999999999,319.6233333333333,232.5350812959914,237.0,4.666666666666667,3.0,1.0,3.0,35.0,43.840620433565945,66.0,4.771428571428571,0.0,0.0,0.0,0.0,1.0,179.02,3.0,958.8699999999999,0.0,0.3333333333333333,0.06069570839414986,5.0,0.0,,0.0,42.0,368.0,0.0,0.0,Male,South,Bronze,20-40k,In-Store,2.0,1
C12262,0,9.0,12.0,3491.63,290.9691666666667,180.87317733998208,423.0,3.8333333333333335,2.25,2.0,10.0,37.63636363636363,43.29035164392345,126.0,0.2391304347826087,1.0,356.06,5.0,1817.23,5.0,1817.23,9.0,2960.8199999999997,5.0,1.0,0.1030935249950552,9.0,0.0,,0.0,21.0,589.0,1.0,0.0,Female,Bangkok,Platinum,20-40k,In-Store,2.0,1
C12263,0,21.0,16.0,26121.47,1632.591875,1038.2554278225166,265.0,12.125,6.125,2.0,10.0,16.266666666666666,18.36715494986583,64.0,1.2909836065573772,1.0,2607.76,5.0,7846.68,8.0,11316.45,16.0,26121.47,1.25,0.8888888888888888,0.017769401628861817,12.0,1.0,2.0,0.0,28.0,273.0,1.0,0.0,Female,South,Gold,Unknown,In-Store,1.0,1
C12264,0,4.0,3.0,4033.8100000000004,1344.6033333333335,113.24045934794385,37.0,14.333333333333334,9.333333333333334,2.0,3.0,16.5,0.7071067811865476,17.0,0.24242424242424243,2.0,2785.6800000000003,3.0,4033.8100000000004,3.0,4033.8100000000004,3.0,4033.8100000000004,3.0,3.0,0.11327490432194429,12.0,2.0,4.5,1.0,33.0,186.0,1.0,0.0,Female,Bangkok,Silver,20-40k,In-Store,1.0,1
C12265,0,10.0,20.0,32080.97,1604.0485,870.258324680999,335.0,12.1,6.0,2.0,15.0,17.105263157894736,15.441267711493499,56.0,0.5846153846153846,1.0,1972.59,3.0,6280.37,10.0,14504.95,20.0,32080.97,0.375,0.9090909090909091,0.011329305834244262,13.0,0.0,,0.0,29.0,338.0,1.0,0.0,Male,Central,Silver,40-70k,In-Store,1.0,1
C12266,0,39.0,4.0,1307.6799999999998,326.91999999999996,128.73396625081767,195.0,5.5,3.0,2.0,4.0,52.0,25.709920264364882,81.0,0.75,0.0,0.0,2.0,728.98,3.0,987.56,4.0,1307.6799999999998,1.0,1.5,0.07353983053249072,7.0,0.0,,0.0,38.0,251.0,0.0,1.0,Male,Bangkok,Bronze,20-40k,In-Store,3.0,1
C12267,0,48.0,5.0,1207.73,241.546,234.50421431181144,314.0,2.8,1.8,3.0,3.0,66.5,51.41011573610781,137.0,0.7218045112781954,0.0,0.0,1.0,30.09,1.0,30.09,5.0,1207.73,1.0,0.2,0.031297373170242636,5.0,0.0,,0.0,41.0,361.0,0.0,1.0,Female,East,Bronze,<20k,In-Store,2.0,1
C12268,0,7.0,28.0,24588.33,878.1546428571429,722.5543159051789,611.0,8.464285714285714,4.571428571428571,3.0,2.0,22.37037037037037,26.01057203426825,115.0,0.3129139072847682,1.0,470.79,1.0,470.79,6.0,4685.5,19.0,13492.640000000001,0.16666666666666666,0.42857142857142855,0.0033836187940811803,13.0,1.0,4.0,0.0,40.0,638.0,1.0,1.0,Male,Bangkok,Platinum,40-70k,Mobile App,1.0,1
C12269,0,6.0,26.0,52786.479999999996,2030.2492307692305,1234.948351933547,549.0,14.307692307692308,8.038461538461538,3.0,14.0,21.72,20.951372270092474,84.0,0.27624309392265195,4.0,7925.46,6.0,14711.73,12.0,25125.579999999998,22.0,45786.11,0.8571428571428571,1.0909090909090908,0.021435495433400988,14.0,0.0,,0.0,31.0,559.0,1.0,1.0,Female,Bangkok,Gold,40-70k,In-Store,1.0,1
C12270,0,33.0,14.0,19930.06,1423.5757142857144,761.4707123689028,299.0,8.857142857142858,4.571428571428571,3.0,10.0,20.46153846153846,24.401555225761687,86.0,1.6127819548872182,0.0,0.0,3.0,5801.11,8.0,10659.949999999999,14.0,19930.06,0.5,1.1428571428571428,0.0,12.0,0.0,,0.0,45.0,300.0,1.0,0.0,Female,Northeast,Gold,20-40k,In-Store,1.0,1
C12271,1,135.0,16.0,9733.17,608.323125,427.03292144312485,457.0,6.0625,3.1875,1.0,1.0,21.466666666666665,19.018286939028922,60.0,6.288819875776398,0.0,0.0,0.0,0.0,2.0,1589.15,10.0,5037.57,0.0,0.2222222222222222,0.06724032349415084,11.0,2.0,2.5,1.0,48.0,457.0,0.0,1.0,Female,Bangkok,Bronze,40-70k,Online Web,1.0,1
C12272,0,1.0,14.0,8773.37,626.6692857142858,350.5012263221011,408.0,6.571428571428571,3.5,1.0,11.0,31.307692307692307,33.46237841562923,118.0,0.03194103194103194,1.0,1570.95,5.0,4667.95,7.0,5330.04,10.0,7117.67,1.6666666666666667,1.75,0.06084600579332846,11.0,0.0,,0.0,55.0,491.0,1.0,1.0,Female,Northeast,Bronze,>120k,In-Store,1.0,1
C12273,0,10.0,4.0,1096.81,274.2025,339.58771732548473,48.0,2.0,1.5,2.0,3.0,12.666666666666666,19.347695814575268,35.0,0.7894736842105263,3.0,919.15,4.0,1096.81,4.0,1096.81,4.0,1096.81,4.0,4.0,0.0,4.0,0.0,,0.0,39.0,55.0,1.0,0.0,Male,North,Silver,20-40k,In-Store,2.0,1
C12274,0,5.0,18.0,23730.95,1318.3861111111112,1039.284128959697,309.0,10.777777777777779,6.166666666666667,3.0,2.0,17.88235294117647,11.569800954106645,41.0,0.27960526315789475,3.0,2064.2799999999997,7.0,6342.11,14.0,15497.64,18.0,23730.95,0.875,2.8,0.04592100317008501,12.0,0.0,,0.0,52.0,337.0,1.0,0.0,Male,Bangkok,Silver,20-40k,Online Web,1.0,1
C12275,0,10.0,5.0,2788.1800000000003,557.6360000000001,193.42140052227936,219.0,6.4,4.2,2.0,2.0,52.25,37.86269051894402,96.0,0.19138755980861244,2.0,1103.98,2.0,1103.98,3.0,1884.0800000000002,5.0,2788.1800000000003,1.0,1.0,0.13759004766456026,8.0,0.0,,0.0,39.0,351.0,0.0,0.0,Male,Northeast,Bronze,20-40k,Online Web,3.0,1
C12276,0,6.0,13.0,5260.18,404.6292307692308,283.63339866987747,204.0,5.615384615384615,2.8461538461538463,1.0,9.0,16.5,9.69067030236252,34.0,0.36363636363636365,2.0,504.4,4.0,869.98,10.0,4144.95,13.0,5260.18,0.5714285714285714,2.5,0.06042879419271983,12.0,0.0,,0.0,25.0,206.0,1.0,0.0,Male,Bangkok,Gold,20-40k,In-Store,1.0,1
C12277,0,1.0,21.0,37951.02,1807.1914285714283,920.80064408799,517.0,13.0,6.571428571428571,3.0,13.0,25.8,20.829129400408153,81.0,0.03875968992248062,3.0,7593.23,5.0,10127.880000000001,9.0,16600.01,16.0,28178.41,1.0,1.125,0.0,14.0,0.0,,0.0,58.0,521.0,1.0,1.0,Female,North,Silver,40-70k,In-Store,1.0,1
C12278,0,33.0,16.0,16733.92,1045.87,663.640195397074,355.0,9.125,4.3125,3.0,10.0,21.466666666666665,25.83703506504531,91.0,1.5372670807453417,0.0,0.0,5.0,4475.67,10.0,10915.94,16.0,16733.92,0.8333333333333334,1.4285714285714286,0.02846516618178715,13.0,0.0,,0.0,24.0,361.0,1.0,1.0,Female,East,Silver,40-70k,In-Store,1.0,1
C12279,0,1.0,17.0,9851.11,579.4770588235294,556.2142220826961,538.0,5.647058823529412,3.411764705882353,2.0,2.0,33.5625,29.65573300392354,100.0,0.0297951582867784,1.0,457.54,4.0,1332.1000000000001,8.0,4031.34,13.0,6885.81,0.8,1.3333333333333333,0.056718804609587815,13.0,0.0,,0.0,29.0,606.0,0.0,0.0,Male,Central,Silver,20-40k,Online Web,2.0,1
C12280,0,1.0,61.0,135077.4,2214.383606557377,1431.5694925349505,632.0,13.19672131147541,6.852459016393443,3.0,5.0,10.516666666666667,11.4662240421732,73.0,0.09508716323296354,3.0,4535.71,7.0,11616.33,15.0,28709.02,26.0,57432.5,0.7777777777777778,1.25,0.00881880597790331,14.0,1.0,1.0,0.0,37.0,648.0,1.0,1.0,Male,East,Gold,70-120k,Mobile App,1.0,1
C12281,0,96.0,2.0,169.26,84.63,33.84213054758817,238.0,1.5,1.0,1.0,2.0,142.0,,142.0,0.676056338028169,0.0,0.0,0.0,0.0,1.0,108.56,2.0,169.26,0.0,0.5,0.0,2.0,0.0,,0.0,30.0,275.0,0.0,0.0,Male,Bangkok,Silver,<20k,In-Store,2.0,1
C12282,0,6.0,4.0,4298.75,1074.6875,1163.7401338321483,49.0,6.25,3.0,2.0,3.0,14.333333333333334,11.060440015358038,26.0,0.41860465116279066,2.0,2967.19,4.0,4298.75,4.0,4298.75,4.0,4298.75,4.0,4.0,0.00815624927897372,6.0,0.0,,0.0,42.0,67.0,0.0,0.0,Male,Bangkok,Bronze,>120k,In-Store,2.0,1
C12283,1,94.0,13.0,18969.48,1459.190769230769,1040.8904783762596,581.0,10.307692307692308,4.923076923076923,3.0,3.0,40.583333333333336,65.97169962578765,245.0,2.3162217659137574,0.0,0.0,0.0,0.0,2.0,3396.08,2.0,3396.08,0.0,2.0,0.010896083885819759,13.0,0.0,,0.0,51.0,586.0,1.0,1.0,Female,Central,Silver,20-40k,Mobile App,1.0,1
C12284,0,10.0,67.0,121469.43000000001,1812.9765671641792,1276.6578432216083,557.0,8.791044776119403,4.7164179104477615,3.0,24.0,8.287878787878787,9.246646213653154,56.0,1.2065813528336382,2.0,3225.35,12.0,18442.29,20.0,34188.979999999996,41.0,73524.65,1.3333333333333333,0.9090909090909091,0.013624422276942624,14.0,0.0,,0.0,32.0,566.0,1.0,1.0,Male,Northeast,Platinum,>120k,In-Store,3.0,1
C12285,0,26.0,8.0,8287.84,1035.98,1436.0262983962773,413.0,6.625,3.625,1.0,8.0,55.285714285714285,28.72695763978663,97.0,0.4702842377260982,1.0,4534.79,2.0,4878.16,4.0,5811.75,7.0,7991.15,0.6666666666666666,1.0,0.04849246058078901,11.0,0.0,,0.0,47.0,500.0,1.0,1.0,Female,Northeast,Bronze,20-40k,In-Store,2.0,1
C12286,1,86.0,3.0,974.86,324.9533333333333,431.810938413252,248.0,2.6666666666666665,1.6666666666666667,2.0,2.0,81.0,103.23759005323593,154.0,1.0617283950617284,0.0,0.0,1.0,86.86,1.0,86.86,3.0,974.86,1.0,0.3333333333333333,0.03939537266958338,4.0,1.0,3.0,0.0,18.0,395.0,1.0,0.0,Female,Unknown,Silver,20-40k,In-Store,2.0,1
C12287,0,2.0,25.0,14697.63,587.9051999999999,411.8392153005021,508.0,4.92,2.52,2.0,2.0,21.083333333333332,19.47778370274746,69.0,0.09486166007905139,2.0,1858.4,6.0,4744.69,12.0,8320.58,20.0,12588.93,0.8571428571428571,1.3333333333333333,0.04767264202656838,14.0,0.0,,0.0,35.0,520.0,1.0,1.0,Female,South,Silver,Unknown,Mobile App,1.0,1
C12288,1,69.0,14.0,16098.55,1149.8964285714285,655.6638244922486,354.0,9.357142857142858,5.071428571428571,2.0,9.0,21.923076923076923,19.33675920133093,69.0,3.1473684210526316,0.0,0.0,2.0,4587.43,3.0,6029.39,14.0,16098.55,1.0,0.25,0.0490610551883708,14.0,0.0,,0.0,41.0,369.0,1.0,0.0,Male,Unknown,Silver,20-40k,In-Store,2.0,1
C12289,0,15.0,17.0,19188.05,1128.7088235294118,1084.6917215727838,306.0,7.0,4.294117647058823,3.0,9.0,18.1875,13.531290896781922,45.0,0.8247422680412371,1.0,444.64,3.0,1994.75,6.0,6116.44,17.0,19188.05,0.75,0.5,0.028530390242395922,13.0,0.0,,0.0,47.0,306.0,0.0,1.0,Male,Bangkok,Silver,40-70k,In-Store,3.0,1
C12290,0,234.0,6.0,2621.87,436.9783333333333,177.27730113205882,387.0,6.166666666666667,2.8333333333333335,1.0,1.0,30.6,33.68679266418815,90.0,7.647058823529411,0.0,0.0,0.0,0.0,0.0,0.0,5.0,2176.33,0.0,0.0,0.03426645548638992,8.0,0.0,,0.0,33.0,476.0,1.0,1.0,Male,Bangkok,Silver,20-40k,Online Web,2.0,1
C12291,0,16.0,19.0,24873.46,1309.1294736842106,668.4848036457247,545.0,9.736842105263158,4.842105263157895,2.0,13.0,29.38888888888889,29.984582094781523,109.0,0.5444234404536862,1.0,1057.06,2.0,1559.36,5.0,6347.4,8.0,8300.779999999999,0.5,1.25,0.03779913727307578,14.0,0.0,,0.0,24.0,557.0,1.0,1.0,Female,South,Silver,20-40k,In-Store,1.0,1
C12292,0,9.0,6.0,3560.4700000000003,593.4116666666667,370.7692536021111,157.0,6.0,3.0,1.0,4.0,29.6,31.95778465413396,81.0,0.30405405405405406,2.0,1009.61,5.0,2420.95,6.0,3560.4700000000003,6.0,3560.4700000000003,2.5,6.0,0.01919479911298431,8.0,0.0,,0.0,18.0,159.0,0.0,1.0,Male,Northeast,Bronze,20-40k,In-Store,3.0,1
C12293,1,45.0,12.0,9394.04,782.8366666666667,594.6438972930596,587.0,7.083333333333333,3.6666666666666665,1.0,9.0,49.27272727272727,44.5827116920694,140.0,0.9132841328413284,0.0,0.0,2.0,2620.58,2.0,2620.58,6.0,5812.28,2.0,0.4,0.018878723315369512,12.0,1.0,2.0,0.0,41.0,630.0,0.0,1.0,Male,Bangkok,Bronze,20-40k,In-Store,1.0,1
C12294,0,2.0,1.0,1490.72,1490.72,,2.0,11.0,5.0,1.0,1.0,,,,,1.0,1490.72,1.0,1490.72,1.0,1490.72,1.0,1490.72,1.0,1.0,0.0,3.0,0.0,,0.0,24.0,44.0,0.0,1.0,Male,Northeast,Bronze,40-70k,Mobile App,1.0,1
C12295,1,35.0,21.0,24729.43,1177.5919047619047,838.249873054682,459.0,8.380952380952381,4.285714285714286,3.0,12.0,21.2,19.011353948295433,62.0,1.650943396226415,0.0,0.0,5.0,6170.32,9.0,11232.99,15.0,15794.98,1.0,1.2857142857142858,0.09102226881366299,13.0,1.0,3.0,0.0,37.0,520.0,0.0,1.0,Male,North,Bronze,20-40k,In-Store,2.0,1
C12296,0,43.0,5.0,3711.64,742.328,723.9232709824986,264.0,6.2,3.8,2.0,1.0,55.25,59.42712624158545,144.0,0.7782805429864253,0.0,0.0,2.0,2674.23,4.0,3485.56,5.0,3711.64,0.6666666666666666,2.0,0.03154060513708996,8.0,2.0,3.5,0.0,49.0,378.0,1.0,1.0,Female,Northeast,Bronze,<20k,Mobile App,1.0,1
C12297,0,38.0,4.0,1489.17,372.2925,211.36554423951569,146.0,4.5,2.5,1.0,3.0,36.0,20.29778313018444,54.0,1.0555555555555556,0.0,0.0,1.0,298.04,4.0,1489.17,4.0,1489.17,0.25,4.0,0.13088873844429919,7.0,0.0,,0.0,34.0,164.0,0.0,0.0,Male,Central,Gold,20-40k,In-Store,3.0,1
C12298,0,14.0,23.0,20950.64,910.8973913043478,665.734545542928,547.0,6.6521739130434785,3.6956521739130435,3.0,12.0,24.227272727272727,17.082243128553998,53.0,0.5778611632270169,2.0,1706.2,3.0,2688.76,6.0,5872.25,14.0,11398.32,0.75,0.6666666666666666,0.028972355061749902,13.0,0.0,,0.0,37.0,563.0,1.0,1.0,Female,Bangkok,Silver,70-120k,In-Store,2.0,1
C12299,0,14.0,4.0,4253.09,1063.2725,272.3565496887,85.0,8.0,4.5,2.0,1.0,23.666666666666668,28.93671255228094,57.0,0.5915492957746479,2.0,1955.73,4.0,4253.09,4.0,4253.09,4.0,4253.09,4.0,4.0,0.025767481067807716,7.0,0.0,,0.0,38.0,88.0,1.0,1.0,Female,Central,Gold,20-40k,Mobile App,1.0,1
C12300,0,22.0,5.0,3475.2200000000003,695.0440000000001,321.138811544167,227.0,8.4,4.8,1.0,4.0,51.25,56.055775795184566,132.0,0.4292682926829268,1.0,437.96,2.0,1169.73,4.0,2587.65,5.0,3475.2200000000003,0.6666666666666666,2.0,0.030627444198358722,12.0,0.0,,0.0,23.0,315.0,1.0,1.0,Male,Bangkok,Bronze,<20k,In-Store,1.0,1
C12301,0,23.0,25.0,32632.99,1305.3196,924.8909684726807,395.0,9.16,5.0,3.0,2.0,15.5,14.613870718988325,52.0,1.4838709677419355,1.0,1421.52,5.0,9134.33,11.0,15798.95,21.0,25077.6,0.7142857142857143,1.0,0.016146027574933226,14.0,0.0,,0.0,43.0,395.0,1.0,1.0,Male,Central,Gold,40-70k,Mobile App,3.0,1
C12302,0,18.0,9.0,8810.19,978.9100000000001,600.1330669318264,338.0,7.888888888888889,4.555555555555555,1.0,8.0,40.0,31.103513811602884,91.0,0.45,1.0,167.92,4.0,3364.92,5.0,5559.8,9.0,8810.19,2.0,1.0,0.05065472162477856,11.0,0.0,,0.0,21.0,385.0,1.0,1.0,Male,Central,Bronze,40-70k,In-Store,1.0,1
C12303,0,9.0,14.0,3398.14,242.7242857142857,145.40547803215063,633.0,3.857142857142857,2.142857142857143,3.0,10.0,48.0,58.2251377556693,184.0,0.1875,1.0,29.92,4.0,1163.66,4.0,1163.66,7.0,1615.74,4.0,1.0,0.025879911249218845,11.0,0.0,,0.0,30.0,646.0,1.0,1.0,Female,Bangkok,Silver,20-40k,In-Store,1.0,1
C12304,0,28.0,4.0,1881.33,470.3325,198.04233829747955,155.0,8.25,4.75,1.0,4.0,42.333333333333336,31.628046625318696,68.0,0.6614173228346456,1.0,563.33,2.0,821.6400000000001,4.0,1881.33,4.0,1881.33,0.6666666666666666,4.0,0.010039938750059197,8.0,0.0,,0.0,45.0,171.0,0.0,0.0,Male,Bangkok,Bronze,<20k,In-Store,3.0,1
C12305,1,9.0,3.0,1289.02,429.67333333333335,125.62083319789491,48.0,4.333333333333333,2.3333333333333335,1.0,3.0,19.5,17.67766952966369,32.0,0.46153846153846156,2.0,721.28,3.0,1289.02,3.0,1289.02,3.0,1289.02,3.0,3.0,0.04471041612628303,5.0,0.0,,0.0,18.0,54.0,1.0,0.0,Female,North,Bronze,40-70k,In-Store,1.0,1
C12306,0,14.0,14.0,5029.79,359.2707142857143,287.6854739110936,556.0,4.071428571428571,2.0,3.0,10.0,41.69230769230769,45.05253343854005,136.0,0.33579335793357934,1.0,317.32,1.0,317.32,6.0,2203.42,12.0,4406.55,0.16666666666666666,0.8571428571428571,0.04239346896501829,10.0,0.0,,0.0,18.0,635.0,1.0,0.0,Female,Bangkok,Bronze,>120k,In-Store,1.0,1
C12307,0,10.0,72.0,152406.44,2116.7561111111113,1078.0589016487456,528.0,11.930555555555555,6.180555555555555,3.0,23.0,7.295774647887324,7.9989184379553695,53.0,1.3706563706563706,5.0,11199.51,17.0,35259.28,25.0,48003.64,45.0,92865.36,1.8888888888888888,1.1904761904761905,0.00034855139965622365,14.0,0.0,,0.0,37.0,530.0,0.0,0.0,Female,Bangkok,Gold,>120k,In-Store,2.0,1
C12308,0,6.0,30.0,33079.67,1102.6556666666665,717.4728838258644,507.0,8.166666666666666,4.433333333333334,2.0,17.0,17.275862068965516,16.5095136030371,55.0,0.3473053892215569,2.0,3374.2799999999997,5.0,4869.78,8.0,8617.75,22.0,24675.54,1.25,0.5333333333333333,0.011218655273847042,14.0,0.0,,0.0,28.0,511.0,1.0,0.0,Female,Bangkok,Silver,>120k,In-Store,1.0,1
C12309,0,4.0,2.0,828.1700000000001,414.08500000000004,538.4547428057441,63.0,2.5,2.0,2.0,2.0,59.0,,59.0,0.06779661016949153,1.0,33.34,2.0,828.1700000000001,2.0,828.1700000000001,2.0,828.1700000000001,2.0,2.0,0.0,2.0,0.0,,0.0,50.0,115.0,1.0,0.0,Female,Bangkok,Bronze,<20k,In-Store,2.0,1
C12310,0,6.0,5.0,5225.04,1045.008,887.5880935264961,53.0,6.0,3.2,1.0,5.0,11.75,9.069178573608527,25.0,0.5106382978723404,2.0,1635.7399999999998,5.0,5225.04,5.0,5225.04,5.0,5225.04,5.0,5.0,0.042278717671426214,9.0,0.0,,0.0,34.0,95.0,0.0,1.0,Male,Bangkok,Platinum,20-40k,In-Store,3.0,1
C12311,1,35.0,8.0,11028.9,1378.6125,1033.1470161840473,429.0,9.375,4.875,1.0,1.0,56.285714285714285,46.0677554829633,134.0,0.6218274111675127,0.0,0.0,1.0,1610.71,3.0,2440.36,7.0,10950.3,0.3333333333333333,0.6,0.011846481356709722,11.0,2.0,2.0,1.0,31.0,439.0,0.0,1.0,Female,North,Bronze,20-40k,Mobile App,3.0,1
C12312,0,14.0,46.0,102778.38,2234.312608695652,1086.6387616569114,492.0,15.108695652173912,7.717391304347826,3.0,21.0,10.622222222222222,9.25470123502077,45.0,1.3179916317991633,2.0,4919.6,8.0,14612.11,20.0,43900.46,35.0,80851.01,0.6153846153846154,1.25,0.0,14.0,0.0,,0.0,34.0,496.0,1.0,0.0,Male,Bangkok,Platinum,40-70k,In-Store,2.0,1
C12313,0,24.0,7.0,5434.1,776.3000000000001,391.9607569642655,437.0,7.571428571428571,3.2857142857142856,1.0,6.0,68.83333333333333,61.92387800087028,151.0,0.34866828087167073,2.0,801.1300000000001,2.0,801.1300000000001,2.0,801.1300000000001,5.0,3073.4700000000003,2.0,0.5,0.0923440276868394,10.0,1.0,4.0,0.0,31.0,439.0,1.0,1.0,Male,Bangkok,Bronze,<20k,In-Store,1.0,1
C12314,1,36.0,9.0,5026.15,558.4611111111111,608.5530197206413,527.0,4.333333333333333,2.2222222222222223,3.0,2.0,61.375,57.84446510131408,178.0,0.5865580448065173,0.0,0.0,2.0,1144.98,2.0,1144.98,6.0,2230.51,2.0,0.4,0.03229191335170114,9.0,0.0,,0.0,31.0,539.0,1.0,1.0,Male,Bangkok,Bronze,20-40k,Mobile App,2.0,1
C12315,0,44.0,7.0,3188.01,455.43,249.21108375565208,320.0,5.0,2.7142857142857144,1.0,6.0,46.0,51.571309853444674,144.0,0.9565217391304348,0.0,0.0,1.0,363.84,4.0,1427.9099999999999,7.0,3188.01,0.25,1.0,0.11192545545712851,8.0,0.0,,0.0,36.0,340.0,1.0,0.0,Female,East,Bronze,20-40k,In-Store,1.0,1
C12316,0,,,,,,,,,,,,,,,,,,,,,,,,,,,,,,,,,,,,,,,,0
C12317,0,19.0,2.0,1184.75,592.375,795.756758343905,23.0,2.5,1.5,1.0,2.0,4.0,,4.0,4.75,2.0,1184.75,2.0,1184.75,2.0,1184.75,2.0,1184.75,2.0,2.0,0.010622395550619222,3.0,0.0,,0.0,34.0,85.0,0.0,0.0,Male,North,Bronze,20-40k,In-Store,2.0,1
C12318,1,27.0,76.0,124410.15000000001,1636.975657894737,966.1050881063068,616.0,10.263157894736842,5.592105263157895,3.0,5.0,7.8533333333333335,7.335020280989174,40.0,3.4380305602716468,1.0,2472.8,11.0,20466.81,27.0,45852.99,50.0,89294.17,0.6470588235294118,1.125,0.0,14.0,0.0,,0.0,40.0,659.0,1.0,0.0,Female,Central,Gold,20-40k,Online Web,2.0,1
C12319,0,33.0,1.0,1397.24,1397.24,,33.0,11.0,5.0,1.0,1.0,,,,,0.0,0.0,1.0,1397.24,1.0,1397.24,1.0,1397.24,1.0,1.0,0.05297546428087298,2.0,0.0,,0.0,39.0,35.0,1.0,1.0,Female,North,Silver,40-70k,In-Store,2.0,1
C12320,0,1.0,27.0,27483.05,1017.8907407407407,763.6545442195198,544.0,7.7407407407407405,4.37037037037037,3.0,5.0,20.884615384615383,19.779437652424647,85.0,0.04788213627992634,1.0,92.76,5.0,5550.25,11.0,12949.73,19.0,19322.48,0.7142857142857143,1.2222222222222223,0.02196247713539405,12.0,0.0,,0.0,41.0,544.0,0.0,0.0,Female,Bangkok,Silver,70-120k,Online Web,2.0,1
C12321,0,50.0,12.0,8986.66,748.8883333333333,376.6083277173523,623.0,6.333333333333333,3.25,3.0,2.0,52.09090909090909,35.6888064957475,102.0,0.9598603839441535,0.0,0.0,2.0,1307.79,3.0,1796.8,6.0,3735.37,1.0,0.75,0.01401302118191254,11.0,0.0,,0.0,33.0,626.0,1.0,1.0,Female,North,Silver,20-40k,Online Web,1.0,1
C12322,0,30.0,15.0,16294.92,1086.328,565.6309761319654,254.0,10.066666666666666,5.733333333333333,3.0,11.0,16.0,15.782171050806767,62.0,1.875,0.0,0.0,5.0,5573.51,10.0,12028.72,15.0,16294.92,0.8333333333333334,1.6666666666666667,0.03076467362275118,14.0,0.0,,0.0,46.0,268.0,1.0,0.0,Male,North,Bronze,>120k,In-Store,2.0,1
C12323,0,15.0,73.0,183476.84,2513.381369863014,1304.3701734770043,517.0,14.41095890410959,7.767123287671233,3.0,6.0,6.972222222222222,5.69648327942237,34.0,2.151394422310757,2.0,3072.99,13.0,26452.16,28.0,65059.13,55.0,138077.47,0.8125,1.0,0.004367498474753514,14.0,0.0,,0.0,57.0,523.0,1.0,0.0,Female,Bangkok,Platinum,70-120k,Online Web,2.0,1
C12324,0,15.0,73.0,175308.46,2401.4857534246576,1363.741265190397,529.0,10.89041095890411,5.986301369863014,3.0,23.0,7.138888888888889,6.943038981407176,37.0,2.1011673151750974,2.0,5926.83,14.0,39496.43,28.0,68236.57,54.0,122790.35,0.9333333333333333,1.037037037037037,0.018899460907632584,14.0,1.0,5.0,0.0,40.0,534.0,1.0,1.0,Female,East,Platinum,40-70k,In-Store,2.0,1
C12325,0,1.0,36.0,33243.16,923.4211111111113,1224.6423122150002,608.0,6.666666666666667,3.75,3.0,19.0,17.34285714285714,17.427062891044017,76.0,0.05766062602965404,2.0,1853.2399999999998,3.0,2307.66,9.0,6370.68,15.0,11948.14,0.42857142857142855,1.2857142857142858,0.02583004635951777,14.0,0.0,,0.0,18.0,619.0,0.0,0.0,Female,Northeast,Silver,40-70k,In-Store,2.0,1
C12326,0,7.0,43.0,84561.2,1966.5395348837208,1190.0365855759655,495.0,11.348837209302326,6.348837209302325,3.0,21.0,11.619047619047619,11.298504932290564,42.0,0.6024590163934427,3.0,4463.15,6.0,11157.03,18.0,35053.58,33.0,64151.11,0.46153846153846156,1.125,0.004867208262591765,14.0,0.0,,0.0,31.0,500.0,1.0,1.0,Male,Northeast,Gold,70-120k,In-Store,1.0,1
C12327,1,62.0,11.0,8211.36,746.4872727272727,617.1138025695245,397.0,5.454545454545454,2.727272727272727,2.0,9.0,33.5,33.85672426236445,117.0,1.8507462686567164,0.0,0.0,4.0,2250.13,4.0,2250.13,10.0,7331.32,4.0,0.5714285714285714,0.09623055181340308,10.0,0.0,,0.0,35.0,404.0,1.0,0.0,Male,East,Silver,<20k,In-Store,3.0,1
C12328,0,107.0,3.0,1429.96,476.65333333333336,180.40749993648637,292.0,4.0,2.6666666666666665,1.0,3.0,92.5,106.77312395916867,168.0,1.1567567567567567,0.0,0.0,0.0,0.0,1.0,477.75,3.0,1429.96,0.0,0.3333333333333333,0.11139558295323201,5.0,0.0,,0.0,26.0,386.0,1.0,1.0,Female,Central,Bronze,<20k,In-Store,2.0,1
C12329,0,5.0,63.0,157435.67,2498.9788888888893,1235.8268226903815,570.0,14.682539682539682,7.9523809523809526,3.0,4.0,9.112903225806452,8.431216077640181,39.0,0.5486725663716814,2.0,5239.389999999999,11.0,23967.21,23.0,53279.53,42.0,106244.3,0.8461538461538461,1.15,0.032499068207803336,14.0,0.0,,0.0,49.0,581.0,0.0,1.0,Female,Northeast,Silver,70-120k,Mobile App,1.0,1
C12330,0,3.0,49.0,151285.92,3087.467755102041,1119.9237406297384,363.0,16.244897959183675,8.775510204081632,3.0,4.0,7.5,6.922058481190496,32.0,0.4,1.0,1817.35,10.0,28495.21,19.0,60308.74,49.0,151285.92,1.0,0.6129032258064516,0.026790831323423255,14.0,1.0,5.0,0.0,40.0,393.0,1.0,1.0,Female,Northeast,Gold,>120k,Mobile App,1.0,1
C12331,1,26.0,3.0,1623.6699999999998,541.2233333333332,220.43813198567375,76.0,4.666666666666667,3.0,2.0,1.0,25.0,1.4142135623730951,26.0,1.04,1.0,747.31,3.0,1623.6699999999998,3.0,1623.6699999999998,3.0,1623.6699999999998,3.0,3.0,0.17019558540187765,6.0,0.0,,0.0,21.0,77.0,0.0,0.0,Female,North,Bronze,20-40k,Online Web,2.0,1
C12332,0,68.0,2.0,681.87,340.935,105.36598146460744,162.0,5.5,2.5,1.0,2.0,94.0,,94.0,0.723404255319149,0.0,0.0,1.0,266.43,2.0,681.87,2.0,681.87,0.5,2.0,0.03617165634806208,3.0,1.0,3.0,0.0,40.0,195.0,0.0,1.0,Female,Northeast,Silver,40-70k,In-Store,3.0,1
C12333,0,61.0,4.0,3865.9399999999996,966.4849999999999,826.1530573487377,172.0,8.5,4.0,1.0,2.0,37.0,27.874719729532707,56.0,1.6486486486486487,0.0,0.0,2.0,1024.37,4.0,3865.9399999999996,4.0,3865.9399999999996,0.6666666666666666,4.0,0.013969408602013412,10.0,0.0,,0.0,24.0,301.0,0.0,1.0,Male,South,Bronze,20-40k,In-Store,2.0,1
C12334,0,3.0,4.0,3947.05,986.7625,732.3810121048106,121.0,3.0,2.25,2.0,4.0,39.333333333333336,36.528527664461556,75.0,0.07627118644067796,1.0,2078.58,2.0,2803.31,4.0,3947.05,4.0,3947.05,0.6666666666666666,4.0,0.013383026003664459,5.0,0.0,,0.0,25.0,126.0,1.0,0.0,Male,East,Gold,20-40k,In-Store,1.0,1
C12335,1,2.0,3.0,3708.5699999999997,1236.1899999999998,690.2577780076078,48.0,10.0,5.0,1.0,1.0,23.0,16.97056274847714,35.0,0.08695652173913043,1.0,1942.75,3.0,3708.5699999999997,3.0,3708.5699999999997,3.0,3708.5699999999997,3.0,3.0,0.015680862075829763,10.0,2.0,3.0,1.0,34.0,61.0,1.0,1.0,Female,East,Platinum,Unknown,Mobile App,2.0,1
C12336,0,7.0,31.0,21523.41,694.3035483870967,463.63981970597524,616.0,5.0,2.5806451612903225,3.0,14.0,20.3,19.500928359864098,80.0,0.3448275862068965,2.0,2157.8999999999996,6.0,5136.12,9.0,7041.860000000001,19.0,13270.36,1.5,0.8181818181818182,0.01831250390537521,14.0,0.0,,0.0,37.0,652.0,0.0,0.0,Male,Bangkok,Silver,70-120k,In-Store,1.0,1
C12337,0,115.0,1.0,1493.26,1493.26,,115.0,8.0,4.0,1.0,1.0,,,,,0.0,0.0,0.0,0.0,1.0,1493.26,1.0,1493.26,0.0,1.0,0.0,4.0,0.0,,0.0,25.0,142.0,1.0,0.0,Female,Bangkok,Gold,20-40k,In-Store,1.0,1
C12338,0,2.0,24.0,24034.420000000002,1001.4341666666668,709.2890784741816,409.0,5.5,2.9583333333333335,3.0,2.0,17.695652173913043,11.542155079252653,40.0,0.11302211302211303,3.0,2685.29,5.0,4462.28,13.0,13357.22,22.0,23284.63,0.5555555555555556,1.3,0.028120683352581336,13.0,1.0,3.0,0.0,36.0,474.0,1.0,0.0,Male,North,Silver,70-120k,Online Web,2.0,1
C12339,0,43.0,14.0,24532.79,1752.342142857143,1250.1865138153685,296.0,12.714285714285714,7.285714285714286,2.0,1.0,19.46153846153846,17.72764030459866,64.0,2.2094861660079053,0.0,0.0,2.0,4238.66,7.0,14530.390000000001,14.0,24532.79,0.3333333333333333,0.875,0.026243194797483205,14.0,0.0,,0.0,44.0,318.0,1.0,1.0,Female,Central,Silver,70-120k,Mobile App,1.0,1
C12340,0,10.0,21.0,44910.31,2138.5861904761905,1081.5680719283284,387.0,14.142857142857142,7.666666666666667,2.0,3.0,18.85,15.034259122697767,51.0,0.5305039787798408,2.0,4565.0599999999995,7.0,12409.67,12.0,22430.29,20.0,41781.79,1.1666666666666667,1.3333333333333333,0.02971480596158466,14.0,0.0,,0.0,40.0,391.0,1.0,1.0,Male,Bangkok,Silver,40-70k,Mobile App,3.0,1
C12341,0,36.0,27.0,27343.21,1012.7114814814814,701.7274468202008,547.0,6.037037037037037,3.074074074074074,2.0,5.0,19.653846153846153,22.979890874749266,83.0,1.8317025440313113,0.0,0.0,4.0,4367.23,14.0,15538.15,19.0,19449.87,0.36363636363636365,2.3333333333333335,0.01754168490145311,12.0,1.0,3.0,0.0,34.0,555.0,1.0,1.0,Male,Bangkok,Silver,40-70k,Online Web,1.0,1
C12342,0,2.0,6.0,2502.16,417.02666666666664,351.681690206736,235.0,4.833333333333333,2.8333333333333335,2.0,1.0,46.6,37.32693397534815,95.0,0.04291845493562232,1.0,242.06,1.0,242.06,3.0,1338.36,6.0,2502.16,0.3333333333333333,0.75,0.04325349484567618,8.0,0.0,,0.0,31.0,300.0,1.0,0.0,Female,Unknown,Bronze,20-40k,Mobile App,1.0,1
C12343,0,13.0,24.0,35130.45,1463.76875,983.6840331931994,381.0,10.833333333333334,6.0,3.0,4.0,16.0,11.893466502855484,50.0,0.8125,1.0,3314.34,3.0,5171.55,8.0,12461.869999999999,23.0,34450.14,0.5,0.5,0.009877424226154289,14.0,1.0,3.0,0.0,46.0,400.0,1.0,0.0,Male,South,Gold,>120k,Mobile App,2.0,1
C12344,1,3.0,3.0,2787.2999999999997,929.0999999999999,354.5384059590723,32.0,5.333333333333333,3.6666666666666665,1.0,1.0,14.5,6.363961030678928,19.0,0.20689655172413793,2.0,1968.1599999999999,3.0,2787.2999999999997,3.0,2787.2999999999997,3.0,2787.2999999999997,3.0,3.0,0.005767851983434815,8.0,0.0,,0.0,29.0,58.0,1.0,1.0,Female,Bangkok,Silver,20-40k,Online Web,1.0,1
C12345,1,22.0,9.0,5567.860000000001,618.6511111111112,240.4287307833885,371.0,6.111111111111111,3.5555555555555554,2.0,8.0,43.625,46.54318271393628,143.0,0.504297994269341,1.0,604.72,1.0,604.72,2.0,1397.04,8.0,4731.68,0.5,0.2857142857142857,0.001262802920231753,12.0,1.0,4.0,0.0,38.0,413.0,1.0,1.0,Female,Northeast,Silver,70-120k,In-Store,1.0,1
C12346,0,8.0,85.0,230289.06,2709.2830588235292,1466.5635100019035,629.0,13.08235294117647,7.235294117647059,3.0,21.0,7.392857142857143,5.743551349106917,30.0,1.0821256038647342,4.0,8569.46,10.0,31514.59,25.0,67017.45,50.0,130926.25,0.625,0.9615384615384616,0.0027904141738490386,14.0,0.0,,0.0,38.0,629.0,1.0,1.0,Male,Northeast,Platinum,20-40k,In-Store,3.0,1
C12347,0,136.0,7.0,2330.1099999999997,332.8728571428571,291.0401564912928,388.0,5.571428571428571,3.2857142857142856,2.0,1.0,42.0,39.46137351892354,96.0,3.238095238095238,0.0,0.0,0.0,0.0,2.0,534.98,6.0,1535.93,0.0,0.4,0.05403518173440349,8.0,1.0,3.0,0.0,28.0,392.0,0.0,1.0,Female,South,Bronze,<20k,Online Web,2.0,1
C12348,0,8.0,7.0,10374.1,1482.0142857142857,939.0385415565069,90.0,8.0,4.571428571428571,2.0,7.0,13.666666666666666,14.935416521365136,34.0,0.5853658536585367,1.0,716.93,6.0,7319.77,7.0,10374.1,7.0,10374.1,3.0,7.0,0.06994778704573655,11.0,0.0,,0.0,18.0,93.0,1.0,1.0,Male,Bangkok,Bronze,20-40k,In-Store,2.0,1
C12349,0,8.0,7.0,2536.42,362.3457142857143,333.68868749465383,187.0,3.142857142857143,2.0,1.0,6.0,29.833333333333332,19.70194575839317,68.0,0.2681564245810056,1.0,312.03,4.0,1368.63,6.0,1766.49,7.0,2536.42,1.3333333333333333,3.0,0.019202808884489265,6.0,0.0,,0.0,48.0,233.0,1.0,1.0,Male,Central,Silver,40-70k,In-Store,1.0,1
C12350,0,6.0,61.0,157906.94,2588.638360655738,1428.573845025381,400.0,12.836065573770492,7.19672131147541,3.0,3.0,6.566666666666666,5.657952755063538,26.0,0.9137055837563453,2.0,6362.389999999999,7.0,19266.8,26.0,71935.17,57.0,148429.57,0.35,0.8125,0.029600731743529892,14.0,1.0,2.0,1.0,37.0,402.0,0.0,0.0,Female,Central,Gold,40-70k,Mobile App,1.0,1
C12351,1,41.0,22.0,16833.71,765.1686363636363,463.75394153422366,583.0,6.363636363636363,3.409090909090909,2.0,2.0,25.80952380952381,26.6263385534306,102.0,1.588560885608856,0.0,0.0,2.0,1630.3200000000002,4.0,2798.9300000000003,13.0,10062.5,0.6666666666666666,0.4,0.04827511734222544,12.0,3.0,1.6666666666666667,1.0,36.0,584.0,0.0,1.0,Female,Bangkok,Gold,40-70k,Mobile App,2.0,1
C12352,0,57.0,10.0,3869.38,386.938,196.93485915680623,388.0,5.2,2.9,1.0,1.0,36.77777777777778,44.77939754445614,136.0,1.5498489425981872,0.0,0.0,2.0,492.5,4.0,1339.89,7.0,2987.88,0.6666666666666666,1.0,0.06125162245108385,9.0,1.0,4.0,1.0,48.0,443.0,1.0,0.0,Female,Central,Silver,20-40k,Online Web,1.0,1
C12353,0,3.0,1.0,3753.82,3753.82,,3.0,24.0,11.0,1.0,1.0,,,,,1.0,3753.82,1.0,3753.82,1.0,3753.82,1.0,3753.82,1.0,1.0,0.03265774181494891,9.0,0.0,,0.0,24.0,30.0,0.0,0.0,Female,North,Gold,40-70k,In-Store,2.0,1
C12354,1,98.0,7.0,8212.27,1173.1814285714286,865.6680993973879,271.0,8.428571428571429,4.714285714285714,2.0,3.0,28.833333333333332,14.797522315126496,44.0,3.3988439306358385,0.0,0.0,0.0,0.0,4.0,3826.1499999999996,7.0,8212.27,0.0,1.0,0.05307429409539975,11.0,0.0,,0.0,31.0,314.0,1.0,1.0,Female,North,Gold,Unknown,Online Web,2.0,1
C12355,1,153.0,5.0,4007.69,801.538,431.6292709837923,623.0,10.8,5.4,3.0,2.0,117.5,135.65274293823427,314.0,1.3021276595744682,0.0,0.0,0.0,0.0,1.0,1083.17,1.0,1083.17,0.0,1.0,0.07767846046920525,9.0,0.0,,0.0,32.0,641.0,0.0,1.0,Male,South,Bronze,40-70k,Mobile App,2.0,1
C12356,1,189.0,3.0,975.95,325.31666666666666,194.8708519336161,239.0,6.0,2.3333333333333335,2.0,3.0,25.0,19.79898987322333,39.0,7.56,0.0,0.0,0.0,0.0,0.0,0.0,3.0,975.95,0.0,0.0,0.06011344703718328,6.0,0.0,,0.0,35.0,241.0,0.0,1.0,Female,Northeast,Bronze,40-70k,In-Store,2.0,1
C12357,1,231.0,19.0,21128.48,1112.0252631578946,557.067264204726,619.0,10.0,5.2105263157894735,3.0,8.0,21.555555555555557,20.89250420668006,66.0,10.716494845360824,0.0,0.0,0.0,0.0,0.0,0.0,6.0,7119.33,0.0,0.0,0.05178658861406823,13.0,0.0,,0.0,52.0,634.0,1.0,1.0,Female,Bangkok,Bronze,<20k,In-Store,3.0,1
C12358,0,5.0,15.0,4404.52,293.6346666666667,271.7761825701085,457.0,3.6,2.2,2.0,15.0,32.285714285714285,33.17883609825946,109.0,0.15486725663716816,1.0,301.74,2.0,635.56,5.0,1494.21,12.0,4264.65,0.5,0.625,0.05842263794382413,11.0,0.0,,0.0,22.0,512.0,0.0,0.0,Male,Bangkok,Silver,<20k,In-Store,1.0,1
C12359,0,2.0,19.0,18861.94,992.7336842105262,551.4458895708276,255.0,9.473684210526315,5.2105263157894735,3.0,9.0,14.055555555555555,12.972696314691198,45.0,0.1422924901185771,2.0,2487.56,7.0,6347.33,14.0,13661.77,19.0,18861.94,0.875,2.3333333333333335,0.03217507311816922,13.0,1.0,5.0,0.0,41.0,262.0,1.0,1.0,Female,Northeast,Gold,>120k,In-Store,1.0,1
C12360,1,139.0,3.0,678.23,226.07666666666668,144.52500348843913,169.0,4.333333333333333,2.0,1.0,3.0,15.0,0.0,15.0,9.266666666666667,0.0,0.0,0.0,0.0,3.0,678.23,3.0,678.23,0.0,3.0,0.09542799221104857,5.0,0.0,,0.0,28.0,197.0,1.0,1.0,Female,East,Bronze,<20k,In-Store,3.0,1
C12361,0,50.0,9.0,3781.78,420.1977777777778,366.37466976367847,430.0,3.7777777777777777,2.111111111111111,2.0,1.0,47.5,67.36255848551393,205.0,1.0526315789473684,0.0,0.0,1.0,27.74,1.0,27.74,8.0,3676.55,1.0,0.125,0.046406543917777404,11.0,1.0,5.0,0.0,30.0,477.0,1.0,1.0,Male,Unknown,Bronze,70-120k,Mobile App,2.0,1
C12362,0,,,,,,,,,,,,,,,,,,,,,,,,,,,,,,,,,,,,,,,,0
C12363,0,9.0,36.0,118013.3,3278.1472222222224,1894.9997298433445,350.0,17.72222222222222,9.222222222222221,3.0,21.0,9.742857142857142,10.72748766471622,48.0,0.9237536656891496,3.0,6775.389999999999,17.0,57828.84,24.0,81822.88,36.0,118013.3,2.125,1.8461538461538463,0.01938686345852856,14.0,2.0,3.5,0.0,52.0,359.0,1.0,1.0,Male,Central,Platinum,70-120k,In-Store,3.0,1
C12364,0,5.0,15.0,25194.29,1679.6193333333333,1079.3893732203187,311.0,13.133333333333333,6.8,1.0,1.0,21.857142857142858,15.18023584927324,45.0,0.22875816993464052,1.0,998.34,4.0,6010.17,7.0,11693.8,15.0,25194.29,1.0,0.7777777777777778,0.02155133242871046,13.0,0.0,,0.0,42.0,320.0,0.0,0.0,Female,East,Silver,70-120k,Mobile App,1.0,1
C12365,0,4.0,6.0,3125.4,520.9,385.6254249397983,561.0,6.833333333333333,3.6666666666666665,2.0,4.0,111.4,99.63081852519329,283.0,0.03590664272890485,1.0,977.79,1.0,977.79,1.0,977.79,3.0,1581.6,1.0,0.3333333333333333,0.1270271327139976,9.0,2.0,3.5,0.0,33.0,634.0,1.0,0.0,Female,South,Silver,20-40k,In-Store,2.0,1
C12366,0,,,,,,,,,,,,,,,,,,,,,,,,,,,,,,,,,,,,,,,,0
C12367,0,1.0,11.0,5895.17,535.9245454545454,551.8541640390808,504.0,5.090909090909091,2.3636363636363638,2.0,7.0,50.3,49.103179349429325,168.0,0.019880715705765408,1.0,92.36,1.0,92.36,2.0,913.76,5.0,4278.8099999999995,0.5,0.5,0.022615964639447705,10.0,1.0,4.0,0.0,31.0,624.0,1.0,1.0,Female,North,Bronze,70-120k,In-Store,3.0,1
C12368,0,1.0,50.0,170484.59,3409.6918,1631.379872426382,532.0,15.94,8.4,3.0,7.0,10.83673469387755,9.832655920400125,52.0,0.09227871939736347,4.0,14269.67,7.0,28234.87,19.0,74201.64,36.0,125208.65,0.5384615384615384,1.0555555555555556,0.026114375811132972,14.0,2.0,2.5,0.0,46.0,535.0,1.0,1.0,Female,Bangkok,Gold,40-70k,Online Web,2.0,1
C12369,0,3.0,3.0,2689.38,896.46,352.87341767268333,30.0,8.0,4.333333333333333,1.0,3.0,13.5,13.435028842544403,23.0,0.2222222222222222,2.0,1577.3700000000001,3.0,2689.38,3.0,2689.38,3.0,2689.38,3.0,3.0,0.027570571623825313,6.0,1.0,3.0,1.0,33.0,48.0,0.0,1.0,Male,Bangkok,Gold,40-70k,In-Store,1.0,1
C12370,1,186.0,10.0,7641.71,764.171,501.2634561330444,580.0,8.4,4.5,3.0,7.0,43.77777777777778,55.39579807570647,182.0,4.248730964467005,0.0,0.0,0.0,0.0,0.0,0.0,7.0,5475.35,0.0,0.0,0.03845447270274759,13.0,1.0,1.0,0.0,26.0,668.0,1.0,1.0,Female,South,Bronze,20-40k,In-Store,3.0,1
C12371,0,177.0,4.0,1653.9499999999998,413.48749999999995,479.7467935189006,436.0,6.0,3.25,1.0,1.0,86.33333333333333,13.05118130030126,100.0,2.0501930501930503,0.0,0.0,0.0,0.0,1.0,45.77,3.0,1465.7799999999997,0.0,0.3333333333333333,0.1019048446476472,8.0,1.0,3.0,1.0,27.0,495.0,0.0,0.0,Male,Northeast,Bronze,40-70k,Online Web,2.0,1
C12372,0,30.0,3.0,5139.15,1713.05,991.1164511297349,134.0,7.666666666666667,4.0,2.0,2.0,52.0,28.284271247461902,72.0,0.5769230769230769,0.0,0.0,1.0,2788.37,3.0,5139.15,3.0,5139.15,0.3333333333333333,3.0,0.014001953136241809,8.0,0.0,,0.0,38.0,138.0,0.0,1.0,Male,North,Silver,20-40k,Mobile App,3.0,1
C12373,0,4.0,29.0,30831.0,1063.1379310344828,1160.6260941602022,627.0,7.758620689655173,4.103448275862069,3.0,4.0,22.25,17.52590674993472,61.0,0.1797752808988764,1.0,866.77,6.0,5033.09,12.0,8626.96,19.0,15080.35,0.8571428571428571,1.5,0.009158319666717766,14.0,0.0,,0.0,36.0,646.0,1.0,1.0,Female,Unknown,Gold,40-70k,Mobile App,3.0,1
C12374,1,79.0,21.0,20188.88,961.3752380952382,836.823495927421,531.0,7.285714285714286,4.0476190476190474,3.0,3.0,22.6,22.63997396316152,85.0,3.495575221238938,0.0,0.0,1.0,3874.98,9.0,11278.87,13.0,13782.49,0.1111111111111111,1.8,0.0219930552326032,13.0,0.0,,0.0,26.0,532.0,0.0,0.0,Male,East,Gold,40-70k,Mobile App,3.0,1
C12375,0,25.0,22.0,30574.28,1389.74,1082.5643072287737,396.0,9.5,5.5,1.0,1.0,17.666666666666668,11.972189997378646,43.0,1.4150943396226414,2.0,1834.15,4.0,4214.889999999999,9.0,9705.38,20.0,27468.02,0.6666666666666666,0.75,0.035366824797666785,14.0,0.0,,0.0,34.0,398.0,1.0,0.0,Female,North,Silver,40-70k,Online Web,2.0,1
C12376,0,38.0,6.0,5829.22,971.5366666666667,383.30966764049487,136.0,6.5,3.5,2.0,3.0,19.6,31.02096065565991,75.0,1.9387755102040816,0.0,0.0,5.0,4664.09,6.0,5829.22,6.0,5829.22,2.5,6.0,0.021859253056889093,11.0,0.0,,0.0,18.0,145.0,0.0,0.0,Male,Bangkok,Bronze,40-70k,Online Web,3.0,1
C12377,0,1.0,11.0,2388.89,217.17181818181817,133.05857693648926,603.0,3.3636363636363638,2.090909090909091,1.0,1.0,60.2,43.878114007884264,122.0,0.01661129568106312,1.0,346.36,1.0,346.36,4.0,678.52,7.0,1228.62,0.25,1.0,0.068960141552636,8.0,1.0,3.0,0.0,32.0,633.0,0.0,1.0,Male,Bangkok,Bronze,20-40k,Mobile App,1.0,1
C12378,0,3.0,56.0,171450.09,3061.60875,1916.2575673498807,383.0,13.196428571428571,7.392857142857143,3.0,24.0,6.909090909090909,4.89622956703053,18.0,0.4342105263157895,2.0,3402.7200000000003,13.0,34775.35,25.0,75679.45,53.0,155372.46,1.0,0.8620689655172413,0.0012305625268078722,14.0,0.0,,0.0,38.0,406.0,1.0,0.0,Female,North,Platinum,70-120k,In-Store,2.0,1
C12379,0,27.0,59.0,199816.68,3386.7233898305085,1913.159154330516,499.0,16.966101694915253,8.813559322033898,3.0,5.0,8.137931034482758,6.775726220835795,31.0,3.317796610169492,2.0,3539.59,10.0,25229.57,23.0,64585.450000000004,38.0,131562.95,0.7142857142857143,1.4375,0.0,14.0,1.0,4.0,0.0,58.0,503.0,0.0,1.0,Female,Central,Platinum,40-70k,Mobile App,1.0,1
C12380,0,49.0,23.0,25700.63,1117.418695652174,864.3057912268212,370.0,8.173913043478262,4.434782608695652,3.0,12.0,14.590909090909092,10.121448658355332,42.0,3.3582554517133953,0.0,0.0,6.0,9754.210000000001,11.0,15662.0,22.0,25014.54,1.0,0.9166666666666666,0.019316697994341936,13.0,0.0,,0.0,42.0,382.0,1.0,0.0,Male,South,Silver,40-70k,In-Store,3.0,1
C12381,1,93.0,10.0,11976.9,1197.69,747.6943159547966,309.0,10.1,5.8,3.0,3.0,24.0,29.274562336608895,83.0,3.875,0.0,0.0,0.0,0.0,4.0,2663.13,10.0,11976.9,0.0,0.5714285714285714,0.05808214265491402,12.0,1.0,3.0,1.0,46.0,361.0,0.0,1.0,Female,Bangkok,Silver,20-40k,Online Web,3.0,1
C12382,1,154.0,10.0,5390.06,539.0060000000001,360.18838756653133,565.0,7.7,3.8,3.0,6.0,45.666666666666664,32.737593069741706,118.0,3.372262773722628,0.0,0.0,0.0,0.0,1.0,321.44,5.0,2374.26,0.0,0.2,0.06215461922857421,11.0,0.0,,0.0,26.0,577.0,1.0,1.0,Female,Northeast,Silver,20-40k,In-Store,1.0,1
C12383,0,27.0,12.0,8609.76,717.48,638.697271127296,460.0,6.833333333333333,3.8333333333333335,1.0,11.0,39.36363636363637,46.84073596192256,161.0,0.6859122401847575,1.0,650.54,1.0,650.54,1.0,650.54,6.0,5544.05,1.0,0.16666666666666666,0.08263152511166422,12.0,0.0,,0.0,34.0,476.0,0.0,1.0,Male,Central,Silver,20-40k,In-Store,1.0,1
C12384,0,11.0,24.0,65661.52,2735.896666666667,1302.1471920461308,332.0,18.291666666666668,9.541666666666666,3.0,16.0,13.956521739130435,11.585564140027353,46.0,0.7881619937694704,2.0,1636.5,4.0,7791.82,11.0,28222.72,24.0,65661.52,0.5,0.7857142857142857,0.0034948202963039406,14.0,0.0,,0.0,28.0,365.0,1.0,0.0,Male,East,Gold,<20k,In-Store,1.0,1
C12385,0,,,,,,,,,,,,,,,,,,,,,,,,,,,,,,,,,,,,,,,,0
C12386,0,99.0,3.0,1496.19,498.73,331.7983871268816,149.0,5.333333333333333,3.0,2.0,3.0,25.0,4.242640687119285,28.0,3.96,0.0,0.0,0.0,0.0,3.0,1496.19,3.0,1496.19,0.0,3.0,0.1325328447686082,7.0,0.0,,0.0,30.0,169.0,1.0,0.0,Female,Central,Silver,20-40k,In-Store,1.0,1
C12387,0,0.0,10.0,3709.08,370.908,284.0383085978212,355.0,5.7,3.1,3.0,7.0,39.44444444444444,39.475027267600176,132.0,0.0,1.0,276.69,4.0,951.25,5.0,1328.35,10.0,3709.08,2.0,0.8333333333333334,0.033837112983136144,8.0,0.0,,0.0,33.0,355.0,0.0,0.0,Male,North,Bronze,40-70k,In-Store,2.0,1
C12388,0,10.0,21.0,21531.59,1025.3138095238096,557.8781384986885,457.0,9.333333333333334,4.476190476190476,2.0,3.0,22.35,24.639025527552185,95.0,0.44742729306487694,1.0,1098.52,4.0,3290.66,8.0,6663.17,15.0,14512.73,0.8,1.0,0.02119971233670062,13.0,0.0,,0.0,47.0,467.0,1.0,0.0,Female,Bangkok,Gold,40-70k,Online Web,3.0,1
C12389,0,,,,,,,,,,,,,,,,,,,,,,,,,,,,,,,,,,,,,,,,0
C12390,0,12.0,3.0,1742.72,580.9066666666666,363.4461077427207,161.0,7.666666666666667,3.3333333333333335,1.0,1.0,74.5,40.30508652763321,103.0,0.1610738255033557,1.0,924.62,1.0,924.62,3.0,1742.72,3.0,1742.72,0.3333333333333333,3.0,0.08465780765796523,8.0,1.0,4.0,0.0,21.0,240.0,1.0,1.0,Male,Bangkok,Silver,20-40k,Mobile App,1.0,1
C12391,0,,,,,,,,,,,,,,,,,,,,,,,,,,,,,,,,,,,,,,,,0
C12392,0,2.0,51.0,153354.07,3006.942549019608,1676.964716061543,425.0,14.529411764705882,7.509803921568627,3.0,4.0,8.46,7.6297216896309195,32.0,0.23640661938534277,3.0,7485.51,17.0,51262.72,27.0,76534.55,45.0,133511.66,1.5454545454545454,1.4210526315789473,0.05663816294708382,14.0,0.0,,0.0,35.0,427.0,0.0,1.0,Male,Bangkok,Platinum,Unknown,Mobile App,2.0,1
C12393,1,142.0,14.0,12615.6,901.1142857142858,610.5269896599959,388.0,8.285714285714286,4.5,3.0,10.0,18.923076923076923,21.021661599651356,73.0,7.504065040650406,0.0,0.0,0.0,0.0,4.0,4016.56,11.0,10620.41,0.0,0.5,0.01796000722385866,12.0,1.0,2.0,1.0,22.0,419.0,0.0,1.0,Female,Bangkok,Silver,20-40k,In-Store,3.0,1
C12394,1,329.0,3.0,2308.15,769.3833333333333,237.02373411397716,371.0,5.333333333333333,3.0,2.0,1.0,21.0,18.384776310850235,34.0,15.666666666666666,0.0,0.0,0.0,0.0,0.0,0.0,2.0,1376.1200000000001,0.0,0.0,0.010982183410604257,8.0,0.0,,0.0,37.0,388.0,1.0,1.0,Male,Northeast,Gold,20-40k,Mobile App,3.0,1
C12395,0,24.0,7.0,2742.7599999999998,391.8228571428571,259.6808125830816,275.0,4.285714285714286,2.142857142857143,1.0,1.0,41.833333333333336,70.36594820413256,185.0,0.5737051792828685,1.0,83.78,4.0,1040.73,4.0,1040.73,7.0,2742.7599999999998,4.0,1.0,0.022990061625048974,7.0,0.0,,0.0,31.0,315.0,1.0,1.0,Female,East,Silver,40-70k,Mobile App,2.0,1
C12396,0,23.0,30.0,44708.549999999996,1490.2849999999999,1048.2632413063704,533.0,11.6,6.533333333333333,3.0,15.0,17.586206896551722,17.53469467203177,70.0,1.307843137254902,1.0,1862.53,4.0,6396.1900000000005,10.0,15747.16,19.0,29725.79,0.5714285714285714,1.0,0.026471217148598278,14.0,1.0,3.0,0.0,43.0,539.0,1.0,0.0,Female,South,Bronze,70-120k,In-Store,1.0,1
C12397,0,24.0,23.0,44737.93,1945.1273913043478,919.400534741956,414.0,13.217391304347826,6.956521739130435,3.0,12.0,17.727272727272727,19.19866517726544,69.0,1.353846153846154,1.0,3734.21,6.0,11873.57,10.0,23866.39,19.0,39929.25,1.2,1.0,0.018438586933746802,14.0,0.0,,0.0,47.0,419.0,1.0,1.0,Female,Bangkok,Platinum,40-70k,In-Store,2.0,1
C12398,0,16.0,3.0,4085.3,1361.7666666666667,629.9252566244136,86.0,8.333333333333334,4.333333333333333,1.0,3.0,35.0,7.0710678118654755,40.0,0.45714285714285713,1.0,1765.76,3.0,4085.3,3.0,4085.3,3.0,4085.3,3.0,3.0,0.03375118259224219,6.0,0.0,,0.0,22.0,116.0,0.0,1.0,Male,Bangkok,Bronze,40-70k,In-Store,2.0,1
C12399,0,65.0,10.0,6130.36,613.036,424.9378942386757,525.0,7.1,3.1,3.0,8.0,51.111111111111114,31.414345626021102,108.0,1.2717391304347825,0.0,0.0,1.0,1490.58,3.0,2456.68,5.0,3220.5299999999997,0.3333333333333333,1.0,0.030918676246255505,8.0,1.0,3.0,0.0,28.0,541.0,0.0,0.0,Male,Northeast,Silver,20-40k,In-Store,2.0,1
C12400,0,35.0,12.0,4737.0,394.75,291.00677674083624,500.0,5.083333333333333,2.9166666666666665,2.0,1.0,42.27272727272727,38.29122852322947,132.0,0.8279569892473119,0.0,0.0,2.0,1513.19,3.0,1921.8500000000001,9.0,3933.52,1.0,0.42857142857142855,0.0403685373774125,10.0,0.0,,0.0,37.0,509.0,0.0,1.0,Male,Northeast,Silver,<20k,Online Web,2.0,1
C12401,0,19.0,68.0,181868.57,2674.537794117647,1678.246074888941,533.0,15.264705882352942,8.279411764705882,3.0,25.0,7.6716417910447765,6.979163924272262,33.0,2.4766536964980546,2.0,4071.45,9.0,18241.600000000002,18.0,38749.63,43.0,107855.32,0.9,0.6923076923076923,0.018566650301220976,14.0,0.0,,0.0,35.0,536.0,1.0,0.0,Male,South,Platinum,>120k,In-Store,1.0,1
C12402,0,3.0,16.0,20109.35,1256.834375,725.4114354302093,247.0,9.5,5.1875,2.0,12.0,16.266666666666666,11.762328891524032,41.0,0.18442622950819673,3.0,6034.59,6.0,9430.470000000001,12.0,16788.27,16.0,20109.35,0.8571428571428571,2.4,0.015018634921583446,12.0,0.0,,0.0,26.0,251.0,1.0,0.0,Male,North,Silver,20-40k,In-Store,3.0,1
C12403,0,7.0,10.0,8076.1900000000005,807.619,928.4586553644224,335.0,5.6,3.3,3.0,5.0,36.44444444444444,31.040743834157354,95.0,0.19207317073170732,1.0,340.18,1.0,340.18,3.0,3613.94,10.0,8076.1900000000005,0.3333333333333333,0.375,0.022058859143946254,9.0,0.0,,0.0,27.0,447.0,0.0,1.0,Male,Bangkok,Bronze,20-40k,In-Store,2.0,1
C12404,0,31.0,5.0,5502.63,1100.526,601.0074413682413,198.0,8.6,4.0,2.0,5.0,41.75,53.287740929160556,121.0,0.7425149700598802,0.0,0.0,1.0,1124.22,4.0,3765.8,5.0,5502.63,0.25,2.0,0.07855345101000884,8.0,0.0,,0.0,43.0,287.0,1.0,1.0,Female,Bangkok,Bronze,70-120k,In-Store,2.0,1
C12405,0,6.0,15.0,10533.08,702.2053333333333,501.86048597574364,479.0,6.666666666666667,3.7333333333333334,1.0,11.0,33.785714285714285,39.070308560197105,112.0,0.17758985200845667,3.0,2563.61,7.0,6295.55,8.0,7230.55,13.0,9439.69,3.5,1.3333333333333333,0.04951627938035393,13.0,1.0,4.0,0.0,18.0,551.0,1.0,0.0,Male,Bangkok,Silver,<20k,In-Store,3.0,1
C12406,0,21.0,5.0,3605.62,721.124,874.872571909761,195.0,7.6,4.2,1.0,4.0,43.5,30.391884881768465,79.0,0.4827586206896552,1.0,427.74,2.0,740.1800000000001,3.0,1135.68,5.0,3605.62,1.0,1.0,0.062472048009818294,9.0,1.0,3.0,0.0,41.0,276.0,1.0,0.0,Female,North,Gold,20-40k,In-Store,1.0,1
C12407,0,11.0,95.0,342963.61,3610.1432631578946,1713.4875676236873,618.0,17.86315789473684,10.010526315789473,3.0,24.0,6.457446808510638,5.333329758635269,28.0,1.7034596375617794,3.0,9785.91,8.0,23058.38,23.0,73080.79,46.0,154434.08,0.5,0.9583333333333334,0.003171674608617626,14.0,1.0,3.0,0.0,45.0,653.0,1.0,1.0,Female,Unknown,Platinum,40-70k,In-Store,1.0,1
C12408,1,30.0,22.0,26656.93,1211.6786363636363,680.4604810910207,458.0,10.318181818181818,5.409090909090909,3.0,2.0,20.38095238095238,18.924788480921496,77.0,1.47196261682243,0.0,0.0,5.0,5880.06,9.0,10928.630000000001,16.0,18979.93,1.0,1.125,0.04731862213398759,13.0,0.0,,0.0,28.0,464.0,0.0,1.0,Male,Central,Bronze,20-40k,Online Web,2.0,1
C12409,1,101.0,4.0,1092.5,273.125,198.9709647997248,585.0,4.0,2.5,1.0,1.0,161.33333333333334,250.15461885268743,450.0,0.6260330578512396,0.0,0.0,0.0,0.0,2.0,471.34000000000003,2.0,471.34000000000003,0.0,2.0,0.06668603061782395,7.0,1.0,2.0,1.0,31.0,593.0,1.0,0.0,Male,Central,Bronze,70-120k,Online Web,1.0,1
C12410,0,37.0,2.0,1620.42,810.21,608.5926644316378,43.0,7.5,4.0,1.0,2.0,6.0,,6.0,6.166666666666667,0.0,0.0,2.0,1620.42,2.0,1620.42,2.0,1620.42,2.0,2.0,0.0,6.0,0.0,,0.0,28.0,47.0,1.0,1.0,Male,Central,Bronze,70-120k,In-Store,3.0,1
C12411,0,35.0,18.0,15479.59,859.9772222222223,334.8398924825302,582.0,7.055555555555555,3.7777777777777777,1.0,14.0,32.1764705882353,35.53912508440108,124.0,1.0877513711151736,0.0,0.0,3.0,3159.14,8.0,7489.78,10.0,8905.98,0.5,2.6666666666666665,0.04340214263820363,13.0,0.0,,0.0,18.0,661.0,1.0,1.0,Male,North,Silver,70-120k,In-Store,2.0,1
C12412,0,18.0,32.0,40864.08,1277.0025,1101.402663372425,605.0,7.21875,3.8125,3.0,4.0,18.93548387096774,15.80703531948347,68.0,0.950596252129472,1.0,910.55,5.0,6465.3099999999995,9.0,10391.61,15.0,17080.43,1.0,1.2857142857142858,0.010423659119902593,13.0,0.0,,0.0,25.0,650.0,1.0,1.0,Male,Bangkok,Silver,20-40k,Mobile App,1.0,1
C12413,0,20.0,30.0,41443.95,1381.465,1300.8825474342277,441.0,9.633333333333333,4.9,1.0,1.0,14.517241379310345,10.995520807697662,44.0,1.3776722090261282,1.0,739.62,3.0,2950.3,10.0,16554.4,25.0,37712.87,0.375,0.625,0.019951451546728182,13.0,2.0,3.5,0.0,37.0,447.0,1.0,1.0,Male,Bangkok,Gold,40-70k,Mobile App,2.0,1
C12414,0,1.0,20.0,25475.239999999998,1273.762,880.1473470636366,339.0,11.15,5.9,3.0,5.0,17.789473684210527,15.611886309861687,63.0,0.056213017751479286,2.0,2582.14,5.0,5541.91,10.0,12863.35,20.0,25475.239999999998,0.8333333333333334,0.9090909090909091,0.0364890179693578,14.0,1.0,2.0,0.0,28.0,344.0,1.0,1.0,Female,North,Gold,<20k,Mobile App,2.0,1
C12415,1,16.0,27.0,25327.6,938.0592592592592,597.528758760266,583.0,7.777777777777778,3.962962962962963,3.0,13.0,21.807692307692307,15.952477502304728,57.0,0.7336860670194004,1.0,1365.03,4.0,3013.91,8.0,5418.29,15.0,11922.99,0.8,1.0,0.07686139580994593,13.0,3.0,2.3333333333333335,1.0,48.0,610.0,0.0,0.0,Female,Bangkok,Bronze,Unknown,In-Store,1.0,1
C12416,0,3.0,3.0,1852.3400000000001,617.4466666666667,404.7461049019908,64.0,5.666666666666667,2.3333333333333335,1.0,1.0,30.5,33.23401871576773,54.0,0.09836065573770492,1.0,308.54,3.0,1852.3400000000001,3.0,1852.3400000000001,3.0,1852.3400000000001,3.0,3.0,0.06782211352164702,5.0,0.0,,0.0,27.0,81.0,0.0,1.0,Male,Northeast,Silver,40-70k,Mobile App,2.0,1
C12417,1,71.0,6.0,3212.7599999999998,535.4599999999999,237.8247187320948,371.0,3.8333333333333335,2.6666666666666665,1.0,6.0,60.0,82.36807634029097,205.0,1.1833333333333333,0.0,0.0,1.0,327.42,1.0,327.42,5.0,2771.46,1.0,0.2,0.010974599881172635,10.0,0.0,,0.0,34.0,371.0,0.0,1.0,Male,Bangkok,Gold,<20k,In-Store,2.0,1
C12418,1,130.0,3.0,2318.11,772.7033333333334,644.6190286000974,372.0,9.666666666666666,4.666666666666667,1.0,3.0,121.0,152.73506473629428,229.0,1.0743801652892562,0.0,0.0,0.0,0.0,2.0,1727.6699999999998,2.0,1727.6699999999998,0.0,2.0,0.049382209773921174,7.0,1.0,1.0,0.0,37.0,472.0,0.0,1.0,Female,Bangkok,Gold,20-40k,In-Store,3.0,1
C12419,0,16.0,1.0,1531.69,1531.69,,16.0,12.0,7.0,1.0,1.0,,,,,1.0,1531.69,1.0,1531.69,1.0,1531.69,1.0,1531.69,1.0,1.0,0.02043935663351773,4.0,0.0,,0.0,32.0,47.0,0.0,1.0,Female,East,Bronze,70-120k,Online Web,2.0,1
C12420,1,71.0,12.0,18847.69,1570.6408333333331,723.1403049259068,466.0,11.166666666666666,5.916666666666667,2.0,1.0,35.90909090909091,24.267074588646015,76.0,1.9772151898734178,0.0,0.0,1.0,2286.85,3.0,4900.24,8.0,12695.65,0.3333333333333333,0.5,0.0684692307578252,12.0,4.0,3.25,0.0,47.0,479.0,1.0,1.0,Female,Bangkok,Bronze,<20k,Mobile App,1.0,1
C12421,0,1.0,49.0,63357.35,1293.0071428571428,799.485517478793,388.0,7.63265306122449,3.9183673469387754,3.0,22.0,8.0625,6.2616911929401855,31.0,0.12403100775193798,4.0,6341.7699999999995,13.0,18462.97,23.0,31742.82,48.0,60605.35,1.1818181818181819,0.8846153846153846,0.0,14.0,1.0,4.0,0.0,58.0,389.0,0.0,1.0,Male,North,Gold,70-120k,In-Store,1.0,1
C12422,0,7.0,6.0,1971.51,328.585,223.59448103654077,382.0,4.0,2.8333333333333335,1.0,6.0,75.0,41.24318125460256,136.0,0.09333333333333334,1.0,99.71,1.0,99.71,3.0,985.5200000000001,5.0,1914.69,0.3333333333333333,1.0,0.05186692059095106,10.0,0.0,,0.0,39.0,430.0,0.0,0.0,Female,Bangkok,Silver,Unknown,In-Store,3.0,1
C12423,0,6.0,77.0,183955.5,2389.0324675324673,1279.1941858360387,568.0,13.922077922077921,7.532467532467533,3.0,11.0,7.394736842105263,6.425115194543823,35.0,0.8113879003558719,1.0,2570.5,9.0,26003.42,20.0,57308.81,47.0,113562.41,0.75,0.7142857142857143,0.0,14.0,0.0,,0.0,24.0,570.0,1.0,1.0,Male,North,Platinum,20-40k,Mobile App,3.0,1
C12424,1,37.0,15.0,25138.34,1675.8893333333333,659.4962723978557,309.0,13.4,7.066666666666666,1.0,1.0,19.428571428571427,22.48662606191404,75.0,1.9044117647058825,0.0,0.0,5.0,9037.74,10.0,18367.64,15.0,25138.34,0.8333333333333334,1.6666666666666667,0.039197520247363726,14.0,1.0,4.0,0.0,43.0,313.0,0.0,1.0,Male,Bangkok,Bronze,70-120k,Online Web,1.0,1
C12425,0,1.0,9.0,5551.58,616.8422222222222,491.7883692651183,419.0,5.888888888888889,3.2222222222222223,1.0,7.0,52.25,33.8642246963623,102.0,0.019138755980861243,2.0,763.55,2.0,763.55,4.0,3397.0,7.0,4654.86,0.6666666666666666,1.0,0.10853221056417865,12.0,0.0,,0.0,21.0,508.0,1.0,0.0,Female,Northeast,Bronze,40-70k,In-Store,3.0,1
C12426,1,72.0,13.0,19037.02,1464.3861538461538,853.5553549081089,445.0,12.23076923076923,5.384615384615385,3.0,11.0,31.083333333333332,31.606841415149734,112.0,2.316353887399464,0.0,0.0,1.0,1795.9,1.0,1795.9,7.0,12051.26,1.0,0.14285714285714285,0.0544797309613483,13.0,2.0,2.5,0.0,34.0,466.0,1.0,1.0,Female,Northeast,Silver,40-70k,In-Store,2.0,1
C12427,0,26.0,42.0,55524.15,1322.0035714285714,718.0719154684264,606.0,9.428571428571429,5.142857142857143,3.0,20.0,14.146341463414634,11.310528227297247,42.0,1.8379310344827586,1.0,1492.9,5.0,8177.42,9.0,11825.560000000001,24.0,29846.39,1.0,0.5625,0.028998288632469397,14.0,0.0,,0.0,35.0,663.0,1.0,0.0,Female,East,Gold,<20k,In-Store,1.0,1
C12428,0,16.0,9.0,4932.34,548.0377777777778,274.03223965337446,373.0,7.444444444444445,4.111111111111111,3.0,6.0,44.625,37.11733326319966,107.0,0.3585434173669468,1.0,622.99,4.0,1747.6599999999999,7.0,3593.44,8.0,4422.62,1.0,3.5,0.0796035775798527,8.0,0.0,,0.0,31.0,385.0,0.0,1.0,Female,South,Gold,20-40k,In-Store,2.0,1
C12429,0,,,,,,,,,,,,,,,,,,,,,,,,,,,,,,,,,,,,,,,,0
C12430,0,39.0,9.0,4506.95,500.7722222222222,236.38233858400767,340.0,7.666666666666667,4.222222222222222,1.0,9.0,37.625,53.74526557222107,162.0,1.0365448504983388,0.0,0.0,5.0,2496.21,8.0,3702.65,9.0,4506.95,1.25,4.0,0.05639104828224418,11.0,1.0,3.0,1.0,31.0,343.0,1.0,1.0,Male,East,Bronze,20-40k,In-Store,2.0,1
C12431,0,1.0,83.0,144444.35,1740.2933734939759,1136.9395238494085,553.0,9.44578313253012,5.0843373493975905,3.0,24.0,6.7317073170731705,6.102112122677163,34.0,0.14855072463768115,8.0,18288.27,17.0,29985.789999999997,28.0,52157.68,50.0,94112.3,1.4166666666666667,1.2173913043478262,0.01134299848091992,14.0,0.0,,0.0,32.0,553.0,0.0,0.0,Female,East,Platinum,70-120k,In-Store,1.0,1
C12432,0,17.0,37.0,95472.68,2580.3427027027024,1398.8485282002648,356.0,14.54054054054054,7.4324324324324325,3.0,17.0,9.416666666666666,11.362532413909447,62.0,1.8053097345132745,1.0,2950.89,10.0,26282.96,19.0,47563.03,37.0,95472.68,1.0,1.0,0.0,14.0,0.0,,0.0,41.0,380.0,0.0,1.0,Female,Central,Gold,70-120k,In-Store,3.0,1
C12433,0,,,,,,,,,,,,,,,,,,,,,,,,,,,,,,,,,,,,,,,,0
C12434,1,82.0,38.0,125113.06,3292.448947368421,1345.6071304318853,395.0,16.0,8.552631578947368,3.0,18.0,8.45945945945946,7.037970803650229,32.0,9.69329073482428,0.0,0.0,1.0,5024.14,12.0,40479.09,35.0,118895.89,0.08333333333333333,0.5,0.01630413801817218,14.0,0.0,,0.0,34.0,404.0,1.0,1.0,Female,Bangkok,Gold,40-70k,In-Store,2.0,1
C12435,1,43.0,24.0,29767.3,1240.3041666666666,762.1745827331772,552.0,7.208333333333333,3.875,2.0,17.0,22.130434782608695,15.0945635843628,52.0,1.9430255402750491,0.0,0.0,1.0,2363.51,4.0,5123.59,11.0,10843.76,0.25,0.5,0.03060308991133301,13.0,0.0,,0.0,31.0,595.0,1.0,0.0,Female,Bangkok,Silver,20-40k,In-Store,2.0,1
C12436,0,0.0,9.0,2507.0099999999998,278.5566666666666,255.8069038845512,264.0,3.6666666666666665,1.7777777777777777,2.0,1.0,33.0,36.15443067098218,104.0,0.0,3.0,443.65999999999997,4.0,817.4399999999999,6.0,2098.6,9.0,2507.0099999999998,1.3333333333333333,1.5,0.06672846262089298,7.0,2.0,2.5,0.0,23.0,317.0,0.0,1.0,Female,Bangkok,Bronze,70-120k,Mobile App,1.0,1
C12437,0,19.0,72.0,167270.47,2323.2009722222224,1555.206965654465,605.0,11.444444444444445,6.055555555555555,3.0,23.0,8.253521126760564,8.20055452804287,40.0,2.3020477815699656,1.0,1141.3,7.0,12596.58,21.0,42109.31,44.0,98420.01,0.4666666666666667,0.875,0.009737719467955897,14.0,0.0,,0.0,32.0,605.0,1.0,0.0,Male,Bangkok,Platinum,40-70k,In-Store,3.0,1
C12438,0,4.0,1.0,1015.27,1015.27,,4.0,7.0,4.0,1.0,1.0,,,,,1.0,1015.27,1.0,1015.27,1.0,1015.27,1.0,1015.27,1.0,1.0,0.05443691092649853,3.0,0.0,,0.0,29.0,83.0,0.0,0.0,Female,Northeast,Bronze,20-40k,In-Store,1.0,1
C12439,0,39.0,4.0,1913.3799999999999,478.34499999999997,538.6249854645314,108.0,5.75,3.0,2.0,4.0,23.0,14.177446878757825,39.0,1.6956521739130435,0.0,0.0,2.0,1257.33,4.0,1913.3799999999999,4.0,1913.3799999999999,0.6666666666666666,4.0,0.0821928978812604,6.0,0.0,,0.0,29.0,181.0,1.0,1.0,Female,Bangkok,Silver,20-40k,In-Store,2.0,1
C12440,0,33.0,6.0,2148.63,358.105,247.74435717085458,133.0,4.833333333333333,2.1666666666666665,2.0,1.0,20.0,10.074720839804943,36.0,1.65,0.0,0.0,4.0,1904.1399999999999,6.0,2148.63,6.0,2148.63,1.3333333333333333,6.0,0.0,7.0,0.0,,0.0,28.0,144.0,0.0,1.0,Female,Northeast,Silver,20-40k,Online Web,1.0,1
C12441,0,0.0,24.0,21459.54,894.1475,565.334766674463,276.0,6.458333333333333,3.2916666666666665,3.0,5.0,12.0,11.497035190944585,43.0,0.0,2.0,1318.42,8.0,5029.99,16.0,15400.75,24.0,21459.54,0.8888888888888888,1.7777777777777777,0.02226958600931643,12.0,0.0,,0.0,39.0,278.0,1.0,0.0,Female,Northeast,Gold,70-120k,Online Web,1.0,1
C12442,0,8.0,7.0,1370.69,195.81285714285715,82.60884551392095,335.0,3.5714285714285716,1.7142857142857142,2.0,3.0,54.5,51.70976696911329,122.0,0.14678899082568808,1.0,161.08,2.0,427.75,4.0,810.5100000000001,7.0,1370.69,0.6666666666666666,1.0,0.025903605895646484,7.0,1.0,4.0,0.0,40.0,362.0,1.0,1.0,Male,Bangkok,Silver,40-70k,Mobile App,1.0,1
C12443,0,131.0,5.0,2589.99,517.9979999999999,264.4890485823563,489.0,8.2,4.0,1.0,1.0,89.5,66.0328201225219,171.0,1.4636871508379887,0.0,0.0,0.0,0.0,2.0,1472.5900000000001,4.0,2488.99,0.0,0.6666666666666666,0.01587898684540501,8.0,0.0,,0.0,21.0,504.0,0.0,1.0,Female,Northeast,Silver,40-70k,Mobile App,2.0,1
C12444,0,15.0,40.0,48627.96,1215.699,832.3240463838097,638.0,10.525,5.575,3.0,5.0,15.974358974358974,19.94398363243673,82.0,0.9390048154093098,1.0,419.27,3.0,3214.59,5.0,5379.0,17.0,16919.97,1.0,0.38461538461538464,0.025478894109621484,14.0,0.0,,0.0,37.0,653.0,1.0,0.0,Male,North,Silver,20-40k,Mobile App,2.0,1
C12445,1,135.0,15.0,27960.54,1864.036,1405.9051229307252,480.0,12.0,6.666666666666667,3.0,4.0,24.642857142857142,21.932087988070894,74.0,5.478260869565218,0.0,0.0,0.0,0.0,2.0,2536.3,8.0,13856.64,0.0,0.2857142857142857,0.04617696964404258,14.0,2.0,3.0,1.0,40.0,496.0,1.0,0.0,Female,North,Gold,20-40k,Online Web,1.0,1
C12446,0,58.0,18.0,10061.19,558.955,439.8151684280702,536.0,6.222222222222222,3.2777777777777777,3.0,3.0,28.11764705882353,32.7698076606752,128.0,2.062761506276151,0.0,0.0,4.0,1906.46,7.0,3825.96,12.0,6951.530000000001,1.0,1.1666666666666667,0.12308710044607449,14.0,0.0,,0.0,41.0,558.0,1.0,0.0,Female,North,Bronze,20-40k,Mobile App,2.0,1
C12447,0,16.0,5.0,2204.7200000000003,440.9440000000001,204.1258611249442,304.0,5.4,2.6,1.0,1.0,72.0,77.49838707999025,169.0,0.2222222222222222,2.0,757.32,3.0,1234.13,3.0,1234.13,5.0,2204.7200000000003,3.0,1.0,0.11260661141723251,7.0,0.0,,0.0,36.0,435.0,1.0,1.0,Female,Bangkok,Bronze,20-40k,Mobile App,3.0,1
C12448,0,43.0,14.0,23988.29,1713.4492857142857,1004.4301393822523,327.0,9.928571428571429,5.5,2.0,1.0,21.846153846153847,16.702525526828538,59.0,1.9683098591549295,0.0,0.0,2.0,2087.4300000000003,5.0,8932.78,14.0,23988.29,0.5,0.5,0.011121247485888202,13.0,1.0,5.0,0.0,47.0,327.0,1.0,1.0,Male,North,Silver,40-70k,Mobile App,3.0,1
C12449,0,,,,,,,,,,,,,,,,,,,,,,,,,,,,,,,,,,,,,,,,0
C12450,0,12.0,15.0,21940.16,1462.6773333333333,1931.7813397648836,372.0,9.133333333333333,4.8,3.0,4.0,25.714285714285715,23.859939297841965,80.0,0.4666666666666667,1.0,918.17,1.0,918.17,7.0,13680.84,13.0,18223.07,0.14285714285714285,1.0,0.0,11.0,0.0,,0.0,38.0,407.0,1.0,1.0,Male,Northeast,Gold,40-70k,Mobile App,2.0,1
C12451,0,31.0,54.0,155634.0,2882.1111111111113,1545.748706640818,356.0,15.0,8.0,3.0,5.0,6.132075471698113,4.847829553399116,21.0,5.055384615384615,0.0,0.0,12.0,36939.56,24.0,70905.11,54.0,155634.0,0.9230769230769231,0.7741935483870968,0.029850634623325177,14.0,1.0,4.0,1.0,30.0,359.0,1.0,1.0,Female,South,Platinum,20-40k,Mobile App,2.0,1
C12452,1,117.0,21.0,33629.93,1601.425238095238,969.5649337698793,566.0,12.142857142857142,6.714285714285714,3.0,16.0,22.45,21.23174138183826,65.0,5.211581291759465,0.0,0.0,0.0,0.0,2.0,5520.450000000001,9.0,17582.0,0.0,0.25,0.08696345076949893,13.0,1.0,1.0,1.0,53.0,594.0,1.0,0.0,Female,North,Bronze,70-120k,In-Store,2.0,1
C12453,0,18.0,4.0,1390.76,347.69,329.0748546050478,488.0,3.5,2.0,1.0,4.0,156.66666666666666,173.75365703585445,357.0,0.11489361702127661,1.0,70.36,2.0,874.45,3.0,1023.9200000000001,3.0,1023.9200000000001,1.0,3.0,0.0777331264340376,4.0,0.0,,0.0,36.0,527.0,1.0,0.0,Female,Unknown,Bronze,40-70k,In-Store,3.0,1
C12454,0,3.0,12.0,30311.27,2525.9391666666666,1411.2357505357322,249.0,13.25,6.916666666666667,3.0,8.0,22.363636363636363,16.73483030850763,49.0,0.13414634146341464,1.0,693.11,5.0,10804.29,10.0,27222.17,12.0,30311.27,0.8333333333333334,3.3333333333333335,0.0,14.0,0.0,,0.0,34.0,257.0,0.0,1.0,Male,Bangkok,Silver,40-70k,In-Store,1.0,1
C12455,0,2.0,6.0,3834.21,639.035,612.8349009235685,72.0,5.166666666666667,2.6666666666666665,2.0,6.0,14.0,7.3824115301167,24.0,0.14285714285714285,2.0,1251.25,6.0,3834.21,6.0,3834.21,6.0,3834.21,6.0,6.0,0.005787586249815248,10.0,0.0,,0.0,18.0,102.0,0.0,0.0,Male,South,Silver,40-70k,In-Store,3.0,1
C12456,0,,,,,,,,,,,,,,,,,,,,,,,,,,,,,,,,,,,,,,,,0
C12457,0,17.0,9.0,3870.06,430.00666666666666,219.41960594942287,426.0,8.0,4.222222222222222,2.0,8.0,51.125,45.78657788354262,143.0,0.33251833740831294,2.0,878.47,2.0,878.47,3.0,1308.87,7.0,2458.4300000000003,1.0,0.6,0.08133064937284579,8.0,1.0,4.0,0.0,26.0,440.0,0.0,1.0,Male,Bangkok,Silver,<20k,In-Store,3.0,1
C12458,1,51.0,3.0,3650.4,1216.8,766.5446529067958,71.0,7.0,4.666666666666667,1.0,3.0,10.0,11.313708498984761,18.0,5.1,0.0,0.0,3.0,3650.4,3.0,3650.4,3.0,3650.4,3.0,3.0,0.0,8.0,1.0,3.0,1.0,18.0,88.0,0.0,0.0,Male,Bangkok,Bronze,>120k,In-Store,3.0,1
C12459,0,16.0,81.0,213325.48,2633.647901234568,1383.8681602493032,540.0,15.555555555555555,8.234567901234568,3.0,22.0,6.55,5.55045898432813,29.0,2.4427480916030535,2.0,9216.45,9.0,27186.1,21.0,59769.81,46.0,122471.70999999999,0.6923076923076923,0.8076923076923077,0.009019217156441335,14.0,1.0,5.0,0.0,25.0,545.0,1.0,1.0,Male,East,Gold,70-120k,In-Store,2.0,1
C12460,1,244.0,3.0,1832.49,610.83,509.246042792676,383.0,7.666666666666667,4.0,2.0,1.0,69.5,54.44722215136416,108.0,3.5107913669064748,0.0,0.0,0.0,0.0,0.0,0.0,2.0,1596.86,0.0,0.0,0.037855916496463804,5.0,1.0,2.0,0.0,44.0,485.0,1.0,0.0,Female,Bangkok,Gold,40-70k,Mobile App,2.0,1
C12461,0,110.0,19.0,8695.81,457.6742105263158,349.2537120349266,512.0,4.684210526315789,2.4210526315789473,1.0,1.0,22.333333333333332,25.94564453984975,90.0,4.925373134328359,0.0,0.0,0.0,0.0,5.0,1501.1000000000001,13.0,6678.78,0.0,0.5555555555555556,0.026022217393544458,10.0,0.0,,0.0,34.0,515.0,1.0,1.0,Female,Bangkok,Platinum,>120k,Mobile App,2.0,1
C12462,1,228.0,3.0,4143.07,1381.0233333333333,754.4241486281661,319.0,10.333333333333334,7.0,1.0,3.0,45.5,14.849242404917497,56.0,5.010989010989011,0.0,0.0,0.0,0.0,0.0,0.0,3.0,4143.07,0.0,0.0,0.023187988928236297,9.0,1.0,2.0,0.0,51.0,319.0,1.0,1.0,Female,South,Bronze,<20k,In-Store,1.0,1
C12463,0,7.0,14.0,6629.21,473.515,312.44828521631445,550.0,5.0,2.857142857142857,2.0,1.0,41.76923076923077,59.64779102665056,230.0,0.1675874769797422,2.0,692.96,3.0,1126.55,4.0,1526.86,6.0,2311.2,1.5,1.3333333333333333,0.07571274803966403,11.0,0.0,,0.0,18.0,555.0,0.0,1.0,Male,Central,Silver,40-70k,Mobile App,2.0,1
C12464,0,18.0,5.0,4592.33,918.466,536.327509904163,119.0,5.2,2.6,2.0,1.0,25.25,16.700798384109266,47.0,0.7128712871287128,1.0,736.66,3.0,2211.0299999999997,5.0,4592.33,5.0,4592.33,1.0,5.0,0.05138512194567752,8.0,0.0,,0.0,34.0,127.0,1.0,1.0,Female,Central,Bronze,<20k,Mobile App,1.0,1
C12465,0,25.0,11.0,8459.01,769.0009090909091,563.614550334793,271.0,6.181818181818182,3.090909090909091,2.0,8.0,24.6,18.69759342803239,53.0,1.0162601626016259,2.0,2200.51,4.0,2941.2,6.0,6203.3,11.0,8459.01,1.3333333333333333,1.0,0.030304801928612457,10.0,0.0,,0.0,36.0,287.0,1.0,0.0,Female,South,Gold,40-70k,In-Store,1.0,1
C12466,0,62.0,7.0,4194.86,599.2657142857142,204.89220310992337,429.0,6.0,3.4285714285714284,2.0,4.0,61.166666666666664,54.93784366597097,129.0,1.013623978201635,0.0,0.0,3.0,2093.09,3.0,2093.09,6.0,3756.5699999999997,3.0,0.75,0.057663061180936975,9.0,0.0,,0.0,42.0,444.0,1.0,1.0,Male,Central,Silver,20-40k,In-Store,1.0,1
C12467,1,15.0,3.0,3735.04,1245.0133333333333,673.2088413214234,104.0,6.666666666666667,4.0,1.0,3.0,44.5,28.991378028648448,65.0,0.33707865168539325,1.0,2016.25,2.0,2791.35,3.0,3735.04,3.0,3735.04,1.0,3.0,0.022795950991190868,7.0,0.0,,0.0,35.0,111.0,1.0,1.0,Female,Northeast,Silver,20-40k,In-Store,1.0,1
C12468,0,85.0,5.0,1927.44,385.488,221.92121388006152,330.0,4.8,2.4,2.0,5.0,61.25,18.409689477736084,77.0,1.3877551020408163,0.0,0.0,1.0,192.87,2.0,936.83,5.0,1927.44,0.5,0.5,0.07290935152138989,7.0,0.0,,0.0,38.0,410.0,1.0,0.0,Female,Central,Bronze,20-40k,In-Store,2.0,1
C12469,0,5.0,62.0,163868.91,2643.046935483871,1770.1913233927694,412.0,11.96774193548387,6.709677419354839,3.0,23.0,6.672131147540983,6.584631884105619,33.0,0.7493857493857494,4.0,9338.5,8.0,19392.09,19.0,59612.590000000004,55.0,149365.2,0.6666666666666666,0.5135135135135135,0.006215455038333765,14.0,0.0,,0.0,43.0,415.0,1.0,1.0,Female,North,Gold,40-70k,In-Store,1.0,1
C12470,1,46.0,13.0,17125.420000000002,1317.3400000000001,725.4395207504666,381.0,10.846153846153847,5.6923076923076925,3.0,3.0,27.916666666666668,31.79896605904416,118.0,1.6477611940298507,0.0,0.0,3.0,1895.71,5.0,4117.07,12.0,14821.69,1.0,0.625,0.04828322841086925,13.0,1.0,3.0,0.0,27.0,401.0,1.0,0.0,Female,South,Bronze,20-40k,Mobile App,2.0,1
C12471,0,0.0,12.0,21280.51,1773.3758333333333,688.8570296639385,325.0,13.166666666666666,7.5,3.0,6.0,29.545454545454547,34.58139278965969,119.0,0.0,1.0,2019.27,5.0,8693.95,7.0,11843.7,12.0,21280.51,1.6666666666666667,1.1666666666666667,0.04088966168734474,14.0,0.0,,0.0,46.0,328.0,0.0,0.0,Male,Central,Silver,40-70k,In-Store,3.0,1
C12472,0,54.0,7.0,2072.67,296.0957142857143,196.96684364440148,281.0,3.7142857142857144,2.2857142857142856,1.0,6.0,37.833333333333336,26.753815927203107,80.0,1.4273127753303965,0.0,0.0,1.0,458.05,4.0,1383.55,7.0,2072.67,0.25,1.0,0.05003139566327349,8.0,0.0,,0.0,33.0,307.0,1.0,1.0,Female,Bangkok,Bronze,40-70k,In-Store,1.0,1
C12473,0,,,,,,,,,,,,,,,,,,,,,,,,,,,,,,,,,,,,,,,,0
C12474,1,78.0,3.0,1138.4199999999998,379.4733333333333,485.22042262597864,163.0,5.0,2.6666666666666665,1.0,3.0,42.5,30.405591591021544,64.0,1.8352941176470587,0.0,0.0,1.0,113.58,3.0,1138.4199999999998,3.0,1138.4199999999998,0.3333333333333333,3.0,0.06189381391477755,5.0,1.0,5.0,0.0,30.0,209.0,0.0,0.0,Male,Northeast,Silver,40-70k,In-Store,2.0,1
C12475,1,63.0,11.0,16446.49,1495.1354545454546,817.399650126713,313.0,11.909090909090908,6.363636363636363,3.0,2.0,25.0,19.759667113705245,64.0,2.52,0.0,0.0,2.0,1670.2800000000002,6.0,6518.52,11.0,16446.49,0.4,1.0,0.056386756301325294,13.0,0.0,,0.0,35.0,313.0,1.0,0.0,Female,Central,Silver,20-40k,Mobile App,3.0,1
C12476,0,52.0,5.0,3571.29,714.258,455.6999342440154,171.0,6.2,3.6,1.0,1.0,29.75,27.83732506306356,71.0,1.7478991596638656,0.0,0.0,2.0,598.59,5.0,3571.29,5.0,3571.29,0.5,5.0,0.03355099897977685,7.0,0.0,,0.0,29.0,179.0,0.0,0.0,Male,Northeast,Bronze,40-70k,Online Web,2.0,1
C12477,0,158.0,5.0,2471.3999999999996,494.2799999999999,376.35007526238115,252.0,7.0,3.4,1.0,1.0,23.5,17.7857620959388,48.0,6.723404255319149,0.0,0.0,0.0,0.0,1.0,195.64,5.0,2471.3999999999996,0.0,0.2,0.025937939705424462,7.0,0.0,,0.0,48.0,267.0,0.0,0.0,Male,Central,Bronze,<20k,Mobile App,1.0,1
C12478,0,4.0,82.0,243300.88,2967.0839024390243,1613.7926456548773,591.0,15.0,8.146341463414634,3.0,7.0,7.246913580246914,7.672240325024904,47.0,0.5519591141396933,4.0,6803.34,12.0,27515.3,26.0,65512.15,50.0,146440.91,0.8,1.04,0.019992128547244085,14.0,0.0,,0.0,43.0,603.0,0.0,1.0,Female,Bangkok,Gold,70-120k,Online Web,3.0,1
C12479,0,8.0,23.0,32117.2,1396.4,942.9996175888551,392.0,10.130434782608695,5.260869565217392,3.0,15.0,17.454545454545453,15.38931995999722,52.0,0.45833333333333337,3.0,3652.0,9.0,12599.98,13.0,18113.78,22.0,31412.190000000002,1.8,1.3,0.006760309007354078,13.0,0.0,,0.0,37.0,407.0,1.0,1.0,Female,South,Silver,20-40k,In-Store,2.0,1
C12480,0,,,,,,,,,,,,,,,,,,,,,,,,,,,,,,,,,,,,,,,,0
C12481,0,22.0,16.0,7856.67,491.041875,509.1290813695973,496.0,4.625,2.4375,2.0,2.0,31.6,32.224214497796524,129.0,0.6962025316455696,1.0,1794.73,2.0,1841.93,2.0,1841.93,7.0,3174.06,2.0,0.3333333333333333,0.0768685766118467,12.0,1.0,3.0,0.0,18.0,510.0,0.0,1.0,Male,Northeast,Gold,20-40k,Online Web,2.0,1
C12482,0,31.0,16.0,35536.42,2221.02625,1131.6908454395427,304.0,17.5,8.4375,3.0,12.0,18.2,16.253351302775332,50.0,1.7032967032967035,0.0,0.0,2.0,4162.09,12.0,21745.48,16.0,35536.42,0.18181818181818182,2.4,0.015349788309356505,14.0,0.0,,0.0,34.0,344.0,0.0,0.0,Male,East,Gold,70-120k,In-Store,1.0,1
C12483,0,4.0,87.0,126169.89,1450.2286206896551,1448.363789095541,563.0,8.03448275862069,4.2298850574712645,3.0,24.0,6.5,5.302052876564168,22.0,0.6153846153846154,3.0,4610.3,14.0,16923.46,32.0,39943.09,55.0,89073.16,0.7368421052631579,1.3333333333333333,0.027050217577887333,14.0,0.0,,0.0,25.0,577.0,1.0,0.0,Female,Northeast,Platinum,40-70k,In-Store,3.0,1
C12484,0,16.0,7.0,5095.250000000001,727.8928571428572,644.9886305384069,338.0,7.714285714285714,3.857142857142857,2.0,6.0,53.666666666666664,47.71442828607157,131.0,0.2981366459627329,2.0,1007.0600000000001,2.0,1007.0600000000001,4.0,3393.88,7.0,5095.250000000001,0.6666666666666666,1.0,0.04406646742199534,10.0,0.0,,0.0,24.0,398.0,1.0,1.0,Female,Bangkok,Bronze,40-70k,In-Store,2.0,1
C12485,0,21.0,1.0,1663.66,1663.66,,21.0,14.0,7.0,1.0,1.0,,,,,1.0,1663.66,1.0,1663.66,1.0,1663.66,1.0,1663.66,1.0,1.0,0.07108438443971703,6.0,0.0,,0.0,18.0,32.0,1.0,0.0,Male,Bangkok,Silver,20-40k,In-Store,1.0,1
C12486,1,99.0,3.0,2894.79,964.93,627.5243052663379,130.0,9.333333333333334,5.0,1.0,3.0,15.5,7.7781745930520225,21.0,6.387096774193548,0.0,0.0,0.0,0.0,3.0,2894.79,3.0,2894.79,0.0,3.0,0.04025263576685897,8.0,1.0,3.0,0.0,36.0,138.0,1.0,0.0,Male,South,Silver,70-120k,In-Store,2.0,1
C12487,0,38.0,5.0,1793.48,358.696,209.4453934322739,390.0,5.6,2.2,1.0,5.0,88.0,123.2801687214939,269.0,0.4318181818181818,0.0,0.0,1.0,570.16,3.0,1164.97,3.0,1164.97,0.3333333333333333,3.0,0.060075152899990034,8.0,0.0,,0.0,44.0,409.0,1.0,0.0,Male,North,Gold,20-40k,In-Store,3.0,1
C12488,0,16.0,3.0,4618.48,1539.493333333333,1303.6005709316537,31.0,5.666666666666667,2.6666666666666665,1.0,1.0,7.5,0.7071067811865476,8.0,2.1333333333333333,2.0,2380.2,3.0,4618.48,3.0,4618.48,3.0,4618.48,3.0,3.0,0.0,5.0,0.0,,0.0,20.0,59.0,0.0,1.0,Male,South,Bronze,20-40k,Online Web,1.0,1
C12489,1,33.0,20.0,19988.7,999.4350000000001,579.6947684818823,479.0,7.35,4.0,2.0,14.0,23.473684210526315,17.15733863411945,61.0,1.405829596412556,0.0,0.0,2.0,667.87,5.0,4640.91,13.0,11333.09,0.5,0.5555555555555556,0.03771358587412244,13.0,0.0,,0.0,45.0,522.0,1.0,0.0,Female,Northeast,Gold,20-40k,In-Store,1.0,1
C12490,0,4.0,47.0,143505.01,3053.298085106383,1811.7194414970622,484.0,15.27659574468085,8.191489361702128,3.0,20.0,10.434782608695652,9.424913023855783,41.0,0.3833333333333333,2.0,5425.22,12.0,36034.47,21.0,55245.49,36.0,111223.70999999999,1.2,1.3125,0.02874529304777141,14.0,0.0,,0.0,42.0,486.0,0.0,1.0,Male,Central,Gold,>120k,In-Store,1.0,1
C12491,1,14.0,32.0,32656.04,1020.50125,563.4906714043077,610.0,8.78125,4.25,3.0,14.0,19.225806451612904,17.375672030014368,71.0,0.7281879194630873,1.0,158.28,5.0,6108.12,11.0,11262.35,24.0,24718.79,0.7142857142857143,0.7857142857142857,0.05603949274325468,14.0,1.0,2.0,0.0,29.0,613.0,1.0,0.0,Female,South,Silver,20-40k,In-Store,1.0,1
C12492,0,22.0,17.0,8959.31,527.0182352941176,505.5742696334943,607.0,4.882352941176471,2.823529411764706,2.0,14.0,36.5625,27.727167784202795,102.0,0.6017094017094017,1.0,339.72,2.0,702.11,3.0,1680.1399999999999,8.0,3493.9,1.0,0.5,0.11559544457090737,11.0,2.0,4.5,0.0,42.0,654.0,0.0,0.0,Female,North,Bronze,<20k,In-Store,1.0,1
C12493,0,73.0,10.0,8927.77,892.777,687.7302038840846,237.0,9.6,4.7,3.0,7.0,18.22222222222222,15.106106197311219,48.0,4.0060975609756095,0.0,0.0,2.0,1857.93,6.0,5835.370000000001,10.0,8927.77,0.4,1.2,0.00837042228647148,11.0,0.0,,0.0,37.0,306.0,1.0,0.0,Male,South,Gold,40-70k,In-Store,1.0,1
C12494,1,33.0,33.0,42393.26,1284.6442424242425,781.6228406576214,609.0,10.545454545454545,5.363636363636363,3.0,17.0,18.0,16.96295774574325,66.0,1.8333333333333333,0.0,0.0,6.0,7952.370000000001,11.0,13385.24,22.0,29020.78,1.0,0.9166666666666666,0.03129793581099995,14.0,0.0,,0.0,48.0,621.0,1.0,0.0,Male,Bangkok,Silver,>120k,In-Store,1.0,1
C12495,1,9.0,18.0,25551.63,1419.535,996.6637459766046,359.0,8.666666666666666,4.5,3.0,2.0,20.58823529411765,26.946843097869113,91.0,0.4371428571428571,1.0,159.54,1.0,159.54,9.0,10005.65,18.0,25551.63,0.1111111111111111,0.9,0.05661186134297411,14.0,0.0,,0.0,32.0,373.0,1.0,1.0,Male,South,Bronze,>120k,Mobile App,1.0,1
C12496,1,82.0,15.0,13226.960000000001,881.7973333333334,591.7280137803018,451.0,6.466666666666667,3.466666666666667,2.0,11.0,26.357142857142858,26.647577874797676,95.0,3.111111111111111,0.0,0.0,1.0,389.87,5.0,5446.990000000001,10.0,10381.5,0.2,0.8333333333333334,0.0654729101489087,14.0,0.0,,0.0,34.0,501.0,1.0,1.0,Male,Bangkok,Bronze,<20k,In-Store,3.0,1
C12497,0,1.0,68.0,172368.27,2534.8275,1484.9007374939492,579.0,13.264705882352942,7.117647058823529,3.0,24.0,8.626865671641792,8.362680121528973,43.0,0.11591695501730104,6.0,18077.56,15.0,35126.75,25.0,61339.07,43.0,99597.72,1.3636363636363635,1.3157894736842106,0.023496539516183766,14.0,0.0,,0.0,36.0,582.0,1.0,0.0,Male,Bangkok,Silver,70-120k,In-Store,1.0,1
C12498,0,8.0,29.0,22840.5,787.6034482758621,552.9897478271822,583.0,6.344827586206897,3.2758620689655173,3.0,13.0,20.535714285714285,15.11556015270882,60.0,0.38956521739130434,1.0,713.73,5.0,2717.07,9.0,6029.98,19.0,13770.84,1.0,0.8181818181818182,0.0348147869560863,14.0,2.0,4.0,0.0,41.0,609.0,1.0,1.0,Female,Central,Gold,40-70k,In-Store,2.0,1
C12499,0,5.0,19.0,27003.53,1421.2384210526316,886.103075100704,287.0,10.0,5.684210526315789,3.0,13.0,15.666666666666666,14.058700467096148,46.0,0.3191489361702128,3.0,6553.4400000000005,5.0,8965.66,11.0,13059.82,19.0,27003.53,0.7142857142857143,1.2222222222222223,0.03632095453135812,13.0,1.0,2.0,0.0,38.0,380.0,0.0,1.0,Male,North,Silver,70-120k,In-Store,1.0,1
C12500,0,53.0,27.0,16591.24,614.4903703703704,516.5351110523443,603.0,4.481481481481482,2.5925925925925926,3.0,3.0,21.153846153846153,25.365633928908313,114.0,2.5054545454545454,0.0,0.0,4.0,1641.3000000000002,4.0,1641.3000000000002,16.0,9103.16,4.0,0.3076923076923077,0.03471227092129508,13.0,1.0,2.0,1.0,28.0,615.0,1.0,0.0,Male,Bangkok,Silver,40-70k,Online Web,2.0,1
C12501,0,1.0,22.0,38562.36,1752.8345454545454,817.9541185975751,311.0,11.5,5.954545454545454,3.0,15.0,14.761904761904763,13.985366501828837,58.0,0.06774193548387096,3.0,5427.1,8.0,15548.01,11.0,21362.25,22.0,38562.36,2.0,0.9166666666666666,0.006046096946330547,14.0,0.0,,0.0,45.0,315.0,0.0,0.0,Male,South,Gold,70-120k,In-Store,2.0,1
C12502,0,9.0,29.0,30254.18,1043.2475862068966,672.8606916296968,580.0,8.379310344827585,5.0,3.0,14.0,20.392857142857142,16.544752520930498,66.0,0.44133099824868655,2.0,3440.0,4.0,5843.23,10.0,12165.86,19.0,21457.3,0.5714285714285714,1.0,0.005462134874232175,13.0,1.0,4.0,0.0,30.0,634.0,0.0,1.0,Female,Central,Gold,70-120k,In-Store,1.0,1
C12503,0,10.0,12.0,7759.82,646.6516666666666,391.545103098744,452.0,7.166666666666667,3.1666666666666665,1.0,8.0,40.18181818181818,46.71577502689682,161.0,0.248868778280543,2.0,2113.51,4.0,3483.31,5.0,4065.5,9.0,6367.16,2.0,1.0,0.048045380827483664,12.0,2.0,4.5,0.0,26.0,479.0,0.0,1.0,Female,North,Gold,20-40k,In-Store,3.0,1
C12504,0,9.0,9.0,5337.62,593.0688888888889,372.1638370880641,399.0,5.444444444444445,2.4444444444444446,1.0,1.0,48.75,26.858092688371283,88.0,0.18461538461538463,1.0,71.88,2.0,690.74,5.0,2281.74,8.0,4455.21,0.5,1.25,0.1293521220494468,10.0,0.0,,0.0,27.0,541.0,1.0,1.0,Male,Bangkok,Bronze,20-40k,Mobile App,3.0,1
C12505,1,116.0,10.0,10174.52,1017.452,731.4765379969476,309.0,6.0,3.4,3.0,8.0,21.444444444444443,10.063686092967018,34.0,5.409326424870467,0.0,0.0,0.0,0.0,4.0,5038.65,10.0,10174.52,0.0,0.5714285714285714,0.04856342664241597,14.0,0.0,,0.0,25.0,314.0,1.0,1.0,Male,East,Silver,40-70k,In-Store,3.0,1
C12506,1,196.0,8.0,3794.4900000000002,474.31125000000003,324.29025439907116,401.0,5.75,2.375,1.0,1.0,29.285714285714285,21.32849647548467,66.0,6.692682926829269,0.0,0.0,0.0,0.0,0.0,0.0,7.0,3023.96,0.0,0.0,0.004097005327944148,8.0,0.0,,0.0,35.0,448.0,1.0,1.0,Female,Bangkok,Bronze,20-40k,Online Web,1.0,1
C12507,1,21.0,22.0,28868.25,1312.1931818181818,639.0941116059465,478.0,11.272727272727273,6.318181818181818,3.0,2.0,21.761904761904763,18.94176539265747,63.0,0.9649890590809628,1.0,468.99,3.0,2930.8599999999997,5.0,5394.139999999999,17.0,22057.28,1.0,0.38461538461538464,0.0709254780421633,14.0,0.0,,0.0,36.0,483.0,1.0,1.0,Male,North,Bronze,20-40k,Mobile App,1.0,1
C12508,0,6.0,51.0,179726.17,3524.042549019608,1972.9207658320624,369.0,16.705882352941178,9.215686274509803,3.0,22.0,7.26,7.40603725045331,40.0,0.8264462809917356,4.0,8115.74,8.0,20752.12,19.0,57717.47,49.0,172527.38,0.6666666666666666,0.6129032258064516,0.0072219746622712395,14.0,0.0,,0.0,34.0,396.0,1.0,1.0,Male,Northeast,Silver,20-40k,In-Store,2.0,1
C12509,0,1.0,22.0,39675.020000000004,1803.41,769.512679780429,299.0,15.136363636363637,8.181818181818182,1.0,1.0,14.19047619047619,16.597045061151842,79.0,0.07046979865771813,3.0,6932.79,9.0,15531.02,12.0,21235.5,22.0,39675.020000000004,2.25,1.0909090909090908,0.03583859642471878,13.0,1.0,5.0,0.0,39.0,304.0,1.0,1.0,Female,Central,Silver,40-70k,Mobile App,2.0,1
C12510,0,2.0,3.0,1126.38,375.46000000000004,297.14887800562195,184.0,2.6666666666666665,2.0,1.0,3.0,91.0,46.66904755831214,124.0,0.02197802197802198,1.0,278.45,1.0,278.45,2.0,417.39,3.0,1126.38,0.5,1.0,0.018960937159778774,5.0,0.0,,0.0,26.0,335.0,0.0,1.0,Male,North,Silver,Unknown,In-Store,3.0,1
C12511,1,75.0,9.0,5293.91,588.2122222222222,372.84168667068934,388.0,6.333333333333333,3.2222222222222223,3.0,3.0,39.125,55.68389739028177,174.0,1.9169329073482428,0.0,0.0,2.0,963.9699999999999,5.0,3252.79,6.0,3728.19,0.5,2.5,0.02420542539210319,8.0,0.0,,0.0,41.0,397.0,0.0,1.0,Female,Bangkok,Bronze,<20k,Mobile App,3.0,1
C12512,1,109.0,25.0,32555.8,1302.232,904.8726714249175,481.0,8.96,4.68,3.0,7.0,15.5,13.787202635840934,52.0,7.032258064516129,0.0,0.0,0.0,0.0,8.0,8855.63,17.0,22235.17,0.0,0.8,0.04080097558647296,14.0,1.0,2.0,1.0,34.0,506.0,0.0,1.0,Male,Northeast,Bronze,40-70k,Mobile App,1.0,1
C12513,0,62.0,20.0,21538.75,1076.9375,733.2854496742366,383.0,8.45,4.65,1.0,15.0,16.894736842105264,15.296676243340162,52.0,3.669781931464174,0.0,0.0,3.0,1324.5500000000002,7.0,7165.08,18.0,20911.34,0.6,0.5833333333333334,0.04082433330305119,14.0,0.0,,0.0,40.0,388.0,1.0,0.0,Male,South,Gold,40-70k,In-Store,1.0,1
C12514,0,31.0,7.0,2585.86,369.40857142857146,334.36622907766724,183.0,4.571428571428571,2.4285714285714284,3.0,4.0,25.333333333333332,22.64214359698893,62.0,1.223684210526316,0.0,0.0,1.0,487.89,6.0,1985.98,7.0,2585.86,0.16666666666666666,3.0,0.023027720161250716,8.0,0.0,,0.0,23.0,245.0,0.0,0.0,Female,Bangkok,Silver,<20k,In-Store,2.0,1
C12515,0,3.0,46.0,60555.07,1316.4145652173913,1037.2098918320492,628.0,8.217391304347826,4.413043478260869,3.0,2.0,13.88888888888889,15.127071191353695,72.0,0.216,6.0,6971.96,10.0,11059.24,16.0,19636.309999999998,32.0,45739.78,1.4285714285714286,0.9411764705882353,0.004219584826399276,14.0,0.0,,0.0,22.0,635.0,1.0,1.0,Male,South,Bronze,20-40k,Online Web,1.0,1
C12516,0,18.0,29.0,50272.76,1733.5434482758621,1130.87768404291,429.0,12.10344827586207,6.517241379310345,3.0,2.0,14.678571428571429,13.216301862496746,54.0,1.2262773722627738,2.0,1198.8200000000002,4.0,5734.61,11.0,19272.05,24.0,41519.58,0.5,0.7857142857142857,0.02950981450118829,14.0,0.0,,0.0,31.0,457.0,1.0,0.0,Female,Northeast,Silver,70-120k,Mobile App,1.0,1
C12517,1,56.0,3.0,1538.32,512.7733333333333,455.6155968942825,155.0,6.333333333333333,2.6666666666666665,1.0,1.0,49.5,17.67766952966369,62.0,1.1313131313131313,0.0,0.0,1.0,412.48,3.0,1538.32,3.0,1538.32,0.3333333333333333,3.0,0.1304357656847948,5.0,0.0,,0.0,32.0,176.0,1.0,1.0,Female,Northeast,Gold,70-120k,Mobile App,1.0,1
C12518,0,59.0,8.0,3671.91,458.98875,336.11572439254985,578.0,5.625,2.875,2.0,7.0,74.14285714285714,47.02279082681989,135.0,0.7957610789980732,0.0,0.0,1.0,599.43,2.0,1695.69,5.0,3022.7999999999997,0.5,0.5,0.04411695796823017,10.0,0.0,,0.0,47.0,583.0,1.0,0.0,Male,Bangkok,Bronze,<20k,In-Store,1.0,1
C12519,0,42.0,16.0,16983.32,1061.4575,772.8132171531919,345.0,9.4375,5.25,3.0,10.0,20.2,25.635355050621563,82.0,2.0792079207920793,0.0,0.0,6.0,7089.83,8.0,9023.14,16.0,16983.32,2.0,0.8888888888888888,0.025810962818836835,12.0,1.0,4.0,1.0,35.0,365.0,1.0,1.0,Male,Bangkok,Platinum,20-40k,In-Store,2.0,1
C12520,0,14.0,23.0,34424.340000000004,1496.710434782609,753.6575622587507,572.0,10.565217391304348,5.739130434782608,3.0,13.0,25.363636363636363,21.442160193558713,73.0,0.5519713261648745,1.0,1527.11,5.0,5133.67,6.0,7126.51,15.0,23317.19,2.5,0.6,0.0,14.0,0.0,,0.0,45.0,583.0,1.0,1.0,Male,Northeast,Silver,40-70k,In-Store,1.0,1
C12521,1,99.0,4.0,1687.1899999999998,421.79749999999996,498.7232376361997,212.0,4.75,2.0,2.0,4.0,37.666666666666664,23.62907813126304,56.0,2.6283185840707968,0.0,0.0,0.0,0.0,3.0,1646.9499999999998,4.0,1687.1899999999998,0.0,1.5,0.030851858234246653,6.0,0.0,,0.0,26.0,221.0,1.0,0.0,Male,Bangkok,Platinum,20-40k,In-Store,1.0,1
C12522,0,25.0,1.0,789.19,789.19,,25.0,6.0,4.0,1.0,1.0,,,,,1.0,789.19,1.0,789.19,1.0,789.19,1.0,789.19,1.0,1.0,0.06664380159424747,3.0,0.0,,0.0,27.0,64.0,1.0,0.0,Female,Northeast,Silver,40-70k,In-Store,2.0,1
C12523,1,42.0,3.0,1569.72,523.24,650.9744071006172,82.0,6.666666666666667,3.0,1.0,2.0,20.0,14.142135623730951,30.0,2.1,0.0,0.0,3.0,1569.72,3.0,1569.72,3.0,1569.72,3.0,3.0,0.042666861826697884,7.0,3.0,3.0,2.0,33.0,171.0,0.0,0.0,Male,Central,Silver,<20k,In-Store,1.0,1
C12524,1,17.0,8.0,15526.27,1940.78375,1094.6554472127289,334.0,13.375,7.375,3.0,7.0,45.285714285714285,43.06473532452543,114.0,0.3753943217665615,2.0,2465.4700000000003,2.0,2465.4700000000003,4.0,4603.21,8.0,15526.27,0.6666666666666666,0.8,0.007696196447938829,12.0,0.0,,0.0,18.0,335.0,1.0,1.0,Female,East,Silver,70-120k,In-Store,2.0,1
C12525,1,60.0,6.0,8989.97,1498.3283333333331,849.7623196027619,147.0,8.666666666666666,4.333333333333333,2.0,6.0,17.4,17.770762504743573,42.0,3.4482758620689657,0.0,0.0,1.0,1336.8,6.0,8989.97,6.0,8989.97,0.16666666666666666,6.0,0.0847108531867237,8.0,0.0,,0.0,29.0,147.0,1.0,0.0,Male,Central,Silver,Unknown,In-Store,1.0,1
C12526,0,3.0,5.0,10530.470000000001,2106.094,1088.6490932481413,140.0,13.0,7.0,1.0,1.0,34.25,39.22053033807676,91.0,0.08759124087591241,2.0,4961.05,2.0,4961.05,5.0,10530.470000000001,5.0,10530.470000000001,0.5,5.0,0.0059245385968208,11.0,0.0,,0.0,27.0,145.0,1.0,0.0,Male,Central,Bronze,70-120k,Online Web,1.0,1
C12527,0,16.0,38.0,69339.46,1824.7226315789476,1256.215813051426,573.0,12.947368421052632,6.7631578947368425,3.0,3.0,15.054054054054054,10.941627813959823,37.0,1.0628366247755834,2.0,3657.92,6.0,8582.29,10.0,15032.17,27.0,47702.84,1.2,0.5555555555555556,0.00874027978216133,14.0,0.0,,0.0,43.0,573.0,1.0,1.0,Female,Central,Gold,20-40k,Mobile App,2.0,1
C12528,1,108.0,15.0,15969.03,1064.602,586.9980365773929,374.0,7.133333333333334,3.8,3.0,10.0,19.0,14.27747014866968,47.0,5.684210526315789,0.0,0.0,0.0,0.0,3.0,2203.9399999999996,12.0,12962.14,0.0,0.3,0.05726586953467311,14.0,2.0,3.0,0.0,34.0,508.0,0.0,1.0,Female,Bangkok,Bronze,40-70k,In-Store,3.0,1
C12529,0,215.0,6.0,942.03,157.005,78.06891410798539,422.0,4.333333333333333,2.1666666666666665,2.0,5.0,41.4,47.857078891215245,121.0,5.193236714975845,0.0,0.0,0.0,0.0,0.0,0.0,3.0,421.55,0.0,0.0,0.029505393182028907,7.0,1.0,4.0,0.0,28.0,548.0,1.0,0.0,Female,Central,Silver,70-120k,In-Store,1.0,1
C12530,0,1.0,27.0,29939.42,1108.8674074074074,653.1960507181509,492.0,9.11111111111111,5.148148148148148,3.0,16.0,18.884615384615383,15.095236130851148,47.0,0.05295315682281059,1.0,263.54,4.0,3689.51,11.0,13035.28,21.0,23645.33,0.5,1.0,0.021204700008467366,13.0,0.0,,0.0,49.0,507.0,1.0,1.0,Female,Central,Gold,>120k,In-Store,1.0,1
C12531,1,69.0,29.0,46076.36,1588.84,1422.63424602792,638.0,12.10344827586207,6.310344827586207,2.0,17.0,20.321428571428573,15.995493743733581,57.0,3.3954305799648505,0.0,0.0,2.0,2644.8500000000004,5.0,6536.62,15.0,21054.49,0.5,0.45454545454545453,0.07532279463219403,13.0,2.0,3.0,1.0,56.0,638.0,0.0,0.0,Female,Northeast,Bronze,>120k,In-Store,1.0,1
C12532,0,5.0,9.0,6590.3099999999995,732.2566666666667,307.30258927480577,634.0,9.555555555555555,4.777777777777778,2.0,1.0,78.625,63.63498027253339,160.0,0.06359300476947535,1.0,280.23,1.0,280.23,2.0,1104.2,4.0,2378.13,0.5,0.6666666666666666,0.030417562887483703,12.0,1.0,5.0,0.0,30.0,646.0,1.0,1.0,Female,North,Bronze,40-70k,Mobile App,2.0,1
C12533,0,1.0,14.0,14290.06,1020.7185714285714,462.70793030488784,430.0,7.857142857142857,4.071428571428571,1.0,11.0,33.0,39.53479480154159,143.0,0.030303030303030304,3.0,1688.88,7.0,6015.91,9.0,7723.85,10.0,8897.66,2.3333333333333335,4.5,0.04288064255995199,12.0,1.0,4.0,0.0,50.0,463.0,1.0,0.0,Male,Bangkok,Gold,>120k,In-Store,1.0,1
C12534,0,24.0,17.0,14669.59,862.9170588235294,576.2039713370248,325.0,7.352941176470588,4.0588235294117645,3.0,2.0,18.8125,26.58876642493969,111.0,1.2757475083056478,1.0,571.9,2.0,722.25,5.0,6055.93,17.0,14669.59,0.5,0.38461538461538464,0.020437176349607532,11.0,0.0,,0.0,39.0,325.0,1.0,1.0,Female,Bangkok,Gold,>120k,Online Web,1.0,1
C12535,0,28.0,22.0,27053.06,1229.6845454545455,1056.1530283183276,408.0,8.272727272727273,4.409090909090909,3.0,15.0,18.095238095238095,16.226228033356247,54.0,1.5473684210526315,1.0,1878.96,5.0,10647.43,10.0,13111.58,19.0,23093.100000000002,0.8333333333333334,1.0,0.0,13.0,1.0,3.0,0.0,29.0,419.0,0.0,1.0,Female,Northeast,Silver,40-70k,In-Store,1.0,1
C12536,0,6.0,63.0,129800.94,2060.332380952381,1113.1842625443905,361.0,12.031746031746032,6.603174603174603,3.0,25.0,5.725806451612903,4.9095736345837935,24.0,1.047887323943662,7.0,14068.630000000001,16.0,29204.76,29.0,64607.77,63.0,129800.94,1.1428571428571428,0.8285714285714286,0.012230672146286209,14.0,0.0,,0.0,37.0,361.0,1.0,1.0,Female,Bangkok,Platinum,70-120k,In-Store,3.0,1
C12537,0,1.0,22.0,18762.62,852.8463636363635,711.0593489632579,275.0,5.409090909090909,2.9545454545454546,3.0,12.0,13.047619047619047,11.702462093406629,39.0,0.07664233576642336,4.0,2793.64,7.0,6339.12,14.0,9472.78,22.0,18762.62,0.875,1.5555555555555556,0.025639853866386935,12.0,0.0,,0.0,41.0,283.0,1.0,0.0,Female,Central,Silver,40-70k,In-Store,3.0,1
C12538,0,,,,,,,,,,,,,,,,,,,,,,,,,,,,,,,,,,,,,,,,0
C12539,0,4.0,8.0,1962.53,245.31625,158.76759519476437,235.0,4.375,2.25,2.0,6.0,33.0,23.15887159024233,75.0,0.12121212121212122,1.0,265.99,3.0,1072.13,6.0,1477.37,8.0,1962.53,0.75,2.0,0.042261837950740073,7.0,0.0,,0.0,26.0,281.0,0.0,0.0,Female,Bangkok,Bronze,20-40k,In-Store,1.0,1
C12540,0,40.0,26.0,39071.81,1502.761923076923,963.4648502940593,328.0,12.846153846153847,7.0,3.0,2.0,11.52,9.772921773962993,34.0,3.4722222222222223,0.0,0.0,4.0,4920.96,13.0,19992.84,26.0,39071.81,0.4,0.9285714285714286,0.010689978224540436,14.0,1.0,3.0,0.0,26.0,328.0,1.0,1.0,Male,North,Bronze,40-70k,Mobile App,2.0,1
C12541,1,317.0,3.0,5328.78,1776.26,410.153669860456,366.0,13.0,6.333333333333333,1.0,3.0,24.5,14.849242404917497,35.0,12.938775510204081,0.0,0.0,0.0,0.0,0.0,0.0,2.0,3339.24,0.0,0.0,0.002695024311365142,10.0,0.0,,0.0,41.0,375.0,0.0,1.0,Male,Bangkok,Bronze,<20k,In-Store,1.0,1
C12542,1,9.0,4.0,8707.77,2176.9425,786.0493028377206,35.0,14.0,6.5,1.0,1.0,8.666666666666666,2.0816659994661326,11.0,1.0384615384615385,3.0,6877.34,4.0,8707.77,4.0,8707.77,4.0,8707.77,4.0,4.0,0.026494841672666455,10.0,1.0,2.0,0.0,23.0,37.0,1.0,0.0,Male,North,Bronze,20-40k,Mobile App,2.0,1
C12543,0,3.0,5.0,1937.07,387.414,249.68097230265667,432.0,4.2,2.2,1.0,4.0,107.25,54.597771627298734,158.0,0.027972027972027972,1.0,734.47,1.0,734.47,2.0,1200.97,3.0,1246.0900000000001,0.5,1.0,0.09423454596464977,7.0,0.0,,0.0,40.0,495.0,0.0,0.0,Female,Bangkok,Silver,40-70k,In-Store,2.0,1
C12544,0,42.0,8.0,6980.49,872.56125,825.7255118887441,359.0,5.75,3.125,2.0,6.0,45.285714285714285,61.285436784808525,173.0,0.9274447949526814,0.0,0.0,3.0,2329.67,5.0,3628.58,8.0,6980.49,1.0,1.25,0.10509521477489212,10.0,0.0,,0.0,34.0,367.0,0.0,0.0,Male,Bangkok,Bronze,20-40k,In-Store,1.0,1
C12545,0,46.0,19.0,14511.62,763.7694736842105,669.1065601936302,541.0,7.473684210526316,4.105263157894737,1.0,1.0,27.5,32.847687715199896,131.0,1.6727272727272726,0.0,0.0,3.0,1331.73,10.0,8073.13,13.0,9436.73,0.375,2.5,0.06940943273658633,14.0,0.0,,0.0,37.0,641.0,1.0,0.0,Male,Bangkok,Bronze,40-70k,Mobile App,2.0,1
C12546,1,418.0,14.0,23013.79,1643.842142857143,1042.2535382760288,602.0,12.785714285714286,6.714285714285714,2.0,12.0,14.153846153846153,9.711214769929265,27.0,29.532608695652176,0.0,0.0,0.0,0.0,0.0,0.0,0.0,0.0,0.0,0.0,0.054481802901987564,13.0,2.0,3.0,0.0,26.0,655.0,0.0,1.0,Male,Northeast,Gold,40-70k,In-Store,3.0,1
C12547,0,3.0,29.0,40256.37,1388.1506896551725,749.0245969684795,383.0,10.931034482758621,5.344827586206897,3.0,3.0,13.571428571428571,15.081085950260789,74.0,0.22105263157894736,3.0,3726.77,9.0,11024.47,14.0,19546.04,27.0,38371.96,1.5,1.0,0.02495384098920159,14.0,1.0,3.0,1.0,45.0,412.0,0.0,1.0,Female,Bangkok,Silver,40-70k,Mobile App,2.0,1
C12548,0,29.0,10.0,4382.429999999999,438.24299999999994,306.4669915178468,304.0,6.3,3.2,3.0,3.0,30.555555555555557,31.41699822990379,81.0,0.9490909090909091,1.0,175.45,3.0,983.76,6.0,1908.29,10.0,4382.429999999999,0.75,1.2,0.11253427403840312,9.0,0.0,,0.0,30.0,360.0,0.0,1.0,Female,Bangkok,Gold,20-40k,Mobile App,1.0,1
C12549,0,35.0,18.0,18062.77,1003.4872222222223,722.7826480290116,456.0,6.833333333333333,3.8333333333333335,3.0,12.0,24.764705882352942,22.27815469177347,64.0,1.4133016627078385,0.0,0.0,2.0,1322.38,5.0,4233.66,11.0,11783.34,0.5,0.7142857142857143,0.005535334693951707,12.0,0.0,,0.0,27.0,469.0,1.0,0.0,Female,Central,Platinum,20-40k,In-Store,2.0,1
C12550,0,3.0,24.0,35279.93,1469.9970833333334,923.2746912436858,344.0,12.083333333333334,6.291666666666667,2.0,17.0,14.826086956521738,14.395871169170958,48.0,0.2023460410557185,1.0,140.0,5.0,6473.91,14.0,20164.9,24.0,35279.93,0.5,1.2727272727272727,0.017536506889789544,13.0,0.0,,0.0,29.0,403.0,0.0,1.0,Female,Bangkok,Silver,40-70k,In-Store,2.0,1
C12551,0,7.0,80.0,208932.07,2611.6508750000003,1551.1501468152749,495.0,14.725,8.0125,3.0,23.0,6.177215189873418,5.527923275078167,22.0,1.1331967213114753,5.0,9919.25,17.0,48648.65,28.0,75263.9,58.0,151396.45,1.4166666666666667,0.9032258064516129,0.0,14.0,0.0,,0.0,39.0,514.0,0.0,1.0,Female,Northeast,Platinum,70-120k,In-Store,1.0,1
C12552,0,6.0,1.0,692.12,692.12,,6.0,2.0,1.0,1.0,1.0,,,,,1.0,692.12,1.0,692.12,1.0,692.12,1.0,692.12,1.0,1.0,0.09999739928740475,1.0,0.0,,0.0,21.0,9.0,1.0,1.0,Male,Central,Silver,20-40k,Mobile App,1.0,1
C12553,0,21.0,9.0,6541.36,726.8177777777778,287.62259194027934,460.0,6.555555555555555,3.888888888888889,1.0,9.0,54.875,39.61398562556988,107.0,0.3826879271070615,1.0,666.36,1.0,666.36,4.0,2355.3199999999997,8.0,6036.92,0.25,0.8,0.08045343619617414,11.0,0.0,,0.0,31.0,492.0,1.0,1.0,Male,Central,Bronze,20-40k,In-Store,1.0,1
C12554,0,57.0,5.0,2143.98,428.796,385.0489285532425,269.0,4.8,2.6,2.0,4.0,53.0,37.14835124201342,86.0,1.0754716981132075,0.0,0.0,1.0,755.01,3.0,1106.1,5.0,2143.98,0.3333333333333333,1.0,0.04130391038969749,8.0,0.0,,0.0,21.0,358.0,0.0,0.0,Male,East,Bronze,<20k,In-Store,1.0,1
C12555,0,,,,,,,,,,,,,,,,,,,,,,,,,,,,,,,,,,,,,,,,0
C12556,1,76.0,18.0,20162.309999999998,1120.128333333333,719.1413721707625,576.0,7.388888888888889,4.166666666666667,2.0,2.0,29.41176470588235,28.449645919434154,93.0,2.584,0.0,0.0,1.0,152.04,3.0,2892.46,14.0,14173.82,0.3333333333333333,0.25,0.06490512378848129,13.0,1.0,3.0,0.0,38.0,583.0,0.0,1.0,Female,East,Silver,20-40k,Online Web,2.0,1
C12557,0,1.0,2.0,3750.16,1875.08,1203.651305071365,13.0,9.0,4.5,2.0,2.0,12.0,,12.0,0.08333333333333333,2.0,3750.16,2.0,3750.16,2.0,3750.16,2.0,3750.16,2.0,2.0,0.05037363038066998,6.0,0.0,,0.0,18.0,23.0,0.0,0.0,Male,Northeast,Bronze,20-40k,In-Store,2.0,1
C12558,0,18.0,23.0,45870.93,1994.3882608695653,916.8495938248749,447.0,12.956521739130435,7.130434782608695,3.0,14.0,19.5,18.636242212675917,80.0,0.9230769230769231,2.0,3801.4300000000003,5.0,10477.46,10.0,20137.07,17.0,33870.14,0.8333333333333334,1.25,0.01835722512526552,13.0,1.0,3.0,0.0,35.0,454.0,1.0,1.0,Female,Bangkok,Silver,20-40k,In-Store,3.0,1
C12559,1,28.0,3.0,1548.33,516.11,432.5075653673586,206.0,5.333333333333333,2.6666666666666665,2.0,2.0,89.0,91.92388155425118,154.0,0.3146067415730337,1.0,657.92,1.0,657.92,1.0,657.92,3.0,1548.33,1.0,0.3333333333333333,0.10276588223704416,6.0,0.0,,0.0,23.0,598.0,0.0,1.0,Female,North,Silver,<20k,Mobile App,3.0,1
C12560,0,5.0,61.0,136923.19,2244.6424590163933,1239.1308909347922,533.0,13.508196721311476,7.459016393442623,3.0,8.0,8.8,9.30973611015253,44.0,0.5681818181818181,3.0,6365.969999999999,12.0,26863.45,21.0,48502.64,40.0,89725.68,1.2,1.05,0.012303788136452116,14.0,0.0,,0.0,22.0,535.0,1.0,1.0,Female,North,Platinum,Unknown,Online Web,3.0,1
C12561,0,66.0,11.0,3646.13,331.46636363636367,220.6825903995477,411.0,4.909090909090909,2.272727272727273,2.0,9.0,34.5,25.44820447715538,81.0,1.9130434782608696,0.0,0.0,2.0,541.88,4.0,1554.71,10.0,3430.9900000000002,0.6666666666666666,0.5714285714285714,0.042070168616962576,10.0,0.0,,0.0,23.0,515.0,1.0,0.0,Male,Central,Silver,70-120k,In-Store,2.0,1
C12562,0,15.0,90.0,327228.43,3635.8714444444445,2056.719515895746,624.0,17.477777777777778,9.3,3.0,24.0,6.842696629213483,6.246633414023352,28.0,2.1921182266009853,4.0,18423.2,11.0,39969.19,23.0,81462.73,51.0,177084.82,0.8461538461538461,0.7931034482758621,0.0,14.0,1.0,2.0,0.0,49.0,649.0,0.0,0.0,Male,South,Silver,70-120k,In-Store,3.0,1
C12563,0,25.0,21.0,22941.45,1092.45,903.5783543832821,602.0,7.0,3.5238095238095237,3.0,14.0,28.85,22.41539649437413,89.0,0.8665511265164644,1.0,918.64,1.0,918.64,6.0,4797.93,10.0,10136.0,0.16666666666666666,1.2,0.06670900247505822,14.0,1.0,5.0,0.0,23.0,615.0,1.0,0.0,Male,Northeast,Gold,20-40k,In-Store,1.0,1
C12564,0,8.0,18.0,26584.8,1476.9333333333334,702.3890876061752,214.0,10.5,6.0,3.0,3.0,12.117647058823529,14.256061662242033,63.0,0.6601941747572816,4.0,4073.6000000000004,8.0,11590.789999999999,13.0,19591.739999999998,18.0,26584.8,1.3333333333333333,2.1666666666666665,0.021357645026795526,13.0,0.0,,0.0,32.0,270.0,1.0,1.0,Male,Bangkok,Silver,20-40k,Online Web,1.0,1
C12565,0,5.0,5.0,5885.22,1177.044,330.841031357962,64.0,8.8,5.0,2.0,5.0,14.75,12.284814474246922,27.0,0.3389830508474576,2.0,2032.5700000000002,5.0,5885.22,5.0,5885.22,5.0,5885.22,5.0,5.0,0.020581172229812827,11.0,0.0,,0.0,30.0,87.0,0.0,0.0,Male,Bangkok,Bronze,40-70k,In-Store,3.0,1
C12566,0,17.0,3.0,5800.04,1933.3466666666666,1442.3148150571476,58.0,7.333333333333333,4.666666666666667,1.0,3.0,20.5,20.506096654409877,35.0,0.8292682926829268,1.0,1105.2,3.0,5800.04,3.0,5800.04,3.0,5800.04,3.0,3.0,0.06197246422986045,8.0,0.0,,0.0,53.0,120.0,1.0,1.0,Female,South,Silver,70-120k,In-Store,1.0,1
C12567,1,12.0,3.0,1230.44,410.1466666666667,294.49623127186766,44.0,3.3333333333333335,2.6666666666666665,1.0,3.0,16.0,4.242640687119285,19.0,0.75,1.0,750.2,3.0,1230.44,3.0,1230.44,3.0,1230.44,3.0,3.0,0.0,6.0,1.0,4.0,0.0,18.0,80.0,0.0,0.0,Female,Bangkok,Silver,20-40k,In-Store,1.0,1
C12568,0,0.0,57.0,158801.41,2785.989649122807,1418.1268850506458,388.0,15.456140350877194,8.298245614035087,3.0,24.0,6.928571428571429,6.70646131552426,35.0,0.0,9.0,25320.31,19.0,45610.38,30.0,73934.82,55.0,153165.88,1.5833333333333333,1.1538461538461537,0.005712033469890184,14.0,0.0,,0.0,59.0,389.0,1.0,0.0,Male,Central,Platinum,<20k,In-Store,3.0,1
C12569,1,46.0,27.0,30761.59,1139.318148148148,838.9715021291846,570.0,7.962962962962963,4.296296296296297,2.0,13.0,20.153846153846153,16.780208121932954,61.0,2.282442748091603,0.0,0.0,2.0,3100.89,8.0,7274.759999999999,16.0,13147.859999999999,0.2857142857142857,0.8888888888888888,0.0,14.0,0.0,,0.0,42.0,603.0,1.0,1.0,Female,Central,Silver,40-70k,In-Store,2.0,1
C12570,1,59.0,7.0,1643.74,234.82,231.04326557306678,337.0,3.142857142857143,1.8571428571428572,2.0,2.0,46.333333333333336,35.40433118513421,110.0,1.2733812949640286,0.0,0.0,2.0,163.49,3.0,660.49,7.0,1643.74,1.0,0.6,0.023547862039468213,7.0,4.0,1.75,0.0,34.0,353.0,1.0,1.0,Female,Bangkok,Gold,20-40k,Mobile App,3.0,1
C12571,0,11.0,9.0,7775.96,863.9955555555556,454.8737601277719,612.0,4.666666666666667,2.0,1.0,9.0,75.125,109.72489950521063,323.0,0.1464226289517471,2.0,1126.46,3.0,1897.61,3.0,1897.61,4.0,3238.4399999999996,3.0,1.5,0.09009466527808657,9.0,0.0,,0.0,28.0,615.0,1.0,0.0,Female,South,Bronze,40-70k,In-Store,1.0,1
C12572,1,110.0,3.0,2289.34,763.1133333333333,477.84671311345585,189.0,7.0,4.0,1.0,3.0,39.5,50.204581464244875,75.0,2.7848101265822787,0.0,0.0,0.0,0.0,1.0,320.53,3.0,2289.34,0.0,0.3333333333333333,0.007267681366809766,7.0,1.0,1.0,0.0,33.0,198.0,0.0,0.0,Male,North,Silver,20-40k,In-Store,3.0,1
C12573,0,2.0,5.0,4811.88,962.376,601.3729901899485,146.0,8.4,4.6,1.0,4.0,36.0,23.166067138525406,57.0,0.05555555555555555,2.0,2081.93,4.0,4348.72,5.0,4811.88,5.0,4811.88,2.0,5.0,0.061190008408919305,8.0,0.0,,0.0,31.0,158.0,1.0,0.0,Female,Central,Silver,40-70k,In-Store,1.0,1
C12574,0,,,,,,,,,,,,,,,,,,,,,,,,,,,,,,,,,,,,,,,,0
C12575,0,0.0,27.0,38201.53,1414.8714814814814,768.5684344020768,380.0,10.74074074074074,5.592592592592593,3.0,3.0,14.615384615384615,12.834568705108632,45.0,0.0,4.0,5069.88,12.0,15360.59,15.0,22309.17,25.0,34910.8,3.0,1.3636363636363635,0.014188663314010141,14.0,0.0,,0.0,32.0,389.0,1.0,0.0,Male,Northeast,Gold,40-70k,Mobile App,3.0,1
C12576,0,15.0,16.0,9863.31,616.456875,636.6148427499812,438.0,6.625,3.375,3.0,9.0,28.2,30.898913526900216,111.0,0.5319148936170213,1.0,174.53,5.0,2054.9,10.0,5129.32,15.0,8967.8,0.8333333333333334,1.6666666666666667,0.02607101173654681,12.0,0.0,,0.0,20.0,471.0,0.0,0.0,Male,Northeast,Silver,40-70k,In-Store,1.0,1
C12577,0,3.0,2.0,3260.3999999999996,1630.1999999999998,1080.374308839302,9.0,8.0,5.0,1.0,2.0,6.0,,6.0,0.5,2.0,3260.3999999999996,2.0,3260.3999999999996,2.0,3260.3999999999996,2.0,3260.3999999999996,2.0,2.0,0.0,6.0,0.0,,0.0,18.0,29.0,0.0,0.0,Male,Central,Bronze,40-70k,In-Store,2.0,1
C12578,0,26.0,13.0,7565.009999999999,581.9238461538461,624.1967712260088,580.0,6.384615384615385,3.0,3.0,2.0,46.166666666666664,57.18841798402148,222.0,0.5631768953068592,1.0,224.22,2.0,511.99,5.0,4314.389999999999,7.0,5359.61,0.5,1.6666666666666667,0.022010867106125577,12.0,1.0,3.0,0.0,36.0,625.0,0.0,1.0,Female,Central,Gold,20-40k,Mobile App,1.0,1
C12579,0,71.0,9.0,9624.42,1069.38,703.9063099411738,222.0,7.0,3.5555555555555554,1.0,1.0,18.875,17.787937325213235,47.0,3.76158940397351,0.0,0.0,1.0,1600.8,8.0,7851.74,9.0,9624.42,0.125,4.0,0.03084954051947581,14.0,1.0,4.0,0.0,29.0,228.0,1.0,1.0,Male,East,Bronze,<20k,Mobile App,2.0,1
C12580,0,10.0,53.0,185879.55,3507.1613207547166,1979.4107585631464,519.0,16.30188679245283,8.584905660377359,3.0,23.0,9.788461538461538,9.30388183472738,35.0,1.0216110019646365,3.0,13969.98,11.0,44643.87,21.0,84457.14,35.0,121219.73,1.0,1.4,0.007963794326721842,14.0,0.0,,0.0,48.0,564.0,1.0,1.0,Female,South,Platinum,20-40k,In-Store,2.0,1
C12581,1,37.0,17.0,10974.29,645.5464705882354,413.4010074966735,588.0,4.9411764705882355,2.5294117647058822,3.0,4.0,34.4375,39.4122971503396,152.0,1.074410163339383,0.0,0.0,3.0,2410.37,5.0,3511.1000000000004,10.0,5963.03,1.0,0.8333333333333334,0.012165329665581702,12.0,0.0,,0.0,21.0,594.0,1.0,0.0,Male,East,Bronze,20-40k,Online Web,3.0,1
C12582,1,59.0,21.0,21327.33,1015.5871428571429,1314.7740667283597,462.0,7.285714285714286,4.428571428571429,3.0,14.0,20.15,15.591073694501233,72.0,2.9280397022332507,0.0,0.0,2.0,2459.67,8.0,8727.19,16.0,19588.64,0.2857142857142857,0.8888888888888888,0.04786027464165287,13.0,2.0,3.5,0.0,54.0,482.0,1.0,1.0,Male,Bangkok,Gold,<20k,In-Store,3.0,1
C12583,0,1.0,89.0,206466.27,2319.8457303370787,1487.0387882228522,594.0,11.370786516853933,6.269662921348314,3.0,26.0,6.738636363636363,5.780455214508487,22.0,0.14839797639123103,5.0,7832.37,17.0,42898.05,32.0,63977.65,56.0,115104.47,1.0625,1.28,0.010134427486877824,14.0,1.0,4.0,0.0,53.0,612.0,1.0,0.0,Female,South,Gold,20-40k,In-Store,3.0,1
C12584,0,2.0,21.0,21653.65,1031.1261904761905,674.6529131744425,498.0,7.666666666666667,4.095238095238095,3.0,16.0,24.8,31.26726891276496,130.0,0.08064516129032258,1.0,1735.83,2.0,2746.0699999999997,3.0,3233.58,14.0,11515.98,1.0,0.25,0.09969086974327844,14.0,0.0,,0.0,34.0,540.0,0.0,0.0,Female,Central,Silver,40-70k,In-Store,2.0,1
C12585,0,43.0,30.0,41079.7,1369.3233333333333,1094.4330520673575,627.0,7.633333333333334,4.166666666666667,2.0,16.0,20.137931034482758,14.85819672275935,56.0,2.13527397260274,0.0,0.0,3.0,2334.62,7.0,11274.46,17.0,22138.94,0.6,0.6363636363636364,0.027089871453192093,14.0,2.0,1.5,0.0,40.0,641.0,0.0,0.0,Female,Northeast,Gold,20-40k,In-Store,1.0,1
C12586,0,4.0,59.0,214430.78,3634.42,1517.6028304510712,562.0,19.559322033898304,10.40677966101695,3.0,3.0,9.620689655172415,9.975105128420902,51.0,0.4157706093189964,4.0,11601.01,17.0,49524.85,22.0,66910.74,34.0,118894.32,2.8333333333333335,1.6923076923076923,0.0,14.0,0.0,,0.0,45.0,568.0,1.0,0.0,Female,Northeast,Gold,>120k,Online Web,1.0,1
C12587,0,1.0,59.0,157566.05,2670.611016949152,1305.2569108663877,465.0,14.711864406779661,7.694915254237288,3.0,4.0,8.0,7.537043023882753,33.0,0.125,7.0,16940.93,13.0,28862.77,26.0,58802.42,49.0,127293.39,0.9285714285714286,1.0833333333333333,0.02093512763673589,14.0,0.0,,0.0,20.0,465.0,1.0,0.0,Female,Bangkok,Platinum,40-70k,Online Web,3.0,1
C12588,0,14.0,93.0,301260.82,3239.3636559139786,1640.7728372509102,634.0,16.182795698924732,8.795698924731182,3.0,8.0,6.739130434782608,7.009992185754438,48.0,2.07741935483871,2.0,6186.45,11.0,35033.979999999996,20.0,64601.729999999996,54.0,168713.06,1.1,0.5714285714285714,0.009673946405709044,14.0,0.0,,0.0,32.0,659.0,1.0,1.0,Male,Central,Gold,>120k,Mobile App,3.0,1
C12589,0,102.0,2.0,1077.33,538.665,399.4375496244689,111.0,4.5,2.0,2.0,2.0,9.0,,9.0,11.333333333333334,0.0,0.0,0.0,0.0,2.0,1077.33,2.0,1077.33,0.0,2.0,0.0,3.0,0.0,,0.0,41.0,177.0,0.0,0.0,Female,Bangkok,Bronze,<20k,In-Store,2.0,1
C12590,0,47.0,13.0,7073.389999999999,544.1069230769231,441.2964952157943,472.0,5.153846153846154,2.5384615384615383,2.0,10.0,35.416666666666664,39.13486781359915,138.0,1.3270588235294118,0.0,0.0,1.0,633.77,6.0,3541.09,10.0,5069.71,0.16666666666666666,1.2,0.05382582151962738,10.0,0.0,,0.0,35.0,487.0,0.0,0.0,Female,North,Bronze,<20k,In-Store,1.0,1
C12591,0,39.0,11.0,12888.42,1171.6745454545455,994.0383262869057,268.0,7.363636363636363,3.909090909090909,1.0,1.0,22.9,26.999794237899085,87.0,1.7030567685589522,0.0,0.0,6.0,8789.220000000001,7.0,9018.4,11.0,12888.42,3.0,1.4,0.0006753440494125437,11.0,0.0,,0.0,50.0,271.0,1.0,1.0,Female,North,Silver,>120k,Mobile App,1.0,1
C12592,0,,,,,,,,,,,,,,,,,,,,,,,,,,,,,,,,,,,,,,,,0
C12593,0,6.0,64.0,150345.31,2349.14546875,1417.0556782330311,415.0,13.4375,7.203125,3.0,24.0,6.492063492063492,5.5266889576502685,23.0,0.9242053789731052,3.0,4150.75,13.0,36036.77,29.0,68970.33,55.0,133078.12,0.7647058823529411,1.0740740740740742,0.0,14.0,0.0,,0.0,40.0,431.0,1.0,1.0,Female,Bangkok,Platinum,Unknown,In-Store,1.0,1
C12594,0,155.0,4.0,1451.55,362.8875,233.2419089522007,291.0,7.0,3.75,2.0,4.0,45.333333333333336,36.11555528208494,77.0,3.4191176470588234,0.0,0.0,0.0,0.0,2.0,1125.24,4.0,1451.55,0.0,0.6666666666666666,0.051745538164049226,6.0,0.0,,0.0,24.0,306.0,0.0,0.0,Female,Central,Silver,70-120k,In-Store,2.0,1
C12595,1,71.0,17.0,27473.079999999998,1616.0635294117646,963.8526402862445,445.0,13.411764705882353,7.235294117647059,2.0,13.0,23.375,18.073461206974162,55.0,3.037433155080214,0.0,0.0,2.0,4174.33,7.0,13974.69,14.0,22730.41,0.3333333333333333,0.875,0.033245313507289785,14.0,1.0,3.0,0.0,37.0,471.0,0.0,0.0,Female,Bangkok,Bronze,40-70k,In-Store,2.0,1
C12596,0,77.0,6.0,4245.5599999999995,707.5933333333332,485.0079031795943,330.0,6.333333333333333,2.8333333333333335,1.0,1.0,50.6,48.80881068004014,134.0,1.5217391304347825,0.0,0.0,1.0,1385.39,3.0,2845.9300000000003,6.0,4245.5599999999995,0.3333333333333333,0.75,0.07811835008207899,9.0,0.0,,0.0,37.0,457.0,0.0,1.0,Male,Bangkok,Silver,<20k,Online Web,2.0,1
C12597,1,130.0,9.0,6484.62,720.5133333333333,521.5136352244301,447.0,5.444444444444445,3.111111111111111,3.0,2.0,39.625,16.168200712686442,59.0,3.280757097791798,0.0,0.0,0.0,0.0,3.0,2939.12,7.0,5073.1,0.0,0.6,0.08052310454008572,9.0,2.0,4.0,0.0,30.0,478.0,0.0,0.0,Female,Bangkok,Silver,70-120k,Online Web,2.0,1
C12598,0,37.0,4.0,1585.61,396.4025,152.17052701382968,228.0,7.0,3.5,1.0,3.0,63.666666666666664,40.06661120351125,109.0,0.581151832460733,0.0,0.0,1.0,460.53,3.0,1317.79,4.0,1585.61,0.3333333333333333,1.5,0.05967715153240345,9.0,0.0,,0.0,34.0,348.0,1.0,1.0,Female,Bangkok,Silver,40-70k,In-Store,1.0,1
C12599,0,7.0,8.0,3618.7,452.3375,242.73309343803948,338.0,5.75,2.75,1.0,1.0,47.285714285714285,24.32909291167186,85.0,0.14803625377643506,1.0,408.41,1.0,408.41,3.0,1220.4099999999999,8.0,3618.7,0.3333333333333333,0.5,0.052907075650706,9.0,1.0,1.0,0.0,35.0,441.0,1.0,1.0,Male,Bangkok,Bronze,40-70k,Online Web,2.0,1
C12600,0,37.0,1.0,496.23,496.23,,37.0,6.0,3.0,1.0,1.0,,,,,0.0,0.0,1.0,496.23,1.0,496.23,1.0,496.23,1.0,1.0,0.15523816008988459,3.0,0.0,,0.0,18.0,41.0,0.0,0.0,Female,Bangkok,Bronze,40-70k,In-Store,2.0,1
C12601,0,1.0,22.0,25970.66,1180.4845454545455,1521.366753105426,394.0,7.090909090909091,3.6818181818181817,3.0,13.0,18.714285714285715,17.40730552711377,56.0,0.05343511450381679,1.0,1164.96,2.0,2207.73,13.0,20284.78,18.0,23593.77,0.16666666666666666,2.1666666666666665,0.029181748482597674,13.0,3.0,3.3333333333333335,0.0,18.0,409.0,1.0,0.0,Female,South,Gold,40-70k,In-Store,2.0,1
C12602,0,79.0,5.0,3693.49,738.698,279.5297890565512,202.0,6.8,4.0,2.0,2.0,30.75,14.974979131871937,42.0,2.569105691056911,0.0,0.0,1.0,969.36,4.0,3126.75,5.0,3693.49,0.25,2.0,0.004772041388230223,9.0,1.0,5.0,0.0,35.0,207.0,0.0,0.0,Female,Central,Silver,<20k,Mobile App,2.0,1
C12603,0,1.0,7.0,6235.15,890.7357142857143,354.79110458865523,62.0,6.285714285714286,3.5714285714285716,1.0,6.0,10.166666666666666,5.307227776030219,20.0,0.09836065573770493,2.0,2402.99,7.0,6235.15,7.0,6235.15,7.0,6235.15,7.0,7.0,0.02917995316509305,11.0,0.0,,0.0,18.0,67.0,1.0,0.0,Female,North,Silver,20-40k,In-Store,2.0,1
C12604,0,3.0,42.0,94260.18,2244.29,1085.7639841121652,384.0,13.666666666666666,6.928571428571429,3.0,3.0,9.292682926829269,10.759284136128725,46.0,0.3228346456692913,3.0,4618.77,11.0,22646.36,25.0,56438.03,41.0,91125.09999999999,0.7333333333333333,1.4705882352941178,0.012723959151610368,14.0,1.0,2.0,0.0,42.0,388.0,1.0,1.0,Male,Bangkok,Gold,40-70k,Mobile App,2.0,1
C12605,0,18.0,6.0,4077.81,679.635,448.6080069615343,183.0,6.0,3.5,2.0,4.0,33.0,25.18928343562,57.0,0.5454545454545454,1.0,1144.36,2.0,1981.6799999999998,4.0,3301.1299999999997,6.0,4077.81,0.6666666666666666,1.3333333333333333,0.07189401163941925,10.0,0.0,,0.0,44.0,195.0,0.0,1.0,Female,East,Bronze,<20k,Mobile App,2.0,1
C12606,0,2.0,63.0,113304.68000000001,1798.4869841269842,1171.8113081253464,556.0,9.253968253968255,4.841269841269841,3.0,21.0,8.935483870967742,6.956235480280454,31.0,0.22382671480144403,2.0,7412.88,7.0,18713.82,20.0,43557.26,41.0,77433.71,0.5,0.9090909090909091,0.016101489671967197,14.0,1.0,5.0,1.0,38.0,583.0,1.0,1.0,Male,South,Platinum,Unknown,In-Store,1.0,1
C12607,0,18.0,13.0,13851.189999999999,1065.4761538461537,757.1192258217818,367.0,9.23076923076923,5.3076923076923075,3.0,10.0,29.083333333333332,29.73048124655091,111.0,0.6189111747851003,1.0,683.51,3.0,1728.1,6.0,4412.42,12.0,12779.609999999999,0.75,0.8571428571428571,0.024869671124189953,14.0,0.0,,0.0,34.0,380.0,1.0,1.0,Female,Northeast,Bronze,40-70k,In-Store,2.0,1
C12608,0,9.0,44.0,136532.53,3103.0120454545454,1351.7096791334895,402.0,16.954545454545453,9.204545454545455,3.0,20.0,9.13953488372093,7.710788346295935,40.0,0.9847328244274809,3.0,9140.25,10.0,33093.76,18.0,52400.7,39.0,119571.95,1.1111111111111112,0.8181818181818182,0.005756427436565261,14.0,0.0,,0.0,41.0,402.0,1.0,1.0,Female,East,Gold,>120k,In-Store,1.0,1
C12609,1,14.0,26.0,17345.54,667.1361538461539,574.1272713123941,629.0,5.923076923076923,3.1923076923076925,2.0,19.0,24.6,24.363565694153497,73.0,0.5691056910569106,2.0,1691.44,5.0,3534.81,6.0,3574.62,15.0,8636.65,2.5,0.6,0.026845219627659966,12.0,2.0,1.0,1.0,33.0,636.0,0.0,0.0,Female,Bangkok,Silver,<20k,In-Store,1.0,1
C12610,0,7.0,62.0,186792.46,3012.781612903226,1303.7271646400204,479.0,15.870967741935484,8.451612903225806,3.0,23.0,7.737704918032787,6.799268684557828,24.0,0.9046610169491526,4.0,12895.76,15.0,43858.64,29.0,88242.79,47.0,139372.64,1.0,1.5263157894736843,0.027343376956417913,14.0,1.0,3.0,0.0,59.0,481.0,1.0,1.0,Female,North,Gold,<20k,In-Store,3.0,1
C12611,0,7.0,10.0,3947.19,394.719,352.6798779015705,181.0,4.0,2.2,3.0,6.0,19.333333333333332,17.175564037317667,49.0,0.3620689655172414,2.0,263.42,4.0,1085.14,9.0,3135.21,10.0,3947.19,0.6666666666666666,4.5,0.10715440938630283,8.0,2.0,3.0,0.0,36.0,250.0,0.0,0.0,Female,Bangkok,Bronze,40-70k,In-Store,1.0,1
C12612,1,42.0,17.0,9171.52,539.5011764705882,577.1471610525599,305.0,4.529411764705882,2.176470588235294,2.0,13.0,16.4375,21.43196600096843,86.0,2.555133079847909,0.0,0.0,2.0,392.17,7.0,3453.85,17.0,9171.52,0.3333333333333333,0.6363636363636364,0.07950291358797872,11.0,2.0,3.0,1.0,34.0,334.0,0.0,0.0,Female,North,Bronze,20-40k,In-Store,3.0,1
C12613,0,0.0,12.0,11967.460000000001,997.2883333333334,391.76232300240724,281.0,8.916666666666666,4.5,2.0,9.0,25.545454545454547,26.75579801225759,77.0,0.0,2.0,1800.63,6.0,5619.06,9.0,9349.07,12.0,11967.460000000001,1.5,2.25,0.011790022328211497,14.0,0.0,,0.0,50.0,281.0,1.0,1.0,Female,Bangkok,Silver,Unknown,In-Store,1.0,1
C12614,0,9.0,30.0,38098.04,1269.9346666666668,701.3677243920273,479.0,9.866666666666667,5.566666666666666,2.0,19.0,16.20689655172414,13.594587448016705,49.0,0.5553191489361702,3.0,3372.07,5.0,5793.27,10.0,12673.48,21.0,29754.84,0.8333333333333334,0.8333333333333334,0.022244190779468022,14.0,0.0,,0.0,48.0,480.0,1.0,1.0,Female,Central,Gold,Unknown,In-Store,2.0,1
C12615,0,11.0,6.0,2253.88,375.6466666666667,234.42131871198634,185.0,6.333333333333333,3.1666666666666665,2.0,2.0,34.8,19.917329138215294,56.0,0.3160919540229885,2.0,516.9300000000001,3.0,912.3000000000001,5.0,2108.37,6.0,2253.88,1.0,2.5,0.03729300056808717,9.0,1.0,5.0,0.0,34.0,197.0,1.0,1.0,Male,Central,Silver,20-40k,Online Web,1.0,1
C12616,0,58.0,43.0,66674.17,1550.5620930232558,746.7793407488751,630.0,10.534883720930232,5.627906976744186,3.0,4.0,13.619047619047619,9.958333637057228,42.0,4.258741258741259,0.0,0.0,4.0,8614.93,12.0,19931.39,23.0,38085.82,0.4444444444444444,1.0,0.03538192262241652,14.0,0.0,,0.0,34.0,643.0,1.0,1.0,Male,Central,Silver,Unknown,Mobile App,1.0,1
C12617,0,15.0,12.0,4379.67,364.9725,196.12562686034593,455.0,5.083333333333333,2.4166666666666665,3.0,3.0,40.0,18.154889148656345,64.0,0.375,2.0,725.0,3.0,860.0699999999999,5.0,1463.59,10.0,3158.84,1.0,0.8333333333333334,0.12280810682518731,11.0,1.0,5.0,0.0,30.0,485.0,0.0,0.0,Female,Bangkok,Silver,40-70k,Online Web,1.0,1
C12618,0,5.0,99.0,222389.39,2246.357474747475,1305.1015787304768,578.0,13.444444444444445,7.08080808080808,3.0,26.0,5.846938775510204,5.513529826785386,25.0,0.8551483420593368,3.0,6724.31,13.0,28865.84,21.0,46715.66,58.0,123971.27,1.4444444444444444,0.5526315789473685,0.0016898462389855753,14.0,0.0,,0.0,61.0,581.0,1.0,1.0,Female,North,Gold,40-70k,In-Store,2.0,1
C12619,0,5.0,4.0,4077.91,1019.4775,851.1986950716422,95.0,7.5,3.25,1.0,1.0,30.0,22.06807649071391,51.0,0.16666666666666666,2.0,3422.1,3.0,3928.0299999999997,4.0,4077.91,4.0,4077.91,1.5,4.0,0.05572459338297952,6.0,0.0,,0.0,36.0,114.0,1.0,0.0,Male,South,Bronze,70-120k,Online Web,2.0,1
C12620,0,1.0,33.0,45148.12,1368.1248484848486,811.9714634037379,596.0,9.0,4.636363636363637,3.0,6.0,18.59375,13.239382538472102,46.0,0.05378151260504202,4.0,6777.83,7.0,8872.36,11.0,12890.779999999999,19.0,25347.79,1.4,1.2222222222222223,0.023362826192012052,14.0,0.0,,0.0,38.0,618.0,1.0,1.0,Male,Northeast,Silver,>120k,Mobile App,1.0,1
C12621,0,7.0,9.0,12496.82,1388.5355555555554,667.8722582034515,238.0,12.444444444444445,6.888888888888889,3.0,7.0,28.875,19.729872202902307,62.0,0.24242424242424243,1.0,1955.42,4.0,4969.12,6.0,7559.27,9.0,12496.82,1.3333333333333333,1.5,0.02083718568710843,11.0,1.0,3.0,0.0,37.0,271.0,1.0,1.0,Male,North,Silver,20-40k,In-Store,2.0,1
C12622,0,,,,,,,,,,,,,,,,,,,,,,,,,,,,,,,,,,,,,,,,0
C12623,0,24.0,2.0,1746.71,873.355,649.2300911464287,123.0,4.0,2.5,1.0,1.0,99.0,,99.0,0.24242424242424243,1.0,1332.43,1.0,1332.43,2.0,1746.71,2.0,1746.71,0.5,2.0,0.07065671371793712,5.0,0.0,,0.0,39.0,135.0,1.0,1.0,Female,Central,Gold,<20k,Online Web,1.0,1
C12624,1,15.0,22.0,24785.03,1126.5922727272728,702.686089556705,526.0,8.772727272727273,4.681818181818182,3.0,14.0,24.333333333333332,26.335021042963557,115.0,0.6164383561643836,1.0,576.13,3.0,2564.04,10.0,8608.83,18.0,18853.66,0.375,1.1111111111111112,0.07654857233129007,14.0,0.0,,0.0,19.0,537.0,0.0,0.0,Male,Unknown,Silver,70-120k,In-Store,1.0,1
C12625,0,8.0,9.0,3391.38,376.82,298.9831757390372,366.0,5.333333333333333,2.3333333333333335,1.0,1.0,44.75,51.588343090829575,153.0,0.1787709497206704,2.0,240.59,4.0,526.36,6.0,1920.3000000000002,8.0,3252.12,1.3333333333333333,2.0,0.09054877394718211,7.0,1.0,4.0,0.0,22.0,369.0,1.0,1.0,Female,Bangkok,Silver,Unknown,Mobile App,3.0,1
C12626,0,13.0,9.0,4447.66,494.1844444444444,473.0578240318807,209.0,4.111111111111111,2.2222222222222223,2.0,7.0,24.5,39.96069497465157,121.0,0.5306122448979592,1.0,474.5,1.0,474.5,4.0,2638.1000000000004,9.0,4447.66,0.25,0.6666666666666666,0.06942596265702546,10.0,0.0,,0.0,28.0,244.0,0.0,1.0,Female,Central,Silver,20-40k,In-Store,2.0,1
C12627,1,61.0,12.0,10458.84,871.57,612.303584699913,512.0,6.5,3.25,1.0,9.0,41.0,28.27719929554552,101.0,1.4878048780487805,0.0,0.0,1.0,2047.28,2.0,3640.37,9.0,7856.38,0.5,0.25,0.060697693424783275,13.0,2.0,2.0,0.0,25.0,546.0,1.0,0.0,Male,Northeast,Bronze,40-70k,In-Store,3.0,1
C12628,0,8.0,54.0,92066.72,1704.9392592592592,1323.7291693714103,638.0,11.61111111111111,6.388888888888889,3.0,19.0,11.88679245283019,9.881335119535079,49.0,0.673015873015873,1.0,1338.1,3.0,3813.5699999999997,13.0,20452.44,28.0,42650.24,0.2727272727272727,0.8125,0.033743159634948235,14.0,0.0,,0.0,43.0,659.0,1.0,0.0,Female,South,Silver,<20k,In-Store,1.0,1
C12629,0,20.0,15.0,18988.52,1265.9013333333335,886.7434111388116,217.0,9.666666666666666,5.133333333333334,3.0,3.0,14.071428571428571,13.975056271879474,52.0,1.4213197969543148,3.0,4563.26,8.0,12242.4,11.0,14172.52,15.0,18988.52,2.0,2.2,0.021423174958849156,13.0,0.0,,0.0,34.0,272.0,1.0,1.0,Female,Central,Gold,20-40k,Mobile App,2.0,1
C12630,0,14.0,79.0,191129.46,2419.360253164557,1892.1810316140302,527.0,12.189873417721518,6.379746835443038,2.0,26.0,6.576923076923077,6.990753133291817,40.0,2.128654970760234,3.0,4181.17,18.0,43572.06,26.0,64637.4,54.0,127210.36,2.0,0.896551724137931,0.03625701801558542,14.0,0.0,,0.0,31.0,527.0,1.0,1.0,Female,Central,Gold,70-120k,In-Store,3.0,1
C12631,1,3.0,5.0,3662.58,732.516,726.5375655325745,68.0,5.2,3.0,2.0,5.0,16.25,13.149778198382917,30.0,0.18461538461538463,2.0,2781.71,5.0,3662.58,5.0,3662.58,5.0,3662.58,5.0,5.0,0.10380906472742933,8.0,3.0,1.6666666666666667,1.0,35.0,147.0,1.0,1.0,Female,Bangkok,Bronze,40-70k,In-Store,2.0,1
C12632,1,45.0,22.0,22598.0,1027.1818181818182,613.0384773726638,475.0,7.363636363636363,3.9545454545454546,2.0,2.0,20.476190476190474,19.7373226340835,71.0,2.1976744186046515,0.0,0.0,2.0,1284.36,4.0,3138.22,13.0,15530.27,0.6666666666666666,0.4,0.03233900935288581,13.0,0.0,,0.0,27.0,558.0,0.0,1.0,Female,North,Gold,20-40k,Mobile App,1.0,1
C12633,0,7.0,6.0,2922.7599999999998,487.1266666666666,385.26013807123445,384.0,4.5,2.6666666666666665,3.0,5.0,75.4,46.46826874330482,130.0,0.09283819628647214,1.0,87.47,1.0,87.47,2.0,895.37,5.0,2642.17,0.5,0.5,0.07221626151492257,7.0,0.0,,0.0,34.0,481.0,0.0,1.0,Female,Bangkok,Bronze,20-40k,In-Store,1.0,1
C12634,1,64.0,23.0,23641.34,1027.884347826087,691.0146610918421,535.0,6.6521739130434785,3.391304347826087,3.0,14.0,21.40909090909091,21.377912702486917,98.0,2.989384288747346,0.0,0.0,2.0,3782.23,6.0,8190.34,12.0,13562.11,0.4,0.8571428571428571,0.024207688345308537,14.0,1.0,3.0,1.0,21.0,536.0,1.0,0.0,Male,South,Bronze,<20k,In-Store,1.0,1
C12635,0,23.0,24.0,20721.9,863.4125,566.8375828742265,493.0,7.125,3.75,3.0,5.0,20.434782608695652,24.116810596753538,101.0,1.125531914893617,1.0,459.25,6.0,3886.02,12.0,10123.36,21.0,18443.46,0.8571428571428571,1.2,0.062194941476282996,14.0,1.0,3.0,0.0,20.0,538.0,0.0,1.0,Male,Bangkok,Bronze,70-120k,Mobile App,3.0,1
C12636,0,3.0,1.0,444.41,444.41,,3.0,3.0,2.0,1.0,1.0,,,,,1.0,444.41,1.0,444.41,1.0,444.41,1.0,444.41,1.0,1.0,0.0,2.0,0.0,,0.0,22.0,65.0,1.0,0.0,Male,Bangkok,Bronze,20-40k,In-Store,1.0,1
C12637,0,11.0,26.0,36039.41,1386.131153846154,614.1308466073132,584.0,10.076923076923077,4.961538461538462,3.0,15.0,22.92,17.925586926699683,70.0,0.47993019197207676,1.0,1764.29,2.0,2954.42,6.0,6522.25,14.0,19027.89,0.4,0.6666666666666666,0.00759570703767701,13.0,2.0,4.0,1.0,37.0,585.0,1.0,0.0,Male,Bangkok,Gold,20-40k,In-Store,2.0,1
C12638,0,8.0,19.0,24182.38,1272.756842105263,882.606832916954,425.0,9.105263157894736,5.0,1.0,1.0,23.166666666666668,23.7121214968706,79.0,0.3453237410071942,1.0,1416.34,2.0,2825.24,6.0,6961.610000000001,15.0,18263.29,0.4,0.6,0.03625830836539512,14.0,0.0,,0.0,51.0,431.0,1.0,0.0,Female,Northeast,Platinum,20-40k,Online Web,2.0,1
C12639,0,15.0,66.0,130533.63,1977.7822727272728,1561.670829614916,626.0,10.06060606060606,5.454545454545454,3.0,2.0,9.4,8.922933934530727,46.0,1.5957446808510638,1.0,2460.35,4.0,4330.16,17.0,26670.94,35.0,76597.53,0.2857142857142857,0.8947368421052632,0.011275373851812681,14.0,0.0,,0.0,24.0,640.0,1.0,1.0,Male,North,Silver,>120k,Mobile App,1.0,1
C12640,0,,,,,,,,,,,,,,,,,,,,,,,,,,,,,,,,,,,,,,,,0
C12641,0,11.0,18.0,13876.77,770.9316666666667,589.6702176665709,459.0,4.5,2.9444444444444446,3.0,13.0,26.352941176470587,23.280735535176365,86.0,0.4174107142857143,2.0,1024.23,4.0,1803.23,7.0,6298.17,13.0,10388.78,1.0,1.0,0.016018243353918087,13.0,0.0,,0.0,34.0,475.0,0.0,1.0,Female,Central,Gold,>120k,In-Store,1.0,1
C12642,1,80.0,9.0,4993.22,554.8022222222222,410.6728442987733,406.0,5.222222222222222,3.0,2.0,7.0,40.75,28.34355557895203,87.0,1.9631901840490797,0.0,0.0,1.0,748.83,3.0,1484.67,8.0,3479.82,0.3333333333333333,0.5,0.055693296341894696,12.0,1.0,1.0,0.0,37.0,448.0,1.0,0.0,Female,Northeast,Silver,40-70k,In-Store,1.0,1
C12643,0,76.0,7.0,4112.91,587.5585714285714,356.5677059329486,366.0,7.0,3.857142857142857,1.0,7.0,48.333333333333336,55.11684557979227,142.0,1.5724137931034483,0.0,0.0,1.0,895.6,4.0,2287.26,6.0,3888.51,0.25,1.3333333333333333,0.04148750970069425,8.0,0.0,,0.0,40.0,366.0,1.0,0.0,Male,Central,Silver,20-40k,In-Store,2.0,1
C12644,1,159.0,4.0,2777.75,694.4375,363.51644065296415,330.0,6.5,3.25,2.0,4.0,57.0,14.52583904633395,71.0,2.789473684210526,0.0,0.0,0.0,0.0,1.0,649.73,4.0,2777.75,0.0,0.25,0.017688850224735393,7.0,0.0,,0.0,32.0,489.0,1.0,0.0,Female,North,Bronze,40-70k,Online Web,1.0,1
C12645,0,6.0,52.0,103567.12,1991.6753846153845,1285.6845574145932,542.0,10.403846153846153,5.5,3.0,5.0,10.509803921568627,12.830233901249981,78.0,0.5708955223880597,4.0,7512.700000000001,11.0,19148.81,19.0,34818.45,41.0,80062.11,1.2222222222222223,0.8260869565217391,0.004093647610128506,14.0,0.0,,0.0,35.0,542.0,0.0,1.0,Female,Central,Gold,40-70k,Online Web,1.0,1
C12646,0,1.0,5.0,1697.45,339.49,185.2640800317212,136.0,3.8,2.4,2.0,1.0,33.75,32.68409399080843,75.0,0.02962962962962963,3.0,699.12,3.0,699.12,5.0,1697.45,5.0,1697.45,1.0,5.0,0.02829059975842507,6.0,0.0,,0.0,33.0,154.0,1.0,1.0,Male,Bangkok,Bronze,<20k,Mobile App,2.0,1
C12647,1,11.0,29.0,20794.57,717.0541379310345,523.2344719115434,570.0,5.172413793103448,2.793103448275862,3.0,16.0,19.964285714285715,17.01520484058878,57.0,0.5509838998211091,1.0,320.78,3.0,2526.77,8.0,6972.63,19.0,14833.71,0.5,0.6666666666666666,0.020586247418358912,13.0,1.0,3.0,0.0,39.0,632.0,0.0,1.0,Female,North,Silver,20-40k,In-Store,1.0,1
C12648,0,3.0,23.0,47107.46,2048.1504347826085,1129.1428969656515,285.0,14.608695652173912,7.956521739130435,3.0,2.0,12.818181818181818,10.440928455505622,45.0,0.23404255319148937,1.0,1280.39,5.0,12956.41,11.0,25990.53,23.0,47107.46,0.7142857142857143,0.8461538461538461,0.0008589979290726471,14.0,1.0,3.0,0.0,44.0,291.0,1.0,1.0,Male,Bangkok,Platinum,Unknown,Online Web,1.0,1
C12649,0,17.0,6.0,3326.65,554.4416666666667,509.3824288063602,187.0,5.0,2.3333333333333335,2.0,5.0,34.0,27.52271788904577,76.0,0.5,1.0,219.26,3.0,2614.77,5.0,2899.66,6.0,3326.65,1.0,2.5,0.11548319852804322,8.0,0.0,,0.0,20.0,406.0,1.0,0.0,Female,East,Silver,20-40k,In-Store,2.0,1
C12650,0,4.0,2.0,2017.1599999999999,1008.5799999999999,639.4790886338661,27.0,5.5,3.0,2.0,2.0,23.0,,23.0,0.17391304347826086,2.0,2017.1599999999999,2.0,2017.1599999999999,2.0,2017.1599999999999,2.0,2017.1599999999999,2.0,2.0,0.00889808231831649,3.0,0.0,,0.0,42.0,28.0,0.0,0.0,Female,North,Bronze,20-40k,In-Store,1.0,1
C12651,0,3.0,18.0,32620.35,1812.2416666666666,977.9508367304386,473.0,11.444444444444445,5.222222222222222,3.0,3.0,27.647058823529413,19.814581677613674,71.0,0.10851063829787233,1.0,3243.29,4.0,9152.67,5.0,12536.56,15.0,26695.93,2.0,0.45454545454545453,0.004095012346402691,14.0,0.0,,0.0,47.0,614.0,1.0,0.0,Male,South,Gold,70-120k,Mobile App,3.0,1
C12652,0,31.0,11.0,19299.37,1754.4881818181818,925.1247942609492,438.0,13.181818181818182,6.7272727272727275,1.0,10.0,40.7,32.37299972370665,100.0,0.7616707616707616,0.0,0.0,1.0,1738.58,4.0,6471.26,9.0,15912.11,0.25,0.6666666666666666,0.0260325275381891,11.0,0.0,,0.0,36.0,438.0,1.0,0.0,Male,Bangkok,Bronze,<20k,In-Store,3.0,1
C12653,0,2.0,35.0,56324.49,1609.2711428571429,883.1951568886668,556.0,11.742857142857142,6.085714285714285,3.0,20.0,16.294117647058822,18.817350813068863,69.0,0.12274368231046932,2.0,1686.52,3.0,2975.9300000000003,6.0,8462.78,14.0,20658.19,0.75,0.6666666666666666,0.014186910803979203,14.0,0.0,,0.0,32.0,556.0,0.0,1.0,Female,South,Platinum,20-40k,In-Store,1.0,1
C12654,0,36.0,7.0,2388.97,341.28142857142853,210.19811547114082,256.0,4.428571428571429,2.142857142857143,2.0,1.0,36.666666666666664,37.53753676876876,86.0,0.9818181818181819,0.0,0.0,3.0,1215.13,4.0,1430.03,7.0,2388.97,1.5,1.0,0.09176380239816906,8.0,0.0,,0.0,36.0,275.0,1.0,1.0,Male,Bangkok,Bronze,20-40k,Mobile App,1.0,1
C12655,0,187.0,7.0,4159.08,594.1542857142857,495.93363036657576,364.0,5.714285714285714,2.4285714285714284,2.0,5.0,29.5,13.531444860028806,51.0,6.338983050847458,0.0,0.0,0.0,0.0,0.0,0.0,7.0,4159.08,0.0,0.0,0.07130639823866453,8.0,0.0,,0.0,34.0,420.0,1.0,1.0,Female,South,Bronze,20-40k,In-Store,2.0,1
C12656,0,31.0,26.0,45664.59,1756.3303846153844,1037.5691476696124,638.0,13.038461538461538,7.038461538461538,3.0,13.0,24.28,23.380048474429362,80.0,1.2767710049423393,0.0,0.0,5.0,11259.35,7.0,14653.67,16.0,29528.46,1.6666666666666667,0.7,0.017531407435201457,14.0,0.0,,0.0,54.0,664.0,1.0,0.0,Male,Central,Gold,40-70k,In-Store,1.0,1
C12657,0,11.0,3.0,785.3100000000001,261.77000000000004,262.96780848613395,72.0,3.0,1.6666666666666667,1.0,1.0,30.5,33.23401871576773,54.0,0.36065573770491804,2.0,738.9100000000001,3.0,785.3100000000001,3.0,785.3100000000001,3.0,785.3100000000001,3.0,3.0,0.0,2.0,0.0,,0.0,27.0,96.0,1.0,1.0,Female,East,Bronze,20-40k,Online Web,1.0,1
C12658,0,44.0,16.0,28133.08,1758.3175,761.3091869711456,245.0,12.4375,6.1875,2.0,13.0,13.4,11.037598082398699,42.0,3.2835820895522385,0.0,0.0,4.0,10212.689999999999,10.0,19151.36,16.0,28133.08,0.5714285714285714,1.4285714285714286,0.025599711833528445,13.0,2.0,3.0,1.0,41.0,284.0,1.0,1.0,Male,Central,Bronze,40-70k,In-Store,1.0,1
C12659,0,38.0,5.0,1605.98,321.196,259.1911302108928,224.0,4.8,2.6,1.0,1.0,46.5,43.699733027407234,108.0,0.8172043010752689,0.0,0.0,2.0,604.46,3.0,1239.49,5.0,1605.98,1.0,1.0,0.029331947223044885,8.0,0.0,,0.0,23.0,257.0,1.0,0.0,Female,Bangkok,Bronze,70-120k,Mobile App,1.0,1
C12660,0,3.0,9.0,4955.73,550.6366666666667,549.8701839070745,472.0,6.333333333333333,3.2222222222222223,3.0,8.0,58.625,34.19664770537771,125.0,0.0511727078891258,1.0,351.91,3.0,759.96,5.0,2318.83,7.0,3213.62,1.0,1.6666666666666667,0.11520937257856603,11.0,0.0,,0.0,27.0,478.0,0.0,0.0,Female,Central,Bronze,20-40k,In-Store,2.0,1
C12661,0,39.0,26.0,21859.33,840.7434615384616,522.8953482825588,340.0,8.038461538461538,4.076923076923077,2.0,1.0,12.04,11.223041774254726,40.0,3.239202657807309,0.0,0.0,5.0,4090.49,17.0,13097.05,26.0,21859.33,0.38461538461538464,1.7,0.03750541584915231,13.0,1.0,5.0,0.0,45.0,359.0,1.0,1.0,Female,Central,Silver,40-70k,Mobile App,3.0,1
C12662,0,,,,,,,,,,,,,,,,,,,,,,,,,,,,,,,,,,,,,,,,0
C12663,0,7.0,34.0,31300.58,920.6052941176471,671.4700028915992,450.0,6.676470588235294,3.7941176470588234,3.0,3.0,13.424242424242424,10.049969847685809,38.0,0.5214446952595937,1.0,2411.65,8.0,8132.46,14.0,15787.27,28.0,26589.3,1.1428571428571428,0.9333333333333333,0.09061332781707082,13.0,1.0,2.0,0.0,35.0,454.0,1.0,0.0,Male,Central,Gold,40-70k,Mobile App,1.0,1
C12664,0,5.0,1.0,357.62,357.62,,5.0,3.0,2.0,1.0,1.0,,,,,1.0,357.62,1.0,357.62,1.0,357.62,1.0,357.62,1.0,1.0,0.0,2.0,0.0,,0.0,24.0,51.0,0.0,1.0,Male,East,Gold,Unknown,Mobile App,1.0,1
C12665,0,8.0,37.0,47932.19,1295.4645945945947,774.5002453252412,533.0,10.27027027027027,5.675675675675675,3.0,20.0,14.583333333333334,10.924088716488633,36.0,0.5485714285714286,2.0,2604.14,10.0,10272.19,15.0,18749.53,24.0,29953.35,1.6666666666666667,1.5,0.009549465815520124,14.0,1.0,4.0,0.0,24.0,536.0,0.0,1.0,Female,Northeast,Bronze,Unknown,In-Store,2.0,1
C12666,0,15.0,69.0,235298.48,3410.1228985507246,1583.9434145976797,494.0,19.405797101449274,10.347826086956522,3.0,7.0,7.044117647058823,5.472956099181184,24.0,2.1294363256784967,2.0,5783.37,7.0,23084.15,18.0,49885.24,44.0,151010.77,0.5833333333333334,0.6666666666666666,0.043601447085475475,14.0,0.0,,0.0,40.0,494.0,1.0,1.0,Female,Bangkok,Gold,40-70k,Mobile App,1.0,1
C12667,0,3.0,2.0,2130.33,1065.165,886.8886803032273,23.0,7.5,5.0,1.0,1.0,20.0,,20.0,0.15,2.0,2130.33,2.0,2130.33,2.0,2130.33,2.0,2130.33,2.0,2.0,0.021172481287992612,6.0,0.0,,0.0,18.0,38.0,1.0,0.0,Female,Northeast,Silver,>120k,Mobile App,2.0,1
C12668,0,15.0,11.0,5622.59,511.1445454545455,405.92036754426687,403.0,5.2727272727272725,2.909090909090909,1.0,10.0,38.8,53.4660847848636,181.0,0.3865979381443299,1.0,137.86,3.0,2419.41,5.0,2885.38,9.0,4839.5199999999995,1.0,1.0,0.03349577564052979,12.0,0.0,,0.0,27.0,411.0,0.0,1.0,Male,Central,Bronze,70-120k,In-Store,1.0,1
C12669,0,39.0,10.0,7123.8,712.38,496.8229849978986,522.0,7.2,3.6,1.0,1.0,53.666666666666664,25.298221281347036,94.0,0.7267080745341615,0.0,0.0,1.0,409.17,2.0,924.48,6.0,3444.81,0.5,0.4,0.13652269721810445,11.0,1.0,3.0,1.0,29.0,547.0,1.0,0.0,Female,East,Bronze,20-40k,Mobile App,1.0,1
C12670,0,29.0,1.0,1497.49,1497.49,,29.0,5.0,3.0,1.0,1.0,,,,,1.0,1497.49,1.0,1497.49,1.0,1497.49,1.0,1497.49,1.0,1.0,0.0,3.0,1.0,5.0,0.0,19.0,44.0,0.0,0.0,Male,Bangkok,Bronze,20-40k,Online Web,1.0,1
C12671,0,0.0,3.0,2238.58,746.1933333333333,386.6806007977816,213.0,8.0,4.666666666666667,2.0,1.0,106.5,41.71930009000631,136.0,0.0,1.0,412.14,1.0,412.14,2.0,1068.79,3.0,2238.58,0.5,1.0,0.03700421577905876,9.0,1.0,4.0,0.0,35.0,241.0,0.0,0.0,Male,South,Silver,70-120k,Mobile App,1.0,1
C12672,0,4.0,1.0,345.94,345.94,,4.0,5.0,3.0,1.0,1.0,,,,,1.0,345.94,1.0,345.94,1.0,345.94,1.0,345.94,1.0,1.0,0.0,3.0,0.0,,0.0,34.0,6.0,1.0,0.0,Male,Bangkok,Silver,20-40k,In-Store,2.0,1
C12673,0,2.0,27.0,54269.409999999996,2009.978148148148,1974.0165606117682,535.0,13.25925925925926,7.0,3.0,6.0,20.5,24.390571949013413,109.0,0.0975609756097561,2.0,1377.5,4.0,4824.13,14.0,21976.5,19.0,29694.97,0.36363636363636365,2.3333333333333335,0.040934871577185346,13.0,0.0,,0.0,38.0,569.0,1.0,0.0,Female,South,Silver,<20k,Mobile App,1.0,1
C12674,1,45.0,21.0,19874.67,946.4128571428571,492.4437174555368,411.0,7.9523809523809526,4.190476190476191,3.0,12.0,18.3,15.858253703554997,49.0,2.459016393442623,0.0,0.0,2.0,986.02,8.0,7063.34,18.0,16514.3,0.2857142857142857,0.7272727272727273,0.05403399917753138,14.0,1.0,3.0,0.0,23.0,429.0,0.0,0.0,Female,Central,Gold,20-40k,In-Store,2.0,1
C12675,0,47.0,7.0,1942.66,277.52285714285716,86.6553463852223,424.0,3.4285714285714284,2.4285714285714284,1.0,7.0,62.833333333333336,62.14633268879722,165.0,0.7480106100795756,0.0,0.0,1.0,177.25,1.0,177.25,6.0,1722.41,1.0,0.16666666666666666,0.036875818030381154,10.0,0.0,,0.0,27.0,426.0,1.0,1.0,Male,Central,Bronze,20-40k,In-Store,1.0,1
C12676,0,17.0,1.0,62.41,62.41,,17.0,1.0,1.0,1.0,1.0,,,,,1.0,62.41,1.0,62.41,1.0,62.41,1.0,62.41,1.0,1.0,0.0,1.0,0.0,,0.0,23.0,23.0,1.0,0.0,Male,East,Bronze,40-70k,In-Store,2.0,1
C12677,0,6.0,39.0,44613.38,1143.9328205128204,705.0016164481235,565.0,10.153846153846153,5.435897435897436,3.0,6.0,14.710526315789474,14.897683285768714,67.0,0.407871198568873,1.0,1616.89,3.0,3622.91,9.0,10744.79,22.0,28861.57,0.42857142857142855,0.6428571428571429,0.015388873170242939,14.0,0.0,,0.0,54.0,566.0,1.0,1.0,Female,Northeast,Gold,70-120k,Mobile App,2.0,1
C12678,1,38.0,17.0,17831.54,1048.914117647059,825.1391878651355,298.0,7.647058823529412,4.352941176470588,3.0,2.0,16.25,15.905973720586866,47.0,2.3384615384615386,0.0,0.0,2.0,1557.3799999999999,6.0,4423.09,17.0,17831.54,0.4,0.5,0.04505729964670707,13.0,0.0,,0.0,46.0,334.0,1.0,0.0,Male,Central,Silver,70-120k,Online Web,1.0,1
C12679,0,5.0,19.0,22576.9,1188.2578947368422,984.9328864534598,345.0,8.473684210526315,4.368421052631579,3.0,2.0,18.88888888888889,18.3780204044649,60.0,0.2647058823529412,1.0,1779.68,4.0,4127.2,9.0,10031.16,19.0,22576.9,0.6666666666666666,0.8181818181818182,0.015526124843892809,13.0,1.0,4.0,0.0,44.0,348.0,1.0,0.0,Male,Bangkok,Platinum,>120k,Online Web,2.0,1
C12680,0,4.0,31.0,29723.13,958.8106451612904,660.2243622735909,575.0,7.096774193548387,3.5806451612903225,3.0,4.0,19.033333333333335,18.751521011104273,72.0,0.21015761821366022,2.0,2038.5500000000002,3.0,4054.63,8.0,7320.75,22.0,19657.07,0.5,0.5333333333333333,0.018987782535266676,14.0,0.0,,0.0,34.0,583.0,1.0,1.0,Female,South,Gold,40-70k,Online Web,3.0,1
C12681,0,1.0,65.0,96009.95,1477.0761538461538,1076.0840183096943,499.0,7.015384615384615,3.6153846153846154,3.0,6.0,7.78125,9.55098058623983,54.0,0.1285140562248996,4.0,7347.04,13.0,23368.45,26.0,37615.82,41.0,54341.68,0.9285714285714286,1.625,0.024265625096864626,14.0,1.0,3.0,0.0,47.0,499.0,1.0,0.0,Female,Central,Platinum,70-120k,Online Web,2.0,1
C12682,1,63.0,2.0,390.76,195.38,172.42091752452777,149.0,4.5,2.0,1.0,2.0,86.0,,86.0,0.7325581395348837,0.0,0.0,1.0,73.46,2.0,390.76,2.0,390.76,0.5,2.0,0.016659117217776437,4.0,2.0,1.5,0.0,24.0,167.0,1.0,0.0,Female,Bangkok,Bronze,20-40k,In-Store,1.0,1
C12683,0,3.0,9.0,9053.85,1005.9833333333333,742.9677081980077,171.0,7.444444444444445,3.7777777777777777,2.0,2.0,21.0,22.424476423255523,70.0,0.14285714285714285,1.0,167.63,3.0,3112.97,9.0,9053.85,9.0,9053.85,0.42857142857142855,9.0,0.11440711537840798,11.0,0.0,,0.0,36.0,222.0,1.0,1.0,Male,Central,Bronze,<20k,Online Web,2.0,1
C12684,0,66.0,11.0,5604.45,509.49545454545455,353.5876986650875,482.0,3.8181818181818183,2.1818181818181817,2.0,10.0,41.6,47.336150150927054,140.0,1.5865384615384615,0.0,0.0,2.0,1367.03,4.0,2280.86,6.0,4225.8,0.6666666666666666,1.3333333333333333,0.0375041002399177,5.0,0.0,,0.0,41.0,493.0,1.0,1.0,Female,Bangkok,Silver,>120k,In-Store,2.0,1
C12685,0,21.0,4.0,10775.44,2693.86,2134.1560141970253,77.0,11.5,6.0,1.0,1.0,18.666666666666668,11.015141094572204,26.0,1.125,1.0,2828.91,4.0,10775.44,4.0,10775.44,4.0,10775.44,4.0,4.0,0.02105175176884864,11.0,0.0,,0.0,38.0,92.0,0.0,1.0,Female,Bangkok,Bronze,70-120k,Mobile App,2.0,1
C12686,0,7.0,4.0,2637.7400000000002,659.4350000000001,406.6935113407475,112.0,7.5,4.0,2.0,2.0,35.0,46.76537180435969,89.0,0.2,2.0,1352.27,2.0,1352.27,4.0,2637.7400000000002,4.0,2637.7400000000002,0.6666666666666666,4.0,0.038023340627279356,6.0,0.0,,0.0,26.0,154.0,0.0,0.0,Female,Bangkok,Silver,20-40k,Online Web,2.0,1
C12687,0,124.0,5.0,3474.22,694.8439999999999,345.79447035775456,470.0,8.0,4.4,1.0,1.0,86.5,66.89544080129826,182.0,1.4335260115606936,0.0,0.0,0.0,0.0,2.0,1851.8600000000001,3.0,2127.4700000000003,0.0,1.0,0.046709380016188996,9.0,1.0,3.0,0.0,24.0,500.0,1.0,1.0,Male,Bangkok,Bronze,70-120k,Mobile App,3.0,1
C12688,0,23.0,28.0,38195.55,1364.126785714286,774.6682475937853,492.0,9.928571428571429,5.642857142857143,3.0,17.0,17.37037037037037,16.07230812046261,57.0,1.32409381663113,1.0,1833.9,6.0,9134.54,9.0,15083.22,19.0,28100.04,1.5,0.8181818181818182,0.019645814773092147,13.0,1.0,5.0,0.0,18.0,494.0,1.0,1.0,Male,Northeast,Gold,70-120k,In-Store,1.0,1
C12689,1,175.0,6.0,8921.529999999999,1486.9216666666664,1094.4015047032174,399.0,8.333333333333334,4.166666666666667,3.0,5.0,44.8,39.46137351892354,99.0,3.9062500000000004,0.0,0.0,0.0,0.0,1.0,186.31,3.0,3214.2799999999997,0.0,0.3333333333333333,0.06004562000537326,9.0,0.0,,0.0,28.0,468.0,0.0,0.0,Male,Central,Bronze,<20k,In-Store,1.0,1
C12690,0,,,,,,,,,,,,,,,,,,,,,,,,,,,,,,,,,,,,,,,,0
C12691,0,4.0,4.0,3996.05,999.0125,573.2888743251522,62.0,7.5,3.75,2.0,1.0,19.333333333333332,13.012814197295423,32.0,0.20689655172413796,2.0,2847.77,4.0,3996.05,4.0,3996.05,4.0,3996.05,4.0,4.0,0.022956326987681974,8.0,0.0,,0.0,22.0,83.0,0.0,0.0,Female,Northeast,Bronze,40-70k,Online Web,1.0,1
C12692,1,20.0,14.0,12118.82,865.63,956.9356450912223,401.0,5.142857142857143,3.142857142857143,3.0,3.0,29.307692307692307,28.087318061670395,85.0,0.6824146981627297,2.0,3583.33,7.0,8407.33,9.0,9166.65,13.0,11430.93,2.3333333333333335,1.8,0.029011506372532133,13.0,1.0,1.0,0.0,23.0,458.0,1.0,1.0,Female,Bangkok,Bronze,Unknown,Mobile App,3.0,1
C12693,0,7.0,2.0,3344.9900000000002,1672.4950000000001,1103.1926446681923,42.0,7.0,4.0,1.0,2.0,35.0,,35.0,0.2,1.0,2452.57,2.0,3344.9900000000002,2.0,3344.9900000000002,2.0,3344.9900000000002,2.0,2.0,0.012228325064965745,5.0,0.0,,0.0,21.0,73.0,0.0,1.0,Male,Bangkok,Bronze,20-40k,In-Store,2.0,1
C12694,0,18.0,56.0,128697.06,2298.1617857142855,1204.9338887546821,637.0,14.053571428571429,7.375,3.0,6.0,11.254545454545454,7.791776723686614,32.0,1.5993537964458806,3.0,12169.82,7.0,18758.73,16.0,34966.369999999995,32.0,75537.91,0.7,0.9411764705882353,0.01424460573823851,14.0,0.0,,0.0,44.0,645.0,1.0,0.0,Male,Northeast,Platinum,70-120k,Online Web,1.0,1
C12695,1,44.0,23.0,25586.59,1112.4604347826087,524.1617463451721,450.0,9.173913043478262,5.086956521739131,1.0,18.0,18.454545454545453,15.798514917329209,54.0,2.3842364532019706,0.0,0.0,1.0,801.48,5.0,6341.5599999999995,17.0,20703.12,0.2,0.38461538461538464,0.050941099319138455,13.0,1.0,2.0,0.0,48.0,479.0,1.0,1.0,Male,South,Bronze,20-40k,In-Store,1.0,1
C12696,0,8.0,13.0,4728.07,363.6976923076923,243.88393882999094,483.0,4.615384615384615,2.769230769230769,2.0,10.0,39.583333333333336,46.64071247961442,153.0,0.20210526315789473,2.0,1431.72,3.0,1610.74,5.0,2014.51,12.0,4602.36,1.0,0.625,0.08045867473652069,12.0,0.0,,0.0,28.0,508.0,1.0,0.0,Female,North,Silver,20-40k,In-Store,2.0,1
C12697,0,3.0,21.0,24982.88,1189.6609523809525,953.3383546564398,496.0,8.761904761904763,4.761904761904762,2.0,3.0,24.65,18.233211456021674,71.0,0.12170385395537527,3.0,3488.23,6.0,7097.55,9.0,14428.89,16.0,21176.73,1.5,1.125,0.016171829528297356,14.0,0.0,,0.0,43.0,606.0,1.0,1.0,Female,Northeast,Gold,70-120k,Mobile App,2.0,1
C12698,1,12.0,20.0,30009.41,1500.4705,873.0008538578751,492.0,10.5,4.95,3.0,11.0,25.263157894736842,16.037602014097157,59.0,0.475,2.0,3670.5199999999995,3.0,4839.799999999999,8.0,11901.41,13.0,20473.989999999998,0.5,1.3333333333333333,0.036303584789931884,13.0,2.0,3.0,0.0,34.0,498.0,0.0,1.0,Female,Bangkok,Bronze,70-120k,In-Store,3.0,1
C12699,0,26.0,5.0,2535.0299999999997,507.006,310.1050300785204,314.0,5.0,3.0,1.0,3.0,72.0,48.35286961494633,130.0,0.3611111111111111,1.0,935.22,1.0,935.22,3.0,2114.19,5.0,2535.0299999999997,0.3333333333333333,1.0,0.0534328057263837,6.0,1.0,2.0,0.0,44.0,332.0,1.0,0.0,Male,Central,Silver,<20k,In-Store,1.0,1
C12700,1,110.0,22.0,32307.15,1468.5068181818183,890.1913123239372,515.0,10.590909090909092,5.363636363636363,2.0,14.0,19.285714285714285,17.63276171546266,75.0,5.703703703703704,0.0,0.0,0.0,0.0,5.0,6535.4,12.0,16073.34,0.0,0.625,0.06005637831718666,14.0,0.0,,0.0,35.0,542.0,0.0,1.0,Male,East,Bronze,40-70k,In-Store,1.0,1
C12701,1,107.0,15.0,18172.77,1211.518,798.8032324510746,401.0,6.6,3.2666666666666666,3.0,10.0,21.0,13.410673131731823,51.0,5.095238095238095,0.0,0.0,0.0,0.0,4.0,2737.71,13.0,14355.02,0.0,0.4,0.08217916142043069,12.0,1.0,3.0,0.0,44.0,406.0,0.0,0.0,Male,Northeast,Bronze,20-40k,In-Store,1.0,1
C12702,1,65.0,16.0,12408.48,775.53,517.3407294230757,422.0,5.375,3.0625,3.0,8.0,23.8,23.926076629007586,95.0,2.73109243697479,0.0,0.0,1.0,803.58,4.0,4358.71,12.0,9442.59,0.25,0.4444444444444444,0.03001915184678523,13.0,1.0,3.0,0.0,30.0,449.0,0.0,0.0,Female,Bangkok,Bronze,40-70k,In-Store,3.0,1
C12703,0,4.0,67.0,139866.23,2087.5556716417914,1324.4108358061249,492.0,10.373134328358208,5.880597014925373,3.0,5.0,7.393939393939394,6.482826515266288,27.0,0.5409836065573771,1.0,2783.74,11.0,21165.74,23.0,49716.76,49.0,111721.32,0.8461538461538461,0.8518518518518519,0.0,14.0,0.0,,0.0,42.0,492.0,1.0,0.0,Female,North,Gold,70-120k,Mobile App,3.0,1
C12704,0,11.0,5.0,2017.3600000000001,403.47200000000004,293.2231878961826,301.0,4.6,2.6,1.0,3.0,72.5,94.2956343987709,209.0,0.15172413793103448,2.0,600.28,3.0,1390.52,3.0,1390.52,5.0,2017.3600000000001,3.0,1.0,0.007971203351741027,4.0,2.0,5.0,0.0,30.0,403.0,0.0,0.0,Male,Central,Silver,20-40k,In-Store,2.0,1
C12705,0,5.0,23.0,29693.18,1291.0078260869566,711.2960577894954,595.0,7.956521739130435,4.0,3.0,14.0,26.818181818181817,22.41945660875916,87.0,0.1864406779661017,1.0,1250.77,1.0,1250.77,6.0,7804.43,12.0,16257.869999999999,0.16666666666666666,0.8571428571428571,0.008124888722462045,13.0,0.0,,0.0,32.0,606.0,1.0,1.0,Female,Bangkok,Silver,40-70k,In-Store,1.0,1
C12706,0,19.0,41.0,53556.11,1306.2465853658537,809.6326189316045,605.0,11.634146341463415,6.317073170731708,3.0,21.0,14.65,10.252079213756017,39.0,1.2969283276450512,1.0,386.62,4.0,2858.08,9.0,11240.54,24.0,29689.47,0.6666666666666666,0.5625,0.032627530031636966,14.0,0.0,,0.0,36.0,618.0,0.0,1.0,Male,Bangkok,Platinum,>120k,In-Store,1.0,1
C12707,0,28.0,14.0,26090.78,1863.6271428571429,1269.0245537748735,301.0,11.642857142857142,5.714285714285714,3.0,11.0,21.0,21.536790228196338,55.0,1.3333333333333333,1.0,1599.14,5.0,12390.72,9.0,20978.61,14.0,26090.78,1.0,1.5,0.035640679148875774,13.0,0.0,,0.0,43.0,335.0,1.0,0.0,Female,Bangkok,Silver,40-70k,In-Store,2.0,1
C12708,0,34.0,17.0,13457.78,791.6341176470588,704.7877589570745,328.0,5.529411764705882,3.411764705882353,2.0,13.0,18.375,21.478283606160588,67.0,1.8503401360544218,0.0,0.0,4.0,2909.89,9.0,7222.61,17.0,13457.78,0.6666666666666666,1.0,0.0,13.0,1.0,4.0,0.0,41.0,330.0,1.0,0.0,Female,Bangkok,Platinum,40-70k,In-Store,2.0,1
C12709,0,20.0,26.0,38064.71,1464.0273076923077,736.263777859852,571.0,12.076923076923077,6.653846153846154,1.0,1.0,22.04,14.712466369262042,49.0,0.9074410163339384,1.0,2386.98,2.0,2660.56,6.0,9483.630000000001,15.0,23221.74,0.4,0.6,0.03970768948604986,14.0,0.0,,0.0,19.0,580.0,0.0,1.0,Male,Bangkok,Gold,40-70k,Online Web,2.0,1
C12710,0,50.0,10.0,7956.66,795.6659999999999,453.7797162157966,413.0,6.3,3.4,1.0,9.0,40.333333333333336,38.83619445826277,126.0,1.2396694214876032,0.0,0.0,1.0,1092.14,5.0,4162.42,8.0,7049.1900000000005,0.2,1.25,0.08684784355131178,11.0,0.0,,0.0,23.0,442.0,0.0,0.0,Female,Northeast,Bronze,40-70k,In-Store,1.0,1
C12711,0,24.0,8.0,4924.61,615.57625,274.96682485282264,325.0,6.625,3.375,1.0,6.0,43.0,43.88621651498338,132.0,0.5581395348837209,2.0,1381.33,2.0,1381.33,4.0,3074.57,8.0,4924.61,0.6666666666666666,0.8,0.1235009344130996,11.0,0.0,,0.0,48.0,346.0,0.0,1.0,Female,Northeast,Gold,<20k,In-Store,2.0,1
C12712,0,4.0,87.0,191946.73,2206.284252873563,1346.8548188578234,514.0,11.735632183908047,6.287356321839081,3.0,26.0,5.930232558139535,5.297703603892181,28.0,0.6745098039215687,6.0,12331.03,19.0,41344.92,36.0,75984.16,63.0,142655.45,1.0555555555555556,1.2857142857142858,0.009740001118478902,14.0,0.0,,0.0,41.0,515.0,1.0,1.0,Male,Northeast,Platinum,70-120k,In-Store,3.0,1
C12713,0,107.0,11.0,4296.14,390.5581818181818,234.10883955195635,527.0,5.0,2.909090909090909,3.0,6.0,42.0,56.11298126696412,186.0,2.5476190476190474,0.0,0.0,0.0,0.0,1.0,368.98,3.0,1197.1,0.0,0.3333333333333333,0.06337083942870972,11.0,0.0,,0.0,37.0,656.0,0.0,1.0,Female,Northeast,Bronze,40-70k,In-Store,1.0,1
C12714,0,14.0,54.0,92222.61,1707.8261111111112,991.6210355688833,623.0,12.185185185185185,6.425925925925926,3.0,21.0,11.49056603773585,11.45664510147417,71.0,1.2183908045977012,2.0,1389.69,7.0,9324.890000000001,21.0,37728.49,32.0,63653.43,0.4666666666666667,1.75,0.012109404876497889,14.0,0.0,,0.0,44.0,641.0,1.0,1.0,Female,East,Gold,<20k,In-Store,3.0,1
C12715,0,1.0,10.0,6491.29,649.129,447.8417037414001,513.0,6.8,3.2,1.0,1.0,56.888888888888886,39.00142447541001,138.0,0.017578125,1.0,616.1,3.0,1016.1,3.0,1016.1,6.0,2782.11,3.0,0.75,0.05084916764755339,10.0,0.0,,0.0,35.0,538.0,0.0,0.0,Male,Central,Silver,40-70k,Online Web,2.0,1
C12716,1,89.0,19.0,28632.23,1506.9594736842105,847.5317808428168,624.0,12.105263157894736,6.7368421052631575,2.0,1.0,29.72222222222222,23.76058415689993,80.0,2.994392523364486,0.0,0.0,1.0,923.32,6.0,5070.86,11.0,15506.24,0.16666666666666666,1.0,0.03739769995303351,14.0,1.0,4.0,0.0,35.0,650.0,0.0,1.0,Male,East,Gold,20-40k,Online Web,1.0,1
C12717,0,2.0,17.0,32778.03,1928.1194117647058,963.831984317486,304.0,11.941176470588236,6.117647058823529,3.0,9.0,18.875,22.884856710643103,86.0,0.10596026490066225,1.0,1281.38,4.0,6123.76,7.0,11941.05,17.0,32778.03,1.0,0.6363636363636364,0.04053781117070789,14.0,1.0,2.0,0.0,34.0,310.0,0.0,1.0,Female,Northeast,Gold,40-70k,In-Store,1.0,1
C12718,0,,,,,,,,,,,,,,,,,,,,,,,,,,,,,,,,,,,,,,,,0
C12719,0,9.0,56.0,115744.33,2066.8630357142856,1248.1475723515152,475.0,11.0,6.0,3.0,3.0,8.472727272727273,7.310202270734869,33.0,1.0622317596566524,3.0,3895.64,6.0,8068.21,18.0,36957.86,36.0,73786.99,0.46153846153846156,0.9473684210526315,0.0,14.0,1.0,5.0,0.0,36.0,493.0,1.0,1.0,Male,Bangkok,Platinum,70-120k,Mobile App,2.0,1
C12720,1,291.0,2.0,1620.57,810.285,254.19781676875198,311.0,5.5,2.5,1.0,2.0,20.0,,20.0,14.55,0.0,0.0,0.0,0.0,0.0,0.0,2.0,1620.57,0.0,0.0,0.011298952467527714,4.0,2.0,3.5,1.0,28.0,317.0,1.0,1.0,Male,Northeast,Bronze,20-40k,In-Store,2.0,1
C12721,0,6.0,65.0,143871.11,2213.401692307692,1150.6588618381986,485.0,12.384615384615385,6.676923076923077,3.0,25.0,7.484375,8.137688505119202,38.0,0.8016701461377871,1.0,4762.63,7.0,16027.66,14.0,35726.24,41.0,89596.13,0.875,0.5,0.0,14.0,0.0,,0.0,40.0,486.0,1.0,0.0,Female,Northeast,Gold,70-120k,In-Store,1.0,1
C12722,0,11.0,25.0,40442.62,1617.7048000000002,848.8270241099381,541.0,10.96,5.4,3.0,16.0,22.083333333333332,23.145882658865506,96.0,0.4981132075471698,1.0,2064.39,7.0,9444.84,10.0,14207.259999999998,17.0,28161.78,1.75,1.25,0.013571537284775448,12.0,0.0,,0.0,35.0,580.0,1.0,1.0,Male,Bangkok,Bronze,Unknown,In-Store,1.0,1
C12723,0,8.0,4.0,4843.5,1210.875,711.7888547642951,76.0,5.5,3.5,1.0,4.0,22.666666666666668,23.459184413217212,49.0,0.3529411764705882,3.0,4271.13,4.0,4843.5,4.0,4843.5,4.0,4843.5,4.0,4.0,0.0,10.0,0.0,,0.0,29.0,131.0,0.0,0.0,Female,Northeast,Silver,20-40k,In-Store,1.0,1
C12724,1,68.0,12.0,16579.53,1381.6274999999998,1227.1856409030527,409.0,10.0,5.25,2.0,11.0,31.0,37.28538587704303,127.0,2.193548387096774,0.0,0.0,2.0,5431.6900000000005,2.0,5431.6900000000005,8.0,10429.75,2.0,0.2857142857142857,0.035703255727928,12.0,3.0,2.3333333333333335,1.0,40.0,440.0,0.0,0.0,Female,Central,Silver,70-120k,In-Store,1.0,1
C12725,0,0.0,20.0,22416.04,1120.8020000000001,497.4665351304918,526.0,8.7,4.5,2.0,15.0,27.68421052631579,28.834879788160393,88.0,0.0,2.0,1134.86,5.0,5283.29,9.0,10114.43,12.0,13948.5,1.0,2.25,0.04451097770359092,13.0,0.0,,0.0,50.0,548.0,1.0,0.0,Female,South,Gold,20-40k,In-Store,1.0,1
C12726,1,59.0,30.0,39848.75,1328.2916666666667,821.1021021608632,608.0,9.5,4.733333333333333,2.0,19.0,18.93103448275862,17.53553745659441,64.0,3.1165755919854283,0.0,0.0,1.0,1569.67,3.0,4150.12,11.0,14780.720000000001,0.3333333333333333,0.3333333333333333,0.04286467459380521,14.0,1.0,2.0,0.0,48.0,625.0,1.0,1.0,Female,Bangkok,Silver,70-120k,In-Store,2.0,1
C12727,0,38.0,8.0,5295.66,661.9575,538.1360950208466,464.0,3.125,1.875,3.0,3.0,60.857142857142854,45.37777933243161,124.0,0.6244131455399061,0.0,0.0,1.0,91.42,2.0,533.26,5.0,1890.95,0.5,0.5,0.07543961339162254,9.0,2.0,4.0,0.0,44.0,492.0,0.0,1.0,Female,Northeast,Gold,20-40k,Mobile App,3.0,1
C12728,0,41.0,17.0,23975.41,1410.3182352941176,1041.5238389748654,397.0,11.529411764705882,5.764705882352941,2.0,2.0,22.25,28.349015268024154,119.0,1.8426966292134832,0.0,0.0,3.0,3893.2599999999998,9.0,14178.77,15.0,22047.56,0.42857142857142855,1.2857142857142858,0.01552912095131726,13.0,0.0,,0.0,47.0,414.0,1.0,0.0,Female,Bangkok,Gold,20-40k,Mobile App,2.0,1
C12729,0,12.0,5.0,3773.32,754.664,389.13389203460554,83.0,4.8,2.8,2.0,5.0,17.75,13.073510112692254,34.0,0.676056338028169,2.0,1327.25,5.0,3773.32,5.0,3773.32,5.0,3773.32,5.0,5.0,0.06598215788587782,7.0,0.0,,0.0,43.0,111.0,0.0,1.0,Female,Bangkok,Silver,<20k,In-Store,1.0,1
C12730,0,,,,,,,,,,,,,,,,,,,,,,,,,,,,,,,,,,,,,,,,0
C12731,0,,,,,,,,,,,,,,,,,,,,,,,,,,,,,,,,,,,,,,,,0
C12732,1,37.0,18.0,29995.78,1666.4322222222222,1064.0543186851028,421.0,11.61111111111111,6.111111111111111,3.0,6.0,22.58823529411765,20.576257019710276,65.0,1.6380208333333333,0.0,0.0,3.0,8023.97,5.0,13523.2,15.0,25242.4,1.0,0.45454545454545453,0.014263964011629379,14.0,1.0,3.0,1.0,27.0,504.0,1.0,1.0,Female,North,Bronze,>120k,Mobile App,2.0,1
C12733,0,,,,,,,,,,,,,,,,,,,,,,,,,,,,,,,,,,,,,,,,0
C12734,0,7.0,18.0,27539.45,1529.9694444444444,878.5238019975008,370.0,11.88888888888889,6.166666666666667,3.0,2.0,21.352941176470587,24.504951480442145,96.0,0.32782369146005513,3.0,4853.1,8.0,12912.84,14.0,23015.1,17.0,26633.67,1.1428571428571428,3.5,0.008143899080768017,14.0,0.0,,0.0,36.0,373.0,1.0,1.0,Female,Bangkok,Gold,<20k,Mobile App,3.0,1
C12735,0,22.0,12.0,7004.72,583.7266666666667,471.0583910405343,354.0,6.583333333333333,3.5833333333333335,1.0,1.0,30.181818181818183,26.445484233865642,81.0,0.7289156626506024,1.0,445.33,7.0,3036.87,9.0,4132.599999999999,12.0,7004.72,2.3333333333333335,2.25,0.07909212339212655,11.0,1.0,3.0,0.0,33.0,368.0,0.0,0.0,Female,East,Bronze,20-40k,Online Web,1.0,1
C12736,1,119.0,10.0,13459.83,1345.983,930.153905999193,414.0,12.4,6.2,3.0,7.0,32.77777777777778,21.352855650812714,68.0,3.630508474576271,0.0,0.0,0.0,0.0,3.0,3823.7400000000002,9.0,12845.54,0.0,0.42857142857142855,0.08176864780198151,14.0,1.0,3.0,0.0,35.0,414.0,0.0,1.0,Male,North,Platinum,<20k,In-Store,2.0,1
C12737,0,29.0,31.0,27290.56,880.3406451612904,752.4955258335892,599.0,7.451612903225806,3.903225806451613,2.0,1.0,19.0,17.565640442008686,62.0,1.5263157894736843,1.0,454.68,3.0,2737.45,7.0,4442.26,23.0,20901.7,0.6,0.4117647058823529,0.009908332235874251,14.0,1.0,3.0,0.0,60.0,607.0,1.0,0.0,Female,North,Platinum,70-120k,Mobile App,2.0,1
C12738,0,3.0,57.0,203830.03,3575.9654385964914,1574.9273448787026,591.0,17.63157894736842,9.43859649122807,3.0,23.0,10.5,10.187336167115433,54.0,0.2857142857142857,3.0,10873.48,11.0,36182.71,19.0,65559.38,35.0,124233.97,1.2222222222222223,1.1176470588235294,0.0,14.0,0.0,,0.0,44.0,664.0,1.0,0.0,Male,Northeast,Platinum,70-120k,In-Store,1.0,1
C12739,1,13.0,4.0,6045.55,1511.3875,801.0182514098332,52.0,7.75,3.25,1.0,4.0,13.0,9.539392014169456,24.0,1.0,1.0,1485.88,4.0,6045.55,4.0,6045.55,4.0,6045.55,4.0,4.0,0.04591500972936121,6.0,0.0,,0.0,18.0,69.0,1.0,1.0,Female,Bangkok,Silver,Unknown,In-Store,1.0,1
C12740,1,206.0,4.0,2864.02,716.005,800.6882293585522,424.0,5.25,3.0,1.0,1.0,72.66666666666667,66.90540586031396,145.0,2.8348623853211006,0.0,0.0,0.0,0.0,0.0,0.0,2.0,881.48,0.0,0.0,0.032772047847730204,7.0,0.0,,0.0,34.0,459.0,1.0,1.0,Female,Northeast,Silver,<20k,Mobile App,3.0,1
C12741,0,8.0,70.0,172791.84,2468.4548571428572,1344.3842991687418,501.0,14.9,7.742857142857143,3.0,23.0,7.144927536231884,5.544672488919221,26.0,1.1196754563894524,3.0,5071.43,11.0,21693.03,24.0,53814.33,49.0,123221.21,0.7857142857142857,0.9230769230769231,0.0318000891032527,14.0,0.0,,0.0,50.0,511.0,0.0,0.0,Female,East,Platinum,>120k,In-Store,3.0,1
C12742,0,43.0,33.0,46458.56,1407.8351515151514,926.6488278607801,633.0,10.484848484848484,5.545454545454546,3.0,3.0,18.4375,14.560081309592178,53.0,2.3322033898305086,0.0,0.0,5.0,9029.39,11.0,20420.23,21.0,32297.74,0.7142857142857143,1.0,0.01787559865254951,14.0,0.0,,0.0,40.0,654.0,1.0,1.0,Female,Bangkok,Gold,20-40k,Mobile App,2.0,1
C12743,1,18.0,12.0,10104.07,842.0058333333333,523.4971351915766,283.0,6.333333333333333,3.75,2.0,10.0,24.09090909090909,15.39126080251092,54.0,0.7471698113207548,1.0,554.86,2.0,1410.92,7.0,5740.2,12.0,10104.07,0.3333333333333333,1.1666666666666667,0.08334316150067951,12.0,0.0,,0.0,35.0,349.0,1.0,0.0,Female,Central,Bronze,40-70k,In-Store,3.0,1
C12744,0,6.0,31.0,51184.89,1651.1254838709676,904.0500474193477,346.0,13.129032258064516,6.903225806451613,3.0,4.0,11.333333333333334,7.507850297652054,31.0,0.5294117647058824,3.0,7127.74,8.0,15213.119999999999,16.0,27495.08,31.0,51184.89,0.8888888888888888,1.0,0.03404888287423586,14.0,1.0,3.0,0.0,43.0,350.0,1.0,1.0,Male,Bangkok,Platinum,40-70k,Mobile App,2.0,1
C12745,0,23.0,12.0,20765.89,1730.4908333333333,1033.7411151862516,266.0,13.916666666666666,7.416666666666667,3.0,4.0,22.09090909090909,15.397756625265549,41.0,1.0411522633744856,1.0,2322.98,2.0,2861.65,7.0,13074.21,12.0,20765.89,0.3333333333333333,1.1666666666666667,0.026151392382030555,12.0,0.0,,0.0,38.0,291.0,1.0,1.0,Female,Northeast,Gold,20-40k,Mobile App,2.0,1
C12746,0,14.0,11.0,5558.06,505.27818181818185,413.33113540642404,449.0,6.181818181818182,3.1818181818181817,1.0,8.0,43.5,44.18458755921319,137.0,0.3218390804597701,2.0,545.69,3.0,702.01,8.0,3762.1400000000003,10.0,4930.91,0.5,2.6666666666666665,0.09803527004285828,10.0,0.0,,0.0,29.0,579.0,1.0,0.0,Male,Northeast,Silver,<20k,In-Store,2.0,1
C12747,0,6.0,21.0,23947.56,1140.3600000000001,708.4703982171733,318.0,8.714285714285714,4.714285714285714,3.0,15.0,15.6,13.6936404755523,43.0,0.38461538461538464,3.0,2834.5299999999997,7.0,10139.35,12.0,13784.43,21.0,23947.56,1.1666666666666667,1.2,0.020018218469403038,13.0,1.0,4.0,1.0,38.0,329.0,1.0,1.0,Female,Bangkok,Silver,40-70k,In-Store,2.0,1
C12748,0,5.0,29.0,38790.05,1337.5879310344828,1019.7001334544362,535.0,9.137931034482758,4.689655172413793,3.0,3.0,18.928571428571427,17.5729770901098,72.0,0.2641509433962264,1.0,1249.88,3.0,4384.32,9.0,10971.22,19.0,22868.41,0.42857142857142855,0.8181818181818182,0.02266438126470946,12.0,1.0,5.0,0.0,47.0,545.0,0.0,0.0,Female,Bangkok,Gold,20-40k,Mobile App,1.0,1
C12749,0,40.0,25.0,32501.329999999998,1300.0531999999998,1083.7363873990143,612.0,8.96,4.56,3.0,4.0,23.833333333333332,24.685265217140763,97.0,1.6783216783216783,0.0,0.0,3.0,2796.87,8.0,7504.4,17.0,22632.86,0.5,0.8,0.007111843204630763,12.0,0.0,,0.0,44.0,661.0,1.0,1.0,Male,Bangkok,Gold,20-40k,Mobile App,1.0,1
C12750,0,15.0,3.0,1485.3400000000001,495.1133333333334,208.75431740046324,117.0,5.666666666666667,2.6666666666666665,1.0,3.0,51.0,26.870057685088806,70.0,0.29411764705882354,1.0,725.71,2.0,1166.33,3.0,1485.3400000000001,3.0,1485.3400000000001,1.0,3.0,0.03180304146323975,5.0,1.0,2.0,0.0,35.0,157.0,1.0,0.0,Male,East,Gold,20-40k,In-Store,3.0,1
C12751,0,8.0,29.0,53084.6,1830.503448275862,1078.9961326929101,461.0,13.724137931034482,7.275862068965517,3.0,3.0,16.178571428571427,17.16813062027165,67.0,0.49448123620309054,3.0,3317.56,5.0,6083.16,8.0,15546.029999999999,24.0,45643.159999999996,1.25,0.47058823529411764,0.01173362236565033,14.0,0.0,,0.0,35.0,486.0,1.0,0.0,Female,North,Silver,>120k,Online Web,2.0,1
C12752,0,23.0,15.0,10774.15,718.2766666666666,607.1229679711478,423.0,5.733333333333333,3.066666666666667,1.0,11.0,28.571428571428573,24.734635590648953,101.0,0.8049999999999999,1.0,693.82,3.0,2420.1800000000003,4.0,3818.13,12.0,9028.23,1.5,0.4444444444444444,0.07901676535427957,12.0,0.0,,0.0,24.0,469.0,1.0,0.0,Female,Central,Silver,20-40k,In-Store,3.0,1
C12753,0,30.0,27.0,25879.32,958.4933333333333,614.2103704382125,518.0,7.62962962962963,4.333333333333333,3.0,5.0,18.76923076923077,16.78167498745627,69.0,1.5983606557377048,0.0,0.0,5.0,4083.33,8.0,6062.5599999999995,18.0,18067.4,1.25,0.7272727272727273,0.02213479477893922,13.0,0.0,,0.0,40.0,521.0,0.0,1.0,Female,Northeast,Silver,70-120k,Mobile App,1.0,1
C12754,1,20.0,25.0,31211.36,1248.4544,794.3586272694049,350.0,7.92,4.0,2.0,1.0,13.75,15.226550038894446,52.0,1.4545454545454546,1.0,1481.88,3.0,7325.0599999999995,13.0,17867.71,25.0,31211.36,0.2727272727272727,1.0,0.06740338887434727,14.0,0.0,,0.0,34.0,356.0,1.0,1.0,Female,Bangkok,Silver,20-40k,Online Web,1.0,1
C12755,1,63.0,7.0,9484.89,1354.9842857142855,633.2977771121875,280.0,12.285714285714286,7.142857142857143,2.0,6.0,36.166666666666664,42.8831746337263,103.0,1.7419354838709677,0.0,0.0,2.0,1949.32,3.0,4182.0199999999995,7.0,9484.89,1.0,0.6,0.05546764603077708,13.0,3.0,2.6666666666666665,0.0,44.0,331.0,0.0,1.0,Female,North,Bronze,<20k,In-Store,3.0,1
C12756,0,22.0,28.0,24692.89,881.8889285714286,552.7553049904684,487.0,6.857142857142857,4.071428571428571,2.0,1.0,17.22222222222222,16.857624007536984,79.0,1.2774193548387098,1.0,2313.56,5.0,5198.66,11.0,10363.97,19.0,17474.01,0.7142857142857143,1.2222222222222223,0.031119438122891,14.0,0.0,,0.0,43.0,501.0,0.0,1.0,Female,East,Bronze,20-40k,Mobile App,2.0,1
C12757,0,23.0,56.0,166834.7,2979.191071428572,1804.7752800951337,543.0,15.75,8.464285714285714,3.0,20.0,9.454545454545455,7.292355667303343,29.0,2.4326923076923075,1.0,4306.61,10.0,27640.38,19.0,47997.25,39.0,103961.97,1.0,0.9047619047619048,0.01992205066266336,14.0,0.0,,0.0,40.0,544.0,1.0,0.0,Male,Northeast,Platinum,70-120k,In-Store,3.0,1
C12758,0,0.0,63.0,204630.66,3248.1057142857144,1305.025757444131,446.0,18.0,9.634920634920634,3.0,6.0,7.193548387096774,5.303381877037131,23.0,0.0,5.0,16156.26,14.0,44778.61,25.0,79698.94,50.0,157426.53,1.1666666666666667,0.9615384615384616,0.0,14.0,0.0,,0.0,49.0,456.0,1.0,1.0,Female,Bangkok,Platinum,40-70k,Mobile App,2.0,1
C12759,1,83.0,21.0,26310.55,1252.8833333333332,775.016294501821,527.0,9.238095238095237,4.857142857142857,1.0,16.0,22.2,18.543263779037048,75.0,3.7387387387387387,0.0,0.0,1.0,813.95,6.0,7078.96,13.0,18524.54,0.16666666666666666,0.75,0.017699703150650205,14.0,0.0,,0.0,30.0,590.0,1.0,0.0,Female,Northeast,Bronze,40-70k,In-Store,2.0,1
C12760,0,45.0,4.0,818.06,204.515,72.3208450817144,115.0,3.0,1.5,1.0,1.0,23.333333333333332,2.886751345948129,25.0,1.9285714285714286,0.0,0.0,2.0,304.4,4.0,818.06,4.0,818.06,0.6666666666666666,4.0,0.03084942542352802,5.0,0.0,,0.0,20.0,150.0,1.0,1.0,Female,Central,Bronze,40-70k,Mobile App,2.0,1
C12761,1,52.0,3.0,1701.85,567.2833333333333,397.44335059645084,81.0,3.6666666666666665,2.3333333333333335,1.0,3.0,14.5,14.849242404917497,25.0,3.586206896551724,0.0,0.0,3.0,1701.85,3.0,1701.85,3.0,1701.85,3.0,3.0,0.05946558346458869,7.0,3.0,3.0,2.0,31.0,104.0,0.0,1.0,Male,Central,Silver,20-40k,In-Store,1.0,1
C12762,0,17.0,3.0,4750.9400000000005,1583.6466666666668,487.3917993086602,30.0,6.666666666666667,4.0,2.0,3.0,6.5,7.7781745930520225,12.0,2.6153846153846154,2.0,2925.69,3.0,4750.9400000000005,3.0,4750.9400000000005,3.0,4750.9400000000005,3.0,3.0,0.03507567571958958,7.0,0.0,,0.0,32.0,46.0,1.0,0.0,Male,Northeast,Bronze,70-120k,In-Store,2.0,1
C12763,0,16.0,27.0,21977.68,813.9881481481482,584.5559884748623,543.0,6.62962962962963,3.740740740740741,3.0,15.0,20.26923076923077,20.691172402370423,75.0,0.7893738140417457,1.0,665.33,7.0,7546.83,10.0,10048.74,14.0,12699.07,1.75,2.0,0.0364981295656638,13.0,0.0,,0.0,24.0,545.0,1.0,0.0,Female,North,Gold,40-70k,In-Store,1.0,1
C12764,0,16.0,50.0,134942.98,2698.8596000000002,1742.4951979050863,438.0,13.72,7.22,3.0,5.0,8.612244897959183,7.527218185056294,30.0,1.8578199052132702,3.0,4957.29,9.0,23699.72,26.0,62501.66,42.0,111610.7,0.5,1.5294117647058822,0.0,14.0,3.0,3.0,2.0,38.0,449.0,1.0,1.0,Male,South,Gold,40-70k,Online Web,1.0,1
C12765,0,,,,,,,,,,,,,,,,,,,,,,,,,,,,,,,,,,,,,,,,0
C12766,0,0.0,46.0,133005.63999999998,2891.4269565217387,1623.9626051713674,467.0,16.630434782608695,8.717391304347826,3.0,3.0,10.377777777777778,13.292665251745019,62.0,0.0,1.0,2990.38,7.0,17454.73,13.0,28426.78,29.0,81758.93,1.0,0.7647058823529411,0.00810049231179971,14.0,0.0,,0.0,31.0,482.0,1.0,1.0,Female,South,Gold,40-70k,Mobile App,1.0,1
C12767,0,0.0,6.0,13713.46,2285.5766666666664,1505.873731714139,128.0,10.833333333333334,5.666666666666667,2.0,5.0,25.6,12.934450123604018,40.0,0.0,2.0,7734.4,4.0,12014.95,6.0,13713.46,6.0,13713.46,1.3333333333333333,6.0,0.015201990642829701,13.0,0.0,,0.0,23.0,135.0,1.0,1.0,Male,Bangkok,Gold,40-70k,In-Store,3.0,1
C12768,1,29.0,8.0,6376.2,797.025,408.51994946916085,136.0,5.375,2.375,3.0,2.0,15.285714285714286,16.05941349815621,50.0,1.8971962616822429,1.0,1088.5,2.0,1257.82,8.0,6376.2,8.0,6376.2,0.2857142857142857,8.0,0.011581311783918857,11.0,0.0,,0.0,18.0,147.0,1.0,0.0,Female,East,Silver,>120k,Online Web,3.0,1
C12769,1,57.0,17.0,13117.24,771.6023529411765,641.0976125904056,549.0,5.117647058823529,2.7058823529411766,3.0,13.0,30.75,28.96549671592048,111.0,1.853658536585366,0.0,0.0,1.0,470.94,4.0,2185.5099999999998,13.0,10028.029999999999,0.25,0.4,0.02276425186995262,12.0,1.0,3.0,0.0,63.0,605.0,0.0,1.0,Female,North,Bronze,20-40k,In-Store,1.0,1
C12770,1,19.0,23.0,35697.520000000004,1552.066086956522,1227.0407163791158,455.0,10.782608695652174,5.826086956521739,3.0,15.0,19.818181818181817,16.29676089241097,64.0,0.9587155963302753,1.0,2149.97,3.0,7412.08,6.0,10148.08,16.0,26669.39,0.75,0.5454545454545454,0.048120707746089224,14.0,0.0,,0.0,44.0,460.0,0.0,1.0,Female,North,Silver,Unknown,In-Store,1.0,1
C12771,0,16.0,82.0,169500.56,2067.08,1572.4736724719066,633.0,9.71951219512195,5.170731707317073,3.0,24.0,7.617283950617284,6.552800739444486,32.0,2.1004862236628847,3.0,2757.3,12.0,21332.04,23.0,54472.0,50.0,105988.67,1.0,0.8214285714285714,0.0,14.0,0.0,,0.0,28.0,644.0,1.0,1.0,Female,Central,Gold,40-70k,In-Store,1.0,1
C12772,0,54.0,31.0,44788.43,1444.788064516129,863.9298762685905,579.0,10.290322580645162,5.806451612903226,3.0,20.0,17.5,16.236931084243807,63.0,3.085714285714286,0.0,0.0,2.0,2857.5,5.0,9599.869999999999,18.0,27138.08,0.5,0.35714285714285715,0.04135194875216206,14.0,0.0,,0.0,50.0,612.0,0.0,0.0,Female,Northeast,Silver,Unknown,In-Store,1.0,1
C12773,1,24.0,27.0,23091.34,855.2348148148149,715.3812226378667,473.0,6.592592592592593,3.2222222222222223,3.0,13.0,17.26923076923077,20.71049529549246,94.0,1.3897550111358574,1.0,218.64,2.0,247.33999999999997,9.0,4562.07,20.0,17246.96,0.25,0.75,0.031384427461447435,14.0,0.0,,0.0,35.0,475.0,1.0,0.0,Male,South,Silver,70-120k,In-Store,2.0,1
C12774,0,45.0,8.0,3493.62,436.7025,341.4854227698244,532.0,5.75,3.25,2.0,1.0,69.57142857142857,97.09764353964714,271.0,0.6468172484599589,0.0,0.0,3.0,1208.62,4.0,1523.19,4.0,1523.19,1.5,4.0,0.05334778485300095,8.0,0.0,,0.0,39.0,557.0,0.0,1.0,Male,Northeast,Bronze,<20k,Mobile App,3.0,1
C12775,0,4.0,3.0,2410.39,803.4633333333333,717.3780795600974,26.0,2.0,1.6666666666666667,1.0,1.0,11.0,12.727922061357855,20.0,0.36363636363636365,3.0,2410.39,3.0,2410.39,3.0,2410.39,3.0,2410.39,3.0,3.0,0.011993523661180906,3.0,0.0,,0.0,22.0,97.0,0.0,1.0,Male,Northeast,Silver,<20k,Mobile App,1.0,1
C12776,0,12.0,13.0,21023.11,1617.1623076923076,1000.0203803936017,369.0,12.0,6.230769230769231,2.0,1.0,29.75,31.080906152696503,98.0,0.40336134453781514,1.0,1680.57,4.0,5531.33,5.0,5914.11,11.0,19537.76,2.0,0.7142857142857143,0.01258602193970433,12.0,0.0,,0.0,39.0,369.0,1.0,0.0,Female,South,Silver,<20k,Mobile App,2.0,1
C12777,0,23.0,2.0,6482.74,3241.37,814.4597327062894,99.0,10.5,4.0,2.0,2.0,76.0,,76.0,0.3026315789473684,1.0,3817.28,1.0,3817.28,2.0,6482.74,2.0,6482.74,0.5,2.0,0.05939826932787008,7.0,0.0,,0.0,19.0,107.0,0.0,0.0,Male,Bangkok,Gold,<20k,In-Store,3.0,1
C12778,0,16.0,1.0,1615.62,1615.62,,16.0,5.0,4.0,1.0,1.0,,,,,1.0,1615.62,1.0,1615.62,1.0,1615.62,1.0,1615.62,1.0,1.0,0.1817076753208602,3.0,0.0,,0.0,25.0,32.0,1.0,1.0,Male,Bangkok,Gold,20-40k,Online Web,2.0,1
C12779,0,18.0,1.0,565.42,565.42,,18.0,6.0,3.0,1.0,1.0,,,,,1.0,565.42,1.0,565.42,1.0,565.42,1.0,565.42,1.0,1.0,0.10811407659789261,2.0,0.0,,0.0,34.0,21.0,1.0,0.0,Female,Bangkok,Silver,40-70k,In-Store,1.0,1
C12780,0,4.0,21.0,33171.5,1579.595238095238,1233.5872296543082,343.0,11.238095238095237,6.428571428571429,2.0,1.0,16.95,14.255100656847082,51.0,0.2359882005899705,2.0,1331.0700000000002,7.0,7000.0,13.0,23031.13,21.0,33171.5,1.0,1.4444444444444444,0.022446466850439602,14.0,0.0,,0.0,40.0,352.0,1.0,0.0,Female,South,Platinum,<20k,Online Web,1.0,1
C12781,0,12.0,33.0,93894.17,2845.2778787878788,1364.6291375492774,352.0,15.848484848484848,8.181818181818182,3.0,3.0,10.625,12.29411083772725,58.0,1.1294117647058823,1.0,4055.71,2.0,6064.49,14.0,36453.87,33.0,93894.17,0.15384615384615385,0.7,0.014990798666514763,14.0,0.0,,0.0,49.0,367.0,0.0,1.0,Male,Bangkok,Platinum,40-70k,Online Web,1.0,1
C12782,1,163.0,9.0,15408.82,1712.091111111111,1302.6798154520209,399.0,13.555555555555555,7.555555555555555,2.0,9.0,29.5,34.488093183424496,107.0,5.52542372881356,0.0,0.0,0.0,0.0,1.0,453.99,7.0,11803.38,0.0,0.14285714285714285,0.05595358440396763,13.0,3.0,2.6666666666666665,0.0,37.0,434.0,0.0,0.0,Male,Northeast,Bronze,40-70k,In-Store,2.0,1
C12783,1,251.0,3.0,1117.83,372.60999999999996,165.09253435573635,302.0,5.666666666666667,3.6666666666666665,1.0,1.0,25.5,27.577164466275352,45.0,9.843137254901961,0.0,0.0,0.0,0.0,0.0,0.0,3.0,1117.83,0.0,0.0,0.03455572445242866,5.0,1.0,4.0,1.0,26.0,305.0,0.0,1.0,Female,North,Silver,40-70k,Mobile App,1.0,1
C12784,0,0.0,78.0,186216.04,2387.3851282051282,1363.9322071288918,520.0,13.076923076923077,6.923076923076923,3.0,7.0,6.753246753246753,6.253748021777871,26.0,0.0,5.0,10047.35,12.0,22868.95,28.0,59477.26,52.0,132352.87,0.7058823529411765,1.12,0.015296854757850784,14.0,0.0,,0.0,51.0,532.0,1.0,0.0,Female,Bangkok,Bronze,Unknown,Online Web,1.0,1
C12785,0,20.0,13.0,23373.81,1797.9853846153846,1079.9348276834069,303.0,12.538461538461538,6.384615384615385,3.0,2.0,23.583333333333332,17.14885807665727,55.0,0.8480565371024735,1.0,533.7,3.0,3347.4700000000003,9.0,16448.69,13.0,23373.81,0.42857142857142855,1.8,0.02648836162248816,12.0,2.0,3.0,1.0,38.0,346.0,0.0,1.0,Male,Bangkok,Gold,>120k,Mobile App,2.0,1
C12786,1,0.0,3.0,2301.49,767.1633333333333,293.57546020288095,20.0,6.0,3.3333333333333335,1.0,2.0,10.0,2.8284271247461903,12.0,0.0,3.0,2301.49,3.0,2301.49,3.0,2301.49,3.0,2301.49,3.0,3.0,0.02914886167578535,5.0,0.0,,0.0,26.0,23.0,1.0,0.0,Male,East,Bronze,40-70k,In-Store,2.0,1
C12787,0,26.0,3.0,2309.84,769.9466666666667,407.1216531128421,46.0,9.0,4.666666666666667,2.0,3.0,10.0,12.727922061357855,19.0,2.6,2.0,1079.9,3.0,2309.84,3.0,2309.84,3.0,2309.84,3.0,3.0,0.04637970753618641,7.0,0.0,,0.0,19.0,100.0,0.0,1.0,Female,Northeast,Bronze,20-40k,In-Store,2.0,1
C12788,0,151.0,4.0,1413.94,353.485,222.58570162224407,445.0,5.75,3.0,2.0,4.0,98.0,45.39823785126467,134.0,1.5408163265306123,0.0,0.0,0.0,0.0,1.0,561.12,3.0,971.61,0.0,0.3333333333333333,0.13032727898980828,6.0,2.0,3.0,1.0,27.0,485.0,0.0,0.0,Female,Central,Silver,40-70k,In-Store,2.0,1
C12789,1,73.0,6.0,11177.689999999999,1862.948333333333,1385.8339159425514,312.0,7.5,4.0,1.0,5.0,47.8,26.771253239249,86.0,1.5271966527196654,0.0,0.0,1.0,1190.59,2.0,1700.6999999999998,6.0,11177.689999999999,0.5,0.4,0.03368201741115039,10.0,0.0,,0.0,44.0,337.0,0.0,1.0,Male,Northeast,Bronze,70-120k,In-Store,1.0,1
C12790,0,8.0,4.0,2250.2,562.55,300.5839524436836,80.0,6.25,3.25,1.0,4.0,24.0,12.165525060596439,32.0,0.3333333333333333,2.0,1412.03,4.0,2250.2,4.0,2250.2,4.0,2250.2,4.0,4.0,0.12399950169734343,8.0,0.0,,0.0,36.0,192.0,1.0,1.0,Male,Central,Silver,>120k,In-Store,2.0,1
C12791,1,6.0,3.0,1700.01,566.67,124.21102487299585,10.0,3.6666666666666665,2.3333333333333335,1.0,1.0,2.0,1.4142135623730951,3.0,3.0,3.0,1700.01,3.0,1700.01,3.0,1700.01,3.0,1700.01,3.0,3.0,0.01424694708276798,6.0,1.0,1.0,0.0,18.0,14.0,0.0,1.0,Male,Central,Gold,20-40k,Mobile App,1.0,1
C12792,0,23.0,9.0,3817.7,424.18888888888887,251.82135291930885,324.0,5.444444444444445,3.0,3.0,2.0,37.625,32.310712509276904,91.0,0.6112956810631229,1.0,238.58,1.0,238.58,6.0,2040.54,9.0,3817.7,0.16666666666666666,1.5,0.04599953020905696,11.0,0.0,,0.0,26.0,380.0,1.0,1.0,Female,Bangkok,Bronze,40-70k,Mobile App,1.0,1
C12793,1,5.0,4.0,4172.64,1043.16,1153.5607818691942,50.0,5.25,2.25,2.0,4.0,15.0,12.288205727444508,24.0,0.3333333333333333,2.0,3760.92,4.0,4172.64,4.0,4172.64,4.0,4172.64,4.0,4.0,0.0031249104096786216,7.0,2.0,1.5,0.0,24.0,90.0,0.0,0.0,Female,Central,Gold,70-120k,In-Store,2.0,1
C12794,0,7.0,3.0,5158.9,1719.6333333333332,57.31251375863159,69.0,11.333333333333334,5.333333333333333,1.0,1.0,31.0,16.97056274847714,43.0,0.22580645161290322,2.0,3464.48,3.0,5158.9,3.0,5158.9,3.0,5158.9,3.0,3.0,0.009332693230916947,6.0,1.0,3.0,1.0,26.0,83.0,0.0,1.0,Female,Bangkok,Silver,<20k,Online Web,3.0,1
C12795,0,24.0,24.0,42458.18,1769.0908333333334,671.9221527691166,519.0,15.041666666666666,7.5,3.0,14.0,21.52173913043478,17.578058547305222,73.0,1.1151515151515152,1.0,1954.71,5.0,9551.8,8.0,13655.88,16.0,26432.36,1.25,0.8888888888888888,0.0,14.0,0.0,,0.0,52.0,529.0,1.0,1.0,Female,Bangkok,Gold,40-70k,In-Store,2.0,1
C12796,0,43.0,4.0,3678.68,919.67,398.01006076061276,206.0,8.25,4.0,1.0,1.0,54.333333333333336,28.00595174839329,71.0,0.7914110429447853,0.0,0.0,2.0,2250.85,3.0,2700.81,4.0,3678.68,1.0,1.5,0.04289524007753249,7.0,1.0,5.0,0.0,41.0,223.0,0.0,1.0,Female,Northeast,Silver,40-70k,Mobile App,3.0,1
C12797,0,0.0,56.0,147656.83,2636.7291071428567,1962.730922435534,518.0,12.160714285714286,6.857142857142857,3.0,22.0,9.418181818181818,11.201340708595273,51.0,0.0,4.0,9718.96,8.0,18276.28,22.0,62302.66,40.0,94528.47,0.5333333333333333,1.1578947368421053,0.0,14.0,0.0,,0.0,25.0,536.0,1.0,1.0,Male,Unknown,Platinum,40-70k,In-Store,3.0,1
C12798,0,33.0,35.0,56699.17,1619.9762857142857,807.8481062969468,554.0,12.885714285714286,7.0,3.0,17.0,15.323529411764707,11.64817735315804,46.0,2.1535508637236083,0.0,0.0,3.0,4424.45,8.0,11529.07,22.0,36844.79,0.5,0.5333333333333333,0.008792852854805782,14.0,0.0,,0.0,40.0,558.0,1.0,0.0,Male,Northeast,Gold,20-40k,In-Store,3.0,1
C12799,0,7.0,37.0,50275.59,1358.7997297297297,777.7514849390677,601.0,10.864864864864865,5.621621621621622,3.0,19.0,16.5,13.927362584905605,59.0,0.42424242424242425,3.0,4105.11,7.0,9929.85,13.0,18079.01,20.0,30765.4,1.0,1.625,0.07970511370427935,14.0,1.0,4.0,1.0,54.0,601.0,0.0,0.0,Female,South,Silver,Unknown,In-Store,1.0,1
C12800,0,9.0,61.0,139378.53,2284.8939344262294,1160.8262053199849,448.0,14.704918032786885,7.704918032786885,3.0,7.0,7.316666666666666,6.3499410558232245,34.0,1.2300683371298406,4.0,9657.66,14.0,30384.489999999998,31.0,68219.7,50.0,115005.83,0.7777777777777778,1.55,0.0071213331470746065,14.0,0.0,,0.0,40.0,449.0,1.0,1.0,Male,Central,Platinum,40-70k,Mobile App,1.0,1
C12801,0,77.0,5.0,1088.77,217.754,187.75967439788553,193.0,2.8,1.8,2.0,5.0,29.0,25.974346318370873,63.0,2.6551724137931036,0.0,0.0,1.0,21.92,4.0,597.36,5.0,1088.77,0.25,2.0,0.0,4.0,2.0,3.5,0.0,36.0,219.0,1.0,0.0,Female,Northeast,Silver,40-70k,In-Store,1.0,1
C12802,0,45.0,3.0,3769.43,1256.4766666666667,564.8983631002424,143.0,11.333333333333334,5.0,2.0,3.0,49.0,16.97056274847714,61.0,0.9183673469387755,0.0,0.0,1.0,829.89,3.0,3769.43,3.0,3769.43,0.3333333333333333,3.0,0.10339619230659447,7.0,0.0,,0.0,38.0,264.0,1.0,1.0,Female,Northeast,Bronze,20-40k,In-Store,1.0,1
C12803,1,46.0,3.0,2101.01,700.3366666666667,493.5420957054559,235.0,6.333333333333333,3.6666666666666665,2.0,3.0,94.5,30.405591591021544,116.0,0.48677248677248675,0.0,0.0,1.0,1013.39,2.0,1144.79,3.0,2101.01,0.5,1.0,0.05365877827524391,6.0,2.0,4.0,2.0,33.0,367.0,1.0,0.0,Male,Bangkok,Gold,40-70k,In-Store,1.0,1
C12804,0,29.0,20.0,14107.61,705.3805,439.73454531324023,391.0,5.15,3.15,1.0,12.0,19.05263157894737,25.094208460232693,105.0,1.522099447513812,1.0,203.34,6.0,4865.84,7.0,5335.51,17.0,11167.33,3.0,0.6363636363636364,0.02606931336264595,13.0,0.0,,0.0,49.0,404.0,1.0,0.0,Male,Bangkok,Silver,<20k,In-Store,1.0,1
C12805,0,53.0,11.0,3815.3900000000003,346.8536363636364,244.56251860302416,620.0,3.8181818181818183,2.5454545454545454,1.0,1.0,56.7,79.2619426683169,259.0,0.9347442680776014,0.0,0.0,1.0,160.87,3.0,382.73,3.0,382.73,0.3333333333333333,3.0,0.03867822318526543,10.0,0.0,,0.0,36.0,644.0,0.0,0.0,Female,South,Silver,40-70k,Mobile App,1.0,1
C12806,0,22.0,1.0,472.6,472.6,,22.0,7.0,3.0,1.0,1.0,,,,,1.0,472.6,1.0,472.6,1.0,472.6,1.0,472.6,1.0,1.0,0.05899687394221771,1.0,2.0,3.0,0.0,42.0,149.0,1.0,1.0,Female,Central,Bronze,40-70k,Mobile App,1.0,1
C12807,0,0.0,46.0,113763.57,2473.121086956522,1376.695262760674,402.0,12.217391304347826,6.760869565217392,3.0,22.0,8.933333333333334,8.354095348444922,45.0,0.0,7.0,14670.880000000001,15.0,27062.33,27.0,62299.75,41.0,97636.51,1.1538461538461537,1.8,0.012364159840927556,14.0,0.0,,0.0,47.0,403.0,1.0,1.0,Female,Northeast,Silver,>120k,In-Store,3.0,1
C12808,0,7.0,26.0,25534.88,982.1107692307693,449.201696603413,533.0,10.884615384615385,5.730769230769231,3.0,18.0,21.04,17.006077345074807,61.0,0.33269961977186313,2.0,2212.09,4.0,5523.42,10.0,11235.33,16.0,15004.470000000001,0.5714285714285714,1.4285714285714286,0.030481412758673977,14.0,2.0,4.0,0.0,34.0,537.0,1.0,0.0,Female,Central,Silver,20-40k,In-Store,3.0,1
C12809,0,14.0,3.0,1396.72,465.5733333333333,277.0746643656424,48.0,5.333333333333333,3.3333333333333335,1.0,1.0,17.0,7.0710678118654755,22.0,0.8235294117647058,1.0,273.58,3.0,1396.72,3.0,1396.72,3.0,1396.72,3.0,3.0,0.0,4.0,1.0,2.0,0.0,43.0,101.0,0.0,1.0,Male,Central,Bronze,40-70k,Online Web,3.0,1
C12810,0,165.0,9.0,6330.41,703.3788888888889,503.50443241456287,498.0,9.0,4.555555555555555,1.0,1.0,41.625,26.84312894259109,84.0,3.963963963963964,0.0,0.0,0.0,0.0,1.0,349.32,6.0,5326.05,0.0,0.16666666666666666,0.13426620478953638,12.0,1.0,4.0,0.0,24.0,527.0,0.0,0.0,Male,Bangkok,Bronze,20-40k,Online Web,1.0,1
C12811,0,62.0,9.0,9984.25,1109.361111111111,344.7420595330821,244.0,10.0,5.111111111111111,3.0,7.0,22.75,23.926972228010797,79.0,2.7252747252747254,0.0,0.0,3.0,2565.1,5.0,4347.84,9.0,9984.25,1.0,1.0,0.007463717762514998,11.0,0.0,,0.0,48.0,249.0,1.0,0.0,Female,Bangkok,Silver,20-40k,In-Store,3.0,1
C12812,0,6.0,68.0,112691.59,1657.2292647058823,1218.882455561475,589.0,8.544117647058824,4.720588235294118,3.0,4.0,8.701492537313433,7.424396568425377,31.0,0.6895368782161235,2.0,4365.2,9.0,16620.82,20.0,32533.0,43.0,67389.54,0.75,0.8333333333333334,0.030770391205790972,14.0,0.0,,0.0,33.0,594.0,1.0,1.0,Female,Central,Gold,20-40k,Mobile App,3.0,1
C12813,1,5.0,5.0,2041.27,408.254,219.26641541740952,290.0,6.0,3.2,3.0,2.0,71.25,43.292609068985435,126.0,0.07017543859649122,2.0,780.87,2.0,780.87,3.0,863.3,5.0,2041.27,1.0,1.0,0.09629534527488293,7.0,0.0,,0.0,44.0,300.0,0.0,1.0,Male,North,Silver,40-70k,Mobile App,3.0,1
C12814,1,260.0,5.0,1027.46,205.49200000000002,30.00225858164682,418.0,3.2,1.6,1.0,5.0,39.5,27.35568192045911,66.0,6.582278481012659,0.0,0.0,0.0,0.0,0.0,0.0,4.0,836.42,0.0,0.0,0.10018741351829472,4.0,0.0,,0.0,32.0,430.0,1.0,0.0,Male,Central,Silver,<20k,In-Store,2.0,1
C12815,0,30.0,39.0,37538.57,962.5274358974359,821.3950479734812,631.0,6.743589743589744,3.5128205128205128,3.0,5.0,15.81578947368421,12.58024032589137,45.0,1.896838602329451,0.0,0.0,4.0,3233.0699999999997,10.0,7689.5599999999995,20.0,16698.7,0.5714285714285714,0.9090909090909091,0.0,13.0,1.0,3.0,0.0,50.0,652.0,1.0,1.0,Male,East,Gold,70-120k,Mobile App,1.0,1
C12816,0,165.0,8.0,3867.13,483.39125,302.2046231771494,562.0,5.625,2.625,2.0,2.0,56.714285714285715,39.613609974831824,98.0,2.9093198992443323,0.0,0.0,0.0,0.0,1.0,389.24,3.0,1572.0,0.0,0.3333333333333333,0.02323742842493174,10.0,1.0,2.0,0.0,31.0,595.0,1.0,0.0,Male,East,Bronze,20-40k,Mobile App,3.0,1
C12817,0,4.0,12.0,18694.1,1557.8416666666665,1370.3166414361935,275.0,9.5,5.25,3.0,9.0,24.636363636363637,15.259572256604885,48.0,0.16236162361623616,2.0,1693.45,6.0,4590.62,8.0,12205.51,12.0,18694.1,2.0,1.6,0.029750894260333043,12.0,1.0,2.0,0.0,30.0,324.0,1.0,0.0,Female,Bangkok,Silver,20-40k,In-Store,1.0,1
C12818,0,3.0,27.0,23394.89,866.4774074074074,516.4992675591843,617.0,7.518518518518518,4.074074074074074,3.0,2.0,23.615384615384617,24.604189762033492,90.0,0.1270358306188925,2.0,1119.47,5.0,3461.46,10.0,7715.98,20.0,15533.58,0.8333333333333334,0.9090909090909091,0.06050202638558029,13.0,1.0,4.0,0.0,32.0,619.0,0.0,1.0,Male,North,Bronze,20-40k,Mobile App,3.0,1
C12819,0,11.0,16.0,5196.47,324.779375,298.29231954507867,592.0,3.0625,1.75,3.0,8.0,38.733333333333334,36.20076294907661,114.0,0.28399311531841653,2.0,1157.22,4.0,1401.23,5.0,2178.74,9.0,3506.5,2.0,1.0,0.04057434783973354,8.0,0.0,,0.0,38.0,610.0,0.0,0.0,Male,Northeast,Gold,20-40k,In-Store,2.0,1
C12820,0,1.0,29.0,36597.9,1261.996551724138,932.8880150841712,482.0,9.137931034482758,5.344827586206897,3.0,17.0,17.178571428571427,18.245351658514483,75.0,0.058212058212058215,3.0,4072.8100000000004,9.0,11694.73,12.0,13323.25,22.0,22374.85,2.25,1.0909090909090908,0.02803819232350445,14.0,1.0,2.0,0.0,45.0,489.0,0.0,1.0,Female,East,Silver,20-40k,In-Store,2.0,1
C12821,0,13.0,3.0,1014.29,338.09666666666664,280.5066666468612,204.0,3.6666666666666665,2.3333333333333335,1.0,1.0,95.5,109.60155108391487,173.0,0.13612565445026178,1.0,661.9,1.0,661.9,1.0,661.9,3.0,1014.29,1.0,0.3333333333333333,0.040506664396325824,4.0,1.0,3.0,1.0,49.0,253.0,1.0,1.0,Female,North,Bronze,20-40k,Mobile App,3.0,1
C12822,0,55.0,15.0,6591.87,439.45799999999997,280.32930561853755,550.0,5.0,2.8666666666666667,2.0,11.0,35.357142857142854,37.96882758437332,146.0,1.5555555555555556,0.0,0.0,3.0,1532.21,6.0,2305.62,9.0,4068.8100000000004,0.75,1.5,0.13300688925891146,11.0,2.0,3.0,0.0,18.0,644.0,0.0,1.0,Male,North,Bronze,70-120k,In-Store,2.0,1
C12823,1,73.0,15.0,21245.38,1416.3586666666667,801.46122347931,437.0,12.466666666666667,6.866666666666666,2.0,2.0,26.0,21.476283878519794,81.0,2.8076923076923075,0.0,0.0,1.0,1087.85,2.0,2310.0699999999997,11.0,15601.2,0.5,0.2,0.08540002539912138,12.0,1.0,3.0,0.0,39.0,448.0,1.0,1.0,Male,Bangkok,Silver,<20k,Mobile App,2.0,1
C12824,0,16.0,2.0,4185.53,2092.765,1679.555382013347,34.0,10.5,4.0,1.0,1.0,18.0,,18.0,0.8888888888888888,1.0,905.14,2.0,4185.53,2.0,4185.53,2.0,4185.53,2.0,2.0,0.01127966966512964,5.0,0.0,,0.0,46.0,67.0,1.0,1.0,Female,Central,Bronze,70-120k,Mobile App,3.0,1
C12825,0,7.0,2.0,5043.7,2521.85,870.4908740475114,47.0,11.0,5.5,2.0,2.0,40.0,,40.0,0.175,1.0,3137.38,2.0,5043.7,2.0,5043.7,2.0,5043.7,2.0,2.0,0.004712308439136629,6.0,0.0,,0.0,60.0,66.0,1.0,1.0,Female,Northeast,Silver,20-40k,In-Store,3.0,1
C12826,0,59.0,6.0,3347.7,557.9499999999999,117.25988845295734,415.0,10.0,5.5,1.0,5.0,71.2,31.3878957561669,99.0,0.8286516853932584,0.0,0.0,1.0,761.42,2.0,1185.96,5.0,2833.92,0.5,0.5,0.03901964330310624,10.0,0.0,,0.0,41.0,501.0,0.0,1.0,Male,Bangkok,Silver,20-40k,In-Store,1.0,1
C12827,0,4.0,15.0,6717.35,447.8233333333334,449.15688208443333,374.0,3.4,2.066666666666667,2.0,13.0,26.428571428571427,23.084174684816453,73.0,0.15135135135135136,1.0,535.52,4.0,1140.17,11.0,3482.47,14.0,5242.29,0.5,2.75,0.05978988091572283,10.0,0.0,,0.0,29.0,377.0,1.0,0.0,Female,Northeast,Gold,<20k,In-Store,3.0,1
C12828,0,53.0,3.0,2580.62,860.2066666666666,312.296420461928,85.0,7.666666666666667,3.6666666666666665,2.0,1.0,16.0,11.313708498984761,24.0,3.3125,0.0,0.0,3.0,2580.62,3.0,2580.62,3.0,2580.62,3.0,3.0,0.013018901119074756,9.0,0.0,,0.0,30.0,120.0,1.0,1.0,Female,East,Bronze,70-120k,Mobile App,1.0,1
C12829,0,101.0,6.0,3374.1800000000003,562.3633333333333,361.34508667846404,357.0,4.166666666666667,2.3333333333333335,1.0,1.0,51.2,13.330416347586446,66.0,1.97265625,0.0,0.0,0.0,0.0,2.0,1907.3700000000001,6.0,3374.1800000000003,0.0,0.4,0.05870898809640046,8.0,0.0,,0.0,31.0,509.0,1.0,0.0,Female,East,Bronze,20-40k,Online Web,1.0,1
C12830,0,27.0,29.0,19277.15,664.7293103448276,389.0597289063084,535.0,4.827586206896552,2.689655172413793,3.0,2.0,18.142857142857142,20.676904786122886,108.0,1.4881889763779528,1.0,1252.7,3.0,2804.0,4.0,3465.12,12.0,8646.03,1.5,0.4444444444444444,0.04288204607257992,14.0,1.0,2.0,0.0,35.0,561.0,1.0,0.0,Female,Bangkok,Silver,40-70k,Online Web,3.0,1
C12831,1,44.0,23.0,25164.29,1094.0995652173913,764.6164905450566,574.0,10.521739130434783,5.478260869565218,2.0,17.0,24.09090909090909,22.483664103414092,67.0,1.8264150943396227,0.0,0.0,2.0,1449.98,5.0,4239.400000000001,10.0,11656.84,0.5,0.8333333333333334,0.041761198553900127,13.0,1.0,2.0,0.0,18.0,630.0,0.0,1.0,Male,Bangkok,Silver,20-40k,In-Store,3.0,1
C12832,1,210.0,3.0,639.8,213.26666666666665,131.13862372822635,317.0,4.0,2.6666666666666665,2.0,1.0,53.5,70.0035713374682,103.0,3.925233644859813,0.0,0.0,0.0,0.0,0.0,0.0,3.0,639.8,0.0,0.0,0.047746621420491756,6.0,0.0,,0.0,48.0,503.0,1.0,1.0,Male,Central,Bronze,20-40k,Mobile App,3.0,1
C12833,0,61.0,13.0,5489.19,422.2453846153846,397.9468417937121,498.0,3.6923076923076925,2.076923076923077,2.0,10.0,36.416666666666664,30.443564279837634,99.0,1.6750572082379864,0.0,0.0,2.0,732.01,3.0,835.8600000000001,10.0,4650.33,1.0,0.375,0.12378485025524132,10.0,0.0,,0.0,38.0,503.0,0.0,1.0,Male,Central,Bronze,>120k,In-Store,2.0,1
C12834,0,9.0,75.0,153803.75,2050.7166666666667,1398.031607271678,573.0,10.373333333333333,5.666666666666667,3.0,6.0,7.621621621621622,6.429177289668707,32.0,1.180851063829787,3.0,4417.74,10.0,16329.4,19.0,31262.37,45.0,82478.06,1.0,0.7037037037037037,0.008390373136570458,14.0,0.0,,0.0,48.0,575.0,1.0,0.0,Female,South,Platinum,>120k,Mobile App,2.0,1
C12835,0,,,,,,,,,,,,,,,,,,,,,,,,,,,,,,,,,,,,,,,,0
C12836,1,9.0,7.0,6731.63,961.6614285714286,637.6059184540394,103.0,5.571428571428571,2.857142857142857,3.0,5.0,15.666666666666666,13.140268896284683,31.0,0.574468085106383,1.0,475.68,6.0,5411.2699999999995,7.0,6731.63,7.0,6731.63,3.0,7.0,0.04398316795264531,12.0,0.0,,0.0,18.0,104.0,1.0,0.0,Male,North,Bronze,40-70k,Online Web,2.0,1
C12837,0,,,,,,,,,,,,,,,,,,,,,,,,,,,,,,,,,,,,,,,,0
C12838,0,31.0,8.0,3347.2799999999997,418.40999999999997,206.01485695384758,459.0,6.375,3.5,2.0,5.0,61.142857142857146,53.545708111321645,155.0,0.5070093457943925,0.0,0.0,1.0,234.91,3.0,1443.47,5.0,2151.16,0.3333333333333333,1.0,0.05650623634698048,10.0,0.0,,0.0,42.0,545.0,0.0,1.0,Male,Bangkok,Silver,20-40k,In-Store,1.0,1
C12839,0,4.0,66.0,189215.47,2866.9010606060606,1653.9825808506328,534.0,14.409090909090908,8.106060606060606,3.0,24.0,8.153846153846153,7.876449805493688,34.0,0.4905660377358491,6.0,11420.37,12.0,26918.41,23.0,50585.01,45.0,135592.15,1.0,1.0,0.015476003409129933,14.0,0.0,,0.0,34.0,543.0,0.0,1.0,Male,Northeast,Gold,40-70k,In-Store,2.0,1
C12840,0,34.0,5.0,1776.54,355.308,182.4811233251264,261.0,4.0,2.6,1.0,4.0,56.75,19.06786126793808,82.0,0.5991189427312775,0.0,0.0,1.0,427.86,3.0,1201.6100000000001,5.0,1776.54,0.3333333333333333,1.0,0.05118619083733003,7.0,0.0,,0.0,33.0,383.0,0.0,1.0,Male,Northeast,Bronze,40-70k,In-Store,3.0,1
C12841,0,92.0,8.0,5222.96,652.87,479.48065383287366,326.0,6.625,3.25,2.0,7.0,33.42857142857143,27.208192043678945,68.0,2.752136752136752,0.0,0.0,0.0,0.0,3.0,2940.29,8.0,5222.96,0.0,0.5,0.13539892300637824,8.0,2.0,3.0,0.0,24.0,470.0,0.0,0.0,Male,Bangkok,Bronze,<20k,In-Store,2.0,1
C12842,1,36.0,3.0,4203.950000000001,1401.3166666666668,895.0014519168857,109.0,8.666666666666666,4.333333333333333,2.0,2.0,36.5,36.062445840513924,62.0,0.9863013698630136,0.0,0.0,2.0,3026.6600000000003,3.0,4203.950000000001,3.0,4203.950000000001,1.0,3.0,0.007783937898431174,8.0,2.0,4.0,1.0,29.0,129.0,1.0,0.0,Male,Central,Silver,40-70k,In-Store,3.0,1
C12843,1,34.0,3.0,1714.72,571.5733333333334,358.4575339330076,134.0,4.666666666666667,2.6666666666666665,1.0,3.0,50.0,29.698484809834994,71.0,0.68,0.0,0.0,1.0,527.45,3.0,1714.72,3.0,1714.72,0.3333333333333333,3.0,0.17089586879158286,4.0,0.0,,0.0,25.0,202.0,1.0,0.0,Male,Bangkok,Bronze,70-120k,In-Store,2.0,1
C12844,0,2.0,4.0,1047.92,261.98,54.154954220889756,112.0,4.75,3.25,3.0,3.0,36.666666666666664,12.741009902410928,45.0,0.05454545454545455,1.0,207.29,3.0,761.3299999999999,4.0,1047.92,4.0,1047.92,1.5,4.0,0.08659687780557322,7.0,0.0,,0.0,46.0,234.0,1.0,0.0,Male,Bangkok,Bronze,40-70k,In-Store,1.0,1
C12845,0,14.0,39.0,54588.33,1399.7007692307693,726.829261715731,563.0,9.717948717948717,5.256410256410256,3.0,4.0,14.447368421052632,13.409753143667892,51.0,0.9690346083788707,2.0,3281.45,8.0,10599.0,15.0,18651.73,27.0,36708.4,1.0,1.1538461538461537,0.02677684624333106,14.0,0.0,,0.0,23.0,572.0,1.0,1.0,Male,Central,Silver,Unknown,Mobile App,3.0,1
C12846,0,3.0,30.0,29792.78,993.0926666666667,1282.3335958454895,470.0,4.566666666666666,2.466666666666667,3.0,14.0,16.103448275862068,10.900015817767706,37.0,0.18629550321199145,1.0,671.64,6.0,5705.67,16.0,12768.73,25.0,26609.44,0.5454545454545454,1.6,0.027928699236119174,12.0,0.0,,0.0,56.0,475.0,1.0,0.0,Female,Northeast,Platinum,40-70k,In-Store,1.0,1
C12847,0,37.0,1.0,870.85,870.85,,37.0,3.0,2.0,1.0,1.0,,,,,0.0,0.0,1.0,870.85,1.0,870.85,1.0,870.85,1.0,1.0,0.2757823480003659,1.0,0.0,,0.0,20.0,70.0,1.0,0.0,Female,Unknown,Bronze,40-70k,In-Store,2.0,1
C12848,0,17.0,4.0,2330.07,582.5175,352.0854799974007,31.0,4.25,2.75,1.0,1.0,4.666666666666667,1.1547005383792517,6.0,3.642857142857143,3.0,1813.47,4.0,2330.07,4.0,2330.07,4.0,2330.07,4.0,4.0,0.02298228841702727,6.0,0.0,,0.0,34.0,37.0,1.0,0.0,Male,Bangkok,Bronze,40-70k,Mobile App,1.0,1
C12849,0,13.0,1.0,614.82,614.82,,13.0,6.0,5.0,1.0,1.0,,,,,1.0,614.82,1.0,614.82,1.0,614.82,1.0,614.82,1.0,1.0,0.021906170954039992,5.0,1.0,2.0,0.0,48.0,26.0,0.0,0.0,Female,Bangkok,Silver,20-40k,In-Store,2.0,1
C12850,0,,,,,,,,,,,,,,,,,,,,,,,,,,,,,,,,,,,,,,,,0
C12851,0,31.0,2.0,1012.68,506.34,551.8402741736054,124.0,3.5,2.5,1.0,2.0,93.0,,93.0,0.3333333333333333,0.0,0.0,1.0,896.55,2.0,1012.68,2.0,1012.68,0.5,2.0,0.23637597556837459,4.0,0.0,,0.0,26.0,157.0,0.0,1.0,Male,Bangkok,Bronze,40-70k,In-Store,1.0,1
C12852,0,42.0,12.0,6516.24,543.02,489.79543451601023,613.0,4.333333333333333,2.3333333333333335,3.0,4.0,51.90909090909091,44.70224724877832,134.0,0.809106830122592,0.0,0.0,1.0,229.35,2.0,349.96,7.0,4746.3099999999995,0.5,0.3333333333333333,0.09896625534433266,9.0,0.0,,0.0,26.0,648.0,1.0,1.0,Male,South,Silver,40-70k,Mobile App,2.0,1
C12853,1,65.0,19.0,27736.01,1459.79,1064.269015480161,414.0,10.578947368421053,5.7368421052631575,3.0,14.0,19.38888888888889,19.63232295412755,78.0,3.35243553008596,0.0,0.0,1.0,363.12,4.0,6859.82,16.0,25065.99,0.25,0.3076923076923077,0.056281800631096,14.0,0.0,,0.0,26.0,500.0,0.0,1.0,Male,Northeast,Bronze,40-70k,In-Store,1.0,1
C12854,0,16.0,82.0,166017.96,2024.6092682926828,1183.1427455625274,631.0,10.951219512195122,5.7926829268292686,3.0,26.0,7.592592592592593,6.791129835634453,32.0,2.107317073170732,1.0,3428.57,6.0,12710.86,16.0,35477.01,42.0,94631.28,0.5454545454545454,0.5925925925925926,0.0,14.0,0.0,,0.0,50.0,645.0,1.0,1.0,Female,Bangkok,Gold,70-120k,In-Store,1.0,1
C12855,0,24.0,14.0,12411.710000000001,886.5507142857143,508.37833389747607,284.0,7.214285714285714,4.285714285714286,3.0,10.0,20.0,16.482313753434823,49.0,1.2,1.0,556.51,2.0,1954.29,7.0,7308.3,14.0,12411.710000000001,0.3333333333333333,0.875,0.009286361405007165,13.0,1.0,5.0,0.0,41.0,308.0,1.0,0.0,Female,East,Silver,40-70k,In-Store,1.0,1
C12856,0,12.0,1.0,572.93,572.93,,12.0,4.0,2.0,1.0,1.0,,,,,1.0,572.93,1.0,572.93,1.0,572.93,1.0,572.93,1.0,1.0,0.0,2.0,0.0,,0.0,41.0,12.0,0.0,0.0,Female,Northeast,Bronze,<20k,In-Store,2.0,1
C12857,0,37.0,5.0,2912.09,582.418,448.3559687569689,310.0,5.6,2.8,1.0,1.0,68.25,52.417395331448255,136.0,0.5421245421245421,0.0,0.0,1.0,338.12,3.0,1170.53,5.0,2912.09,0.3333333333333333,1.0,0.017927662085827502,6.0,1.0,3.0,0.0,27.0,313.0,1.0,1.0,Male,Central,Bronze,20-40k,Mobile App,2.0,1
C12858,1,19.0,12.0,12810.060000000001,1067.505,683.9458110578911,331.0,10.25,5.5,3.0,7.0,28.363636363636363,26.65060122125851,93.0,0.6698717948717949,2.0,1169.08,4.0,4397.139999999999,7.0,7427.450000000001,12.0,12810.060000000001,1.0,1.1666666666666667,0.04429425452689803,13.0,0.0,,0.0,41.0,366.0,1.0,0.0,Female,Central,Bronze,20-40k,In-Store,2.0,1
C12859,0,6.0,28.0,40584.8,1449.457142857143,1093.8977287725559,508.0,10.071428571428571,4.928571428571429,3.0,18.0,18.59259259259259,18.766293964813332,76.0,0.32270916334661354,4.0,4637.06,6.0,6283.65,12.0,13575.98,18.0,25308.96,0.8571428571428571,1.7142857142857142,0.00511479171288528,13.0,0.0,,0.0,42.0,513.0,1.0,1.0,Male,Bangkok,Gold,70-120k,In-Store,3.0,1
C12860,1,73.0,2.0,1548.3400000000001,774.1700000000001,175.75846153172833,92.0,4.0,2.5,1.0,1.0,19.0,,19.0,3.8421052631578947,0.0,0.0,1.0,649.89,2.0,1548.3400000000001,2.0,1548.3400000000001,0.5,2.0,0.13152197081028932,4.0,1.0,4.0,1.0,29.0,112.0,0.0,1.0,Male,Northeast,Bronze,40-70k,Mobile App,2.0,1
C12861,0,22.0,14.0,5767.85,411.98928571428576,272.03896789485276,536.0,4.714285714285714,3.0,3.0,8.0,39.53846153846154,33.48038078391429,103.0,0.556420233463035,1.0,76.46,2.0,504.81,3.0,782.65,10.0,4037.1800000000003,1.0,0.375,0.04524605251614333,11.0,1.0,4.0,0.0,32.0,561.0,1.0,1.0,Female,North,Bronze,20-40k,In-Store,1.0,1
C12862,0,3.0,28.0,29888.36,1067.4414285714286,724.092978200566,638.0,8.392857142857142,4.642857142857143,1.0,1.0,23.51851851851852,26.763020368771144,108.0,0.12755905511811022,3.0,1856.66,8.0,6283.03,10.0,9609.58,17.0,19048.57,2.6666666666666665,1.25,0.025242357484015415,13.0,0.0,,0.0,33.0,665.0,1.0,1.0,Male,Central,Gold,40-70k,Mobile App,3.0,1
C12863,0,2.0,4.0,2480.1400000000003,620.0350000000001,329.62353480903033,217.0,7.25,4.25,2.0,4.0,71.66666666666667,92.08872533233009,178.0,0.027906976744186046,2.0,1363.0300000000002,3.0,1912.0300000000002,3.0,1912.0300000000002,4.0,2480.1400000000003,3.0,1.5,0.057178156659253764,8.0,0.0,,0.0,39.0,281.0,1.0,0.0,Female,Northeast,Bronze,20-40k,In-Store,1.0,1
C12864,0,69.0,12.0,5563.62,463.635,211.0424377185352,416.0,5.333333333333333,2.8333333333333335,3.0,3.0,31.545454545454547,24.937376110423628,72.0,2.1873198847262247,0.0,0.0,1.0,599.3,3.0,2100.38,6.0,3158.5,0.3333333333333333,0.75,0.0948930521301725,9.0,1.0,3.0,0.0,42.0,454.0,1.0,0.0,Male,Bangkok,Bronze,40-70k,Mobile App,1.0,1
C12865,0,86.0,5.0,4576.110000000001,915.2220000000001,758.4323420187196,222.0,10.2,4.8,2.0,5.0,34.0,24.79247197571607,61.0,2.5294117647058822,0.0,0.0,1.0,1662.94,3.0,2150.67,5.0,4576.110000000001,0.3333333333333333,1.0,0.05632818203189764,10.0,0.0,,0.0,49.0,253.0,1.0,0.0,Female,South,Bronze,20-40k,In-Store,1.0,1
C12866,0,2.0,27.0,24524.49,908.3144444444445,608.6481134343386,428.0,6.222222222222222,3.3703703703703702,3.0,4.0,16.384615384615383,14.383537598454488,63.0,0.12206572769953053,3.0,2699.63,7.0,4926.139999999999,14.0,11932.720000000001,23.0,21457.170000000002,0.875,1.4,0.02346247389872946,14.0,0.0,,0.0,41.0,435.0,1.0,1.0,Female,North,Gold,40-70k,Mobile App,1.0,1
C12867,0,136.0,6.0,2039.46,339.91,348.9507480433306,485.0,5.166666666666667,3.0,2.0,5.0,69.8,65.45380050081125,169.0,1.9484240687679084,0.0,0.0,0.0,0.0,1.0,68.48,3.0,1424.84,0.0,0.3333333333333333,0.0756952249737138,7.0,0.0,,0.0,33.0,493.0,1.0,1.0,Male,South,Silver,<20k,In-Store,3.0,1
C12868,1,32.0,23.0,43635.87,1897.2117391304348,1156.0074092545356,570.0,12.130434782608695,6.478260869565218,3.0,2.0,24.454545454545453,28.43325898398241,95.0,1.308550185873606,0.0,0.0,4.0,4727.3,6.0,8167.7,11.0,20053.78,1.3333333333333333,1.0,0.006197731620661383,14.0,0.0,,0.0,40.0,573.0,1.0,0.0,Female,East,Silver,40-70k,Online Web,1.0,1
C12869,1,16.0,19.0,32015.21,1685.0110526315789,750.0070963804627,317.0,12.210526315789474,5.947368421052632,3.0,14.0,16.72222222222222,10.196917386298985,36.0,0.9568106312292359,1.0,1200.75,5.0,6103.47,10.0,15325.349999999999,19.0,32015.21,0.8333333333333334,1.0,0.008865203765637398,14.0,0.0,,0.0,30.0,387.0,1.0,0.0,Male,Bangkok,Silver,70-120k,In-Store,1.0,1
C12870,0,29.0,26.0,48207.0,1854.1153846153845,852.4376219770254,612.0,15.653846153846153,8.5,3.0,18.0,23.32,27.165725955082934,116.0,1.2435677530017153,1.0,2369.92,4.0,6755.39,10.0,17129.85,15.0,26123.28,0.5714285714285714,1.6666666666666667,0.01657162592797576,14.0,1.0,5.0,0.0,28.0,632.0,1.0,1.0,Female,Bangkok,Silver,40-70k,In-Store,2.0,1
C12871,1,92.0,3.0,2356.14,785.38,700.5644169525027,158.0,4.333333333333333,2.0,2.0,3.0,33.0,41.012193308819754,62.0,2.787878787878788,0.0,0.0,0.0,0.0,3.0,2356.14,3.0,2356.14,0.0,3.0,0.0,3.0,0.0,,0.0,25.0,208.0,1.0,0.0,Male,Bangkok,Bronze,20-40k,In-Store,2.0,1
C12872,0,15.0,38.0,65838.66,1732.5963157894737,1017.634895297228,636.0,12.947368421052632,6.921052631578948,3.0,18.0,16.783783783783782,17.26932916270142,80.0,0.8937198067632851,2.0,2943.77,4.0,5142.02,11.0,14985.130000000001,19.0,28616.98,0.5,1.2222222222222223,0.011565252208372413,14.0,0.0,,0.0,40.0,652.0,1.0,0.0,Male,Bangkok,Gold,Unknown,In-Store,3.0,1
C12873,1,81.0,3.0,2586.08,862.0266666666666,535.7754053083562,106.0,4.333333333333333,2.6666666666666665,1.0,1.0,12.5,3.5355339059327378,15.0,6.48,0.0,0.0,1.0,1225.7,3.0,2586.08,3.0,2586.08,0.3333333333333333,3.0,0.08592595734453094,5.0,0.0,,0.0,18.0,112.0,1.0,1.0,Female,Northeast,Bronze,40-70k,Mobile App,2.0,1
C12874,0,3.0,9.0,3119.64,346.62666666666667,414.57432946336655,348.0,4.333333333333333,2.111111111111111,2.0,9.0,43.125,33.21977681184164,98.0,0.06956521739130435,1.0,80.41,1.0,80.41,2.0,1432.5700000000002,9.0,3119.64,0.5,0.25,0.05207792089406659,8.0,1.0,3.0,0.0,42.0,439.0,1.0,1.0,Female,Bangkok,Bronze,<20k,In-Store,1.0,1
C12875,0,27.0,1.0,1407.02,1407.02,,27.0,10.0,6.0,1.0,1.0,,,,,1.0,1407.02,1.0,1407.02,1.0,1407.02,1.0,1407.02,1.0,1.0,0.029494130143883898,4.0,0.0,,0.0,30.0,109.0,0.0,0.0,Female,Central,Silver,70-120k,In-Store,3.0,1
C12876,0,6.0,9.0,10879.45,1208.8277777777778,1247.0839293204947,99.0,7.555555555555555,4.111111111111111,2.0,2.0,11.625,7.854707414756362,29.0,0.5161290322580645,4.0,3232.3,7.0,8755.36,9.0,10879.45,9.0,10879.45,2.3333333333333335,9.0,0.040165121119111115,12.0,1.0,5.0,0.0,36.0,101.0,1.0,1.0,Male,Bangkok,Silver,40-70k,Mobile App,1.0,1
C12877,1,37.0,19.0,6659.02,350.4747368421053,231.8360283181106,568.0,4.315789473684211,2.3157894736842106,3.0,12.0,29.5,29.187527553835086,119.0,1.2542372881355932,0.0,0.0,3.0,1682.6599999999999,6.0,2428.43,11.0,4389.65,0.75,1.0,0.062461106120805444,12.0,1.0,2.0,1.0,31.0,626.0,1.0,1.0,Male,Bangkok,Bronze,20-40k,In-Store,1.0,1
C12878,1,110.0,3.0,1341.1100000000001,447.0366666666667,134.34180523326808,132.0,3.3333333333333335,2.3333333333333335,2.0,2.0,11.0,8.48528137423857,17.0,10.0,0.0,0.0,0.0,0.0,3.0,1341.1100000000001,3.0,1341.1100000000001,0.0,3.0,0.0,6.0,1.0,3.0,0.0,30.0,146.0,1.0,1.0,Female,Bangkok,Bronze,20-40k,Mobile App,3.0,1
C12879,0,8.0,1.0,559.72,559.72,,8.0,3.0,2.0,1.0,1.0,,,,,1.0,559.72,1.0,559.72,1.0,559.72,1.0,559.72,1.0,1.0,0.0,1.0,0.0,,0.0,33.0,35.0,0.0,1.0,Female,Central,Bronze,20-40k,In-Store,1.0,1
C12880,1,316.0,5.0,3769.4700000000003,753.894,454.0938986377157,398.0,8.2,4.6,1.0,5.0,20.5,29.8496231131986,64.0,15.414634146341463,0.0,0.0,0.0,0.0,0.0,0.0,3.0,2059.25,0.0,0.0,0.02751211910910681,10.0,0.0,,0.0,19.0,477.0,1.0,0.0,Male,Northeast,Gold,40-70k,In-Store,1.0,1
C12881,1,15.0,8.0,2870.87,358.85875,319.01399075622726,411.0,4.0,2.625,2.0,6.0,56.57142857142857,53.002695349252896,142.0,0.26515151515151514,1.0,118.95,2.0,575.32,4.0,899.74,6.0,1258.29,0.6666666666666666,1.3333333333333333,0.07480228683394673,9.0,0.0,,0.0,26.0,446.0,0.0,1.0,Female,Unknown,Silver,40-70k,In-Store,2.0,1
C12882,0,150.0,3.0,1691.3600000000001,563.7866666666667,214.92476482093292,166.0,8.333333333333334,3.0,1.0,3.0,8.0,4.242640687119285,11.0,18.75,0.0,0.0,0.0,0.0,3.0,1691.3600000000001,3.0,1691.3600000000001,0.0,3.0,0.08645256073716391,6.0,1.0,4.0,0.0,38.0,217.0,1.0,0.0,Female,Bangkok,Silver,20-40k,In-Store,3.0,1
C12883,0,11.0,30.0,18308.54,610.2846666666667,411.1758188057448,432.0,4.733333333333333,2.5,3.0,2.0,14.517241379310345,9.63483519636344,33.0,0.7577197149643705,2.0,915.57,6.0,2978.57,12.0,6920.37,23.0,14805.32,0.8571428571428571,1.0,0.010378075450770626,12.0,0.0,,0.0,44.0,438.0,1.0,1.0,Male,Bangkok,Gold,20-40k,Online Web,3.0,1
C12884,1,158.0,19.0,21769.53,1145.764736842105,563.3217512553789,596.0,10.210526315789474,5.7894736842105265,3.0,7.0,24.333333333333332,15.47673776235502,64.0,6.493150684931507,0.0,0.0,0.0,0.0,2.0,1821.25,8.0,10002.66,0.0,0.2857142857142857,0.0810395410586214,14.0,0.0,,0.0,57.0,609.0,1.0,1.0,Male,Bangkok,Silver,40-70k,Mobile App,2.0,1
C12885,0,7.0,20.0,25617.55,1280.8775,874.8152446321392,477.0,8.75,4.8,3.0,12.0,24.736842105263158,22.474286801842275,96.0,0.28297872340425534,1.0,1993.99,6.0,11522.37,11.0,17117.04,16.0,22454.69,1.0,1.8333333333333333,0.0,13.0,0.0,,0.0,39.0,501.0,1.0,0.0,Female,Bangkok,Silver,70-120k,In-Store,3.0,1
C12886,0,6.0,77.0,246631.86,3203.0111688311686,1373.908117144373,586.0,19.51948051948052,10.38961038961039,3.0,4.0,7.631578947368421,7.491937186537108,38.0,0.7862068965517242,2.0,7976.5,8.0,28535.48,21.0,65183.96,44.0,150537.06,0.5714285714285714,0.875,0.005783287948997546,14.0,0.0,,0.0,46.0,605.0,1.0,1.0,Male,North,Platinum,20-40k,Mobile App,1.0,1
C12887,0,17.0,13.0,6959.639999999999,535.3569230769231,368.138717636541,561.0,6.923076923076923,3.769230769230769,2.0,12.0,45.333333333333336,37.78728341491073,145.0,0.375,1.0,811.42,1.0,811.42,4.0,2194.59,8.0,4613.41,0.25,0.8,0.040580313509355516,10.0,1.0,4.0,0.0,44.0,590.0,0.0,1.0,Male,Bangkok,Silver,<20k,In-Store,1.0,1
C12888,1,183.0,10.0,5310.5599999999995,531.0559999999999,449.11166196788474,603.0,4.5,2.5,1.0,8.0,46.666666666666664,50.82568248435037,131.0,3.9214285714285717,0.0,0.0,0.0,0.0,0.0,0.0,5.0,1899.75,0.0,0.0,0.02342431141204206,8.0,0.0,,0.0,31.0,663.0,0.0,1.0,Female,Bangkok,Bronze,40-70k,In-Store,1.0,1
C12889,0,5.0,6.0,2111.37,351.895,261.5874676470568,122.0,3.8333333333333335,2.1666666666666665,2.0,6.0,23.4,22.963013739489856,62.0,0.2136752136752137,3.0,1031.82,4.0,1620.73,6.0,2111.37,6.0,2111.37,1.3333333333333333,6.0,0.11355134497424252,7.0,0.0,,0.0,26.0,163.0,0.0,1.0,Female,Bangkok,Bronze,40-70k,In-Store,1.0,1
C12890,0,6.0,25.0,35545.61,1421.8244,726.3413584711162,582.0,10.0,5.44,1.0,1.0,24.0,22.436383495292333,82.0,0.25,1.0,1423.67,4.0,4357.76,10.0,16250.98,17.0,26011.22,0.5714285714285714,1.25,0.025465764263542218,14.0,1.0,2.0,0.0,46.0,587.0,1.0,1.0,Male,Bangkok,Gold,70-120k,Mobile App,2.0,1
C12891,0,34.0,8.0,2907.14,363.3925,216.37898754269096,480.0,5.0,2.125,3.0,5.0,63.714285714285715,47.8877656112508,122.0,0.5336322869955157,0.0,0.0,2.0,947.11,3.0,1289.85,5.0,1758.0900000000001,1.0,1.0,0.02780666758073632,9.0,0.0,,0.0,40.0,518.0,0.0,1.0,Female,Bangkok,Bronze,<20k,In-Store,1.0,1
C12892,1,53.0,18.0,27203.58,1511.3100000000002,590.8005443563544,353.0,13.166666666666666,6.388888888888889,3.0,12.0,17.647058823529413,20.44792525071489,65.0,3.003333333333333,0.0,0.0,3.0,4009.9100000000003,7.0,8973.09,18.0,27203.58,0.6,0.5833333333333334,0.02604904343392827,14.0,1.0,3.0,0.0,41.0,353.0,0.0,0.0,Male,North,Silver,40-70k,In-Store,1.0,1
C12893,0,77.0,15.0,8581.54,572.1026666666668,285.62207631430596,633.0,5.4,2.933333333333333,2.0,11.0,39.714285714285715,38.383547299548844,116.0,1.9388489208633093,0.0,0.0,1.0,649.01,4.0,2615.27,7.0,3893.98,0.25,1.0,0.022634813468363196,11.0,0.0,,0.0,43.0,659.0,1.0,1.0,Male,Bangkok,Bronze,20-40k,In-Store,1.0,1
C12894,0,18.0,40.0,50317.5,1257.9375,698.7347344169812,627.0,9.625,5.425,3.0,19.0,15.615384615384615,15.747373021714457,81.0,1.1527093596059113,2.0,2341.73,7.0,7197.8,12.0,12679.42,25.0,27743.68,1.1666666666666667,0.8571428571428571,0.023301587116723397,14.0,0.0,,0.0,35.0,632.0,1.0,0.0,Female,East,Silver,40-70k,In-Store,2.0,1
C12895,0,38.0,11.0,4631.0199999999995,421.0018181818181,280.6220128150385,485.0,4.636363636363637,1.9090909090909092,3.0,8.0,44.7,45.504700611890385,140.0,0.8501118568232662,0.0,0.0,2.0,694.58,3.0,1448.01,8.0,2966.69,1.0,0.5,0.04861668929898699,10.0,0.0,,0.0,33.0,495.0,0.0,0.0,Female,Bangkok,Bronze,20-40k,In-Store,1.0,1
C12896,0,36.0,19.0,25165.17,1324.4826315789473,874.7881730252828,483.0,8.31578947368421,4.7894736842105265,3.0,12.0,24.833333333333332,22.80157373309751,79.0,1.4496644295302015,0.0,0.0,5.0,7689.0599999999995,7.0,11252.41,16.0,22947.24,1.6666666666666667,0.7,0.008228123725316712,13.0,0.0,,0.0,20.0,491.0,1.0,1.0,Male,Bangkok,Gold,40-70k,In-Store,3.0,1
C12897,1,303.0,4.0,1666.0700000000002,416.51750000000004,379.6815059471995,528.0,6.25,2.75,1.0,1.0,75.0,77.58221445666526,160.0,4.04,0.0,0.0,0.0,0.0,0.0,0.0,2.0,446.29,0.0,0.0,0.07820029766350746,8.0,0.0,,0.0,41.0,555.0,0.0,1.0,Female,Bangkok,Silver,40-70k,Online Web,1.0,1
C12898,1,214.0,7.0,3451.45,493.0642857142857,242.69793975620138,409.0,5.285714285714286,3.2857142857142856,2.0,2.0,32.5,31.614869919074472,92.0,6.584615384615384,0.0,0.0,0.0,0.0,0.0,0.0,4.0,2496.54,0.0,0.0,0.05122862381487764,9.0,0.0,,0.0,46.0,492.0,1.0,1.0,Male,Bangkok,Gold,20-40k,Mobile App,2.0,1
C12899,1,6.0,17.0,21470.38,1262.9635294117647,1181.1250470681607,443.0,7.352941176470588,3.764705882352941,3.0,2.0,27.3125,28.700101625836332,104.0,0.21967963386727687,2.0,667.93,5.0,4086.39,6.0,4700.889999999999,13.0,18654.93,2.5,0.75,0.03194393219489189,13.0,0.0,,0.0,34.0,489.0,0.0,1.0,Female,Northeast,Platinum,40-70k,Online Web,2.0,1
C12900,0,1.0,60.0,153180.62,2553.010333333333,1206.7163606740944,478.0,14.783333333333333,7.966666666666667,2.0,1.0,8.084745762711865,6.109032700657057,22.0,0.12368972746331236,4.0,9845.259999999998,13.0,37494.64,22.0,63425.21,46.0,117143.92,1.3,0.88,0.011136834274356968,14.0,0.0,,0.0,59.0,487.0,1.0,0.0,Male,East,Platinum,>120k,Mobile App,3.0,1
C12901,0,4.0,19.0,37198.27,1957.8036842105262,953.396482227914,273.0,13.68421052631579,7.473684210526316,2.0,12.0,14.944444444444445,13.317269735295383,44.0,0.26765799256505574,2.0,4204.54,8.0,17303.95,14.0,26904.55,19.0,37198.27,1.1428571428571428,2.3333333333333335,0.0,14.0,0.0,,0.0,43.0,278.0,1.0,0.0,Male,Northeast,Silver,Unknown,In-Store,2.0,1
C12902,1,21.0,4.0,8934.96,2233.74,896.1076338997082,50.0,11.5,5.75,1.0,3.0,9.666666666666666,3.2145502536643185,12.0,2.1724137931034484,1.0,2510.47,4.0,8934.96,4.0,8934.96,4.0,8934.96,4.0,4.0,0.012639595815827452,12.0,2.0,2.5,0.0,18.0,55.0,0.0,0.0,Male,Bangkok,Silver,20-40k,In-Store,2.0,1
C12903,1,71.0,28.0,27875.45,995.5517857142858,608.6467127254595,637.0,7.107142857142857,4.0,3.0,14.0,20.962962962962962,21.457438160732337,104.0,3.3869257950530036,0.0,0.0,1.0,1018.02,5.0,3246.71,11.0,8547.44,0.2,0.7142857142857143,0.036765422389253136,13.0,2.0,2.5,1.0,48.0,665.0,1.0,0.0,Female,Bangkok,Silver,70-120k,In-Store,3.0,1
C12904,1,123.0,8.0,4848.56,606.07,766.2349171482223,350.0,4.375,2.375,2.0,5.0,32.42857142857143,28.935889726872304,89.0,3.79295154185022,0.0,0.0,0.0,0.0,2.0,539.1600000000001,8.0,4848.56,0.0,0.2857142857142857,0.06635831293795504,8.0,0.0,,0.0,44.0,437.0,0.0,1.0,Female,Bangkok,Silver,70-120k,In-Store,2.0,1
C12905,0,93.0,7.0,4921.610000000001,703.0871428571429,561.8758368689143,274.0,6.857142857142857,4.0,3.0,6.0,30.166666666666668,27.345322573827257,60.0,3.0828729281767955,0.0,0.0,0.0,0.0,4.0,1301.96,7.0,4921.610000000001,0.0,1.0,0.07330542861608041,12.0,1.0,3.0,0.0,34.0,289.0,1.0,1.0,Female,East,Bronze,>120k,In-Store,2.0,1
C12906,0,,,,,,,,,,,,,,,,,,,,,,,,,,,,,,,,,,,,,,,,0
C12907,0,11.0,3.0,3517.7200000000003,1172.5733333333335,634.2281950791318,73.0,6.333333333333333,4.333333333333333,1.0,3.0,31.0,28.284271247461902,51.0,0.3548387096774194,2.0,2475.79,3.0,3517.7200000000003,3.0,3517.7200000000003,3.0,3517.7200000000003,3.0,3.0,0.013588770056474995,7.0,0.0,,0.0,29.0,74.0,1.0,1.0,Female,Bangkok,Silver,70-120k,In-Store,1.0,1
C12908,0,77.0,10.0,9406.71,940.6709999999999,456.5220971760294,254.0,8.0,4.4,3.0,2.0,19.666666666666668,14.832396974191326,41.0,3.9152542372881354,0.0,0.0,1.0,1511.01,4.0,4484.97,10.0,9406.71,0.25,0.5714285714285714,0.03269721985710584,12.0,0.0,,0.0,35.0,259.0,1.0,0.0,Female,Bangkok,Silver,40-70k,Online Web,1.0,1
C12909,0,51.0,12.0,6611.68,550.9733333333334,421.88515062176765,611.0,5.583333333333333,2.9166666666666665,2.0,2.0,50.90909090909091,53.91373581093142,163.0,1.0017857142857143,0.0,0.0,1.0,1053.38,4.0,2154.65,5.0,2690.8,0.25,2.0,0.02463318709007385,11.0,1.0,5.0,0.0,39.0,647.0,1.0,1.0,Male,Unknown,Bronze,20-40k,Mobile App,3.0,1
C12910,0,20.0,2.0,3500.79,1750.395,1211.7052513090796,44.0,9.0,5.0,1.0,1.0,24.0,,24.0,0.8333333333333334,1.0,893.59,2.0,3500.79,2.0,3500.79,2.0,3500.79,2.0,2.0,0.00559581194663243,5.0,0.0,,0.0,28.0,72.0,1.0,0.0,Female,Bangkok,Gold,70-120k,Mobile App,1.0,1
C12911,0,6.0,35.0,59941.15,1712.6042857142857,871.0113392328878,617.0,13.542857142857143,7.542857142857143,3.0,2.0,17.970588235294116,19.052535493587275,84.0,0.33387888707037644,1.0,1848.06,5.0,7015.6900000000005,12.0,17247.6,19.0,27169.09,0.625,1.5,0.021895958096046213,14.0,0.0,,0.0,48.0,642.0,0.0,0.0,Male,Central,Gold,70-120k,Mobile App,1.0,1
C12912,0,3.0,42.0,95463.14,2272.9319047619047,1364.2621440879336,458.0,14.904761904761905,7.976190476190476,3.0,3.0,11.097560975609756,8.831208518795094,30.0,0.2703296703296703,1.0,2076.27,12.0,28334.19,19.0,39809.41,33.0,77994.38,1.5,1.2666666666666666,0.04613951004797922,14.0,1.0,2.0,1.0,48.0,459.0,1.0,0.0,Female,Northeast,Gold,>120k,Mobile App,1.0,1
C12913,1,9.0,20.0,26575.47,1328.7735,749.7576280321317,305.0,9.75,5.45,3.0,12.0,15.578947368421053,13.492037937958012,55.0,0.5777027027027026,2.0,1663.5099999999998,7.0,8238.08,10.0,12046.119999999999,20.0,26575.47,1.75,0.9090909090909091,0.02523880768365992,14.0,0.0,,0.0,34.0,345.0,1.0,0.0,Male,Central,Silver,20-40k,In-Store,1.0,1
C12914,0,2.0,19.0,33650.07,1771.0563157894737,756.0086331018723,358.0,12.736842105263158,6.7368421052631575,3.0,12.0,19.77777777777778,17.71524951445723,64.0,0.10112359550561797,3.0,6929.08,5.0,10219.75,10.0,18129.4,19.0,33650.07,0.8333333333333334,1.0,0.014585856041981775,14.0,0.0,,0.0,25.0,365.0,0.0,0.0,Male,South,Gold,Unknown,In-Store,2.0,1
C12915,0,16.0,32.0,56531.22,1766.600625,870.2188091321278,590.0,13.28125,7.21875,3.0,13.0,18.516129032258064,14.820865849069987,49.0,0.8641114982578397,2.0,3003.0699999999997,4.0,8066.35,6.0,10579.92,17.0,28150.33,1.3333333333333333,0.5,0.012211410503008209,14.0,1.0,4.0,0.0,43.0,591.0,1.0,0.0,Male,Bangkok,Platinum,<20k,In-Store,2.0,1
C12916,0,1.0,65.0,154910.26,2383.2347692307694,1345.973236004699,450.0,12.446153846153846,7.184615384615385,3.0,4.0,7.015625,6.308201231553871,30.0,0.14253897550111358,4.0,5637.799999999999,18.0,39054.53,32.0,77189.23,53.0,123998.0,1.2,1.4545454545454546,0.0017208059246298214,14.0,0.0,,0.0,43.0,452.0,0.0,1.0,Female,North,Platinum,40-70k,Mobile App,2.0,1
C12917,0,,,,,,,,,,,,,,,,,,,,,,,,,,,,,,,,,,,,,,,,0
C12918,0,52.0,4.0,5868.049999999999,1467.0124999999998,1169.9114181673472,135.0,5.75,3.25,2.0,4.0,27.666666666666668,6.027713773341707,34.0,1.8795180722891565,0.0,0.0,2.0,4673.139999999999,4.0,5868.049999999999,4.0,5868.049999999999,0.6666666666666666,4.0,0.054272498710675604,9.0,0.0,,0.0,32.0,145.0,1.0,0.0,Female,East,Bronze,<20k,In-Store,3.0,1
C12919,1,51.0,3.0,3665.06,1221.6866666666667,767.6866622739601,95.0,9.666666666666666,6.333333333333333,1.0,3.0,22.0,8.48528137423857,28.0,2.3181818181818183,0.0,0.0,2.0,1573.79,3.0,3665.06,3.0,3665.06,1.0,3.0,0.04819705763961928,10.0,0.0,,0.0,36.0,110.0,1.0,0.0,Female,Northeast,Bronze,20-40k,In-Store,1.0,1
C12920,0,1.0,75.0,175217.4,2336.232,1467.565945927455,546.0,11.52,6.36,3.0,22.0,7.364864864864865,7.143488891510378,36.0,0.13577981651376148,4.0,9520.99,8.0,20011.46,22.0,48518.67,41.0,87860.36,0.5333333333333333,1.1,0.012379874030063959,14.0,0.0,,0.0,38.0,561.0,1.0,1.0,Male,Bangkok,Platinum,40-70k,In-Store,2.0,1
C12921,0,21.0,10.0,4344.21,434.421,412.0639533009409,596.0,4.3,2.3,3.0,6.0,63.888888888888886,55.781817029486504,145.0,0.32869565217391306,2.0,407.84000000000003,4.0,1280.67,5.0,1394.8700000000001,8.0,3519.41,2.0,1.25,0.05029644009549044,8.0,1.0,3.0,0.0,38.0,632.0,0.0,1.0,Female,Bangkok,Bronze,70-120k,In-Store,1.0,1
C12922,0,0.0,47.0,131895.61,2806.289574468085,1511.8947249854884,390.0,15.085106382978724,8.042553191489361,2.0,21.0,8.478260869565217,7.314336395614611,34.0,0.0,4.0,13303.02,11.0,27039.79,21.0,53516.12,43.0,119770.01,1.0,0.9130434782608695,0.016048125278027875,14.0,1.0,2.0,0.0,34.0,397.0,1.0,1.0,Female,Northeast,Silver,>120k,In-Store,2.0,1
C12923,0,82.0,10.0,11278.17,1127.817,420.15121677399276,291.0,9.0,5.1,2.0,2.0,23.22222222222222,13.50719972623654,49.0,3.5311004784688995,0.0,0.0,1.0,1288.53,6.0,7975.85,10.0,11278.17,0.16666666666666666,1.2,0.0,11.0,0.0,,0.0,37.0,295.0,1.0,0.0,Female,South,Gold,40-70k,Mobile App,1.0,1
C12924,0,,,,,,,,,,,,,,,,,,,,,,,,,,,,,,,,,,,,,,,,0
C12925,0,111.0,2.0,531.34,265.67,90.80665283997641,125.0,7.5,3.5,2.0,2.0,14.0,,14.0,7.928571428571429,0.0,0.0,0.0,0.0,2.0,531.34,2.0,531.34,0.0,2.0,0.07989887095656992,3.0,2.0,3.0,0.0,44.0,165.0,1.0,1.0,Male,Bangkok,Bronze,20-40k,In-Store,3.0,1
C12926,0,15.0,4.0,2884.0299999999997,721.0074999999999,947.4899703734775,146.0,5.75,3.75,1.0,4.0,43.666666666666664,25.540817005987364,64.0,0.3435114503816794,1.0,2134.5,2.0,2268.14,4.0,2884.0299999999997,4.0,2884.0299999999997,0.6666666666666666,4.0,0.024970502621801352,8.0,0.0,,0.0,32.0,156.0,1.0,0.0,Male,South,Silver,Unknown,In-Store,2.0,1
C12927,1,35.0,65.0,128342.13,1974.4943076923078,1110.2642472064495,629.0,10.384615384615385,5.7846153846153845,3.0,8.0,9.28125,8.968142470159545,36.0,3.771043771043771,0.0,0.0,6.0,13946.74,15.0,30267.399999999998,41.0,77794.55,0.6,0.5555555555555556,0.018837412727747263,14.0,1.0,2.0,0.0,47.0,636.0,0.0,0.0,Female,Central,Platinum,>120k,Mobile App,2.0,1
C12928,0,9.0,1.0,714.14,714.14,,9.0,4.0,2.0,1.0,1.0,,,,,1.0,714.14,1.0,714.14,1.0,714.14,1.0,714.14,1.0,1.0,0.0,2.0,0.0,,0.0,40.0,16.0,1.0,0.0,Female,Bangkok,Platinum,<20k,Online Web,3.0,1
C12929,0,11.0,3.0,2681.48,893.8266666666667,924.8762513078889,126.0,7.666666666666667,3.6666666666666665,1.0,3.0,57.5,72.8319984622144,109.0,0.19130434782608696,2.0,2559.3199999999997,2.0,2559.3199999999997,3.0,2681.48,3.0,2681.48,1.0,3.0,0.034410739492409186,6.0,0.0,,0.0,30.0,246.0,0.0,0.0,Female,North,Gold,40-70k,In-Store,1.0,1
C12930,0,,,,,,,,,,,,,,,,,,,,,,,,,,,,,,,,,,,,,,,,0
C12931,0,21.0,63.0,141220.62,2241.597142857143,1133.1895660400464,472.0,12.063492063492063,6.523809523809524,3.0,8.0,7.274193548387097,6.1033969440801465,27.0,2.8869179600886916,4.0,9939.99,11.0,25605.4,27.0,53531.92,47.0,94877.31,0.6470588235294118,1.2857142857142858,0.010595590534940214,14.0,0.0,,0.0,38.0,481.0,0.0,0.0,Male,Bangkok,Platinum,70-120k,Online Web,1.0,1
C12932,0,8.0,71.0,251710.8,3545.2225352112673,2187.8953182719547,597.0,15.070422535211268,7.830985915492958,3.0,7.0,8.414285714285715,6.968860046805852,30.0,0.9507640067911715,2.0,3499.9399999999996,9.0,31624.17,26.0,87678.01,48.0,169037.21,0.5,1.1304347826086956,0.0,14.0,0.0,,0.0,36.0,611.0,0.0,1.0,Male,Central,Platinum,70-120k,Mobile App,3.0,1
C12933,0,3.0,14.0,16291.75,1163.6964285714287,851.7743853103822,352.0,8.428571428571429,4.642857142857143,3.0,2.0,26.846153846153847,28.401426471940198,98.0,0.11174785100286533,1.0,319.08,5.0,4593.22,8.0,7036.96,14.0,16291.75,1.25,1.1428571428571428,0.0,12.0,0.0,,0.0,53.0,356.0,1.0,1.0,Male,North,Bronze,<20k,Mobile App,3.0,1
C12934,0,99.0,12.0,11920.18,993.3483333333334,544.6240461561673,531.0,7.833333333333333,4.5,3.0,9.0,39.27272727272727,29.80634465710584,91.0,2.5208333333333335,0.0,0.0,0.0,0.0,3.0,2904.0299999999997,7.0,6604.7699999999995,0.0,0.6,0.05747273670360811,13.0,1.0,2.0,0.0,33.0,574.0,0.0,0.0,Female,Northeast,Bronze,40-70k,In-Store,2.0,1
C12935,1,72.0,10.0,8497.7,849.7700000000001,714.2456219599031,357.0,5.5,3.5,3.0,2.0,31.666666666666668,26.424420523447623,92.0,2.2736842105263158,0.0,0.0,2.0,960.62,6.0,6520.7,10.0,8497.7,0.4,1.2,0.01315644310352236,10.0,1.0,2.0,0.0,34.0,365.0,1.0,1.0,Female,Northeast,Bronze,20-40k,Mobile App,1.0,1
C12936,0,84.0,15.0,19862.86,1324.1906666666666,923.5670544027084,316.0,8.866666666666667,5.333333333333333,2.0,3.0,16.571428571428573,12.774459408789602,47.0,5.068965517241379,0.0,0.0,1.0,846.33,4.0,8979.79,15.0,19862.86,0.25,0.3333333333333333,0.021066706225779695,12.0,2.0,5.0,0.0,58.0,323.0,1.0,0.0,Male,Central,Gold,40-70k,Mobile App,3.0,1
C12937,1,359.0,4.0,1008.76,252.19,213.51541521242288,500.0,3.5,2.25,1.0,3.0,47.0,40.0374824383352,86.0,7.638297872340425,0.0,0.0,0.0,0.0,0.0,0.0,1.0,35.57,0.0,0.0,0.03946829681682711,6.0,0.0,,0.0,41.0,520.0,0.0,0.0,Female,North,Bronze,40-70k,In-Store,2.0,1
C12938,1,35.0,3.0,1144.01,381.33666666666664,135.4188710384684,71.0,3.3333333333333335,2.3333333333333335,1.0,3.0,18.0,19.79898987322333,32.0,1.9444444444444444,0.0,0.0,3.0,1144.01,3.0,1144.01,3.0,1144.01,3.0,3.0,0.04751556932094449,6.0,0.0,,0.0,28.0,102.0,1.0,1.0,Male,Bangkok,Bronze,20-40k,In-Store,2.0,1
C12939,0,2.0,7.0,15355.76,2193.68,1713.604137512512,99.0,8.285714285714286,4.428571428571429,1.0,7.0,16.166666666666668,10.833589740555375,32.0,0.12371134020618556,2.0,1709.77,5.0,12639.119999999999,7.0,15355.76,7.0,15355.76,1.6666666666666667,7.0,0.031855454441139346,9.0,0.0,,0.0,35.0,123.0,1.0,0.0,Female,South,Gold,20-40k,In-Store,2.0,1
C12940,0,10.0,10.0,5483.780000000001,548.378,510.03626550362964,321.0,5.2,2.9,3.0,8.0,34.55555555555556,27.26312120388599,75.0,0.28938906752411575,2.0,2053.3900000000003,3.0,2344.92,7.0,3738.77,10.0,5483.780000000001,0.6,1.75,0.07079932425219558,8.0,1.0,5.0,0.0,43.0,343.0,1.0,1.0,Female,North,Silver,20-40k,In-Store,3.0,1
C12941,1,203.0,4.0,1197.21,299.3025,206.13684603114183,309.0,3.75,2.25,2.0,2.0,35.333333333333336,49.96331987902058,93.0,5.745283018867924,0.0,0.0,0.0,0.0,0.0,0.0,4.0,1197.21,0.0,0.0,0.021079485523184983,6.0,0.0,,0.0,23.0,445.0,0.0,1.0,Male,Central,Bronze,20-40k,Mobile App,1.0,1
C12942,0,17.0,1.0,925.16,925.16,,17.0,8.0,3.0,1.0,1.0,,,,,1.0,925.16,1.0,925.16,1.0,925.16,1.0,925.16,1.0,1.0,0.0,3.0,0.0,,0.0,24.0,84.0,1.0,0.0,Female,Northeast,Bronze,70-120k,Online Web,1.0,1
C12943,0,1.0,41.0,41003.12,1000.0760975609757,693.8433677130527,584.0,7.658536585365853,4.2926829268292686,3.0,20.0,14.575,15.177391249098283,52.0,0.0686106346483705,1.0,230.4,5.0,2326.4500000000003,14.0,13475.460000000001,26.0,27376.600000000002,0.5,1.0769230769230769,0.025530581989658102,14.0,1.0,4.0,0.0,56.0,590.0,1.0,1.0,Female,Bangkok,Bronze,40-70k,In-Store,1.0,1
C12944,0,9.0,11.0,7527.969999999999,684.360909090909,435.2038951446677,574.0,9.636363636363637,4.909090909090909,2.0,9.0,56.5,85.03496013078647,270.0,0.1592920353982301,2.0,2071.6099999999997,4.0,4302.53,4.0,4302.53,7.0,5223.65,4.0,1.0,0.07235373925001817,10.0,0.0,,0.0,34.0,599.0,0.0,0.0,Male,Unknown,Bronze,40-70k,In-Store,1.0,1
C12945,0,,,,,,,,,,,,,,,,,,,,,,,,,,,,,,,,,,,,,,,,0
C12946,0,0.0,7.0,4782.43,683.2042857142858,495.9173451916203,227.0,5.714285714285714,3.4285714285714284,2.0,6.0,37.833333333333336,40.34559042406824,93.0,0.0,1.0,195.63,1.0,195.63,3.0,941.97,7.0,4782.43,0.3333333333333333,0.6,0.13712396908937055,10.0,0.0,,0.0,34.0,256.0,1.0,1.0,Male,Bangkok,Platinum,40-70k,In-Store,2.0,1
C12947,1,62.0,15.0,20692.739999999998,1379.5159999999998,1201.7587743018266,573.0,9.266666666666667,4.866666666666666,3.0,2.0,36.5,25.14802332039393,80.0,1.6986301369863013,0.0,0.0,1.0,3444.8,4.0,7102.68,8.0,9945.36,0.25,0.8,0.05174304493611226,12.0,2.0,2.0,0.0,32.0,601.0,1.0,1.0,Male,Northeast,Bronze,20-40k,Mobile App,2.0,1
C12948,0,79.0,10.0,3916.34,391.634,250.95240917574614,330.0,5.1,2.6,2.0,2.0,27.88888888888889,24.111431129468677,67.0,2.8326693227091635,0.0,0.0,1.0,442.93,3.0,1119.87,10.0,3916.34,0.3333333333333333,0.375,0.030779244241729793,10.0,1.0,4.0,0.0,27.0,457.0,1.0,1.0,Female,East,Silver,20-40k,Mobile App,3.0,1
C12949,1,44.0,7.0,9581.7,1368.814285714286,834.4650632562384,293.0,9.714285714285714,5.0,1.0,7.0,41.5,19.766132651583618,67.0,1.0602409638554218,0.0,0.0,2.0,1988.1000000000001,4.0,5033.4400000000005,7.0,9581.7,0.6666666666666666,1.0,0.014606534735127364,9.0,1.0,5.0,0.0,20.0,310.0,0.0,0.0,Male,Bangkok,Silver,20-40k,In-Store,1.0,1
C12950,0,43.0,31.0,35741.72,1152.9587096774194,873.1945813304994,366.0,9.580645161290322,5.0,3.0,4.0,10.766666666666667,6.966339430251103,30.0,3.993808049535603,0.0,0.0,6.0,6425.55,13.0,14156.61,30.0,32460.74,0.75,0.7222222222222222,0.05028592351795003,14.0,0.0,,0.0,22.0,368.0,1.0,1.0,Male,North,Gold,20-40k,Online Web,2.0,1
C12951,0,40.0,3.0,5334.03,1778.01,1274.8874247163944,50.0,10.0,6.0,1.0,1.0,5.0,0.0,5.0,8.0,0.0,0.0,3.0,5334.03,3.0,5334.03,3.0,5334.03,3.0,3.0,0.05051265619993592,8.0,1.0,4.0,1.0,20.0,84.0,1.0,0.0,Female,Bangkok,Bronze,40-70k,Online Web,1.0,1
C12952,0,219.0,8.0,3796.84,474.605,513.9998216508862,560.0,4.375,2.375,2.0,7.0,48.714285714285715,43.246249493315545,125.0,4.495601173020527,0.0,0.0,0.0,0.0,0.0,0.0,3.0,1314.02,0.0,0.0,0.06160268308416274,8.0,0.0,,0.0,32.0,639.0,0.0,1.0,Female,East,Silver,Unknown,In-Store,1.0,1
C12953,0,1.0,61.0,193896.43,3178.63,1757.0568542802857,439.0,16.475409836065573,9.0,3.0,9.0,7.3,6.4210986968412405,37.0,0.136986301369863,6.0,26395.72,11.0,45111.380000000005,23.0,74123.36,49.0,157770.27,0.8461538461538461,0.8518518518518519,0.024115314549933476,14.0,1.0,4.0,0.0,34.0,447.0,1.0,1.0,Male,East,Gold,70-120k,Mobile App,1.0,1
C12954,0,11.0,18.0,5953.84,330.7688888888889,176.31644769591003,574.0,4.388888888888889,2.4444444444444446,2.0,2.0,33.11764705882353,18.448856173693997,67.0,0.3321492007104796,2.0,637.45,4.0,1754.85,7.0,2348.51,12.0,4187.49,1.0,1.1666666666666667,0.09648478520829665,11.0,0.0,,0.0,42.0,600.0,1.0,1.0,Male,Northeast,Bronze,20-40k,Mobile App,3.0,1
C12955,0,7.0,23.0,25256.82,1098.1226086956522,719.1129032559833,321.0,7.478260869565218,3.739130434782609,3.0,10.0,14.272727272727273,10.429727742334446,47.0,0.49044585987261147,3.0,3826.9900000000002,7.0,8966.08,13.0,16121.51,23.0,25256.82,1.0,1.1818181818181819,0.022400151109672955,11.0,2.0,2.5,1.0,46.0,333.0,1.0,1.0,Male,East,Bronze,20-40k,In-Store,2.0,1
C12956,0,17.0,26.0,45820.29,1762.3188461538462,1905.0462048513723,433.0,11.923076923076923,5.769230769230769,3.0,16.0,16.64,15.334818768628036,49.0,1.0216346153846154,2.0,2573.86,4.0,4428.91,10.0,15931.34,20.0,38536.98,0.5714285714285714,0.9090909090909091,0.013778600939078291,13.0,0.0,,0.0,29.0,450.0,1.0,1.0,Male,North,Gold,40-70k,In-Store,3.0,1
C12957,0,5.0,13.0,19800.670000000002,1523.1284615384616,1168.4703277351275,290.0,11.307692307692308,5.538461538461538,3.0,2.0,23.75,30.19369289949626,99.0,0.21052631578947367,3.0,6067.78,4.0,6780.929999999999,5.0,8522.95,13.0,19800.670000000002,2.0,0.5555555555555556,0.03386246277690736,12.0,1.0,2.0,0.0,28.0,290.0,1.0,0.0,Male,South,Gold,Unknown,Online Web,1.0,1
C12958,0,2.0,46.0,136940.53,2976.968043478261,1564.2887855388958,358.0,16.065217391304348,8.91304347826087,3.0,6.0,7.911111111111111,6.911197180275386,32.0,0.25280898876404495,5.0,12228.14,12.0,33634.48,24.0,73617.09,46.0,136940.53,0.9230769230769231,1.0434782608695652,0.023446325447553873,14.0,1.0,3.0,0.0,39.0,392.0,1.0,1.0,Male,North,Platinum,40-70k,Online Web,2.0,1
C12959,1,125.0,9.0,4777.95,530.8833333333333,649.976419014567,450.0,4.222222222222222,3.0,1.0,1.0,40.625,26.310983583721402,71.0,3.076923076923077,0.0,0.0,0.0,0.0,1.0,953.65,7.0,4599.2,0.0,0.14285714285714285,0.02788205062472152,8.0,1.0,2.0,0.0,26.0,529.0,0.0,1.0,Female,Bangkok,Gold,20-40k,Mobile App,2.0,1
C12960,0,49.0,10.0,5982.17,598.217,276.91866126475963,401.0,6.2,3.7,3.0,2.0,39.111111111111114,23.53956480292512,72.0,1.252840909090909,0.0,0.0,1.0,961.84,4.0,3026.9300000000003,8.0,5020.57,0.25,0.8,0.01908965842924348,13.0,0.0,,0.0,41.0,456.0,0.0,1.0,Male,Bangkok,Silver,20-40k,Mobile App,1.0,1
C12961,1,190.0,11.0,21568.88,1960.807272727273,1249.4310166959272,359.0,12.090909090909092,5.7272727272727275,2.0,8.0,16.9,9.70051545022222,37.0,11.24260355029586,0.0,0.0,0.0,0.0,0.0,0.0,11.0,21568.88,0.0,0.0,0.0378226271973534,13.0,1.0,1.0,0.0,38.0,360.0,1.0,1.0,Female,Bangkok,Bronze,20-40k,In-Store,1.0,1
C12962,1,67.0,11.0,10788.73,980.7936363636363,736.2974234814724,510.0,8.181818181818182,4.818181818181818,2.0,11.0,44.3,34.985870163697676,109.0,1.5124153498871333,0.0,0.0,1.0,135.82,3.0,1884.89,8.0,6252.95,0.3333333333333333,0.5,0.018617534156857754,11.0,1.0,4.0,0.0,37.0,534.0,0.0,0.0,Female,Bangkok,Silver,Unknown,In-Store,3.0,1
C12963,0,7.0,8.0,8027.51,1003.43875,793.6134204553157,134.0,5.25,2.5,3.0,2.0,18.142857142857142,9.511897312113419,33.0,0.38582677165354334,2.0,1580.7,5.0,3604.02,8.0,8027.51,8.0,8027.51,1.25,8.0,0.02171658515838361,9.0,0.0,,0.0,42.0,143.0,0.0,1.0,Male,Bangkok,Silver,Unknown,Online Web,2.0,1
C12964,0,37.0,2.0,1653.8899999999999,826.9449999999999,9.835855326304893,39.0,7.5,4.5,1.0,2.0,2.0,,2.0,18.5,0.0,0.0,2.0,1653.8899999999999,2.0,1653.8899999999999,2.0,1653.8899999999999,2.0,2.0,0.014573837399827212,7.0,1.0,3.0,1.0,28.0,40.0,1.0,0.0,Female,South,Silver,40-70k,In-Store,1.0,1
C12965,0,26.0,5.0,3656.2,731.24,816.0040086604968,389.0,7.4,3.0,1.0,5.0,90.75,123.12967419215673,267.0,0.2865013774104683,1.0,156.77,1.0,156.77,4.0,3281.03,4.0,3281.03,0.25,4.0,0.014206406768601926,5.0,0.0,,0.0,25.0,394.0,1.0,0.0,Male,Central,Bronze,20-40k,In-Store,3.0,1
C12966,0,39.0,19.0,22369.82,1177.358947368421,726.6236621746939,577.0,11.526315789473685,6.2631578947368425,3.0,12.0,29.88888888888889,34.61874515836571,130.0,1.304832713754647,0.0,0.0,1.0,1512.73,5.0,6372.98,12.0,14922.58,0.2,0.625,0.042113516242451285,13.0,2.0,4.5,0.0,34.0,615.0,1.0,0.0,Male,Bangkok,Silver,>120k,In-Store,1.0,1
C12967,0,30.0,16.0,16991.1,1061.94375,866.1167499890917,285.0,7.25,3.875,3.0,3.0,17.0,18.043597994065056,66.0,1.7647058823529411,0.0,0.0,2.0,3308.2,7.0,6122.76,16.0,16991.1,0.3333333333333333,0.7,0.004242391210707774,12.0,0.0,,0.0,49.0,294.0,1.0,0.0,Female,Northeast,Gold,40-70k,Online Web,3.0,1
C12968,1,60.0,10.0,6992.11,699.211,252.2889183478163,444.0,9.6,4.8,1.0,7.0,42.666666666666664,30.120590963658067,82.0,1.40625,0.0,0.0,1.0,892.9,3.0,2375.66,7.0,4834.19,0.3333333333333333,0.6,0.07957860317192864,10.0,1.0,4.0,0.0,40.0,464.0,0.0,0.0,Male,Bangkok,Silver,40-70k,In-Store,2.0,1
C12969,1,24.0,3.0,2860.14,953.38,385.3203944771156,57.0,5.333333333333333,3.0,1.0,3.0,16.5,3.5355339059327378,19.0,1.4545454545454546,1.0,1387.26,3.0,2860.14,3.0,2860.14,3.0,2860.14,3.0,3.0,0.10260545438572272,5.0,0.0,,0.0,18.0,57.0,0.0,0.0,Female,Central,Bronze,20-40k,In-Store,2.0,1
C12970,0,49.0,22.0,34834.91,1583.4050000000002,894.8741556205648,487.0,11.409090909090908,6.2272727272727275,3.0,3.0,20.857142857142858,15.33390268094106,58.0,2.3493150684931505,0.0,0.0,4.0,8520.66,8.0,14795.76,14.0,24461.98,0.8,1.1428571428571428,0.015861244411145333,14.0,1.0,2.0,0.0,33.0,518.0,0.0,0.0,Female,Bangkok,Silver,20-40k,Online Web,1.0,1
C12971,1,41.0,3.0,3357.2000000000003,1119.0666666666668,1398.6047678430577,67.0,7.0,3.0,1.0,1.0,13.0,12.727922061357855,22.0,3.1538461538461537,0.0,0.0,3.0,3357.2000000000003,3.0,3357.2000000000003,3.0,3357.2000000000003,3.0,3.0,0.004374323462684796,8.0,0.0,,0.0,35.0,68.0,1.0,1.0,Female,North,Bronze,40-70k,Online Web,1.0,1
C12972,0,3.0,49.0,129973.61,2652.5226530612244,1394.197366960909,383.0,15.510204081632653,8.142857142857142,1.0,1.0,7.916666666666667,7.399923327185691,28.0,0.37894736842105264,1.0,1204.28,7.0,24260.72,20.0,53304.83,44.0,117734.26,0.5,0.8,0.0,14.0,0.0,,0.0,35.0,412.0,1.0,1.0,Female,Bangkok,Platinum,70-120k,Online Web,2.0,1
C12973,0,16.0,1.0,1442.74,1442.74,,16.0,8.0,4.0,1.0,1.0,,,,,1.0,1442.74,1.0,1442.74,1.0,1442.74,1.0,1442.74,1.0,1.0,0.023731061503170232,4.0,0.0,,0.0,27.0,103.0,0.0,0.0,Male,East,Bronze,70-120k,Online Web,1.0,1
C12974,1,29.0,20.0,28428.93,1421.4465,811.0531244088891,538.0,11.45,6.05,3.0,12.0,26.789473684210527,25.975584577676912,83.0,1.0825147347740667,1.0,1435.98,1.0,1435.98,5.0,6732.77,11.0,16589.1,0.2,0.7142857142857143,0.03818674291993542,14.0,0.0,,0.0,34.0,574.0,0.0,0.0,Male,North,Silver,<20k,In-Store,2.0,1
C12975,0,39.0,8.0,6034.57,754.32125,509.4131488413899,438.0,7.375,3.625,3.0,4.0,57.0,45.77116996538323,118.0,0.6842105263157895,0.0,0.0,2.0,1585.5600000000002,4.0,2446.02,7.0,4951.78,0.6666666666666666,1.0,0.03676515187792303,10.0,0.0,,0.0,31.0,452.0,0.0,1.0,Male,Bangkok,Silver,40-70k,In-Store,2.0,1
C12976,0,3.0,45.0,110753.85,2461.1966666666667,1340.5822838297477,415.0,12.28888888888889,6.511111111111111,3.0,21.0,9.363636363636363,8.485530527304096,36.0,0.32038834951456313,8.0,21956.75,13.0,29989.86,25.0,58281.71,41.0,101912.22,1.0,1.4705882352941178,0.0,14.0,0.0,,0.0,41.0,422.0,0.0,0.0,Female,North,Gold,40-70k,In-Store,1.0,1
C12977,0,78.0,14.0,9033.74,645.2671428571429,417.6851419693763,551.0,5.0,2.357142857142857,3.0,11.0,36.38461538461539,29.004420529574627,89.0,2.1437632135306552,0.0,0.0,1.0,147.97,5.0,2249.09,7.0,3030.47,0.2,1.6666666666666667,0.06980475016629496,10.0,0.0,,0.0,36.0,570.0,0.0,1.0,Male,East,Bronze,20-40k,In-Store,2.0,1
C12978,1,14.0,26.0,28189.239999999998,1084.2015384615383,781.6908028968604,625.0,8.73076923076923,4.769230769230769,3.0,18.0,24.44,21.189777409559227,91.0,0.5728314238952537,3.0,2041.14,5.0,6473.29,8.0,9868.09,13.0,14316.73,1.25,1.3333333333333333,0.06878799771138323,14.0,0.0,,0.0,34.0,666.0,0.0,1.0,Female,East,Silver,40-70k,In-Store,1.0,1
C12979,0,23.0,40.0,31250.52,781.263,640.4865282403962,547.0,5.775,3.05,3.0,19.0,13.435897435897436,17.341454549256838,95.0,1.7118320610687023,1.0,2110.94,7.0,4787.75,17.0,12504.6,29.0,20931.07,0.6363636363636364,1.3076923076923077,0.0065108223346638985,14.0,0.0,,0.0,38.0,547.0,1.0,0.0,Male,East,Platinum,20-40k,In-Store,2.0,1
C12980,0,10.0,35.0,39676.35,1133.61,1102.9756159642716,604.0,7.2,3.9714285714285715,3.0,8.0,17.470588235294116,16.021264835094044,82.0,0.5723905723905724,1.0,433.19,4.0,3712.62,12.0,14714.470000000001,23.0,26555.81,0.4444444444444444,1.0,0.0394012459395353,14.0,0.0,,0.0,45.0,612.0,1.0,0.0,Male,North,Silver,20-40k,Mobile App,1.0,1
C12981,0,69.0,25.0,29018.38,1160.7352,900.3312367453066,575.0,9.12,4.44,2.0,1.0,21.083333333333332,28.779395809995833,128.0,3.272727272727273,0.0,0.0,2.0,1429.04,6.0,8424.58,15.0,19079.12,0.4,0.6,0.013256828698351212,14.0,0.0,,0.0,51.0,576.0,1.0,1.0,Male,Northeast,Silver,70-120k,Mobile App,3.0,1
C12982,1,59.0,10.0,8187.27,818.7270000000001,564.2915526776326,310.0,7.3,3.6,1.0,8.0,27.88888888888889,42.486599194464965,134.0,2.1155378486055776,0.0,0.0,5.0,3052.87,9.0,6382.27,10.0,8187.27,1.0,4.5,0.06959140420357628,12.0,3.0,3.3333333333333335,1.0,46.0,315.0,1.0,1.0,Male,Central,Silver,40-70k,In-Store,2.0,1
C12983,0,134.0,3.0,5251.900000000001,1750.6333333333334,941.7187357344725,184.0,8.333333333333334,4.666666666666667,1.0,2.0,25.0,14.142135623730951,35.0,5.36,0.0,0.0,0.0,0.0,2.0,3868.0200000000004,3.0,5251.900000000001,0.0,1.0,0.08443350423536015,8.0,1.0,2.0,0.0,18.0,189.0,1.0,1.0,Female,Bangkok,Bronze,<20k,In-Store,1.0,1
C12984,1,99.0,36.0,71505.88,1986.2744444444445,1061.116706893381,509.0,10.472222222222221,5.472222222222222,2.0,20.0,11.714285714285714,11.315193919919276,46.0,8.451219512195122,0.0,0.0,0.0,0.0,5.0,8327.43,24.0,45838.76,0.0,0.25,0.014187909285172674,13.0,1.0,2.0,1.0,31.0,523.0,1.0,0.0,Female,Central,Gold,40-70k,In-Store,1.0,1
C12985,0,29.0,9.0,7709.96,856.6622222222222,859.1009394095926,524.0,6.777777777777778,3.6666666666666665,2.0,6.0,61.875,59.74334989890387,204.0,0.4686868686868687,1.0,620.77,3.0,1249.17,5.0,2511.94,7.0,5012.69,1.0,1.6666666666666667,0.08671513063831955,9.0,2.0,4.0,2.0,42.0,548.0,0.0,1.0,Male,Bangkok,Silver,20-40k,In-Store,1.0,1
C12986,1,60.0,24.0,28590.83,1191.2845833333333,1080.8437937052342,509.0,8.291666666666666,4.333333333333333,3.0,17.0,19.52173913043478,16.53885113416118,61.0,3.0734966592427617,0.0,0.0,2.0,2790.7200000000003,9.0,7829.25,16.0,19327.01,0.25,1.125,0.08079420418829315,14.0,2.0,3.5,1.0,27.0,569.0,0.0,1.0,Female,East,Silver,40-70k,In-Store,1.0,1
C12987,0,9.0,44.0,74055.72,1683.0845454545454,1197.9910514952016,630.0,11.909090909090908,6.204545454545454,3.0,6.0,14.44186046511628,11.713448367015287,46.0,0.6231884057971014,1.0,2745.38,3.0,3578.66,8.0,11740.369999999999,23.0,30601.17,0.5,0.5,0.04492466643297824,14.0,1.0,3.0,0.0,46.0,661.0,1.0,1.0,Male,East,Gold,70-120k,Mobile App,3.0,1
C12988,0,1.0,18.0,7280.51,404.47277777777776,238.1848912530806,579.0,5.666666666666667,2.9444444444444446,3.0,10.0,34.0,31.082551375329537,122.0,0.029411764705882353,1.0,472.64,1.0,472.64,4.0,1624.3600000000001,9.0,4038.39,0.25,0.6666666666666666,0.027219901045264512,10.0,0.0,,0.0,32.0,580.0,0.0,1.0,Male,North,Bronze,70-120k,In-Store,2.0,1
C12989,0,158.0,6.0,4985.849999999999,830.9749999999999,1042.8932340896647,434.0,6.0,3.6666666666666665,3.0,3.0,55.2,22.320394261750845,89.0,2.86231884057971,0.0,0.0,0.0,0.0,1.0,292.54,4.0,1840.94,0.0,0.25,0.03790416573400125,10.0,1.0,5.0,0.0,33.0,516.0,1.0,0.0,Male,Bangkok,Silver,20-40k,In-Store,1.0,1
C12990,0,,,,,,,,,,,,,,,,,,,,,,,,,,,,,,,,,,,,,,,,0
C12991,0,18.0,31.0,26387.17,851.1990322580644,616.1358138016587,637.0,6.193548387096774,3.2903225806451615,3.0,17.0,20.633333333333333,16.234240811095653,55.0,0.8723747980613894,1.0,162.36,3.0,1930.4099999999999,8.0,8440.94,14.0,14356.92,0.5,1.1428571428571428,0.007004772834095564,13.0,0.0,,0.0,34.0,667.0,1.0,0.0,Female,Bangkok,Platinum,70-120k,In-Store,3.0,1
C12992,0,66.0,11.0,16597.12,1508.8290909090908,968.4734095622301,316.0,8.818181818181818,5.636363636363637,3.0,2.0,25.0,21.64871050817269,74.0,2.64,0.0,0.0,2.0,798.14,5.0,5015.14,11.0,16597.12,0.5,0.7142857142857143,0.0,13.0,1.0,4.0,1.0,43.0,322.0,0.0,0.0,Female,Central,Silver,20-40k,Mobile App,3.0,1
C12993,1,63.0,20.0,23669.0,1183.45,786.1394237263783,441.0,9.1,4.65,2.0,14.0,19.894736842105264,16.930888067677785,64.0,3.1666666666666665,0.0,0.0,2.0,2374.0,5.0,5052.58,15.0,19185.81,0.5,0.45454545454545453,0.031607664656155054,14.0,2.0,4.5,2.0,48.0,451.0,1.0,0.0,Male,Central,Silver,Unknown,In-Store,3.0,1
C12994,0,21.0,3.0,6701.43,2233.81,2103.7771143588384,97.0,12.0,6.0,1.0,3.0,38.0,8.48528137423857,44.0,0.5526315789473685,1.0,4655.56,2.0,5513.5,3.0,6701.43,3.0,6701.43,1.0,3.0,0.0029978070632202545,11.0,0.0,,0.0,18.0,99.0,1.0,0.0,Female,Bangkok,Silver,40-70k,In-Store,1.0,1
C12995,0,16.0,4.0,2292.28,573.07,671.7566677004405,103.0,5.25,2.25,1.0,4.0,29.0,11.532562594670797,41.0,0.5517241379310345,1.0,1561.64,3.0,1877.97,4.0,2292.28,4.0,2292.28,1.5,4.0,0.03347430291735359,7.0,0.0,,0.0,37.0,108.0,1.0,0.0,Male,Bangkok,Gold,Unknown,In-Store,1.0,1
C12996,0,,,,,,,,,,,,,,,,,,,,,,,,,,,,,,,,,,,,,,,,0
C12997,0,6.0,82.0,174255.08,2125.061951219512,1168.681188205441,636.0,12.634146341463415,6.7073170731707314,3.0,3.0,7.777777777777778,8.176184929415431,41.0,0.7714285714285715,4.0,9737.24,11.0,22406.32,20.0,45121.41,42.0,87569.18000000001,1.1,0.8695652173913043,0.0,14.0,1.0,2.0,0.0,29.0,641.0,1.0,1.0,Male,Bangkok,Gold,40-70k,Mobile App,2.0,1
C12998,1,0.0,3.0,1952.2099999999998,650.7366666666666,432.2211691175403,18.0,4.666666666666667,3.0,1.0,3.0,9.0,7.0710678118654755,14.0,0.0,3.0,1952.2099999999998,3.0,1952.2099999999998,3.0,1952.2099999999998,3.0,1952.2099999999998,3.0,3.0,0.018131431502922155,8.0,0.0,,0.0,34.0,29.0,0.0,1.0,Female,Bangkok,Silver,70-120k,In-Store,3.0,1
C12999,1,52.0,17.0,21165.32,1245.0188235294117,807.3572721453801,339.0,8.294117647058824,4.588235294117647,3.0,10.0,17.9375,22.24550516396515,91.0,2.8989547038327528,0.0,0.0,3.0,3700.62,4.0,4426.68,17.0,21165.32,1.5,0.2857142857142857,0.043639041891275175,12.0,0.0,,0.0,34.0,406.0,0.0,0.0,Female,Bangkok,Bronze,Unknown,In-Store,2.0,1
C13000,0,1.0,26.0,39313.29,1512.0496153846154,1018.3674829352351,574.0,10.26923076923077,5.423076923076923,3.0,16.0,22.92,20.32633759436264,76.0,0.04363001745200698,1.0,2688.93,4.0,5294.67,9.0,10716.41,16.0,22934.13,0.6666666666666666,1.125,0.011489001441028348,13.0,0.0,,0.0,32.0,577.0,1.0,1.0,Male,Bangkok,Platinum,>120k,In-Store,2.0,1
