customer_id,churn_probability,risk_tier,segment,persona,recency,frequency,monetary,avg_order_value,n_tx_90d,trend_90_over_prev90,discount_ratio,n_unresolved_tickets,avg_satisfaction,warning_signals,recommended_action
C10075,0.99843746,วิกฤต,0,ลูกค้าคุณค่าสูงที่กำลังห่างหาย (At-Risk High-Value),158.0,18.0,17706.01,983.6672222222221,0.0,0.0,0.044927644113033544,2.0,2.0,ไม่ซื้อมา 158 วัน · ความถี่ 90 วันล่าสุดลดลงชัดเจน · ไม่มีการซื้อเลยใน 90 วันล่าสุด · คะแนนความพึงพอใจต่ำ (2.0/5) · มีเรื่องร้องเรียนค้าง 2 เรื่อง,โทรหาโดยพนักงานภายใน 48 ชม. + ข้อเสนอเฉพาะบุคคล
C12445,0.9983317,วิกฤต,0,ลูกค้าคุณค่าสูงที่กำลังห่างหาย (At-Risk High-Value),135.0,15.0,27960.54,1864.036,0.0,0.0,0.04617696964404258,1.0,3.0,ไม่ซื้อมา 135 วัน · ความถี่ 90 วันล่าสุดลดลงชัดเจน · ไม่มีการซื้อเลยใน 90 วันล่าสุด · มีเรื่องร้องเรียนค้าง 1 เรื่อง,โทรหาโดยพนักงานภายใน 48 ชม. + ข้อเสนอเฉพาะบุคคล
C12174,0.9979348,วิกฤต,0,ลูกค้าคุณค่าสูงที่กำลังห่างหาย (At-Risk High-Value),182.0,14.0,21637.34,1545.5242857142857,0.0,0.0,0.05899856266539676,0.0,,ไม่ซื้อมา 182 วัน · ความถี่ 90 วันล่าสุดลดลงชัดเจน · ไม่มีการซื้อเลยใน 90 วันล่าสุด,โทรหาโดยพนักงานภายใน 48 ชม. + ข้อเสนอเฉพาะบุคคล
C12961,0.99792105,วิกฤต,0,ลูกค้าคุณค่าสูงที่กำลังห่างหาย (At-Risk High-Value),190.0,11.0,21568.88,1960.807272727273,0.0,0.0,0.0378226271973534,0.0,1.0,ไม่ซื้อมา 190 วัน · ความถี่ 90 วันล่าสุดลดลงชัดเจน · ไม่มีการซื้อเลยใน 90 วันล่าสุด · คะแนนความพึงพอใจต่ำ (1.0/5),โทรหาโดยพนักงานภายใน 48 ชม. + ข้อเสนอเฉพาะบุคคล
C10199,0.9978688,วิกฤต,0,ลูกค้าคุณค่าสูงที่กำลังห่างหาย (At-Risk High-Value),335.0,7.0,14643.18,2091.882857142857,0.0,0.0,0.011999840766802307,0.0,2.5,ไม่ซื้อมา 335 วัน · ความถี่ 90 วันล่าสุดลดลงชัดเจน · ไม่มีการซื้อเลยใน 90 วันล่าสุด,โทรหาโดยพนักงานภายใน 48 ชม. + ข้อเสนอเฉพาะบุคคล
C12452,0.9976305,วิกฤต,0,ลูกค้าคุณค่าสูงที่กำลังห่างหาย (At-Risk High-Value),117.0,21.0,33629.93,1601.425238095238,0.0,0.0,0.08696345076949893,1.0,1.0,ไม่ซื้อมา 117 วัน · ความถี่ 90 วันล่าสุดลดลงชัดเจน · ไม่มีการซื้อเลยใน 90 วันล่าสุด · คะแนนความพึงพอใจต่ำ (1.0/5) · มีเรื่องร้องเรียนค้าง 1 เรื่อง,โทรหาโดยพนักงานภายใน 48 ชม. + ข้อเสนอเฉพาะบุคคล
C10365,0.9975975,วิกฤต,0,ลูกค้าคุณค่าสูงที่กำลังห่างหาย (At-Risk High-Value),285.0,6.0,12607.24,2101.2066666666665,0.0,0.0,0.04446159046708089,1.0,2.3333333333333335,ไม่ซื้อมา 285 วัน · ความถี่ 90 วันล่าสุดลดลงชัดเจน · ไม่มีการซื้อเลยใน 90 วันล่าสุด · มีเรื่องร้องเรียนค้าง 1 เรื่อง,โทรหาโดยพนักงานภายใน 48 ชม. + ข้อเสนอเฉพาะบุคคล
C11958,0.9974602,วิกฤต,0,ลูกค้าคุณค่าสูงที่กำลังห่างหาย (At-Risk High-Value),160.0,15.0,24960.38,1664.0253333333335,0.0,0.0,0.04126750495587247,0.0,3.5,ไม่ซื้อมา 160 วัน · ความถี่ 90 วันล่าสุดลดลงชัดเจน · ไม่มีการซื้อเลยใน 90 วันล่าสุด,โทรหาโดยพนักงานภายใน 48 ชม. + ข้อเสนอเฉพาะบุคคล
C12049,0.9969861,วิกฤต,0,ลูกค้าคุณค่าสูงที่กำลังห่างหาย (At-Risk High-Value),196.0,17.0,17981.63,1057.7429411764706,0.0,0.0,0.09759448930134149,0.0,1.0,ไม่ซื้อมา 196 วัน · ความถี่ 90 วันล่าสุดลดลงชัดเจน · ไม่มีการซื้อเลยใน 90 วันล่าสุด · คะแนนความพึงพอใจต่ำ (1.0/5),โทรหาโดยพนักงานภายใน 48 ชม. + ข้อเสนอเฉพาะบุคคล
C12782,0.9969807,วิกฤต,0,ลูกค้าคุณค่าสูงที่กำลังห่างหาย (At-Risk High-Value),163.0,9.0,15408.82,1712.091111111111,0.0,0.0,0.05595358440396763,0.0,2.6666666666666665,ไม่ซื้อมา 163 วัน · ความถี่ 90 วันล่าสุดลดลงชัดเจน · ไม่มีการซื้อเลยใน 90 วันล่าสุด,โทรหาโดยพนักงานภายใน 48 ชม. + ข้อเสนอเฉพาะบุคคล
C11771,0.9968924,วิกฤต,0,ลูกค้าคุณค่าสูงที่กำลังห่างหาย (At-Risk High-Value),170.0,11.0,14078.91,1279.9009090909092,0.0,0.0,0.055162513891797,1.0,4.0,ไม่ซื้อมา 170 วัน · ความถี่ 90 วันล่าสุดลดลงชัดเจน · ไม่มีการซื้อเลยใน 90 วันล่าสุด · มีเรื่องร้องเรียนค้าง 1 เรื่อง,โทรหาโดยพนักงานภายใน 48 ชม. + ข้อเสนอเฉพาะบุคคล
C10444,0.99685895,วิกฤต,0,ลูกค้าคุณค่าสูงที่กำลังห่างหาย (At-Risk High-Value),168.0,14.0,16171.36,1155.097142857143,0.0,0.0,0.07946765030681831,0.0,3.0,ไม่ซื้อมา 168 วัน · ความถี่ 90 วันล่าสุดลดลงชัดเจน · ไม่มีการซื้อเลยใน 90 วันล่าสุด,โทรหาโดยพนักงานภายใน 48 ชม. + ข้อเสนอเฉพาะบุคคล
C11373,0.99680555,วิกฤต,0,ลูกค้าคุณค่าสูงที่กำลังห่างหาย (At-Risk High-Value),197.0,25.0,39612.6,1584.504,0.0,0.0,0.06502213257262303,1.0,3.0,ไม่ซื้อมา 197 วัน · ความถี่ 90 วันล่าสุดลดลงชัดเจน · ไม่มีการซื้อเลยใน 90 วันล่าสุด · มีเรื่องร้องเรียนค้าง 1 เรื่อง,โทรหาโดยพนักงานภายใน 48 ชม. + ข้อเสนอเฉพาะบุคคล
C11065,0.99669635,วิกฤต,0,ลูกค้าคุณค่าสูงที่กำลังห่างหาย (At-Risk High-Value),177.0,14.0,20169.91,1440.7078571428572,0.0,0.0,0.034132113311126734,1.0,4.0,ไม่ซื้อมา 177 วัน · ความถี่ 90 วันล่าสุดลดลงชัดเจน · ไม่มีการซื้อเลยใน 90 วันล่าสุด · มีเรื่องร้องเรียนค้าง 1 เรื่อง,โทรหาโดยพนักงานภายใน 48 ชม. + ข้อเสนอเฉพาะบุคคล
C10816,0.9966348,วิกฤต,2,ลูกค้าห่างหายมูลค่าต่ำ (Dormant / Low-Value),354.0,3.0,793.39,264.4633333333333,0.0,0.0,0.012398083027323085,0.0,1.0,ไม่ซื้อมา 354 วัน · ความถี่ 90 วันล่าสุดลดลงชัดเจน · ไม่มีการซื้อเลยใน 90 วันล่าสุด · คะแนนความพึงพอใจต่ำ (1.0/5),โทรหาโดยพนักงานภายใน 48 ชม. + ข้อเสนอเฉพาะบุคคล
C10771,0.996618,วิกฤต,0,ลูกค้าคุณค่าสูงที่กำลังห่างหาย (At-Risk High-Value),261.0,13.0,23823.71,1832.5930769230768,0.0,0.0,0.057639211926167125,0.0,1.5,ไม่ซื้อมา 261 วัน · ความถี่ 90 วันล่าสุดลดลงชัดเจน · ไม่มีการซื้อเลยใน 90 วันล่าสุด · คะแนนความพึงพอใจต่ำ (1.5/5),โทรหาโดยพนักงานภายใน 48 ชม. + ข้อเสนอเฉพาะบุคคล
C10320,0.9965803,วิกฤต,0,ลูกค้าคุณค่าสูงที่กำลังห่างหาย (At-Risk High-Value),149.0,19.0,29881.97,1572.735263157895,0.0,0.0,0.052783848937225715,0.0,2.5,ไม่ซื้อมา 149 วัน · ความถี่ 90 วันล่าสุดลดลงชัดเจน · ไม่มีการซื้อเลยใน 90 วันล่าสุด,โทรหาโดยพนักงานภายใน 48 ชม. + ข้อเสนอเฉพาะบุคคล
C11107,0.9965186,วิกฤต,0,ลูกค้าคุณค่าสูงที่กำลังห่างหาย (At-Risk High-Value),169.0,13.0,25630.4,1971.569230769231,0.0,0.0,0.032842101767724216,1.0,5.0,ไม่ซื้อมา 169 วัน · ความถี่ 90 วันล่าสุดลดลงชัดเจน · ไม่มีการซื้อเลยใน 90 วันล่าสุด · มีเรื่องร้องเรียนค้าง 1 เรื่อง,โทรหาโดยพนักงานภายใน 48 ชม. + ข้อเสนอเฉพาะบุคคล
C11681,0.9963947,วิกฤต,0,ลูกค้าคุณค่าสูงที่กำลังห่างหาย (At-Risk High-Value),304.0,4.0,8550.94,2137.735,0.0,0.0,0.10085792908809678,1.0,2.5,ไม่ซื้อมา 304 วัน · ความถี่ 90 วันล่าสุดลดลงชัดเจน · ไม่มีการซื้อเลยใน 90 วันล่าสุด · มีเรื่องร้องเรียนค้าง 1 เรื่อง · ซื้อเมื่อมีส่วนลดเป็นหลัก (10%),โทรหาโดยพนักงานภายใน 48 ชม. + ข้อเสนอเฉพาะบุคคล
C12700,0.99613935,วิกฤต,0,ลูกค้าคุณค่าสูงที่กำลังห่างหาย (At-Risk High-Value),110.0,22.0,32307.15,1468.5068181818183,0.0,0.0,0.06005637831718666,0.0,,ไม่ซื้อมา 110 วัน · ความถี่ 90 วันล่าสุดลดลงชัดเจน · ไม่มีการซื้อเลยใน 90 วันล่าสุด,โทรหาโดยพนักงานภายใน 48 ชม. + ข้อเสนอเฉพาะบุคคล
C11938,0.99559325,วิกฤต,0,ลูกค้าคุณค่าสูงที่กำลังห่างหาย (At-Risk High-Value),120.0,12.0,19965.73,1663.8108333333332,0.0,0.0,0.06446497928215951,1.0,2.5,ไม่ซื้อมา 120 วัน · ความถี่ 90 วันล่าสุดลดลงชัดเจน · ไม่มีการซื้อเลยใน 90 วันล่าสุด · มีเรื่องร้องเรียนค้าง 1 เรื่อง,โทรหาโดยพนักงานภายใน 48 ชม. + ข้อเสนอเฉพาะบุคคล
C10233,0.99545175,วิกฤต,0,ลูกค้าคุณค่าสูงที่กำลังห่างหาย (At-Risk High-Value),86.0,15.0,20063.44,1337.5626666666665,1.0,0.3333333333333333,0.057930619987604,1.0,1.0,ไม่ซื้อมา 86 วัน · ความถี่ 90 วันล่าสุดลดลงชัดเจน · คะแนนความพึงพอใจต่ำ (1.0/5) · มีเรื่องร้องเรียนค้าง 1 เรื่อง,โทรหาโดยพนักงานภายใน 48 ชม. + ข้อเสนอเฉพาะบุคคล
C11602,0.9953753,วิกฤต,2,ลูกค้าห่างหายมูลค่าต่ำ (Dormant / Low-Value),380.0,3.0,2337.54,779.18,0.0,0.0,0.12451685393258428,1.0,1.0,ไม่ซื้อมา 380 วัน · ความถี่ 90 วันล่าสุดลดลงชัดเจน · ไม่มีการซื้อเลยใน 90 วันล่าสุด · คะแนนความพึงพอใจต่ำ (1.0/5) · มีเรื่องร้องเรียนค้าง 1 เรื่อง · ซื้อเมื่อมีส่วนลดเป็นหลัก (12%),โทรหาโดยพนักงานภายใน 48 ชม. + ข้อเสนอเฉพาะบุคคล
C11714,0.99518424,วิกฤต,0,ลูกค้าคุณค่าสูงที่กำลังห่างหาย (At-Risk High-Value),297.0,9.0,15174.89,1686.0988888888887,0.0,0.0,0.02564983366903445,0.0,,ไม่ซื้อมา 297 วัน · ความถี่ 90 วันล่าสุดลดลงชัดเจน · ไม่มีการซื้อเลยใน 90 วันล่าสุด,โทรหาโดยพนักงานภายใน 48 ชม. + ข้อเสนอเฉพาะบุคคล
C12357,0.99515224,วิกฤต,0,ลูกค้าคุณค่าสูงที่กำลังห่างหาย (At-Risk High-Value),231.0,19.0,21128.48,1112.0252631578946,0.0,0.0,0.05178658861406823,0.0,,ไม่ซื้อมา 231 วัน · ความถี่ 90 วันล่าสุดลดลงชัดเจน · ไม่มีการซื้อเลยใน 90 วันล่าสุด,โทรหาโดยพนักงานภายใน 48 ชม. + ข้อเสนอเฉพาะบุคคล
C11670,0.9949809,วิกฤต,0,ลูกค้าคุณค่าสูงที่กำลังห่างหาย (At-Risk High-Value),94.0,19.0,18573.13,977.5331578947369,0.0,0.0,0.03462899252938116,1.0,1.6666666666666667,ไม่ซื้อมา 94 วัน · ความถี่ 90 วันล่าสุดลดลงชัดเจน · ไม่มีการซื้อเลยใน 90 วันล่าสุด · คะแนนความพึงพอใจต่ำ (1.7/5) · มีเรื่องร้องเรียนค้าง 1 เรื่อง,โทรหาโดยพนักงานภายใน 48 ชม. + ข้อเสนอเฉพาะบุคคล
C10499,0.9949739,วิกฤต,0,ลูกค้าคุณค่าสูงที่กำลังห่างหาย (At-Risk High-Value),156.0,19.0,32264.13,1698.112105263158,0.0,0.0,0.05731277957791952,0.0,,ไม่ซื้อมา 156 วัน · ความถี่ 90 วันล่าสุดลดลงชัดเจน · ไม่มีการซื้อเลยใน 90 วันล่าสุด,โทรหาโดยพนักงานภายใน 48 ชม. + ข้อเสนอเฉพาะบุคคล
C10221,0.99494064,วิกฤต,0,ลูกค้าคุณค่าสูงที่กำลังห่างหาย (At-Risk High-Value),163.0,17.0,21048.5,1238.1470588235295,0.0,0.0,0.04705096716505756,1.0,4.0,ไม่ซื้อมา 163 วัน · ความถี่ 90 วันล่าสุดลดลงชัดเจน · ไม่มีการซื้อเลยใน 90 วันล่าสุด · มีเรื่องร้องเรียนค้าง 1 เรื่อง,โทรหาโดยพนักงานภายใน 48 ชม. + ข้อเสนอเฉพาะบุคคล
C12200,0.9949207,วิกฤต,0,ลูกค้าคุณค่าสูงที่กำลังห่างหาย (At-Risk High-Value),163.0,20.0,31311.4,1565.5700000000002,0.0,0.0,0.028530633735193198,0.0,3.0,ไม่ซื้อมา 163 วัน · ความถี่ 90 วันล่าสุดลดลงชัดเจน · ไม่มีการซื้อเลยใน 90 วันล่าสุด,โทรหาโดยพนักงานภายใน 48 ชม. + ข้อเสนอเฉพาะบุคคล
C11386,0.9948919,วิกฤต,0,ลูกค้าคุณค่าสูงที่กำลังห่างหาย (At-Risk High-Value),163.0,10.0,13428.53,1342.853,0.0,0.0,0.049048413195809125,0.0,,ไม่ซื้อมา 163 วัน · ความถี่ 90 วันล่าสุดลดลงชัดเจน · ไม่มีการซื้อเลยใน 90 วันล่าสุด,โทรหาโดยพนักงานภายใน 48 ชม. + ข้อเสนอเฉพาะบุคคล
C12736,0.99479467,วิกฤต,0,ลูกค้าคุณค่าสูงที่กำลังห่างหาย (At-Risk High-Value),119.0,10.0,13459.83,1345.983,0.0,0.0,0.08176864780198151,0.0,3.0,ไม่ซื้อมา 119 วัน · ความถี่ 90 วันล่าสุดลดลงชัดเจน · ไม่มีการซื้อเลยใน 90 วันล่าสุด,โทรหาโดยพนักงานภายใน 48 ชม. + ข้อเสนอเฉพาะบุคคล
C10883,0.9947724,วิกฤต,0,ลูกค้าคุณค่าสูงที่กำลังห่างหาย (At-Risk High-Value),135.0,14.0,19910.47,1422.1764285714287,0.0,0.0,0.049286480322938926,0.0,,ไม่ซื้อมา 135 วัน · ความถี่ 90 วันล่าสุดลดลงชัดเจน · ไม่มีการซื้อเลยใน 90 วันล่าสุด,โทรหาโดยพนักงานภายใน 48 ชม. + ข้อเสนอเฉพาะบุคคล
C11980,0.9946031,วิกฤต,0,ลูกค้าคุณค่าสูงที่กำลังห่างหาย (At-Risk High-Value),197.0,9.0,11262.939999999999,1251.4377777777777,0.0,0.0,0.0865914017648676,2.0,3.5,ไม่ซื้อมา 197 วัน · ความถี่ 90 วันล่าสุดลดลงชัดเจน · ไม่มีการซื้อเลยใน 90 วันล่าสุด · มีเรื่องร้องเรียนค้าง 2 เรื่อง,โทรหาโดยพนักงานภายใน 48 ชม. + ข้อเสนอเฉพาะบุคคล
C11835,0.9941088,วิกฤต,0,ลูกค้าคุณค่าสูงที่กำลังห่างหาย (At-Risk High-Value),98.0,22.0,25461.73,1157.3513636363637,0.0,0.0,0.07640003308193001,0.0,1.5,ไม่ซื้อมา 98 วัน · ความถี่ 90 วันล่าสุดลดลงชัดเจน · ไม่มีการซื้อเลยใน 90 วันล่าสุด · คะแนนความพึงพอใจต่ำ (1.5/5),โทรหาโดยพนักงานภายใน 48 ชม. + ข้อเสนอเฉพาะบุคคล
C12884,0.99370813,วิกฤต,0,ลูกค้าคุณค่าสูงที่กำลังห่างหาย (At-Risk High-Value),158.0,19.0,21769.53,1145.764736842105,0.0,0.0,0.0810395410586214,0.0,,ไม่ซื้อมา 158 วัน · ความถี่ 90 วันล่าสุดลดลงชัดเจน · ไม่มีการซื้อเลยใน 90 วันล่าสุด,โทรหาโดยพนักงานภายใน 48 ชม. + ข้อเสนอเฉพาะบุคคล
C10670,0.9935638,วิกฤต,0,ลูกค้าคุณค่าสูงที่กำลังห่างหาย (At-Risk High-Value),267.0,15.0,16331.27,1088.7513333333334,0.0,0.0,0.03664192293262799,0.0,2.0,ไม่ซื้อมา 267 วัน · ความถี่ 90 วันล่าสุดลดลงชัดเจน · ไม่มีการซื้อเลยใน 90 วันล่าสุด · คะแนนความพึงพอใจต่ำ (2.0/5),โทรหาโดยพนักงานภายใน 48 ชม. + ข้อเสนอเฉพาะบุคคล
C11212,0.9934801,วิกฤต,0,ลูกค้าคุณค่าสูงที่กำลังห่างหาย (At-Risk High-Value),251.0,37.0,75992.25,2053.8445945945946,0.0,0.0,0.025415148157776242,0.0,5.0,ไม่ซื้อมา 251 วัน · ความถี่ 90 วันล่าสุดลดลงชัดเจน · ไม่มีการซื้อเลยใน 90 วันล่าสุด,โทรหาโดยพนักงานภายใน 48 ชม. + ข้อเสนอเฉพาะบุคคล
C11698,0.9933878,วิกฤต,0,ลูกค้าคุณค่าสูงที่กำลังห่างหาย (At-Risk High-Value),143.0,8.0,11401.46,1425.1825,0.0,0.0,0.04802674535304501,2.0,3.3333333333333335,ไม่ซื้อมา 143 วัน · ความถี่ 90 วันล่าสุดลดลงชัดเจน · ไม่มีการซื้อเลยใน 90 วันล่าสุด · มีเรื่องร้องเรียนค้าง 2 เรื่อง,โทรหาโดยพนักงานภายใน 48 ชม. + ข้อเสนอเฉพาะบุคคล
C11539,0.9933559,วิกฤต,0,ลูกค้าคุณค่าสูงที่กำลังห่างหาย (At-Risk High-Value),147.0,19.0,14120.42,743.18,0.0,0.0,0.0634966218568877,0.0,,ไม่ซื้อมา 147 วัน · ความถี่ 90 วันล่าสุดลดลงชัดเจน · ไม่มีการซื้อเลยใน 90 วันล่าสุด,โทรหาโดยพนักงานภายใน 48 ชม. + ข้อเสนอเฉพาะบุคคล
C10980,0.993343,วิกฤต,0,ลูกค้าคุณค่าสูงที่กำลังห่างหาย (At-Risk High-Value),194.0,10.0,11512.53,1151.2530000000002,0.0,0.0,0.028979150834464253,0.0,3.5,ไม่ซื้อมา 194 วัน · ความถี่ 90 วันล่าสุดลดลงชัดเจน · ไม่มีการซื้อเลยใน 90 วันล่าสุด,โทรหาโดยพนักงานภายใน 48 ชม. + ข้อเสนอเฉพาะบุคคล
C10141,0.99316144,วิกฤต,0,ลูกค้าคุณค่าสูงที่กำลังห่างหาย (At-Risk High-Value),110.0,16.0,25349.7,1584.35625,0.0,0.0,0.04682100703518344,1.0,3.0,ไม่ซื้อมา 110 วัน · ความถี่ 90 วันล่าสุดลดลงชัดเจน · ไม่มีการซื้อเลยใน 90 วันล่าสุด · มีเรื่องร้องเรียนค้าง 1 เรื่อง,โทรหาโดยพนักงานภายใน 48 ชม. + ข้อเสนอเฉพาะบุคคล
C11221,0.99265313,วิกฤต,0,ลูกค้าคุณค่าสูงที่กำลังห่างหาย (At-Risk High-Value),176.0,12.0,16494.64,1374.5533333333333,0.0,0.0,0.10670008513477507,0.0,2.0,ไม่ซื้อมา 176 วัน · ความถี่ 90 วันล่าสุดลดลงชัดเจน · ไม่มีการซื้อเลยใน 90 วันล่าสุด · คะแนนความพึงพอใจต่ำ (2.0/5) · ซื้อเมื่อมีส่วนลดเป็นหลัก (11%),โทรหาโดยพนักงานภายใน 48 ชม. + ข้อเสนอเฉพาะบุคคล
C12426,0.9926065,วิกฤต,0,ลูกค้าคุณค่าสูงที่กำลังห่างหาย (At-Risk High-Value),72.0,13.0,19037.02,1464.3861538461538,1.0,1.0,0.0544797309613483,0.0,2.5,ไม่ซื้อมา 72 วัน,โทรหาโดยพนักงานภายใน 48 ชม. + ข้อเสนอเฉพาะบุคคล
C11148,0.99251866,วิกฤต,0,ลูกค้าคุณค่าสูงที่กำลังห่างหาย (At-Risk High-Value),344.0,9.0,12851.33,1427.9255555555555,0.0,0.0,0.06599905228701168,1.0,2.6666666666666665,ไม่ซื้อมา 344 วัน · ความถี่ 90 วันล่าสุดลดลงชัดเจน · ไม่มีการซื้อเลยใน 90 วันล่าสุด · มีเรื่องร้องเรียนค้าง 1 เรื่อง,โทรหาโดยพนักงานภายใน 48 ชม. + ข้อเสนอเฉพาะบุคคล
C10868,0.99248284,วิกฤต,0,ลูกค้าคุณค่าสูงที่กำลังห่างหาย (At-Risk High-Value),180.0,17.0,32159.14,1891.7141176470589,0.0,0.0,0.0,0.0,,ไม่ซื้อมา 180 วัน · ความถี่ 90 วันล่าสุดลดลงชัดเจน · ไม่มีการซื้อเลยใน 90 วันล่าสุด,โทรหาโดยพนักงานภายใน 48 ชม. + ข้อเสนอเฉพาะบุคคล
C10962,0.9923064,วิกฤต,0,ลูกค้าคุณค่าสูงที่กำลังห่างหาย (At-Risk High-Value),187.0,15.0,14385.3,959.02,0.0,0.0,0.05547654597241537,0.0,3.0,ไม่ซื้อมา 187 วัน · ความถี่ 90 วันล่าสุดลดลงชัดเจน · ไม่มีการซื้อเลยใน 90 วันล่าสุด,โทรหาโดยพนักงานภายใน 48 ชม. + ข้อเสนอเฉพาะบุคคล
C11508,0.9922179,วิกฤต,0,ลูกค้าคุณค่าสูงที่กำลังห่างหาย (At-Risk High-Value),105.0,16.0,19686.49,1230.405625,0.0,0.0,0.042109447681773764,1.0,3.3333333333333335,ไม่ซื้อมา 105 วัน · ความถี่ 90 วันล่าสุดลดลงชัดเจน · ไม่มีการซื้อเลยใน 90 วันล่าสุด · มีเรื่องร้องเรียนค้าง 1 เรื่อง,โทรหาโดยพนักงานภายใน 48 ชม. + ข้อเสนอเฉพาะบุคคล
C12096,0.99195546,วิกฤต,0,ลูกค้าคุณค่าสูงที่กำลังห่างหาย (At-Risk High-Value),157.0,19.0,17188.61,904.6636842105263,0.0,0.0,0.06302293571730332,0.0,3.0,ไม่ซื้อมา 157 วัน · ความถี่ 90 วันล่าสุดลดลงชัดเจน · ไม่มีการซื้อเลยใน 90 วันล่าสุด,โทรหาโดยพนักงานภายใน 48 ชม. + ข้อเสนอเฉพาะบุคคล
C12018,0.99182546,วิกฤต,0,ลูกค้าคุณค่าสูงที่กำลังห่างหาย (At-Risk High-Value),191.0,11.0,9157.99,832.5445454545454,0.0,0.0,0.04525902511644975,0.0,1.0,ไม่ซื้อมา 191 วัน · ความถี่ 90 วันล่าสุดลดลงชัดเจน · ไม่มีการซื้อเลยใน 90 วันล่าสุด · คะแนนความพึงพอใจต่ำ (1.0/5),โทรหาโดยพนักงานภายใน 48 ชม. + ข้อเสนอเฉพาะบุคคล
C12823,0.9916944,วิกฤต,0,ลูกค้าคุณค่าสูงที่กำลังห่างหาย (At-Risk High-Value),73.0,15.0,21245.38,1416.3586666666667,1.0,0.5,0.08540002539912138,0.0,3.0,ไม่ซื้อมา 73 วัน · ความถี่ 90 วันล่าสุดลดลงชัดเจน,โทรหาโดยพนักงานภายใน 48 ชม. + ข้อเสนอเฉพาะบุคคล
C11358,0.99165523,วิกฤต,0,ลูกค้าคุณค่าสูงที่กำลังห่างหาย (At-Risk High-Value),73.0,18.0,28415.41,1578.6338888888888,1.0,0.5,0.050569199191817675,1.0,2.0,ไม่ซื้อมา 73 วัน · ความถี่ 90 วันล่าสุดลดลงชัดเจน · คะแนนความพึงพอใจต่ำ (2.0/5) · มีเรื่องร้องเรียนค้าง 1 เรื่อง,โทรหาโดยพนักงานภายใน 48 ชม. + ข้อเสนอเฉพาะบุคคล
C12546,0.9912163,วิกฤต,0,ลูกค้าคุณค่าสูงที่กำลังห่างหาย (At-Risk High-Value),418.0,14.0,23013.79,1643.842142857143,0.0,0.0,0.054481802901987564,0.0,3.0,ไม่ซื้อมา 418 วัน · ความถี่ 90 วันล่าสุดลดลงชัดเจน · ไม่มีการซื้อเลยใน 90 วันล่าสุด,โทรหาโดยพนักงานภายใน 48 ชม. + ข้อเสนอเฉพาะบุคคล
C11517,0.9910591,วิกฤต,0,ลูกค้าคุณค่าสูงที่กำลังห่างหาย (At-Risk High-Value),94.0,20.0,23908.17,1195.4085,0.0,0.0,0.056869854251373086,1.0,2.0,ไม่ซื้อมา 94 วัน · ความถี่ 90 วันล่าสุดลดลงชัดเจน · ไม่มีการซื้อเลยใน 90 วันล่าสุด · คะแนนความพึงพอใจต่ำ (2.0/5) · มีเรื่องร้องเรียนค้าง 1 เรื่อง,โทรหาโดยพนักงานภายใน 48 ชม. + ข้อเสนอเฉพาะบุคคล
C11582,0.99087757,วิกฤต,0,ลูกค้าคุณค่าสูงที่กำลังห่างหาย (At-Risk High-Value),139.0,17.0,33425.79,1966.2229411764706,0.0,0.0,0.01151465792265954,0.0,2.0,ไม่ซื้อมา 139 วัน · ความถี่ 90 วันล่าสุดลดลงชัดเจน · ไม่มีการซื้อเลยใน 90 วันล่าสุด · คะแนนความพึงพอใจต่ำ (2.0/5),โทรหาโดยพนักงานภายใน 48 ชม. + ข้อเสนอเฉพาะบุคคล
C10069,0.9908025,วิกฤต,0,ลูกค้าคุณค่าสูงที่กำลังห่างหาย (At-Risk High-Value),121.0,21.0,22817.28,1086.5371428571427,0.0,0.0,0.04314175435418208,0.0,,ไม่ซื้อมา 121 วัน · ความถี่ 90 วันล่าสุดลดลงชัดเจน · ไม่มีการซื้อเลยใน 90 วันล่าสุด,โทรหาโดยพนักงานภายใน 48 ชม. + ข้อเสนอเฉพาะบุคคล
C12224,0.99073374,วิกฤต,0,ลูกค้าคุณค่าสูงที่กำลังห่างหาย (At-Risk High-Value),202.0,26.0,38416.84,1477.5707692307692,0.0,0.0,0.05733364938073848,0.0,,ไม่ซื้อมา 202 วัน · ความถี่ 90 วันล่าสุดลดลงชัดเจน · ไม่มีการซื้อเลยใน 90 วันล่าสุด,โทรหาโดยพนักงานภายใน 48 ชม. + ข้อเสนอเฉพาะบุคคล
C10748,0.99052244,วิกฤต,3,ลูกค้าใหม่กำลังก่อตัว (New / Developing),3.0,3.0,3036.27,1012.09,3.0,3.0,0.0,1.0,1.0,คะแนนความพึงพอใจต่ำ (1.0/5) · มีเรื่องร้องเรียนค้าง 1 เรื่อง,โทรหาโดยพนักงานภายใน 48 ชม. + ข้อเสนอเฉพาะบุคคล
C12077,0.9904011,วิกฤต,0,ลูกค้าคุณค่าสูงที่กำลังห่างหาย (At-Risk High-Value),273.0,13.0,13182.45,1014.0346153846154,0.0,0.0,0.06620231025931092,1.0,3.0,ไม่ซื้อมา 273 วัน · ความถี่ 90 วันล่าสุดลดลงชัดเจน · ไม่มีการซื้อเลยใน 90 วันล่าสุด · มีเรื่องร้องเรียนค้าง 1 เรื่อง,โทรหาโดยพนักงานภายใน 48 ชม. + ข้อเสนอเฉพาะบุคคล
C12351,0.9903994,วิกฤต,0,ลูกค้าคุณค่าสูงที่กำลังห่างหาย (At-Risk High-Value),41.0,22.0,16833.71,765.1686363636363,2.0,0.6666666666666666,0.04827511734222544,1.0,1.6666666666666667,คะแนนความพึงพอใจต่ำ (1.7/5) · มีเรื่องร้องเรียนค้าง 1 เรื่อง,โทรหาโดยพนักงานภายใน 48 ชม. + ข้อเสนอเฉพาะบุคคล
C11737,0.9903666,วิกฤต,3,ลูกค้าใหม่กำลังก่อตัว (New / Developing),396.0,3.0,2821.7,940.5666666666666,0.0,0.0,0.014511481707849471,0.0,2.5,ไม่ซื้อมา 396 วัน · ความถี่ 90 วันล่าสุดลดลงชัดเจน · ไม่มีการซื้อเลยใน 90 วันล่าสุด,โทรหาโดยพนักงานภายใน 48 ชม. + ข้อเสนอเฉพาะบุคคล
C11618,0.99024475,วิกฤต,0,ลูกค้าคุณค่าสูงที่กำลังห่างหาย (At-Risk High-Value),126.0,19.0,31206.2,1642.4315789473685,0.0,0.0,0.0,0.0,1.0,ไม่ซื้อมา 126 วัน · ความถี่ 90 วันล่าสุดลดลงชัดเจน · ไม่มีการซื้อเลยใน 90 วันล่าสุด · คะแนนความพึงพอใจต่ำ (1.0/5),โทรหาโดยพนักงานภายใน 48 ชม. + ข้อเสนอเฉพาะบุคคล
C10166,0.98980194,วิกฤต,0,ลูกค้าคุณค่าสูงที่กำลังห่างหาย (At-Risk High-Value),99.0,13.0,17843.1,1372.5461538461536,0.0,0.0,0.037893611893106124,0.0,2.0,ไม่ซื้อมา 99 วัน · ความถี่ 90 วันล่าสุดลดลงชัดเจน · ไม่มีการซื้อเลยใน 90 วันล่าสุด · คะแนนความพึงพอใจต่ำ (2.0/5),โทรหาโดยพนักงานภายใน 48 ชม. + ข้อเสนอเฉพาะบุคคล
C10503,0.9895974,วิกฤต,0,ลูกค้าคุณค่าสูงที่กำลังห่างหาย (At-Risk High-Value),150.0,17.0,12735.88,749.1694117647058,0.0,0.0,0.041909338613313196,0.0,3.0,ไม่ซื้อมา 150 วัน · ความถี่ 90 วันล่าสุดลดลงชัดเจน · ไม่มีการซื้อเลยใน 90 วันล่าสุด,โทรหาโดยพนักงานภายใน 48 ชม. + ข้อเสนอเฉพาะบุคคล
C10782,0.98942554,วิกฤต,0,ลูกค้าคุณค่าสูงที่กำลังห่างหาย (At-Risk High-Value),291.0,5.0,10775.86,2155.172,0.0,0.0,0.11040205792368314,0.0,,ไม่ซื้อมา 291 วัน · ความถี่ 90 วันล่าสุดลดลงชัดเจน · ไม่มีการซื้อเลยใน 90 วันล่าสุด · ซื้อเมื่อมีส่วนลดเป็นหลัก (11%),โทรหาโดยพนักงานภายใน 48 ชม. + ข้อเสนอเฉพาะบุคคล
C12088,0.9892418,วิกฤต,0,ลูกค้าคุณค่าสูงที่กำลังห่างหาย (At-Risk High-Value),138.0,20.0,32772.24,1638.6119999999999,0.0,0.0,0.049117817478497805,0.0,,ไม่ซื้อมา 138 วัน · ความถี่ 90 วันล่าสุดลดลงชัดเจน · ไม่มีการซื้อเลยใน 90 วันล่าสุด,โทรหาโดยพนักงานภายใน 48 ชม. + ข้อเสนอเฉพาะบุคคล
C11237,0.98911905,วิกฤต,0,ลูกค้าคุณค่าสูงที่กำลังห่างหาย (At-Risk High-Value),79.0,19.0,13489.76,709.9873684210527,2.0,0.6666666666666666,0.04136079444107284,0.0,1.5,ไม่ซื้อมา 79 วัน · คะแนนความพึงพอใจต่ำ (1.5/5),โทรหาโดยพนักงานภายใน 48 ชม. + ข้อเสนอเฉพาะบุคคล
C12393,0.9891038,วิกฤต,0,ลูกค้าคุณค่าสูงที่กำลังห่างหาย (At-Risk High-Value),142.0,14.0,12615.6,901.1142857142858,0.0,0.0,0.01796000722385866,1.0,2.0,ไม่ซื้อมา 142 วัน · ความถี่ 90 วันล่าสุดลดลงชัดเจน · ไม่มีการซื้อเลยใน 90 วันล่าสุด · คะแนนความพึงพอใจต่ำ (2.0/5) · มีเรื่องร้องเรียนค้าง 1 เรื่อง,โทรหาโดยพนักงานภายใน 48 ชม. + ข้อเสนอเฉพาะบุคคล
C10964,0.9888432,วิกฤต,0,ลูกค้าคุณค่าสูงที่กำลังห่างหาย (At-Risk High-Value),79.0,20.0,18492.62,924.631,2.0,1.0,0.06515062894973508,0.0,2.5,ไม่ซื้อมา 79 วัน,โทรหาโดยพนักงานภายใน 48 ชม. + ข้อเสนอเฉพาะบุคคล
C10325,0.988703,วิกฤต,0,ลูกค้าคุณค่าสูงที่กำลังห่างหาย (At-Risk High-Value),97.0,17.0,15352.220000000001,903.0717647058824,0.0,0.0,0.04102747012155015,1.0,2.5,ไม่ซื้อมา 97 วัน · ความถี่ 90 วันล่าสุดลดลงชัดเจน · ไม่มีการซื้อเลยใน 90 วันล่าสุด · มีเรื่องร้องเรียนค้าง 1 เรื่อง,โทรหาโดยพนักงานภายใน 48 ชม. + ข้อเสนอเฉพาะบุคคล
C12528,0.988456,วิกฤต,0,ลูกค้าคุณค่าสูงที่กำลังห่างหาย (At-Risk High-Value),108.0,15.0,15969.03,1064.602,0.0,0.0,0.05726586953467311,0.0,3.0,ไม่ซื้อมา 108 วัน · ความถี่ 90 วันล่าสุดลดลงชัดเจน · ไม่มีการซื้อเลยใน 90 วันล่าสุด,โทรหาโดยพนักงานภายใน 48 ชม. + ข้อเสนอเฉพาะบุคคล
C10892,0.98825234,วิกฤต,0,ลูกค้าคุณค่าสูงที่กำลังห่างหาย (At-Risk High-Value),107.0,9.0,13996.369999999999,1555.152222222222,0.0,0.0,0.036622651846998026,0.0,,ไม่ซื้อมา 107 วัน · ความถี่ 90 วันล่าสุดลดลงชัดเจน · ไม่มีการซื้อเลยใน 90 วันล่าสุด,โทรหาโดยพนักงานภายใน 48 ชม. + ข้อเสนอเฉพาะบุคคล
C12853,0.9879709,วิกฤต,0,ลูกค้าคุณค่าสูงที่กำลังห่างหาย (At-Risk High-Value),65.0,19.0,27736.01,1459.79,1.0,0.25,0.056281800631096,0.0,,ไม่ซื้อมา 65 วัน · ความถี่ 90 วันล่าสุดลดลงชัดเจน,โทรหาโดยพนักงานภายใน 48 ชม. + ข้อเสนอเฉพาะบุคคล
C10272,0.9874422,วิกฤต,0,ลูกค้าคุณค่าสูงที่กำลังห่างหาย (At-Risk High-Value),112.0,13.0,14820.07,1140.0053846153846,0.0,0.0,0.020344609673291096,0.0,2.5,ไม่ซื้อมา 112 วัน · ความถี่ 90 วันล่าสุดลดลงชัดเจน · ไม่มีการซื้อเลยใน 90 วันล่าสุด,โทรหาโดยพนักงานภายใน 48 ชม. + ข้อเสนอเฉพาะบุคคล
C11922,0.9872929,วิกฤต,0,ลูกค้าคุณค่าสูงที่กำลังห่างหาย (At-Risk High-Value),103.0,20.0,19069.01,953.4504999999999,0.0,0.0,0.052677727778997666,1.0,3.0,ไม่ซื้อมา 103 วัน · ความถี่ 90 วันล่าสุดลดลงชัดเจน · ไม่มีการซื้อเลยใน 90 วันล่าสุด · มีเรื่องร้องเรียนค้าง 1 เรื่อง,โทรหาโดยพนักงานภายใน 48 ชม. + ข้อเสนอเฉพาะบุคคล
C11173,0.9869847,วิกฤต,0,ลูกค้าคุณค่าสูงที่กำลังห่างหาย (At-Risk High-Value),157.0,16.0,17275.39,1079.711875,0.0,0.0,0.040041720428673516,0.0,,ไม่ซื้อมา 157 วัน · ความถี่ 90 วันล่าสุดลดลงชัดเจน · ไม่มีการซื้อเลยใน 90 วันล่าสุด,โทรหาโดยพนักงานภายใน 48 ชม. + ข้อเสนอเฉพาะบุคคล
C12381,0.98679304,วิกฤต,0,ลูกค้าคุณค่าสูงที่กำลังห่างหาย (At-Risk High-Value),93.0,10.0,11976.9,1197.69,0.0,0.0,0.05808214265491402,1.0,3.0,ไม่ซื้อมา 93 วัน · ความถี่ 90 วันล่าสุดลดลงชัดเจน · ไม่มีการซื้อเลยใน 90 วันล่าสุด · มีเรื่องร้องเรียนค้าง 1 เรื่อง,โทรหาโดยพนักงานภายใน 48 ชม. + ข้อเสนอเฉพาะบุคคล
C11101,0.9867241,วิกฤต,0,ลูกค้าคุณค่าสูงที่กำลังห่างหาย (At-Risk High-Value),113.0,13.0,11837.42,910.5707692307692,0.0,0.0,0.05892313844397504,0.0,1.0,ไม่ซื้อมา 113 วัน · ความถี่ 90 วันล่าสุดลดลงชัดเจน · ไม่มีการซื้อเลยใน 90 วันล่าสุด · คะแนนความพึงพอใจต่ำ (1.0/5),โทรหาโดยพนักงานภายใน 48 ชม. + ข้อเสนอเฉพาะบุคคล
C11410,0.9865871,วิกฤต,0,ลูกค้าคุณค่าสูงที่กำลังห่างหาย (At-Risk High-Value),435.0,3.0,7206.66,2402.22,0.0,0.0,0.0,0.0,,ไม่ซื้อมา 435 วัน · ความถี่ 90 วันล่าสุดลดลงชัดเจน · ไม่มีการซื้อเลยใน 90 วันล่าสุด,โทรหาโดยพนักงานภายใน 48 ชม. + ข้อเสนอเฉพาะบุคคล
C11305,0.9863448,วิกฤต,0,ลูกค้าคุณค่าสูงที่กำลังห่างหาย (At-Risk High-Value),17.0,8.0,14228.85,1778.60625,2.0,1.0,0.06502203256851255,2.0,2.5,มีเรื่องร้องเรียนค้าง 2 เรื่อง,โทรหาโดยพนักงานภายใน 48 ชม. + ข้อเสนอเฉพาะบุคคล
C10420,0.98579204,วิกฤต,0,ลูกค้าคุณค่าสูงที่กำลังห่างหาย (At-Risk High-Value),107.0,18.0,18948.03,1052.6683333333333,0.0,0.0,0.04310417967069262,0.0,,ไม่ซื้อมา 107 วัน · ความถี่ 90 วันล่าสุดลดลงชัดเจน · ไม่มีการซื้อเลยใน 90 วันล่าสุด,โทรหาโดยพนักงานภายใน 48 ชม. + ข้อเสนอเฉพาะบุคคล
C10915,0.9857142,วิกฤต,2,ลูกค้าห่างหายมูลค่าต่ำ (Dormant / Low-Value),156.0,9.0,7246.53,805.17,0.0,0.0,0.07663167230084875,0.0,1.0,ไม่ซื้อมา 156 วัน · ความถี่ 90 วันล่าสุดลดลงชัดเจน · ไม่มีการซื้อเลยใน 90 วันล่าสุด · คะแนนความพึงพอใจต่ำ (1.0/5),โทรหาโดยพนักงานภายใน 48 ชม. + ข้อเสนอเฉพาะบุคคล
C11743,0.9856324,วิกฤต,2,ลูกค้าห่างหายมูลค่าต่ำ (Dormant / Low-Value),316.0,3.0,992.47,330.8233333333333,0.0,0.0,0.11944814124744921,1.0,3.25,ไม่ซื้อมา 316 วัน · ความถี่ 90 วันล่าสุดลดลงชัดเจน · ไม่มีการซื้อเลยใน 90 วันล่าสุด · มีเรื่องร้องเรียนค้าง 1 เรื่อง · ซื้อเมื่อมีส่วนลดเป็นหลัก (12%),โทรหาโดยพนักงานภายใน 48 ชม. + ข้อเสนอเฉพาะบุคคล
C11567,0.9852905,วิกฤต,3,ลูกค้าใหม่กำลังก่อตัว (New / Developing),2.0,3.0,1607.23,535.7433333333333,3.0,3.0,0.03357064687984799,1.0,3.0,มีเรื่องร้องเรียนค้าง 1 เรื่อง,โทรหาโดยพนักงานภายใน 48 ชม. + ข้อเสนอเฉพาะบุคคล
C11964,0.98518085,วิกฤต,0,ลูกค้าคุณค่าสูงที่กำลังห่างหาย (At-Risk High-Value),478.0,7.0,8642.65,1234.6642857142856,0.0,0.0,0.0862470542088998,0.0,,ไม่ซื้อมา 478 วัน · ความถี่ 90 วันล่าสุดลดลงชัดเจน · ไม่มีการซื้อเลยใน 90 วันล่าสุด,โทรหาโดยพนักงานภายใน 48 ชม. + ข้อเสนอเฉพาะบุคคล
C10086,0.985158,วิกฤต,2,ลูกค้าห่างหายมูลค่าต่ำ (Dormant / Low-Value),155.0,3.0,1109.51,369.83666666666664,0.0,0.0,0.0599842414280994,1.0,3.0,ไม่ซื้อมา 155 วัน · ความถี่ 90 วันล่าสุดลดลงชัดเจน · ไม่มีการซื้อเลยใน 90 วันล่าสุด · มีเรื่องร้องเรียนค้าง 1 เรื่อง,โทรหาโดยพนักงานภายใน 48 ชม. + ข้อเสนอเฉพาะบุคคล
C11455,0.985089,วิกฤต,0,ลูกค้าคุณค่าสูงที่กำลังห่างหาย (At-Risk High-Value),118.0,18.0,17530.55,973.9194444444444,0.0,0.0,0.04572587879738015,0.0,,ไม่ซื้อมา 118 วัน · ความถี่ 90 วันล่าสุดลดลงชัดเจน · ไม่มีการซื้อเลยใน 90 วันล่าสุด,โทรหาโดยพนักงานภายใน 48 ชม. + ข้อเสนอเฉพาะบุคคล
C12462,0.984953,วิกฤต,3,ลูกค้าใหม่กำลังก่อตัว (New / Developing),228.0,3.0,4143.07,1381.0233333333333,0.0,0.0,0.023187988928236297,0.0,2.0,ไม่ซื้อมา 228 วัน · ความถี่ 90 วันล่าสุดลดลงชัดเจน · ไม่มีการซื้อเลยใน 90 วันล่าสุด · คะแนนความพึงพอใจต่ำ (2.0/5),โทรหาโดยพนักงานภายใน 48 ชม. + ข้อเสนอเฉพาะบุคคล
C11059,0.9848999,วิกฤต,0,ลูกค้าคุณค่าสูงที่กำลังห่างหาย (At-Risk High-Value),89.0,22.0,29392.23,1336.0104545454544,1.0,0.3333333333333333,0.052930986816794236,0.0,3.0,ไม่ซื้อมา 89 วัน · ความถี่ 90 วันล่าสุดลดลงชัดเจน,โทรหาโดยพนักงานภายใน 48 ชม. + ข้อเสนอเฉพาะบุคคล
C12791,0.98457277,วิกฤต,3,ลูกค้าใหม่กำลังก่อตัว (New / Developing),6.0,3.0,1700.01,566.67,3.0,3.0,0.01424694708276798,0.0,1.0,คะแนนความพึงพอใจต่ำ (1.0/5),โทรหาโดยพนักงานภายใน 48 ชม. + ข้อเสนอเฉพาะบุคคล
C12724,0.984535,วิกฤต,0,ลูกค้าคุณค่าสูงที่กำลังห่างหาย (At-Risk High-Value),68.0,12.0,16579.53,1381.6274999999998,2.0,2.0,0.035703255727928,1.0,2.3333333333333335,ไม่ซื้อมา 68 วัน · มีเรื่องร้องเรียนค้าง 1 เรื่อง,โทรหาโดยพนักงานภายใน 48 ชม. + ข้อเสนอเฉพาะบุคคล
C10536,0.9845068,วิกฤต,0,ลูกค้าคุณค่าสูงที่กำลังห่างหาย (At-Risk High-Value),157.0,17.0,24722.06,1454.2388235294118,0.0,0.0,0.0036614004564559334,0.0,2.0,ไม่ซื้อมา 157 วัน · ความถี่ 90 วันล่าสุดลดลงชัดเจน · ไม่มีการซื้อเลยใน 90 วันล่าสุด · คะแนนความพึงพอใจต่ำ (2.0/5),โทรหาโดยพนักงานภายใน 48 ชม. + ข้อเสนอเฉพาะบุคคล
C10967,0.9840943,วิกฤต,3,ลูกค้าใหม่กำลังก่อตัว (New / Developing),232.0,3.0,3785.24,1261.7466666666667,0.0,0.0,0.06424993943349304,1.0,3.0,ไม่ซื้อมา 232 วัน · ความถี่ 90 วันล่าสุดลดลงชัดเจน · ไม่มีการซื้อเลยใน 90 วันล่าสุด · มีเรื่องร้องเรียนค้าง 1 เรื่อง,โทรหาโดยพนักงานภายใน 48 ชม. + ข้อเสนอเฉพาะบุคคล
C10518,0.98382586,วิกฤต,0,ลูกค้าคุณค่าสูงที่กำลังห่างหาย (At-Risk High-Value),42.0,15.0,22599.260000000002,1506.6173333333334,1.0,0.3333333333333333,0.0641031640560778,1.0,3.5,ความถี่ 90 วันล่าสุดลดลงชัดเจน · มีเรื่องร้องเรียนค้าง 1 เรื่อง,โทรหาโดยพนักงานภายใน 48 ชม. + ข้อเสนอเฉพาะบุคคล
C11905,0.98360115,วิกฤต,0,ลูกค้าคุณค่าสูงที่กำลังห่างหาย (At-Risk High-Value),103.0,21.0,29318.760000000002,1396.1314285714286,0.0,0.0,0.015251814992518353,0.0,3.5,ไม่ซื้อมา 103 วัน · ความถี่ 90 วันล่าสุดลดลงชัดเจน · ไม่มีการซื้อเลยใน 90 วันล่าสุด,โทรหาโดยพนักงานภายใน 48 ชม. + ข้อเสนอเฉพาะบุคคล
C10953,0.9835074,วิกฤต,0,ลูกค้าคุณค่าสูงที่กำลังห่างหาย (At-Risk High-Value),72.0,18.0,22813.56,1267.42,1.0,0.5,0.0410634842172163,0.0,,ไม่ซื้อมา 72 วัน · ความถี่ 90 วันล่าสุดลดลงชัดเจน,โทรหาโดยพนักงานภายใน 48 ชม. + ข้อเสนอเฉพาะบุคคล
C10810,0.9834673,วิกฤต,0,ลูกค้าคุณค่าสูงที่กำลังห่างหาย (At-Risk High-Value),78.0,15.0,18094.72,1206.3146666666667,1.0,0.3333333333333333,0.04783374220021954,0.0,,ไม่ซื้อมา 78 วัน · ความถี่ 90 วันล่าสุดลดลงชัดเจน,โทรหาโดยพนักงานภายใน 48 ชม. + ข้อเสนอเฉพาะบุคคล
C12541,0.98340535,วิกฤต,3,ลูกค้าใหม่กำลังก่อตัว (New / Developing),317.0,3.0,5328.78,1776.26,0.0,0.0,0.002695024311365142,0.0,,ไม่ซื้อมา 317 วัน · ความถี่ 90 วันล่าสุดลดลงชัดเจน · ไม่มีการซื้อเลยใน 90 วันล่าสุด,โทรหาโดยพนักงานภายใน 48 ชม. + ข้อเสนอเฉพาะบุคคล
C10794,0.9831523,วิกฤต,0,ลูกค้าคุณค่าสูงที่กำลังห่างหาย (At-Risk High-Value),92.0,24.0,29687.14,1236.9641666666666,0.0,0.0,0.07451943010592459,0.0,,ไม่ซื้อมา 92 วัน · ความถี่ 90 วันล่าสุดลดลงชัดเจน · ไม่มีการซื้อเลยใน 90 วันล่าสุด,โทรหาโดยพนักงานภายใน 48 ชม. + ข้อเสนอเฉพาะบุคคล
C11896,0.9828756,วิกฤต,3,ลูกค้าใหม่กำลังก่อตัว (New / Developing),17.0,3.0,4974.389999999999,1658.1299999999999,3.0,3.0,0.06999713953997072,0.0,1.5,คะแนนความพึงพอใจต่ำ (1.5/5),โทรหาโดยพนักงานภายใน 48 ชม. + ข้อเสนอเฉพาะบุคคล
C10567,0.98246026,วิกฤต,0,ลูกค้าคุณค่าสูงที่กำลังห่างหาย (At-Risk High-Value),75.0,18.0,16532.43,918.4683333333334,1.0,0.25,0.039928013895478454,0.0,,ไม่ซื้อมา 75 วัน · ความถี่ 90 วันล่าสุดลดลงชัดเจน,โทรหาโดยพนักงานภายใน 48 ชม. + ข้อเสนอเฉพาะบุคคล
C10815,0.9822726,วิกฤต,2,ลูกค้าห่างหายมูลค่าต่ำ (Dormant / Low-Value),117.0,8.0,6746.58,843.3225,0.0,0.0,0.032143389990015266,1.0,1.0,ไม่ซื้อมา 117 วัน · ความถี่ 90 วันล่าสุดลดลงชัดเจน · ไม่มีการซื้อเลยใน 90 วันล่าสุด · คะแนนความพึงพอใจต่ำ (1.0/5) · มีเรื่องร้องเรียนค้าง 1 เรื่อง,โทรหาโดยพนักงานภายใน 48 ชม. + ข้อเสนอเฉพาะบุคคล
C12195,0.98219484,วิกฤต,0,ลูกค้าคุณค่าสูงที่กำลังห่างหาย (At-Risk High-Value),110.0,22.0,34138.12,1551.7327272727273,0.0,0.0,0.021676195388958146,0.0,,ไม่ซื้อมา 110 วัน · ความถี่ 90 วันล่าสุดลดลงชัดเจน · ไม่มีการซื้อเลยใน 90 วันล่าสุด,โทรหาโดยพนักงานภายใน 48 ชม. + ข้อเสนอเฉพาะบุคคล
C11371,0.98205215,วิกฤต,0,ลูกค้าคุณค่าสูงที่กำลังห่างหาย (At-Risk High-Value),214.0,20.0,20131.58,1006.5790000000001,0.0,0.0,0.017689472731433568,0.0,,ไม่ซื้อมา 214 วัน · ความถี่ 90 วันล่าสุดลดลงชัดเจน · ไม่มีการซื้อเลยใน 90 วันล่าสุด,โทรหาโดยพนักงานภายใน 48 ชม. + ข้อเสนอเฉพาะบุคคล
C12701,0.98204297,วิกฤต,0,ลูกค้าคุณค่าสูงที่กำลังห่างหาย (At-Risk High-Value),107.0,15.0,18172.77,1211.518,0.0,0.0,0.08217916142043069,0.0,3.0,ไม่ซื้อมา 107 วัน · ความถี่ 90 วันล่าสุดลดลงชัดเจน · ไม่มีการซื้อเลยใน 90 วันล่าสุด,โทรหาโดยพนักงานภายใน 48 ชม. + ข้อเสนอเฉพาะบุคคล
C10439,0.98181903,วิกฤต,3,ลูกค้าใหม่กำลังก่อตัว (New / Developing),285.0,3.0,2870.34,956.7800000000001,0.0,0.0,0.009763199293461762,1.0,3.0,ไม่ซื้อมา 285 วัน · ความถี่ 90 วันล่าสุดลดลงชัดเจน · ไม่มีการซื้อเลยใน 90 วันล่าสุด · มีเรื่องร้องเรียนค้าง 1 เรื่อง,โทรหาโดยพนักงานภายใน 48 ชม. + ข้อเสนอเฉพาะบุคคล
C11411,0.98169255,วิกฤต,0,ลูกค้าคุณค่าสูงที่กำลังห่างหาย (At-Risk High-Value),148.0,22.0,12563.93,571.0877272727273,0.0,0.0,0.034650285442070244,0.0,,ไม่ซื้อมา 148 วัน · ความถี่ 90 วันล่าสุดลดลงชัดเจน · ไม่มีการซื้อเลยใน 90 วันล่าสุด,โทรหาโดยพนักงานภายใน 48 ชม. + ข้อเสนอเฉพาะบุคคล
C10079,0.9815715,วิกฤต,0,ลูกค้าคุณค่าสูงที่กำลังห่างหาย (At-Risk High-Value),98.0,21.0,25320.58,1205.7419047619048,0.0,0.0,0.042574221485473324,0.0,4.0,ไม่ซื้อมา 98 วัน · ความถี่ 90 วันล่าสุดลดลงชัดเจน · ไม่มีการซื้อเลยใน 90 วันล่าสุด,โทรหาโดยพนักงานภายใน 48 ชม. + ข้อเสนอเฉพาะบุคคล
C10034,0.9813968,วิกฤต,0,ลูกค้าคุณค่าสูงที่กำลังห่างหาย (At-Risk High-Value),249.0,4.0,7447.43,1861.8575,0.0,0.0,0.10685678993098238,0.0,,ไม่ซื้อมา 249 วัน · ความถี่ 90 วันล่าสุดลดลงชัดเจน · ไม่มีการซื้อเลยใน 90 วันล่าสุด · ซื้อเมื่อมีส่วนลดเป็นหลัก (11%),โทรหาโดยพนักงานภายใน 48 ชม. + ข้อเสนอเฉพาะบุคคล
C10835,0.9809833,วิกฤต,0,ลูกค้าคุณค่าสูงที่กำลังห่างหาย (At-Risk High-Value),390.0,6.0,11309.37,1884.8950000000002,0.0,0.0,0.03282588784431306,0.0,,ไม่ซื้อมา 390 วัน · ความถี่ 90 วันล่าสุดลดลงชัดเจน · ไม่มีการซื้อเลยใน 90 วันล่าสุด,โทรหาโดยพนักงานภายใน 48 ชม. + ข้อเสนอเฉพาะบุคคล
C11621,0.9805604,วิกฤต,0,ลูกค้าคุณค่าสูงที่กำลังห่างหาย (At-Risk High-Value),28.0,16.0,20946.56,1309.16,3.0,0.6,0.055982023306426286,1.0,1.0,คะแนนความพึงพอใจต่ำ (1.0/5) · มีเรื่องร้องเรียนค้าง 1 เรื่อง,โทรหาโดยพนักงานภายใน 48 ชม. + ข้อเสนอเฉพาะบุคคล
C12072,0.98052806,วิกฤต,0,ลูกค้าคุณค่าสูงที่กำลังห่างหาย (At-Risk High-Value),100.0,22.0,23191.71,1054.1686363636363,0.0,0.0,0.0457582576558984,0.0,,ไม่ซื้อมา 100 วัน · ความถี่ 90 วันล่าสุดลดลงชัดเจน · ไม่มีการซื้อเลยใน 90 วันล่าสุด,โทรหาโดยพนักงานภายใน 48 ชม. + ข้อเสนอเฉพาะบุคคล
C11160,0.98052156,วิกฤต,0,ลูกค้าคุณค่าสูงที่กำลังห่างหาย (At-Risk High-Value),62.0,9.0,11469.51,1274.39,1.0,1.0,0.10406282295540666,1.0,3.0,ไม่ซื้อมา 62 วัน · มีเรื่องร้องเรียนค้าง 1 เรื่อง · ซื้อเมื่อมีส่วนลดเป็นหลัก (10%),โทรหาโดยพนักงานภายใน 48 ชม. + ข้อเสนอเฉพาะบุคคล
C12160,0.9796664,วิกฤต,0,ลูกค้าคุณค่าสูงที่กำลังห่างหาย (At-Risk High-Value),160.0,13.0,16290.93,1253.1484615384616,0.0,0.0,0.03886220525167806,0.0,,ไม่ซื้อมา 160 วัน · ความถี่ 90 วันล่าสุดลดลงชัดเจน · ไม่มีการซื้อเลยใน 90 วันล่าสุด,โทรหาโดยพนักงานภายใน 48 ชม. + ข้อเสนอเฉพาะบุคคล
C11631,0.97890216,วิกฤต,3,ลูกค้าใหม่กำลังก่อตัว (New / Developing),256.0,3.0,3970.48,1323.4933333333333,0.0,0.0,0.040946859903381636,0.0,3.0,ไม่ซื้อมา 256 วัน · ความถี่ 90 วันล่าสุดลดลงชัดเจน · ไม่มีการซื้อเลยใน 90 วันล่าสุด,โทรหาโดยพนักงานภายใน 48 ชม. + ข้อเสนอเฉพาะบุคคล
C12531,0.9787921,วิกฤต,0,ลูกค้าคุณค่าสูงที่กำลังห่างหาย (At-Risk High-Value),69.0,29.0,46076.36,1588.84,2.0,0.5,0.07532279463219403,1.0,3.0,ไม่ซื้อมา 69 วัน · ความถี่ 90 วันล่าสุดลดลงชัดเจน · มีเรื่องร้องเรียนค้าง 1 เรื่อง,โทรหาโดยพนักงานภายใน 48 ชม. + ข้อเสนอเฉพาะบุคคล
C10138,0.9785992,วิกฤต,0,ลูกค้าคุณค่าสูงที่กำลังห่างหาย (At-Risk High-Value),77.0,22.0,25775.87,1171.6304545454545,1.0,0.16666666666666666,0.056697259994737445,0.0,2.5,ไม่ซื้อมา 77 วัน · ความถี่ 90 วันล่าสุดลดลงชัดเจน,โทรหาโดยพนักงานภายใน 48 ชม. + ข้อเสนอเฉพาะบุคคล
C11597,0.9785296,วิกฤต,0,ลูกค้าคุณค่าสูงที่กำลังห่างหาย (At-Risk High-Value),305.0,10.0,12470.5,1247.05,0.0,0.0,0.050741792328596116,0.0,,ไม่ซื้อมา 305 วัน · ความถี่ 90 วันล่าสุดลดลงชัดเจน · ไม่มีการซื้อเลยใน 90 วันล่าสุด,โทรหาโดยพนักงานภายใน 48 ชม. + ข้อเสนอเฉพาะบุคคล
C11669,0.9781497,วิกฤต,3,ลูกค้าใหม่กำลังก่อตัว (New / Developing),233.0,6.0,9687.42,1614.57,0.0,0.0,0.033652608835306116,0.0,,ไม่ซื้อมา 233 วัน · ความถี่ 90 วันล่าสุดลดลงชัดเจน · ไม่มีการซื้อเลยใน 90 วันล่าสุด,โทรหาโดยพนักงานภายใน 48 ชม. + ข้อเสนอเฉพาะบุคคล
C10673,0.97814435,วิกฤต,0,ลูกค้าคุณค่าสูงที่กำลังห่างหาย (At-Risk High-Value),64.0,25.0,43323.39,1732.9356,2.0,0.5,0.07197162323282479,0.0,3.0,ไม่ซื้อมา 64 วัน · ความถี่ 90 วันล่าสุดลดลงชัดเจน,โทรหาโดยพนักงานภายใน 48 ชม. + ข้อเสนอเฉพาะบุคคล
C10872,0.9779423,วิกฤต,0,ลูกค้าคุณค่าสูงที่กำลังห่างหาย (At-Risk High-Value),121.0,15.0,13460.41,897.3606666666667,0.0,0.0,0.06421604410425401,0.0,,ไม่ซื้อมา 121 วัน · ความถี่ 90 วันล่าสุดลดลงชัดเจน · ไม่มีการซื้อเลยใน 90 วันล่าสุด,โทรหาโดยพนักงานภายใน 48 ชม. + ข้อเสนอเฉพาะบุคคล
C11276,0.97748363,วิกฤต,3,ลูกค้าใหม่กำลังก่อตัว (New / Developing),163.0,3.0,3430.5,1143.5,0.0,0.0,0.02084189615015756,0.0,1.0,ไม่ซื้อมา 163 วัน · ความถี่ 90 วันล่าสุดลดลงชัดเจน · ไม่มีการซื้อเลยใน 90 วันล่าสุด · คะแนนความพึงพอใจต่ำ (1.0/5),โทรหาโดยพนักงานภายใน 48 ชม. + ข้อเสนอเฉพาะบุคคล
C10718,0.9772273,วิกฤต,0,ลูกค้าคุณค่าสูงที่กำลังห่างหาย (At-Risk High-Value),120.0,27.0,23901.16,885.2281481481482,0.0,0.0,0.06522240760426176,0.0,4.0,ไม่ซื้อมา 120 วัน · ความถี่ 90 วันล่าสุดลดลงชัดเจน · ไม่มีการซื้อเลยใน 90 วันล่าสุด,โทรหาโดยพนักงานภายใน 48 ชม. + ข้อเสนอเฉพาะบุคคล
C12420,0.9771763,วิกฤต,0,ลูกค้าคุณค่าสูงที่กำลังห่างหาย (At-Risk High-Value),71.0,12.0,18847.69,1570.6408333333331,1.0,0.3333333333333333,0.0684692307578252,0.0,3.25,ไม่ซื้อมา 71 วัน · ความถี่ 90 วันล่าสุดลดลงชัดเจน,โทรหาโดยพนักงานภายใน 48 ชม. + ข้อเสนอเฉพาะบุคคล
C10460,0.9764821,วิกฤต,0,ลูกค้าคุณค่าสูงที่กำลังห่างหาย (At-Risk High-Value),86.0,15.0,10745.03,716.3353333333333,1.0,0.5,0.0678696565310968,0.0,1.0,ไม่ซื้อมา 86 วัน · ความถี่ 90 วันล่าสุดลดลงชัดเจน · คะแนนความพึงพอใจต่ำ (1.0/5),โทรหาโดยพนักงานภายใน 48 ชม. + ข้อเสนอเฉพาะบุคคล
C10976,0.9764696,วิกฤต,3,ลูกค้าใหม่กำลังก่อตัว (New / Developing),27.0,3.0,4134.47,1378.1566666666668,3.0,3.0,0.0011885809261751126,0.0,1.5,คะแนนความพึงพอใจต่ำ (1.5/5),โทรหาโดยพนักงานภายใน 48 ชม. + ข้อเสนอเฉพาะบุคคล
C10896,0.97631013,วิกฤต,0,ลูกค้าคุณค่าสูงที่กำลังห่างหาย (At-Risk High-Value),87.0,18.0,18889.02,1049.39,1.0,0.3333333333333333,0.06395051217794684,0.0,,ไม่ซื้อมา 87 วัน · ความถี่ 90 วันล่าสุดลดลงชัดเจน,โทรหาโดยพนักงานภายใน 48 ชม. + ข้อเสนอเฉพาะบุคคล
C12947,0.9762191,วิกฤต,0,ลูกค้าคุณค่าสูงที่กำลังห่างหาย (At-Risk High-Value),62.0,15.0,20692.739999999998,1379.5159999999998,1.0,0.25,0.05174304493611226,0.0,2.0,ไม่ซื้อมา 62 วัน · ความถี่ 90 วันล่าสุดลดลงชัดเจน · คะแนนความพึงพอใจต่ำ (2.0/5),โทรหาโดยพนักงานภายใน 48 ชม. + ข้อเสนอเฉพาะบุคคล
C11194,0.9761698,วิกฤต,0,ลูกค้าคุณค่าสูงที่กำลังห่างหาย (At-Risk High-Value),169.0,13.0,11693.63,899.51,0.0,0.0,0.035085895255565096,1.0,3.0,ไม่ซื้อมา 169 วัน · ความถี่ 90 วันล่าสุดลดลงชัดเจน · ไม่มีการซื้อเลยใน 90 วันล่าสุด · มีเรื่องร้องเรียนค้าง 1 เรื่อง,โทรหาโดยพนักงานภายใน 48 ชม. + ข้อเสนอเฉพาะบุคคล
C11786,0.9761069,วิกฤต,2,ลูกค้าห่างหายมูลค่าต่ำ (Dormant / Low-Value),306.0,5.0,2220.52,444.104,0.0,0.0,0.051209851433747657,1.0,3.0,ไม่ซื้อมา 306 วัน · ความถี่ 90 วันล่าสุดลดลงชัดเจน · ไม่มีการซื้อเลยใน 90 วันล่าสุด · มีเรื่องร้องเรียนค้าง 1 เรื่อง,โทรหาโดยพนักงานภายใน 48 ชม. + ข้อเสนอเฉพาะบุคคล
C11644,0.9760291,วิกฤต,0,ลูกค้าคุณค่าสูงที่กำลังห่างหาย (At-Risk High-Value),52.0,23.0,25834.86,1123.2547826086957,2.0,0.6666666666666666,0.10775454776535077,0.0,3.0,ซื้อเมื่อมีส่วนลดเป็นหลัก (11%),โทรหาโดยพนักงานภายใน 48 ชม. + ข้อเสนอเฉพาะบุคคล
C11518,0.97572505,วิกฤต,0,ลูกค้าคุณค่าสูงที่กำลังห่างหาย (At-Risk High-Value),75.0,26.0,35714.85,1373.6480769230768,1.0,0.5,0.02480338298943048,0.0,2.0,ไม่ซื้อมา 75 วัน · ความถี่ 90 วันล่าสุดลดลงชัดเจน · คะแนนความพึงพอใจต่ำ (2.0/5),โทรหาโดยพนักงานภายใน 48 ชม. + ข้อเสนอเฉพาะบุคคล
C11646,0.9753454,วิกฤต,0,ลูกค้าคุณค่าสูงที่กำลังห่างหาย (At-Risk High-Value),145.0,22.0,23176.71,1053.486818181818,0.0,0.0,0.043288862103412123,0.0,,ไม่ซื้อมา 145 วัน · ความถี่ 90 วันล่าสุดลดลงชัดเจน · ไม่มีการซื้อเลยใน 90 วันล่าสุด,โทรหาโดยพนักงานภายใน 48 ชม. + ข้อเสนอเฉพาะบุคคล
C10145,0.97529185,วิกฤต,0,ลูกค้าคุณค่าสูงที่กำลังห่างหาย (At-Risk High-Value),76.0,15.0,14768.89,984.5926666666667,1.0,0.25,0.058630022079557795,0.0,3.0,ไม่ซื้อมา 76 วัน · ความถี่ 90 วันล่าสุดลดลงชัดเจน,โทรหาโดยพนักงานภายใน 48 ชม. + ข้อเสนอเฉพาะบุคคล
C10928,0.97506195,วิกฤต,0,ลูกค้าคุณค่าสูงที่กำลังห่างหาย (At-Risk High-Value),171.0,12.0,9069.56,755.7966666666666,0.0,0.0,0.054264099395721556,0.0,,ไม่ซื้อมา 171 วัน · ความถี่ 90 วันล่าสุดลดลงชัดเจน · ไม่มีการซื้อเลยใน 90 วันล่าสุด,โทรหาโดยพนักงานภายใน 48 ชม. + ข้อเสนอเฉพาะบุคคล
C12512,0.97442687,วิกฤต,0,ลูกค้าคุณค่าสูงที่กำลังห่างหาย (At-Risk High-Value),109.0,25.0,32555.8,1302.232,0.0,0.0,0.04080097558647296,1.0,2.0,ไม่ซื้อมา 109 วัน · ความถี่ 90 วันล่าสุดลดลงชัดเจน · ไม่มีการซื้อเลยใน 90 วันล่าสุด · คะแนนความพึงพอใจต่ำ (2.0/5) · มีเรื่องร้องเรียนค้าง 1 เรื่อง,โทรหาโดยพนักงานภายใน 48 ชม. + ข้อเสนอเฉพาะบุคคล
C12029,0.97423786,วิกฤต,0,ลูกค้าคุณค่าสูงที่กำลังห่างหาย (At-Risk High-Value),57.0,22.0,34155.13,1552.505909090909,1.0,0.2,0.06715324001532752,0.0,,ความถี่ 90 วันล่าสุดลดลงชัดเจน,โทรหาโดยพนักงานภายใน 48 ชม. + ข้อเสนอเฉพาะบุคคล
C11609,0.97386134,วิกฤต,0,ลูกค้าคุณค่าสูงที่กำลังห่างหาย (At-Risk High-Value),54.0,30.0,35609.24,1186.9746666666665,2.0,0.3333333333333333,0.07172407536687363,0.0,2.0,ความถี่ 90 วันล่าสุดลดลงชัดเจน · คะแนนความพึงพอใจต่ำ (2.0/5),โทรหาโดยพนักงานภายใน 48 ชม. + ข้อเสนอเฉพาะบุคคล
C10315,0.9738525,วิกฤต,0,ลูกค้าคุณค่าสูงที่กำลังห่างหาย (At-Risk High-Value),164.0,14.0,8171.03,583.645,0.0,0.0,0.06027079650699417,0.0,3.0,ไม่ซื้อมา 164 วัน · ความถี่ 90 วันล่าสุดลดลงชัดเจน · ไม่มีการซื้อเลยใน 90 วันล่าสุด,โทรหาโดยพนักงานภายใน 48 ชม. + ข้อเสนอเฉพาะบุคคล
C10517,0.9738347,วิกฤต,0,ลูกค้าคุณค่าสูงที่กำลังห่างหาย (At-Risk High-Value),33.0,19.0,30026.26,1580.3294736842104,1.0,0.3333333333333333,0.03662036542399919,1.0,3.2,ความถี่ 90 วันล่าสุดลดลงชัดเจน · มีเรื่องร้องเรียนค้าง 1 เรื่อง,โทรหาโดยพนักงานภายใน 48 ชม. + ข้อเสนอเฉพาะบุคคล
C11441,0.9734547,วิกฤต,0,ลูกค้าคุณค่าสูงที่กำลังห่างหาย (At-Risk High-Value),40.0,23.0,34621.64,1505.2886956521738,2.0,0.4,0.04798563081850659,1.0,2.0,ความถี่ 90 วันล่าสุดลดลงชัดเจน · คะแนนความพึงพอใจต่ำ (2.0/5) · มีเรื่องร้องเรียนค้าง 1 เรื่อง,โทรหาโดยพนักงานภายใน 48 ชม. + ข้อเสนอเฉพาะบุคคล
C11764,0.9733036,วิกฤต,2,ลูกค้าห่างหายมูลค่าต่ำ (Dormant / Low-Value),353.0,3.0,506.47999999999996,168.82666666666665,0.0,0.0,0.23418410547961774,1.0,3.0,ไม่ซื้อมา 353 วัน · ความถี่ 90 วันล่าสุดลดลงชัดเจน · ไม่มีการซื้อเลยใน 90 วันล่าสุด · มีเรื่องร้องเรียนค้าง 1 เรื่อง · ซื้อเมื่อมีส่วนลดเป็นหลัก (23%),โทรหาโดยพนักงานภายใน 48 ชม. + ข้อเสนอเฉพาะบุคคล
C11527,0.97310716,วิกฤต,0,ลูกค้าคุณค่าสูงที่กำลังห่างหาย (At-Risk High-Value),41.0,30.0,44299.24,1476.6413333333333,2.0,0.2857142857142857,0.059515835541102936,1.0,3.0,ความถี่ 90 วันล่าสุดลดลงชัดเจน · มีเรื่องร้องเรียนค้าง 1 เรื่อง,โทรหาโดยพนักงานภายใน 48 ชม. + ข้อเสนอเฉพาะบุคคล
C11748,0.9726385,วิกฤต,2,ลูกค้าห่างหายมูลค่าต่ำ (Dormant / Low-Value),250.0,3.0,2246.59,748.8633333333333,0.0,0.0,0.042308938376018825,0.0,1.0,ไม่ซื้อมา 250 วัน · ความถี่ 90 วันล่าสุดลดลงชัดเจน · ไม่มีการซื้อเลยใน 90 วันล่าสุด · คะแนนความพึงพอใจต่ำ (1.0/5),โทรหาโดยพนักงานภายใน 48 ชม. + ข้อเสนอเฉพาะบุคคล
C10048,0.97260803,วิกฤต,0,ลูกค้าคุณค่าสูงที่กำลังห่างหาย (At-Risk High-Value),175.0,9.0,7250.71,805.6344444444444,0.0,0.0,0.06694676969997233,1.0,3.0,ไม่ซื้อมา 175 วัน · ความถี่ 90 วันล่าสุดลดลงชัดเจน · ไม่มีการซื้อเลยใน 90 วันล่าสุด · มีเรื่องร้องเรียนค้าง 1 เรื่อง,โทรหาโดยพนักงานภายใน 48 ชม. + ข้อเสนอเฉพาะบุคคล
C12271,0.97229946,วิกฤต,2,ลูกค้าห่างหายมูลค่าต่ำ (Dormant / Low-Value),135.0,16.0,9733.17,608.323125,0.0,0.0,0.06724032349415084,1.0,2.5,ไม่ซื้อมา 135 วัน · ความถี่ 90 วันล่าสุดลดลงชัดเจน · ไม่มีการซื้อเลยใน 90 วันล่าสุด · มีเรื่องร้องเรียนค้าง 1 เรื่อง,โทรหาโดยพนักงานภายใน 48 ชม. + ข้อเสนอเฉพาะบุคคล
C11116,0.97182864,วิกฤต,0,ลูกค้าคุณค่าสูงที่กำลังห่างหาย (At-Risk High-Value),160.0,8.0,13740.77,1717.59625,0.0,0.0,0.007402885883011577,0.0,,ไม่ซื้อมา 160 วัน · ความถี่ 90 วันล่าสุดลดลงชัดเจน · ไม่มีการซื้อเลยใน 90 วันล่าสุด,โทรหาโดยพนักงานภายใน 48 ชม. + ข้อเสนอเฉพาะบุคคล
C11926,0.9716119,วิกฤต,3,ลูกค้าใหม่กำลังก่อตัว (New / Developing),0.0,3.0,2405.91,801.9699999999999,3.0,3.0,0.01154473482031709,1.0,2.3333333333333335,มีเรื่องร้องเรียนค้าง 1 เรื่อง,โทรหาโดยพนักงานภายใน 48 ชม. + ข้อเสนอเฉพาะบุคคล
C12227,0.9715736,วิกฤต,0,ลูกค้าคุณค่าสูงที่กำลังห่างหาย (At-Risk High-Value),95.0,9.0,16327.95,1814.2166666666667,0.0,0.0,0.05235345327916425,0.0,,ไม่ซื้อมา 95 วัน · ความถี่ 90 วันล่าสุดลดลงชัดเจน · ไม่มีการซื้อเลยใน 90 วันล่าสุด,โทรหาโดยพนักงานภายใน 48 ชม. + ข้อเสนอเฉพาะบุคคล
C10920,0.9715679,วิกฤต,0,ลูกค้าคุณค่าสูงที่กำลังห่างหาย (At-Risk High-Value),89.0,23.0,18210.68,791.768695652174,1.0,0.2,0.07049717101754047,0.0,,ไม่ซื้อมา 89 วัน · ความถี่ 90 วันล่าสุดลดลงชัดเจน,โทรหาโดยพนักงานภายใน 48 ชม. + ข้อเสนอเฉพาะบุคคล
C12021,0.97154963,วิกฤต,0,ลูกค้าคุณค่าสูงที่กำลังห่างหาย (At-Risk High-Value),113.0,16.0,20410.18,1275.63625,0.0,0.0,0.05267428017108338,0.0,,ไม่ซื้อมา 113 วัน · ความถี่ 90 วันล่าสุดลดลงชัดเจน · ไม่มีการซื้อเลยใน 90 วันล่าสุด,โทรหาโดยพนักงานภายใน 48 ชม. + ข้อเสนอเฉพาะบุคคล
C12415,0.97143114,วิกฤต,0,ลูกค้าคุณค่าสูงที่กำลังห่างหาย (At-Risk High-Value),16.0,27.0,25327.6,938.0592592592592,4.0,0.8,0.07686139580994593,1.0,2.3333333333333335,มีเรื่องร้องเรียนค้าง 1 เรื่อง,โทรหาโดยพนักงานภายใน 48 ชม. + ข้อเสนอเฉพาะบุคคล
C11412,0.9714264,วิกฤต,3,ลูกค้าใหม่กำลังก่อตัว (New / Developing),10.0,3.0,4098.59,1366.1966666666667,3.0,3.0,0.052059819413092547,0.0,1.0,คะแนนความพึงพอใจต่ำ (1.0/5),โทรหาโดยพนักงานภายใน 48 ชม. + ข้อเสนอเฉพาะบุคคล
C11642,0.9709916,วิกฤต,0,ลูกค้าคุณค่าสูงที่กำลังห่างหาย (At-Risk High-Value),81.0,28.0,17618.16,629.22,1.0,0.5,0.05485168687968164,0.0,,ไม่ซื้อมา 81 วัน · ความถี่ 90 วันล่าสุดลดลงชัดเจน,โทรหาโดยพนักงานภายใน 48 ชม. + ข้อเสนอเฉพาะบุคคล
C10334,0.97066766,วิกฤต,0,ลูกค้าคุณค่าสูงที่กำลังห่างหาย (At-Risk High-Value),16.0,23.0,21416.94,931.171304347826,4.0,1.0,0.07565398623986451,1.0,2.0,คะแนนความพึงพอใจต่ำ (2.0/5) · มีเรื่องร้องเรียนค้าง 1 เรื่อง,โทรหาโดยพนักงานภายใน 48 ชม. + ข้อเสนอเฉพาะบุคคล
C11483,0.97064495,วิกฤต,0,ลูกค้าคุณค่าสูงที่กำลังห่างหาย (At-Risk High-Value),209.0,13.0,12740.380000000001,980.0292307692308,0.0,0.0,0.03248373155489808,0.0,3.0,ไม่ซื้อมา 209 วัน · ความถี่ 90 วันล่าสุดลดลงชัดเจน · ไม่มีการซื้อเลยใน 90 วันล่าสุด,โทรหาโดยพนักงานภายใน 48 ชม. + ข้อเสนอเฉพาะบุคคล
C11790,0.9695218,วิกฤต,0,ลูกค้าคุณค่าสูงที่กำลังห่างหาย (At-Risk High-Value),45.0,21.0,23834.91,1134.9957142857143,1.0,0.3333333333333333,0.018700546293753628,0.0,2.3333333333333335,ความถี่ 90 วันล่าสุดลดลงชัดเจน,โทรหาโดยพนักงานภายใน 48 ชม. + ข้อเสนอเฉพาะบุคคล
C11570,0.9692434,วิกฤต,0,ลูกค้าคุณค่าสูงที่กำลังห่างหาย (At-Risk High-Value),95.0,18.0,25342.73,1407.9294444444445,0.0,0.0,0.04867489508021952,0.0,4.0,ไม่ซื้อมา 95 วัน · ความถี่ 90 วันล่าสุดลดลงชัดเจน · ไม่มีการซื้อเลยใน 90 วันล่าสุด,โทรหาโดยพนักงานภายใน 48 ชม. + ข้อเสนอเฉพาะบุคคล
C12394,0.9687347,วิกฤต,2,ลูกค้าห่างหายมูลค่าต่ำ (Dormant / Low-Value),329.0,3.0,2308.15,769.3833333333333,0.0,0.0,0.010982183410604257,0.0,,ไม่ซื้อมา 329 วัน · ความถี่ 90 วันล่าสุดลดลงชัดเจน · ไม่มีการซื้อเลยใน 90 วันล่าสุด,โทรหาโดยพนักงานภายใน 48 ชม. + ข้อเสนอเฉพาะบุคคล
C12986,0.968032,วิกฤต,0,ลูกค้าคุณค่าสูงที่กำลังห่างหาย (At-Risk High-Value),60.0,24.0,28590.83,1191.2845833333333,2.0,0.25,0.08079420418829315,1.0,3.5,ความถี่ 90 วันล่าสุดลดลงชัดเจน · มีเรื่องร้องเรียนค้าง 1 เรื่อง,โทรหาโดยพนักงานภายใน 48 ชม. + ข้อเสนอเฉพาะบุคคล
C12695,0.967523,วิกฤต,0,ลูกค้าคุณค่าสูงที่กำลังห่างหาย (At-Risk High-Value),44.0,23.0,25586.59,1112.4604347826087,1.0,0.2,0.050941099319138455,0.0,2.0,ความถี่ 90 วันล่าสุดลดลงชัดเจน · คะแนนความพึงพอใจต่ำ (2.0/5),โทรหาโดยพนักงานภายใน 48 ชม. + ข้อเสนอเฉพาะบุคคล
C10626,0.9673301,วิกฤต,3,ลูกค้าใหม่กำลังก่อตัว (New / Developing),1.0,3.0,2055.88,685.2933333333334,3.0,3.0,0.005038014993055186,0.0,,ความเสี่ยงมาจากรูปแบบรวมหลายปัจจัย,โทรหาโดยพนักงานภายใน 48 ชม. + ข้อเสนอเฉพาะบุคคล
C12496,0.9665264,วิกฤต,0,ลูกค้าคุณค่าสูงที่กำลังห่างหาย (At-Risk High-Value),82.0,15.0,13226.960000000001,881.7973333333334,1.0,0.2,0.0654729101489087,0.0,,ไม่ซื้อมา 82 วัน · ความถี่ 90 วันล่าสุดลดลงชัดเจน,โทรหาโดยพนักงานภายใน 48 ชม. + ข้อเสนอเฉพาะบุคคล
C10972,0.96644473,วิกฤต,0,ลูกค้าคุณค่าสูงที่กำลังห่างหาย (At-Risk High-Value),90.0,20.0,16576.010000000002,828.8005,0.0,0.0,0.020417220695564814,0.0,4.0,ไม่ซื้อมา 90 วัน · ความถี่ 90 วันล่าสุดลดลงชัดเจน · ไม่มีการซื้อเลยใน 90 วันล่าสุด,โทรหาโดยพนักงานภายใน 48 ชม. + ข้อเสนอเฉพาะบุคคล
C12761,0.9662035,วิกฤต,2,ลูกค้าห่างหายมูลค่าต่ำ (Dormant / Low-Value),52.0,3.0,1701.85,567.2833333333333,3.0,3.0,0.05946558346458869,2.0,3.0,มีเรื่องร้องเรียนค้าง 2 เรื่อง,โทรหาโดยพนักงานภายใน 48 ชม. + ข้อเสนอเฉพาะบุคคล
C12873,0.9658771,วิกฤต,2,ลูกค้าห่างหายมูลค่าต่ำ (Dormant / Low-Value),81.0,3.0,2586.08,862.0266666666666,1.0,0.3333333333333333,0.08592595734453094,0.0,,ไม่ซื้อมา 81 วัน · ความถี่ 90 วันล่าสุดลดลงชัดเจน,โทรหาโดยพนักงานภายใน 48 ชม. + ข้อเสนอเฉพาะบุคคล
C10750,0.96585065,วิกฤต,2,ลูกค้าห่างหายมูลค่าต่ำ (Dormant / Low-Value),411.0,3.0,2187.46,729.1533333333333,0.0,0.0,0.010892812733150957,0.0,3.0,ไม่ซื้อมา 411 วัน · ความถี่ 90 วันล่าสุดลดลงชัดเจน · ไม่มีการซื้อเลยใน 90 วันล่าสุด,โทรหาโดยพนักงานภายใน 48 ชม. + ข้อเสนอเฉพาะบุคคล
C10608,0.96579015,วิกฤต,0,ลูกค้าคุณค่าสูงที่กำลังห่างหาย (At-Risk High-Value),98.0,17.0,17435.43,1025.6135294117648,0.0,0.0,0.03237025978566711,0.0,,ไม่ซื้อมา 98 วัน · ความถี่ 90 วันล่าสุดลดลงชัดเจน · ไม่มีการซื้อเลยใน 90 วันล่าสุด,โทรหาโดยพนักงานภายใน 48 ชม. + ข้อเสนอเฉพาะบุคคล
C12831,0.9656863,วิกฤต,0,ลูกค้าคุณค่าสูงที่กำลังห่างหาย (At-Risk High-Value),44.0,23.0,25164.29,1094.0995652173913,2.0,0.5,0.041761198553900127,0.0,2.0,ความถี่ 90 วันล่าสุดลดลงชัดเจน · คะแนนความพึงพอใจต่ำ (2.0/5),โทรหาโดยพนักงานภายใน 48 ชม. + ข้อเสนอเฉพาะบุคคล
C10870,0.96535426,วิกฤต,2,ลูกค้าห่างหายมูลค่าต่ำ (Dormant / Low-Value),214.0,3.0,1503.6599999999999,501.21999999999997,0.0,0.0,0.05079759868192636,0.0,3.0,ไม่ซื้อมา 214 วัน · ความถี่ 90 วันล่าสุดลดลงชัดเจน · ไม่มีการซื้อเลยใน 90 วันล่าสุด,โทรหาโดยพนักงานภายใน 48 ชม. + ข้อเสนอเฉพาะบุคคล
C12572,0.9647746,วิกฤต,3,ลูกค้าใหม่กำลังก่อตัว (New / Developing),110.0,3.0,2289.34,763.1133333333333,0.0,0.0,0.007267681366809766,0.0,1.0,ไม่ซื้อมา 110 วัน · ความถี่ 90 วันล่าสุดลดลงชัดเจน · ไม่มีการซื้อเลยใน 90 วันล่าสุด · คะแนนความพึงพอใจต่ำ (1.0/5),โทรหาโดยพนักงานภายใน 48 ชม. + ข้อเสนอเฉพาะบุคคล
C11711,0.96472275,วิกฤต,0,ลูกค้าคุณค่าสูงที่กำลังห่างหาย (At-Risk High-Value),153.0,5.0,8328.8,1665.7599999999998,0.0,0.0,0.050191984654912286,0.0,3.0,ไม่ซื้อมา 153 วัน · ความถี่ 90 วันล่าสุดลดลงชัดเจน · ไม่มีการซื้อเลยใน 90 วันล่าสุด,โทรหาโดยพนักงานภายใน 48 ชม. + ข้อเสนอเฉพาะบุคคล
C10468,0.964573,วิกฤต,0,ลูกค้าคุณค่าสูงที่กำลังห่างหาย (At-Risk High-Value),47.0,20.0,22131.69,1106.5845,2.0,0.4,0.06736144969762148,0.0,3.0,ความถี่ 90 วันล่าสุดลดลงชัดเจน,โทรหาโดยพนักงานภายใน 48 ชม. + ข้อเสนอเฉพาะบุคคล
C12878,0.96456736,วิกฤต,2,ลูกค้าห่างหายมูลค่าต่ำ (Dormant / Low-Value),110.0,3.0,1341.1100000000001,447.0366666666667,0.0,0.0,0.0,0.0,3.0,ไม่ซื้อมา 110 วัน · ความถี่ 90 วันล่าสุดลดลงชัดเจน · ไม่มีการซื้อเลยใน 90 วันล่าสุด,โทรหาโดยพนักงานภายใน 48 ชม. + ข้อเสนอเฉพาะบุคคล
C12311,0.9643792,วิกฤต,0,ลูกค้าคุณค่าสูงที่กำลังห่างหาย (At-Risk High-Value),35.0,8.0,11028.9,1378.6125,1.0,0.3333333333333333,0.011846481356709722,1.0,2.0,ความถี่ 90 วันล่าสุดลดลงชัดเจน · คะแนนความพึงพอใจต่ำ (2.0/5) · มีเรื่องร้องเรียนค้าง 1 เรื่อง,โทรหาโดยพนักงานภายใน 48 ชม. + ข้อเสนอเฉพาะบุคคล
C10884,0.9643731,วิกฤต,0,ลูกค้าคุณค่าสูงที่กำลังห่างหาย (At-Risk High-Value),91.0,13.0,34650.49,2665.4223076923076,0.0,0.0,0.0,1.0,2.0,ไม่ซื้อมา 91 วัน · ความถี่ 90 วันล่าสุดลดลงชัดเจน · ไม่มีการซื้อเลยใน 90 วันล่าสุด · คะแนนความพึงพอใจต่ำ (2.0/5) · มีเรื่องร้องเรียนค้าง 1 เรื่อง,โทรหาโดยพนักงานภายใน 48 ชม. + ข้อเสนอเฉพาะบุคคล
C11470,0.96388453,วิกฤต,2,ลูกค้าห่างหายมูลค่าต่ำ (Dormant / Low-Value),103.0,12.0,8575.08,714.59,0.0,0.0,0.09094590569036051,0.0,1.0,ไม่ซื้อมา 103 วัน · ความถี่ 90 วันล่าสุดลดลงชัดเจน · ไม่มีการซื้อเลยใน 90 วันล่าสุด · คะแนนความพึงพอใจต่ำ (1.0/5),โทรหาโดยพนักงานภายใน 48 ชม. + ข้อเสนอเฉพาะบุคคล
C10063,0.96372396,วิกฤต,3,ลูกค้าใหม่กำลังก่อตัว (New / Developing),152.0,6.0,7914.48,1319.08,0.0,0.0,0.00811357501109131,0.0,,ไม่ซื้อมา 152 วัน · ความถี่ 90 วันล่าสุดลดลงชัดเจน · ไม่มีการซื้อเลยใน 90 วันล่าสุด,โทรหาโดยพนักงานภายใน 48 ชม. + ข้อเสนอเฉพาะบุคคล
C10413,0.9622962,วิกฤต,0,ลูกค้าคุณค่าสูงที่กำลังห่างหาย (At-Risk High-Value),48.0,18.0,19470.73,1081.7072222222223,1.0,0.2,0.03830817733386742,1.0,3.0,ความถี่ 90 วันล่าสุดลดลงชัดเจน · มีเรื่องร้องเรียนค้าง 1 เรื่อง,โทรหาโดยพนักงานภายใน 48 ชม. + ข้อเสนอเฉพาะบุคคล
C12486,0.96217465,วิกฤต,3,ลูกค้าใหม่กำลังก่อตัว (New / Developing),99.0,3.0,2894.79,964.93,0.0,0.0,0.04025263576685897,0.0,3.0,ไม่ซื้อมา 99 วัน · ความถี่ 90 วันล่าสุดลดลงชัดเจน · ไม่มีการซื้อเลยใน 90 วันล่าสุด,โทรหาโดยพนักงานภายใน 48 ชม. + ข้อเสนอเฉพาะบุคคล
C12716,0.9619779,วิกฤต,0,ลูกค้าคุณค่าสูงที่กำลังห่างหาย (At-Risk High-Value),89.0,19.0,28632.23,1506.9594736842105,1.0,0.16666666666666666,0.03739769995303351,0.0,4.0,ไม่ซื้อมา 89 วัน · ความถี่ 90 วันล่าสุดลดลงชัดเจน,โทรหาโดยพนักงานภายใน 48 ชม. + ข้อเสนอเฉพาะบุคคล
C10779,0.9615581,วิกฤต,0,ลูกค้าคุณค่าสูงที่กำลังห่างหาย (At-Risk High-Value),84.0,16.0,19607.73,1225.483125,1.0,0.5,0.04060224469285442,0.0,,ไม่ซื้อมา 84 วัน · ความถี่ 90 วันล่าสุดลดลงชัดเจน,โทรหาโดยพนักงานภายใน 48 ชม. + ข้อเสนอเฉพาะบุคคล
C10707,0.96149254,วิกฤต,0,ลูกค้าคุณค่าสูงที่กำลังห่างหาย (At-Risk High-Value),63.0,23.0,24250.74,1054.38,2.0,0.5,0.03300521642875998,1.0,2.6666666666666665,ไม่ซื้อมา 63 วัน · ความถี่ 90 วันล่าสุดลดลงชัดเจน · มีเรื่องร้องเรียนค้าง 1 เรื่อง,โทรหาโดยพนักงานภายใน 48 ชม. + ข้อเสนอเฉพาะบุคคล
C10831,0.9614762,วิกฤต,0,ลูกค้าคุณค่าสูงที่กำลังห่างหาย (At-Risk High-Value),180.0,12.0,11105.29,925.4408333333334,0.0,0.0,0.05016421765681931,0.0,,ไม่ซื้อมา 180 วัน · ความถี่ 90 วันล่าสุดลดลงชัดเจน · ไม่มีการซื้อเลยใน 90 วันล่าสุด,โทรหาโดยพนักงานภายใน 48 ชม. + ข้อเสนอเฉพาะบุคคล
C10636,0.9609455,วิกฤต,0,ลูกค้าคุณค่าสูงที่กำลังห่างหาย (At-Risk High-Value),183.0,11.0,9985.91,907.81,0.0,0.0,0.07674648668639053,0.0,2.0,ไม่ซื้อมา 183 วัน · ความถี่ 90 วันล่าสุดลดลงชัดเจน · ไม่มีการซื้อเลยใน 90 วันล่าสุด · คะแนนความพึงพอใจต่ำ (2.0/5),โทรหาโดยพนักงานภายใน 48 ชม. + ข้อเสนอเฉพาะบุคคล
C10346,0.96087104,วิกฤต,0,ลูกค้าคุณค่าสูงที่กำลังห่างหาย (At-Risk High-Value),81.0,12.0,13077.48,1089.79,1.0,0.25,0.050279524351080844,0.0,,ไม่ซื้อมา 81 วัน · ความถี่ 90 วันล่าสุดลดลงชัดเจน,โทรหาโดยพนักงานภายใน 48 ชม. + ข้อเสนอเฉพาะบุคคล
C11610,0.9608402,วิกฤต,0,ลูกค้าคุณค่าสูงที่กำลังห่างหาย (At-Risk High-Value),113.0,18.0,15706.04,872.5577777777778,0.0,0.0,0.07398600664704902,0.0,4.0,ไม่ซื้อมา 113 วัน · ความถี่ 90 วันล่าสุดลดลงชัดเจน · ไม่มีการซื้อเลยใน 90 วันล่าสุด,โทรหาโดยพนักงานภายใน 48 ชม. + ข้อเสนอเฉพาะบุคคล
C11502,0.9608236,วิกฤต,2,ลูกค้าห่างหายมูลค่าต่ำ (Dormant / Low-Value),56.0,3.0,677.36,225.78666666666666,3.0,3.0,0.01063332554335125,1.0,3.0,มีเรื่องร้องเรียนค้าง 1 เรื่อง,โทรหาโดยพนักงานภายใน 48 ชม. + ข้อเสนอเฉพาะบุคคล
C11042,0.960204,วิกฤต,2,ลูกค้าห่างหายมูลค่าต่ำ (Dormant / Low-Value),255.0,3.0,1193.1100000000001,397.7033333333334,0.0,0.0,0.0,0.0,,ไม่ซื้อมา 255 วัน · ความถี่ 90 วันล่าสุดลดลงชัดเจน · ไม่มีการซื้อเลยใน 90 วันล่าสุด,โทรหาโดยพนักงานภายใน 48 ชม. + ข้อเสนอเฉพาะบุคคล
C11683,0.96017176,วิกฤต,3,ลูกค้าใหม่กำลังก่อตัว (New / Developing),27.0,3.0,1740.01,580.0033333333333,1.0,0.3333333333333333,0.020606545012439352,1.0,2.0,ความถี่ 90 วันล่าสุดลดลงชัดเจน · คะแนนความพึงพอใจต่ำ (2.0/5) · มีเรื่องร้องเรียนค้าง 1 เรื่อง,โทรหาโดยพนักงานภายใน 48 ชม. + ข้อเสนอเฉพาะบุคคล
C12556,0.9585061,วิกฤต,0,ลูกค้าคุณค่าสูงที่กำลังห่างหาย (At-Risk High-Value),76.0,18.0,20162.309999999998,1120.128333333333,1.0,0.3333333333333333,0.06490512378848129,0.0,3.0,ไม่ซื้อมา 76 วัน · ความถี่ 90 วันล่าสุดลดลงชัดเจน,โทรหาโดยพนักงานภายใน 48 ชม. + ข้อเสนอเฉพาะบุคคล
C12903,0.95823425,วิกฤต,0,ลูกค้าคุณค่าสูงที่กำลังห่างหาย (At-Risk High-Value),71.0,28.0,27875.45,995.5517857142858,1.0,0.2,0.036765422389253136,1.0,2.5,ไม่ซื้อมา 71 วัน · ความถี่ 90 วันล่าสุดลดลงชัดเจน · มีเรื่องร้องเรียนค้าง 1 เรื่อง,โทรหาโดยพนักงานภายใน 48 ชม. + ข้อเสนอเฉพาะบุคคล
C11464,0.9572763,วิกฤต,0,ลูกค้าคุณค่าสูงที่กำลังห่างหาย (At-Risk High-Value),74.0,16.0,11049.73,690.608125,1.0,0.125,0.0545054557651762,0.0,1.0,ไม่ซื้อมา 74 วัน · ความถี่ 90 วันล่าสุดลดลงชัดเจน · คะแนนความพึงพอใจต่ำ (1.0/5),โทรหาโดยพนักงานภายใน 48 ชม. + ข้อเสนอเฉพาะบุคคล
C11413,0.9569175,วิกฤต,0,ลูกค้าคุณค่าสูงที่กำลังห่างหาย (At-Risk High-Value),22.0,14.0,16249.939999999999,1160.7099999999998,3.0,3.0,0.04019104108056578,0.0,1.0,คะแนนความพึงพอใจต่ำ (1.0/5),โทรหาโดยพนักงานภายใน 48 ชม. + ข้อเสนอเฉพาะบุคคล
C10629,0.9568742,วิกฤต,0,ลูกค้าคุณค่าสูงที่กำลังห่างหาย (At-Risk High-Value),75.0,19.0,23261.9,1224.3105263157895,1.0,0.25,0.04853311824139434,0.0,,ไม่ซื้อมา 75 วัน · ความถี่ 90 วันล่าสุดลดลงชัดเจน,โทรหาโดยพนักงานภายใน 48 ชม. + ข้อเสนอเฉพาะบุคคล
C10469,0.9568373,วิกฤต,0,ลูกค้าคุณค่าสูงที่กำลังห่างหาย (At-Risk High-Value),220.0,16.0,11777.82,736.11375,0.0,0.0,0.03671545867128823,0.0,,ไม่ซื้อมา 220 วัน · ความถี่ 90 วันล่าสุดลดลงชัดเจน · ไม่มีการซื้อเลยใน 90 วันล่าสุด,โทรหาโดยพนักงานภายใน 48 ชม. + ข้อเสนอเฉพาะบุคคล
C11227,0.9567293,วิกฤต,1,ลูกค้าชั้นยอด (Champions),116.0,49.0,177768.68,3627.932244897959,0.0,0.0,0.019483504398705668,0.0,,ไม่ซื้อมา 116 วัน · ความถี่ 90 วันล่าสุดลดลงชัดเจน · ไม่มีการซื้อเลยใน 90 วันล่าสุด,โทรหาโดยพนักงานภายใน 48 ชม. + ข้อเสนอเฉพาะบุคคล
C10010,0.9564076,วิกฤต,0,ลูกค้าคุณค่าสูงที่กำลังห่างหาย (At-Risk High-Value),28.0,15.0,11237.07,749.138,3.0,0.5,0.0869389284010846,1.0,2.5,ความถี่ 90 วันล่าสุดลดลงชัดเจน · มีเรื่องร้องเรียนค้าง 1 เรื่อง,โทรหาโดยพนักงานภายใน 48 ชม. + ข้อเสนอเฉพาะบุคคล
C11695,0.95624894,วิกฤต,0,ลูกค้าคุณค่าสูงที่กำลังห่างหาย (At-Risk High-Value),141.0,8.0,7132.67,891.58375,0.0,0.0,0.016702900398823797,0.0,,ไม่ซื้อมา 141 วัน · ความถี่ 90 วันล่าสุดลดลงชัดเจน · ไม่มีการซื้อเลยใน 90 วันล่าสุด,โทรหาโดยพนักงานภายใน 48 ชม. + ข้อเสนอเฉพาะบุคคล
C10028,0.9562471,วิกฤต,2,ลูกค้าห่างหายมูลค่าต่ำ (Dormant / Low-Value),180.0,6.0,2247.54,374.59,0.0,0.0,0.048124446778503874,2.0,1.0,ไม่ซื้อมา 180 วัน · ความถี่ 90 วันล่าสุดลดลงชัดเจน · ไม่มีการซื้อเลยใน 90 วันล่าสุด · คะแนนความพึงพอใจต่ำ (1.0/5) · มีเรื่องร้องเรียนค้าง 2 เรื่อง,โทรหาโดยพนักงานภายใน 48 ชม. + ข้อเสนอเฉพาะบุคคล
C10885,0.9561003,วิกฤต,0,ลูกค้าคุณค่าสูงที่กำลังห่างหาย (At-Risk High-Value),45.0,21.0,27619.95,1315.2357142857143,2.0,2.0,0.08737281185505524,0.0,,ความเสี่ยงมาจากรูปแบบรวมหลายปัจจัย,โทรหาโดยพนักงานภายใน 48 ชม. + ข้อเสนอเฉพาะบุคคล
C12087,0.9559021,วิกฤต,2,ลูกค้าห่างหายมูลค่าต่ำ (Dormant / Low-Value),255.0,8.0,4056.61,507.07625,0.0,0.0,0.032368789521767236,0.0,1.0,ไม่ซื้อมา 255 วัน · ความถี่ 90 วันล่าสุดลดลงชัดเจน · ไม่มีการซื้อเลยใน 90 วันล่าสุด · คะแนนความพึงพอใจต่ำ (1.0/5),โทรหาโดยพนักงานภายใน 48 ชม. + ข้อเสนอเฉพาะบุคคล
C11304,0.9553699,วิกฤต,2,ลูกค้าห่างหายมูลค่าต่ำ (Dormant / Low-Value),177.0,11.0,8028.42,729.8563636363637,0.0,0.0,0.13872663081433706,0.0,2.0,ไม่ซื้อมา 177 วัน · ความถี่ 90 วันล่าสุดลดลงชัดเจน · ไม่มีการซื้อเลยใน 90 วันล่าสุด · คะแนนความพึงพอใจต่ำ (2.0/5) · ซื้อเมื่อมีส่วนลดเป็นหลัก (14%),โทรหาโดยพนักงานภายใน 48 ชม. + ข้อเสนอเฉพาะบุคคล
C11507,0.95470196,วิกฤต,0,ลูกค้าคุณค่าสูงที่กำลังห่างหาย (At-Risk High-Value),37.0,23.0,40867.6,1776.8521739130433,2.0,0.6666666666666666,0.04695608534569868,0.0,,ความเสี่ยงมาจากรูปแบบรวมหลายปัจจัย,โทรหาโดยพนักงานภายใน 48 ชม. + ข้อเสนอเฉพาะบุคคล
C10745,0.9544645,วิกฤต,0,ลูกค้าคุณค่าสูงที่กำลังห่างหาย (At-Risk High-Value),73.0,22.0,34780.3,1580.9227272727273,4.0,1.0,0.04601367167464025,0.0,2.0,ไม่ซื้อมา 73 วัน · คะแนนความพึงพอใจต่ำ (2.0/5),โทรหาโดยพนักงานภายใน 48 ชม. + ข้อเสนอเฉพาะบุคคล
C12288,0.9542584,วิกฤต,0,ลูกค้าคุณค่าสูงที่กำลังห่างหาย (At-Risk High-Value),69.0,14.0,16098.55,1149.8964285714285,2.0,1.0,0.0490610551883708,0.0,,ไม่ซื้อมา 69 วัน,โทรหาโดยพนักงานภายใน 48 ชม. + ข้อเสนอเฉพาะบุคคล
C10849,0.9542316,วิกฤต,2,ลูกค้าห่างหายมูลค่าต่ำ (Dormant / Low-Value),99.0,5.0,2784.64,556.928,0.0,0.0,0.02345415778251599,1.0,1.5,ไม่ซื้อมา 99 วัน · ความถี่ 90 วันล่าสุดลดลงชัดเจน · ไม่มีการซื้อเลยใน 90 วันล่าสุด · คะแนนความพึงพอใจต่ำ (1.5/5) · มีเรื่องร้องเรียนค้าง 1 เรื่อง,โทรหาโดยพนักงานภายใน 48 ชม. + ข้อเสนอเฉพาะบุคคล
C12726,0.95239794,วิกฤต,0,ลูกค้าคุณค่าสูงที่กำลังห่างหาย (At-Risk High-Value),59.0,30.0,39848.75,1328.2916666666667,1.0,0.3333333333333333,0.04286467459380521,0.0,2.0,ความถี่ 90 วันล่าสุดลดลงชัดเจน · คะแนนความพึงพอใจต่ำ (2.0/5),โทรหาโดยพนักงานภายใน 48 ชม. + ข้อเสนอเฉพาะบุคคล
C12370,0.9517834,วิกฤต,0,ลูกค้าคุณค่าสูงที่กำลังห่างหาย (At-Risk High-Value),186.0,10.0,7641.71,764.171,0.0,0.0,0.03845447270274759,0.0,1.0,ไม่ซื้อมา 186 วัน · ความถี่ 90 วันล่าสุดลดลงชัดเจน · ไม่มีการซื้อเลยใน 90 วันล่าสุด · คะแนนความพึงพอใจต่ำ (1.0/5),โทรหาโดยพนักงานภายใน 48 ชม. + ข้อเสนอเฉพาะบุคคล
C10016,0.951607,วิกฤต,0,ลูกค้าคุณค่าสูงที่กำลังห่างหาย (At-Risk High-Value),55.0,24.0,29553.61,1231.4004166666666,2.0,0.5,0.10925311180808271,0.0,4.0,ความถี่ 90 วันล่าสุดลดลงชัดเจน · ซื้อเมื่อมีส่วนลดเป็นหลัก (11%),โทรหาโดยพนักงานภายใน 48 ชม. + ข้อเสนอเฉพาะบุคคล
C10908,0.9514419,วิกฤต,3,ลูกค้าใหม่กำลังก่อตัว (New / Developing),384.0,3.0,3198.19,1066.0633333333333,0.0,0.0,0.0,0.0,3.0,ไม่ซื้อมา 384 วัน · ความถี่ 90 วันล่าสุดลดลงชัดเจน · ไม่มีการซื้อเลยใน 90 วันล่าสุด,โทรหาโดยพนักงานภายใน 48 ชม. + ข้อเสนอเฉพาะบุคคล
C12197,0.9511275,วิกฤต,2,ลูกค้าห่างหายมูลค่าต่ำ (Dormant / Low-Value),116.0,3.0,1534.5,511.5,0.0,0.0,0.0916947336644154,0.0,2.0,ไม่ซื้อมา 116 วัน · ความถี่ 90 วันล่าสุดลดลงชัดเจน · ไม่มีการซื้อเลยใน 90 วันล่าสุด · คะแนนความพึงพอใจต่ำ (2.0/5),โทรหาโดยพนักงานภายใน 48 ชม. + ข้อเสนอเฉพาะบุคคล
C11915,0.9509415,วิกฤต,0,ลูกค้าคุณค่าสูงที่กำลังห่างหาย (At-Risk High-Value),58.0,12.0,16159.73,1346.6441666666667,1.0,0.3333333333333333,0.05862488196205426,0.0,4.0,ความถี่ 90 วันล่าสุดลดลงชัดเจน,โทรหาโดยพนักงานภายใน 48 ชม. + ข้อเสนอเฉพาะบุคคล
C12460,0.950897,วิกฤต,2,ลูกค้าห่างหายมูลค่าต่ำ (Dormant / Low-Value),244.0,3.0,1832.49,610.83,0.0,0.0,0.037855916496463804,0.0,2.0,ไม่ซื้อมา 244 วัน · ความถี่ 90 วันล่าสุดลดลงชัดเจน · ไม่มีการซื้อเลยใน 90 วันล่าสุด · คะแนนความพึงพอใจต่ำ (2.0/5),โทรหาโดยพนักงานภายใน 48 ชม. + ข้อเสนอเฉพาะบุคคล
C11779,0.95062953,วิกฤต,2,ลูกค้าห่างหายมูลค่าต่ำ (Dormant / Low-Value),403.0,3.0,3833.2,1277.7333333333333,0.0,0.0,0.058947146178415094,0.0,,ไม่ซื้อมา 403 วัน · ความถี่ 90 วันล่าสุดลดลงชัดเจน · ไม่มีการซื้อเลยใน 90 วันล่าสุด,โทรหาโดยพนักงานภายใน 48 ชม. + ข้อเสนอเฉพาะบุคคล
C10109,0.9504436,วิกฤต,0,ลูกค้าคุณค่าสูงที่กำลังห่างหาย (At-Risk High-Value),76.0,16.0,27012.2,1688.2625,1.0,0.25,0.023800205053925137,0.0,5.0,ไม่ซื้อมา 76 วัน · ความถี่ 90 วันล่าสุดลดลงชัดเจน,โทรหาโดยพนักงานภายใน 48 ชม. + ข้อเสนอเฉพาะบุคคล
C10451,0.95027846,วิกฤต,0,ลูกค้าคุณค่าสูงที่กำลังห่างหาย (At-Risk High-Value),91.0,15.0,25579.89,1705.326,0.0,0.0,0.04596221725599949,0.0,4.0,ไม่ซื้อมา 91 วัน · ความถี่ 90 วันล่าสุดลดลงชัดเจน · ไม่มีการซื้อเลยใน 90 วันล่าสุด,โทรหาโดยพนักงานภายใน 48 ชม. + ข้อเสนอเฉพาะบุคคล
C10487,0.95025665,วิกฤต,0,ลูกค้าคุณค่าสูงที่กำลังห่างหาย (At-Risk High-Value),227.0,4.0,7178.6,1794.65,0.0,0.0,0.011048658180415496,0.0,3.0,ไม่ซื้อมา 227 วัน · ความถี่ 90 วันล่าสุดลดลงชัดเจน · ไม่มีการซื้อเลยใน 90 วันล่าสุด,โทรหาโดยพนักงานภายใน 48 ชม. + ข้อเสนอเฉพาะบุคคล
C11735,0.95010555,วิกฤต,0,ลูกค้าคุณค่าสูงที่กำลังห่างหาย (At-Risk High-Value),41.0,23.0,32069.86,1394.341739130435,2.0,0.5,0.05227745489137196,0.0,3.0,ความถี่ 90 วันล่าสุดลดลงชัดเจน,โทรหาโดยพนักงานภายใน 48 ชม. + ข้อเสนอเฉพาะบุคคล
C10180,0.9496018,วิกฤต,0,ลูกค้าคุณค่าสูงที่กำลังห่างหาย (At-Risk High-Value),48.0,9.0,12668.41,1407.601111111111,2.0,0.4,0.08922541372832504,1.0,3.0,ความถี่ 90 วันล่าสุดลดลงชัดเจน · มีเรื่องร้องเรียนค้าง 1 เรื่อง,โทรหาโดยพนักงานภายใน 48 ชม. + ข้อเสนอเฉพาะบุคคล
C10390,0.94942987,วิกฤต,0,ลูกค้าคุณค่าสูงที่กำลังห่างหาย (At-Risk High-Value),53.0,23.0,17341.079999999998,753.9599999999999,1.0,0.25,0.03927853979432755,0.0,,ความถี่ 90 วันล่าสุดลดลงชัดเจน,โทรหาโดยพนักงานภายใน 48 ชม. + ข้อเสนอเฉพาะบุคคล
C10793,0.94901294,วิกฤต,2,ลูกค้าห่างหายมูลค่าต่ำ (Dormant / Low-Value),384.0,3.0,1876.98,625.66,0.0,0.0,0.048015621433824464,0.0,2.0,ไม่ซื้อมา 384 วัน · ความถี่ 90 วันล่าสุดลดลงชัดเจน · ไม่มีการซื้อเลยใน 90 วันล่าสุด · คะแนนความพึงพอใจต่ำ (2.0/5),โทรหาโดยพนักงานภายใน 48 ชม. + ข้อเสนอเฉพาะบุคคล
C10159,0.9489107,วิกฤต,2,ลูกค้าห่างหายมูลค่าต่ำ (Dormant / Low-Value),259.0,6.0,3135.25,522.5416666666666,0.0,0.0,0.08435525935358007,0.0,1.0,ไม่ซื้อมา 259 วัน · ความถี่ 90 วันล่าสุดลดลงชัดเจน · ไม่มีการซื้อเลยใน 90 วันล่าสุด · คะแนนความพึงพอใจต่ำ (1.0/5),โทรหาโดยพนักงานภายใน 48 ชม. + ข้อเสนอเฉพาะบุคคล
C10116,0.94883186,วิกฤต,0,ลูกค้าคุณค่าสูงที่กำลังห่างหาย (At-Risk High-Value),95.0,13.0,11132.93,856.3792307692308,0.0,0.0,0.03387741890133998,0.0,,ไม่ซื้อมา 95 วัน · ความถี่ 90 วันล่าสุดลดลงชัดเจน · ไม่มีการซื้อเลยใน 90 วันล่าสุด,โทรหาโดยพนักงานภายใน 48 ชม. + ข้อเสนอเฉพาะบุคคล
C10294,0.9482612,วิกฤต,0,ลูกค้าคุณค่าสูงที่กำลังห่างหาย (At-Risk High-Value),63.0,26.0,22495.15,865.198076923077,1.0,0.2,0.09153377315271015,0.0,3.0,ไม่ซื้อมา 63 วัน · ความถี่ 90 วันล่าสุดลดลงชัดเจน,โทรหาโดยพนักงานภายใน 48 ชม. + ข้อเสนอเฉพาะบุคคล
C11931,0.94784015,วิกฤต,0,ลูกค้าคุณค่าสูงที่กำลังห่างหาย (At-Risk High-Value),21.0,21.0,15041.96,716.2838095238095,5.0,1.25,0.08898775744552506,1.0,2.0,คะแนนความพึงพอใจต่ำ (2.0/5) · มีเรื่องร้องเรียนค้าง 1 เรื่อง,โทรหาโดยพนักงานภายใน 48 ชม. + ข้อเสนอเฉพาะบุคคล
C12153,0.94771934,วิกฤต,3,ลูกค้าใหม่กำลังก่อตัว (New / Developing),4.0,3.0,2360.67,786.89,3.0,3.0,0.0,1.0,3.0,มีเรื่องร้องเรียนค้าง 1 เรื่อง,โทรหาโดยพนักงานภายใน 48 ชม. + ข้อเสนอเฉพาะบุคคล
C12254,0.94731194,วิกฤต,0,ลูกค้าคุณค่าสูงที่กำลังห่างหาย (At-Risk High-Value),60.0,19.0,22189.05,1167.8447368421052,2.0,0.2857142857142857,0.060686325225567696,0.0,3.0,ความถี่ 90 วันล่าสุดลดลงชัดเจน,โทรหาโดยพนักงานภายใน 48 ชม. + ข้อเสนอเฉพาะบุคคล
C12470,0.94718593,วิกฤต,0,ลูกค้าคุณค่าสูงที่กำลังห่างหาย (At-Risk High-Value),46.0,13.0,17125.420000000002,1317.3400000000001,3.0,1.0,0.04828322841086925,0.0,3.0,ความเสี่ยงมาจากรูปแบบรวมหลายปัจจัย,โทรหาโดยพนักงานภายใน 48 ชม. + ข้อเสนอเฉพาะบุคคล
C11814,0.94681567,วิกฤต,2,ลูกค้าห่างหายมูลค่าต่ำ (Dormant / Low-Value),17.0,3.0,1661.8899999999999,553.9633333333333,3.0,3.0,0.15194550047202307,0.0,2.0,คะแนนความพึงพอใจต่ำ (2.0/5) · ซื้อเมื่อมีส่วนลดเป็นหลัก (15%),โทรหาโดยพนักงานภายใน 48 ชม. + ข้อเสนอเฉพาะบุคคล
C11260,0.9465085,วิกฤต,2,ลูกค้าห่างหายมูลค่าต่ำ (Dormant / Low-Value),65.0,3.0,910.8600000000001,303.62000000000006,3.0,3.0,0.0,1.0,4.0,ไม่ซื้อมา 65 วัน · มีเรื่องร้องเรียนค้าง 1 เรื่อง,โทรหาโดยพนักงานภายใน 48 ชม. + ข้อเสนอเฉพาะบุคคล
C10374,0.94618666,วิกฤต,0,ลูกค้าคุณค่าสูงที่กำลังห่างหาย (At-Risk High-Value),50.0,20.0,13216.85,660.8425,1.0,0.25,0.05222876131483328,1.0,2.5,ความถี่ 90 วันล่าสุดลดลงชัดเจน · มีเรื่องร้องเรียนค้าง 1 เรื่อง,โทรหาโดยพนักงานภายใน 48 ชม. + ข้อเสนอเฉพาะบุคคล
C11639,0.945956,วิกฤต,3,ลูกค้าใหม่กำลังก่อตัว (New / Developing),134.0,3.0,3646.7700000000004,1215.5900000000001,0.0,0.0,0.05967216665506333,0.0,,ไม่ซื้อมา 134 วัน · ความถี่ 90 วันล่าสุดลดลงชัดเจน · ไม่มีการซื้อเลยใน 90 วันล่าสุด,โทรหาโดยพนักงานภายใน 48 ชม. + ข้อเสนอเฉพาะบุคคล
C10262,0.94490314,วิกฤต,0,ลูกค้าคุณค่าสูงที่กำลังห่างหาย (At-Risk High-Value),44.0,12.0,17961.29,1496.7741666666668,3.0,1.5,0.04491400057641362,0.0,2.0,คะแนนความพึงพอใจต่ำ (2.0/5),โทรหาโดยพนักงานภายใน 48 ชม. + ข้อเสนอเฉพาะบุคคล
C10665,0.9445322,วิกฤต,3,ลูกค้าใหม่กำลังก่อตัว (New / Developing),16.0,3.0,2677.69,892.5633333333334,3.0,3.0,0.09092791765121268,0.0,5.0,ความเสี่ยงมาจากรูปแบบรวมหลายปัจจัย,โทรหาโดยพนักงานภายใน 48 ชม. + ข้อเสนอเฉพาะบุคคล
C10540,0.94443035,วิกฤต,0,ลูกค้าคุณค่าสูงที่กำลังห่างหาย (At-Risk High-Value),28.0,26.0,39880.880000000005,1533.88,3.0,0.42857142857142855,0.06931664425577079,1.0,3.0,ความถี่ 90 วันล่าสุดลดลงชัดเจน · มีเรื่องร้องเรียนค้าง 1 เรื่อง,โทรหาโดยพนักงานภายใน 48 ชม. + ข้อเสนอเฉพาะบุคคล
C11284,0.94414794,วิกฤต,0,ลูกค้าคุณค่าสูงที่กำลังห่างหาย (At-Risk High-Value),76.0,19.0,24690.31,1299.49,1.0,0.5,0.0295479102132806,0.0,,ไม่ซื้อมา 76 วัน · ความถี่ 90 วันล่าสุดลดลงชัดเจน,โทรหาโดยพนักงานภายใน 48 ชม. + ข้อเสนอเฉพาะบุคคล
C12105,0.94410574,วิกฤต,0,ลูกค้าคุณค่าสูงที่กำลังห่างหาย (At-Risk High-Value),76.0,16.0,16010.67,1000.666875,1.0,0.5,0.04717165844110477,0.0,4.0,ไม่ซื้อมา 76 วัน · ความถี่ 90 วันล่าสุดลดลงชัดเจน,โทรหาโดยพนักงานภายใน 48 ชม. + ข้อเสนอเฉพาะบุคคล
C10888,0.9438761,วิกฤต,0,ลูกค้าคุณค่าสูงที่กำลังห่างหาย (At-Risk High-Value),71.0,17.0,26523.39,1560.199411764706,2.0,0.5,0.024710428969605153,1.0,2.5,ไม่ซื้อมา 71 วัน · ความถี่ 90 วันล่าสุดลดลงชัดเจน · มีเรื่องร้องเรียนค้าง 1 เรื่อง,โทรหาโดยพนักงานภายใน 48 ชม. + ข้อเสนอเฉพาะบุคคล
C11330,0.9438388,วิกฤต,2,ลูกค้าห่างหายมูลค่าต่ำ (Dormant / Low-Value),225.0,3.0,1020.93,340.31,0.0,0.0,0.05364293659621802,0.0,,ไม่ซื้อมา 225 วัน · ความถี่ 90 วันล่าสุดลดลงชัดเจน · ไม่มีการซื้อเลยใน 90 วันล่าสุด,โทรหาโดยพนักงานภายใน 48 ชม. + ข้อเสนอเฉพาะบุคคล
C11488,0.94349664,วิกฤต,0,ลูกค้าคุณค่าสูงที่กำลังห่างหาย (At-Risk High-Value),150.0,12.0,9085.11,757.0925000000001,0.0,0.0,0.05368957644137425,0.0,,ไม่ซื้อมา 150 วัน · ความถี่ 90 วันล่าสุดลดลงชัดเจน · ไม่มีการซื้อเลยใน 90 วันล่าสุด,โทรหาโดยพนักงานภายใน 48 ชม. + ข้อเสนอเฉพาะบุคคล
C12634,0.94347554,วิกฤต,0,ลูกค้าคุณค่าสูงที่กำลังห่างหาย (At-Risk High-Value),64.0,23.0,23641.34,1027.884347826087,2.0,0.4,0.024207688345308537,1.0,3.0,ไม่ซื้อมา 64 วัน · ความถี่ 90 วันล่าสุดลดลงชัดเจน · มีเรื่องร้องเรียนค้าง 1 เรื่อง,โทรหาโดยพนักงานภายใน 48 ชม. + ข้อเสนอเฉพาะบุคคล
C11816,0.9434265,วิกฤต,0,ลูกค้าคุณค่าสูงที่กำลังห่างหาย (At-Risk High-Value),35.0,10.0,7791.829999999999,779.1829999999999,2.0,0.6666666666666666,0.059150898970018226,0.0,1.5,คะแนนความพึงพอใจต่ำ (1.5/5),โทรหาโดยพนักงานภายใน 48 ชม. + ข้อเสนอเฉพาะบุคคล
C10328,0.9433652,วิกฤต,0,ลูกค้าคุณค่าสูงที่กำลังห่างหาย (At-Risk High-Value),51.0,15.0,19683.33,1312.2220000000002,3.0,1.5,0.0985447257758852,0.0,,ความเสี่ยงมาจากรูปแบบรวมหลายปัจจัย,โทรหาโดยพนักงานภายใน 48 ชม. + ข้อเสนอเฉพาะบุคคล
C10037,0.94292736,วิกฤต,0,ลูกค้าคุณค่าสูงที่กำลังห่างหาย (At-Risk High-Value),25.0,22.0,33497.38,1522.6081818181817,5.0,1.25,0.044241389296663575,1.0,3.0,มีเรื่องร้องเรียนค้าง 1 เรื่อง,โทรหาโดยพนักงานภายใน 48 ชม. + ข้อเสนอเฉพาะบุคคล
C10879,0.9426834,วิกฤต,0,ลูกค้าคุณค่าสูงที่กำลังห่างหาย (At-Risk High-Value),89.0,11.0,15843.25,1440.2954545454545,1.0,0.16666666666666666,0.0541168224605948,0.0,,ไม่ซื้อมา 89 วัน · ความถี่ 90 วันล่าสุดลดลงชัดเจน,โทรหาโดยพนักงานภายใน 48 ชม. + ข้อเสนอเฉพาะบุคคล
C11345,0.9424235,วิกฤต,3,ลูกค้าใหม่กำลังก่อตัว (New / Developing),5.0,3.0,5563.679999999999,1854.5599999999997,3.0,3.0,0.03842378154165226,0.0,2.0,คะแนนความพึงพอใจต่ำ (2.0/5),โทรหาโดยพนักงานภายใน 48 ชม. + ข้อเสนอเฉพาะบุคคล
C11553,0.9408732,วิกฤต,0,ลูกค้าคุณค่าสูงที่กำลังห่างหาย (At-Risk High-Value),73.0,13.0,15226.93,1171.3023076923077,2.0,0.6666666666666666,0.008514301304427945,0.0,,ไม่ซื้อมา 73 วัน,โทรหาโดยพนักงานภายใน 48 ชม. + ข้อเสนอเฉพาะบุคคล
C11579,0.94035923,วิกฤต,3,ลูกค้าใหม่กำลังก่อตัว (New / Developing),46.0,3.0,6519.289999999999,2173.0966666666664,3.0,3.0,0.010255296925384554,0.0,3.0,ความเสี่ยงมาจากรูปแบบรวมหลายปัจจัย,โทรหาโดยพนักงานภายใน 48 ชม. + ข้อเสนอเฉพาะบุคคล
C10698,0.94034266,วิกฤต,0,ลูกค้าคุณค่าสูงที่กำลังห่างหาย (At-Risk High-Value),30.0,23.0,20051.53,871.805652173913,2.0,0.2857142857142857,0.03871086821036483,1.0,4.0,ความถี่ 90 วันล่าสุดลดลงชัดเจน · มีเรื่องร้องเรียนค้าง 1 เรื่อง,โทรหาโดยพนักงานภายใน 48 ชม. + ข้อเสนอเฉพาะบุคคล
C10296,0.9400809,วิกฤต,0,ลูกค้าคุณค่าสูงที่กำลังห่างหาย (At-Risk High-Value),100.0,13.0,14531.0,1117.7692307692307,0.0,0.0,0.02113344003793942,0.0,,ไม่ซื้อมา 100 วัน · ความถี่ 90 วันล่าสุดลดลงชัดเจน · ไม่มีการซื้อเลยใน 90 วันล่าสุด,โทรหาโดยพนักงานภายใน 48 ชม. + ข้อเสนอเฉพาะบุคคล
C12000,0.93952847,วิกฤต,0,ลูกค้าคุณค่าสูงที่กำลังห่างหาย (At-Risk High-Value),49.0,29.0,40356.74,1391.6117241379309,1.0,0.14285714285714285,0.02149822759520311,2.0,2.5,ความถี่ 90 วันล่าสุดลดลงชัดเจน · มีเรื่องร้องเรียนค้าง 2 เรื่อง,โทรหาโดยพนักงานภายใน 48 ชม. + ข้อเสนอเฉพาะบุคคล
C10335,0.93951774,วิกฤต,2,ลูกค้าห่างหายมูลค่าต่ำ (Dormant / Low-Value),178.0,8.0,6265.58,783.1975,0.0,0.0,0.07510104305364065,0.0,,ไม่ซื้อมา 178 วัน · ความถี่ 90 วันล่าสุดลดลงชัดเจน · ไม่มีการซื้อเลยใน 90 วันล่าสุด,โทรหาโดยพนักงานภายใน 48 ชม. + ข้อเสนอเฉพาะบุคคล
C11594,0.9392639,วิกฤต,2,ลูกค้าห่างหายมูลค่าต่ำ (Dormant / Low-Value),92.0,9.0,10215.98,1135.108888888889,0.0,0.0,0.07299119721025701,0.0,1.0,ไม่ซื้อมา 92 วัน · ความถี่ 90 วันล่าสุดลดลงชัดเจน · ไม่มีการซื้อเลยใน 90 วันล่าสุด · คะแนนความพึงพอใจต่ำ (1.0/5),โทรหาโดยพนักงานภายใน 48 ชม. + ข้อเสนอเฉพาะบุคคล
C11288,0.9392445,วิกฤต,2,ลูกค้าห่างหายมูลค่าต่ำ (Dormant / Low-Value),137.0,3.0,1359.15,453.05,0.0,0.0,0.1761528949665406,0.0,3.5,ไม่ซื้อมา 137 วัน · ความถี่ 90 วันล่าสุดลดลงชัดเจน · ไม่มีการซื้อเลยใน 90 วันล่าสุด · ซื้อเมื่อมีส่วนลดเป็นหลัก (18%),โทรหาโดยพนักงานภายใน 48 ชม. + ข้อเสนอเฉพาะบุคคล
C11925,0.9389156,วิกฤต,2,ลูกค้าห่างหายมูลค่าต่ำ (Dormant / Low-Value),135.0,3.0,553.29,184.42999999999998,0.0,0.0,0.0,0.0,2.0,ไม่ซื้อมา 135 วัน · ความถี่ 90 วันล่าสุดลดลงชัดเจน · ไม่มีการซื้อเลยใน 90 วันล่าสุด · คะแนนความพึงพอใจต่ำ (2.0/5),โทรหาโดยพนักงานภายใน 48 ชม. + ข้อเสนอเฉพาะบุคคล
C10330,0.938549,วิกฤต,2,ลูกค้าห่างหายมูลค่าต่ำ (Dormant / Low-Value),206.0,3.0,400.03999999999996,133.34666666666666,0.0,0.0,0.0,0.0,,ไม่ซื้อมา 206 วัน · ความถี่ 90 วันล่าสุดลดลงชัดเจน · ไม่มีการซื้อเลยใน 90 วันล่าสุด,โทรหาโดยพนักงานภายใน 48 ชม. + ข้อเสนอเฉพาะบุคคล
C11611,0.9384717,วิกฤต,2,ลูกค้าห่างหายมูลค่าต่ำ (Dormant / Low-Value),135.0,7.0,5522.88,788.9828571428571,0.0,0.0,0.048938621370157406,1.0,2.0,ไม่ซื้อมา 135 วัน · ความถี่ 90 วันล่าสุดลดลงชัดเจน · ไม่มีการซื้อเลยใน 90 วันล่าสุด · คะแนนความพึงพอใจต่ำ (2.0/5) · มีเรื่องร้องเรียนค้าง 1 เรื่อง,โทรหาโดยพนักงานภายใน 48 ชม. + ข้อเสนอเฉพาะบุคคล
C11457,0.93838227,วิกฤต,2,ลูกค้าห่างหายมูลค่าต่ำ (Dormant / Low-Value),174.0,3.0,1933.08,644.36,0.0,0.0,0.02777735866137574,1.0,2.3333333333333335,ไม่ซื้อมา 174 วัน · ความถี่ 90 วันล่าสุดลดลงชัดเจน · ไม่มีการซื้อเลยใน 90 วันล่าสุด · มีเรื่องร้องเรียนค้าง 1 เรื่อง,โทรหาโดยพนักงานภายใน 48 ชม. + ข้อเสนอเฉพาะบุคคล
C10029,0.9381778,วิกฤต,0,ลูกค้าคุณค่าสูงที่กำลังห่างหาย (At-Risk High-Value),150.0,5.0,7628.9,1525.78,0.0,0.0,0.08639101156965807,0.0,4.0,ไม่ซื้อมา 150 วัน · ความถี่ 90 วันล่าสุดลดลงชัดเจน · ไม่มีการซื้อเลยใน 90 วันล่าสุด,โทรหาโดยพนักงานภายใน 48 ชม. + ข้อเสนอเฉพาะบุคคล
C10040,0.9379074,วิกฤต,2,ลูกค้าห่างหายมูลค่าต่ำ (Dormant / Low-Value),50.0,3.0,1691.1399999999999,563.7133333333333,1.0,0.5,0.04920023613414668,0.0,1.6666666666666667,ความถี่ 90 วันล่าสุดลดลงชัดเจน · คะแนนความพึงพอใจต่ำ (1.7/5),โทรหาโดยพนักงานภายใน 48 ชม. + ข้อเสนอเฉพาะบุคคล
C10897,0.93724114,วิกฤต,0,ลูกค้าคุณค่าสูงที่กำลังห่างหาย (At-Risk High-Value),46.0,20.0,18918.82,945.941,1.0,0.2,0.05944555530476958,0.0,,ความถี่ 90 วันล่าสุดลดลงชัดเจน,โทรหาโดยพนักงานภายใน 48 ชม. + ข้อเสนอเฉพาะบุคคล
C10780,0.9371199,วิกฤต,0,ลูกค้าคุณค่าสูงที่กำลังห่างหาย (At-Risk High-Value),87.0,14.0,26729.55,1909.2535714285714,1.0,0.3333333333333333,0.015254056204777555,0.0,2.0,ไม่ซื้อมา 87 วัน · ความถี่ 90 วันล่าสุดลดลงชัดเจน · คะแนนความพึงพอใจต่ำ (2.0/5),โทรหาโดยพนักงานภายใน 48 ชม. + ข้อเสนอเฉพาะบุคคล
C12830,0.937095,วิกฤต,0,ลูกค้าคุณค่าสูงที่กำลังห่างหาย (At-Risk High-Value),27.0,29.0,19277.15,664.7293103448276,3.0,1.5,0.04288204607257992,0.0,2.0,คะแนนความพึงพอใจต่ำ (2.0/5),โทรหาโดยพนักงานภายใน 48 ชม. + ข้อเสนอเฉพาะบุคคล
C11418,0.93661124,วิกฤต,2,ลูกค้าห่างหายมูลค่าต่ำ (Dormant / Low-Value),286.0,3.0,1644.51,548.17,0.0,0.0,0.0,0.0,2.5,ไม่ซื้อมา 286 วัน · ความถี่ 90 วันล่าสุดลดลงชัดเจน · ไม่มีการซื้อเลยใน 90 วันล่าสุด,โทรหาโดยพนักงานภายใน 48 ชม. + ข้อเสนอเฉพาะบุคคล
C12832,0.93631846,วิกฤต,2,ลูกค้าห่างหายมูลค่าต่ำ (Dormant / Low-Value),210.0,3.0,639.8,213.26666666666665,0.0,0.0,0.047746621420491756,0.0,,ไม่ซื้อมา 210 วัน · ความถี่ 90 วันล่าสุดลดลงชัดเจน · ไม่มีการซื้อเลยใน 90 วันล่าสุด,โทรหาโดยพนักงานภายใน 48 ชม. + ข้อเสนอเฉพาะบุคคล
C10297,0.93472683,วิกฤต,0,ลูกค้าคุณค่าสูงที่กำลังห่างหาย (At-Risk High-Value),24.0,17.0,22612.26,1330.1329411764705,1.0,0.3333333333333333,0.026497208293707566,0.0,4.0,ความถี่ 90 วันล่าสุดลดลงชัดเจน,โทรหาโดยพนักงานภายใน 48 ชม. + ข้อเสนอเฉพาะบุคคล
C11392,0.9345559,วิกฤต,0,ลูกค้าคุณค่าสูงที่กำลังห่างหาย (At-Risk High-Value),30.0,21.0,14653.24,697.7733333333333,2.0,0.25,0.04555692629160028,0.0,2.0,ความถี่ 90 วันล่าสุดลดลงชัดเจน · คะแนนความพึงพอใจต่ำ (2.0/5),โทรหาโดยพนักงานภายใน 48 ชม. + ข้อเสนอเฉพาะบุคคล
C11219,0.9344884,วิกฤต,3,ลูกค้าใหม่กำลังก่อตัว (New / Developing),3.0,3.0,3998.83,1332.9433333333334,3.0,3.0,0.08207081141136176,0.0,,ความเสี่ยงมาจากรูปแบบรวมหลายปัจจัย,โทรหาโดยพนักงานภายใน 48 ชม. + ข้อเสนอเฉพาะบุคคล
C12080,0.9344512,วิกฤต,0,ลูกค้าคุณค่าสูงที่กำลังห่างหาย (At-Risk High-Value),55.0,24.0,29595.05,1233.1270833333333,3.0,0.6,0.03363417588840526,0.0,1.0,คะแนนความพึงพอใจต่ำ (1.0/5),โทรหาโดยพนักงานภายใน 48 ชม. + ข้อเสนอเฉพาะบุคคล
C10210,0.9343851,วิกฤต,3,ลูกค้าใหม่กำลังก่อตัว (New / Developing),2.0,3.0,6320.55,2106.85,3.0,3.0,0.016273651346046993,0.0,,ความเสี่ยงมาจากรูปแบบรวมหลายปัจจัย,โทรหาโดยพนักงานภายใน 48 ชม. + ข้อเสนอเฉพาะบุคคล
C12934,0.93424517,วิกฤต,0,ลูกค้าคุณค่าสูงที่กำลังห่างหาย (At-Risk High-Value),99.0,12.0,11920.18,993.3483333333334,0.0,0.0,0.05747273670360811,0.0,2.0,ไม่ซื้อมา 99 วัน · ความถี่ 90 วันล่าสุดลดลงชัดเจน · ไม่มีการซื้อเลยใน 90 วันล่าสุด · คะแนนความพึงพอใจต่ำ (2.0/5),โทรหาโดยพนักงานภายใน 48 ชม. + ข้อเสนอเฉพาะบุคคล
C10148,0.9337508,วิกฤต,0,ลูกค้าคุณค่าสูงที่กำลังห่างหาย (At-Risk High-Value),88.0,16.0,13189.87,824.366875,1.0,0.3333333333333333,0.023848236877882137,0.0,,ไม่ซื้อมา 88 วัน · ความถี่ 90 วันล่าสุดลดลงชัดเจน,โทรหาโดยพนักงานภายใน 48 ชม. + ข้อเสนอเฉพาะบุคคล
C12755,0.9337086,วิกฤต,0,ลูกค้าคุณค่าสูงที่กำลังห่างหาย (At-Risk High-Value),63.0,7.0,9484.89,1354.9842857142855,2.0,1.0,0.05546764603077708,0.0,2.6666666666666665,ไม่ซื้อมา 63 วัน,โทรหาโดยพนักงานภายใน 48 ชม. + ข้อเสนอเฉพาะบุคคล
C12505,0.932873,วิกฤต,0,ลูกค้าคุณค่าสูงที่กำลังห่างหาย (At-Risk High-Value),116.0,10.0,10174.52,1017.452,0.0,0.0,0.04856342664241597,0.0,,ไม่ซื้อมา 116 วัน · ความถี่ 90 วันล่าสุดลดลงชัดเจน · ไม่มีการซื้อเลยใน 90 วันล่าสุด,โทรหาโดยพนักงานภายใน 48 ชม. + ข้อเสนอเฉพาะบุคคล
C11289,0.9326764,วิกฤต,0,ลูกค้าคุณค่าสูงที่กำลังห่างหาย (At-Risk High-Value),58.0,18.0,26136.79,1452.043888888889,2.0,0.4,0.04838157667658695,0.0,3.6666666666666665,ความถี่ 90 วันล่าสุดลดลงชัดเจน,โทรหาโดยพนักงานภายใน 48 ชม. + ข้อเสนอเฉพาะบุคคล
C12283,0.9322277,วิกฤต,0,ลูกค้าคุณค่าสูงที่กำลังห่างหาย (At-Risk High-Value),94.0,13.0,18969.48,1459.190769230769,0.0,0.0,0.010896083885819759,0.0,,ไม่ซื้อมา 94 วัน · ความถี่ 90 วันล่าสุดลดลงชัดเจน · ไม่มีการซื้อเลยใน 90 วันล่าสุด,โทรหาโดยพนักงานภายใน 48 ชม. + ข้อเสนอเฉพาะบุคคล
C12609,0.932207,วิกฤต,0,ลูกค้าคุณค่าสูงที่กำลังห่างหาย (At-Risk High-Value),14.0,26.0,17345.54,667.1361538461539,5.0,2.5,0.026845219627659966,1.0,1.0,คะแนนความพึงพอใจต่ำ (1.0/5) · มีเรื่องร้องเรียนค้าง 1 เรื่อง,โทรหาโดยพนักงานภายใน 48 ชม. + ข้อเสนอเฉพาะบุคคล
C11300,0.93203753,วิกฤต,0,ลูกค้าคุณค่าสูงที่กำลังห่างหาย (At-Risk High-Value),56.0,16.0,17341.260000000002,1083.8287500000001,2.0,1.0,0.0399148276982717,0.0,,ความเสี่ยงมาจากรูปแบบรวมหลายปัจจัย,โทรหาโดยพนักงานภายใน 48 ชม. + ข้อเสนอเฉพาะบุคคล
C10989,0.9314427,วิกฤต,0,ลูกค้าคุณค่าสูงที่กำลังห่างหาย (At-Risk High-Value),94.0,14.0,11582.39,827.3135714285714,0.0,0.0,0.008481809224352757,1.0,4.0,ไม่ซื้อมา 94 วัน · ความถี่ 90 วันล่าสุดลดลงชัดเจน · ไม่มีการซื้อเลยใน 90 วันล่าสุด · มีเรื่องร้องเรียนค้าง 1 เรื่อง,โทรหาโดยพนักงานภายใน 48 ชม. + ข้อเสนอเฉพาะบุคคล
C12118,0.9308867,วิกฤต,3,ลูกค้าใหม่กำลังก่อตัว (New / Developing),4.0,3.0,4118.03,1372.6766666666665,3.0,3.0,0.055577852338219,1.0,3.0,มีเรื่องร้องเรียนค้าง 1 เรื่อง,โทรหาโดยพนักงานภายใน 48 ชม. + ข้อเสนอเฉพาะบุคคล
C12206,0.93088245,วิกฤต,3,ลูกค้าใหม่กำลังก่อตัว (New / Developing),26.0,3.0,2500.66,833.5533333333333,3.0,3.0,0.007446158242770162,0.0,,ความเสี่ยงมาจากรูปแบบรวมหลายปัจจัย,โทรหาโดยพนักงานภายใน 48 ชม. + ข้อเสนอเฉพาะบุคคล
C10830,0.93058294,วิกฤต,3,ลูกค้าใหม่กำลังก่อตัว (New / Developing),4.0,3.0,2895.71,965.2366666666667,3.0,3.0,0.044039338287483784,1.0,3.5,มีเรื่องร้องเรียนค้าง 1 เรื่อง,โทรหาโดยพนักงานภายใน 48 ชม. + ข้อเสนอเฉพาะบุคคล
C10778,0.9305629,วิกฤต,2,ลูกค้าห่างหายมูลค่าต่ำ (Dormant / Low-Value),66.0,3.0,3483.77,1161.2566666666667,2.0,1.0,0.09315788788671533,0.0,2.0,ไม่ซื้อมา 66 วัน · คะแนนความพึงพอใจต่ำ (2.0/5),โทรหาโดยพนักงานภายใน 48 ชม. + ข้อเสนอเฉพาะบุคคล
C10259,0.9297489,วิกฤต,3,ลูกค้าใหม่กำลังก่อตัว (New / Developing),87.0,3.0,2362.99,787.6633333333333,1.0,0.3333333333333333,0.029357639887285063,1.0,5.0,ไม่ซื้อมา 87 วัน · ความถี่ 90 วันล่าสุดลดลงชัดเจน · มีเรื่องร้องเรียนค้าง 1 เรื่อง,โทรหาโดยพนักงานภายใน 48 ชม. + ข้อเสนอเฉพาะบุคคล
C10534,0.92936116,วิกฤต,3,ลูกค้าใหม่กำลังก่อตัว (New / Developing),5.0,3.0,5807.63,1935.8766666666668,3.0,3.0,0.04556062095101613,0.0,3.0,ความเสี่ยงมาจากรูปแบบรวมหลายปัจจัย,โทรหาโดยพนักงานภายใน 48 ชม. + ข้อเสนอเฉพาะบุคคล
C12027,0.9292922,วิกฤต,0,ลูกค้าคุณค่าสูงที่กำลังห่างหาย (At-Risk High-Value),74.0,25.0,47526.97,1901.0788,1.0,0.2,0.06086025389413148,0.0,,ไม่ซื้อมา 74 วัน · ความถี่ 90 วันล่าสุดลดลงชัดเจน,โทรหาโดยพนักงานภายใน 48 ชม. + ข้อเสนอเฉพาะบุคคล
C10589,0.9288054,วิกฤต,0,ลูกค้าคุณค่าสูงที่กำลังห่างหาย (At-Risk High-Value),91.0,9.0,10560.66,1173.4066666666668,0.0,0.0,0.01651060025423847,0.0,,ไม่ซื้อมา 91 วัน · ความถี่ 90 วันล่าสุดลดลงชัดเจน · ไม่มีการซื้อเลยใน 90 วันล่าสุด,โทรหาโดยพนักงานภายใน 48 ชม. + ข้อเสนอเฉพาะบุคคล
C10853,0.92876834,วิกฤต,0,ลูกค้าคุณค่าสูงที่กำลังห่างหาย (At-Risk High-Value),94.0,7.0,7001.13,1000.1614285714286,0.0,0.0,0.04963885318068472,0.0,,ไม่ซื้อมา 94 วัน · ความถี่ 90 วันล่าสุดลดลงชัดเจน · ไม่มีการซื้อเลยใน 90 วันล่าสุด,โทรหาโดยพนักงานภายใน 48 ชม. + ข้อเสนอเฉพาะบุคคล
C12418,0.92875326,วิกฤต,2,ลูกค้าห่างหายมูลค่าต่ำ (Dormant / Low-Value),130.0,3.0,2318.11,772.7033333333334,0.0,0.0,0.049382209773921174,0.0,1.0,ไม่ซื้อมา 130 วัน · ความถี่ 90 วันล่าสุดลดลงชัดเจน · ไม่มีการซื้อเลยใน 90 วันล่าสุด · คะแนนความพึงพอใจต่ำ (1.0/5),โทรหาโดยพนักงานภายใน 48 ชม. + ข้อเสนอเฉพาะบุคคล
C12595,0.9287516,วิกฤต,0,ลูกค้าคุณค่าสูงที่กำลังห่างหาย (At-Risk High-Value),71.0,17.0,27473.079999999998,1616.0635294117646,2.0,0.3333333333333333,0.033245313507289785,0.0,3.0,ไม่ซื้อมา 71 วัน · ความถี่ 90 วันล่าสุดลดลงชัดเจน,โทรหาโดยพนักงานภายใน 48 ชม. + ข้อเสนอเฉพาะบุคคล
C12769,0.9286753,วิกฤต,0,ลูกค้าคุณค่าสูงที่กำลังห่างหาย (At-Risk High-Value),57.0,17.0,13117.24,771.6023529411765,1.0,0.25,0.02276425186995262,0.0,3.0,ความถี่ 90 วันล่าสุดลดลงชัดเจน,โทรหาโดยพนักงานภายใน 48 ชม. + ข้อเสนอเฉพาะบุคคล
C10585,0.92861766,วิกฤต,2,ลูกค้าห่างหายมูลค่าต่ำ (Dormant / Low-Value),177.0,3.0,675.6,225.20000000000002,0.0,0.0,0.05103029792254856,0.0,3.0,ไม่ซื้อมา 177 วัน · ความถี่ 90 วันล่าสุดลดลงชัดเจน · ไม่มีการซื้อเลยใน 90 วันล่าสุด,โทรหาโดยพนักงานภายใน 48 ชม. + ข้อเสนอเฉพาะบุคคล
C10981,0.92853755,วิกฤต,3,ลูกค้าใหม่กำลังก่อตัว (New / Developing),75.0,3.0,2273.5,757.8333333333334,1.0,0.3333333333333333,0.006324383623911154,0.0,5.0,ไม่ซื้อมา 75 วัน · ความถี่ 90 วันล่าสุดลดลงชัดเจน,โทรหาโดยพนักงานภายใน 48 ชม. + ข้อเสนอเฉพาะบุคคล
C11599,0.92829114,วิกฤต,0,ลูกค้าคุณค่าสูงที่กำลังห่างหาย (At-Risk High-Value),36.0,19.0,29736.01,1565.0531578947368,2.0,0.6666666666666666,0.0,1.0,3.0,มีเรื่องร้องเรียนค้าง 1 เรื่อง,โทรหาโดยพนักงานภายใน 48 ชม. + ข้อเสนอเฉพาะบุคคล
C12993,0.927889,วิกฤต,0,ลูกค้าคุณค่าสูงที่กำลังห่างหาย (At-Risk High-Value),63.0,20.0,23669.0,1183.45,2.0,0.5,0.031607664656155054,2.0,4.5,ไม่ซื้อมา 63 วัน · ความถี่ 90 วันล่าสุดลดลงชัดเจน · มีเรื่องร้องเรียนค้าง 2 เรื่อง,โทรหาโดยพนักงานภายใน 48 ชม. + ข้อเสนอเฉพาะบุคคล
C12902,0.92786556,วิกฤต,3,ลูกค้าใหม่กำลังก่อตัว (New / Developing),21.0,4.0,8934.96,2233.74,4.0,4.0,0.012639595815827452,0.0,2.5,ความเสี่ยงมาจากรูปแบบรวมหลายปัจจัย,โทรหาโดยพนักงานภายใน 48 ชม. + ข้อเสนอเฉพาะบุคคล
C12759,0.9275906,วิกฤต,0,ลูกค้าคุณค่าสูงที่กำลังห่างหาย (At-Risk High-Value),83.0,21.0,26310.55,1252.8833333333332,1.0,0.16666666666666666,0.017699703150650205,0.0,,ไม่ซื้อมา 83 วัน · ความถี่ 90 วันล่าสุดลดลงชัดเจน,โทรหาโดยพนักงานภายใน 48 ชม. + ข้อเสนอเฉพาะบุคคล
C10462,0.92746085,วิกฤต,3,ลูกค้าใหม่กำลังก่อตัว (New / Developing),17.0,3.0,6478.77,2159.59,2.0,1.0,0.009277552817978298,2.0,2.0,คะแนนความพึงพอใจต่ำ (2.0/5) · มีเรื่องร้องเรียนค้าง 2 เรื่อง,โทรหาโดยพนักงานภายใน 48 ชม. + ข้อเสนอเฉพาะบุคคล
C11143,0.9271728,วิกฤต,0,ลูกค้าคุณค่าสูงที่กำลังห่างหาย (At-Risk High-Value),26.0,10.0,15248.17,1524.817,3.0,1.0,0.01388104749395485,0.0,2.0,คะแนนความพึงพอใจต่ำ (2.0/5),โทรหาโดยพนักงานภายใน 48 ชม. + ข้อเสนอเฉพาะบุคคล
C11995,0.9271017,วิกฤต,0,ลูกค้าคุณค่าสูงที่กำลังห่างหาย (At-Risk High-Value),7.0,23.0,28327.27,1231.6204347826088,3.0,0.42857142857142855,0.08239155757746167,1.0,2.6666666666666665,ความถี่ 90 วันล่าสุดลดลงชัดเจน · มีเรื่องร้องเรียนค้าง 1 เรื่อง,โทรหาโดยพนักงานภายใน 48 ชม. + ข้อเสนอเฉพาะบุคคล
C11757,0.92691404,วิกฤต,0,ลูกค้าคุณค่าสูงที่กำลังห่างหาย (At-Risk High-Value),46.0,23.0,15309.58,665.6339130434783,2.0,0.6666666666666666,0.042211419955831664,0.0,,ความเสี่ยงมาจากรูปแบบรวมหลายปัจจัย,โทรหาโดยพนักงานภายใน 48 ชม. + ข้อเสนอเฉพาะบุคคล
C11334,0.9257407,วิกฤต,0,ลูกค้าคุณค่าสูงที่กำลังห่างหาย (At-Risk High-Value),36.0,15.0,19016.41,1267.7606666666666,2.0,0.5,0.04975867208936154,0.0,,ความถี่ 90 วันล่าสุดลดลงชัดเจน,โทรหาโดยพนักงานภายใน 48 ชม. + ข้อเสนอเฉพาะบุคคล
C12040,0.92563564,วิกฤต,0,ลูกค้าคุณค่าสูงที่กำลังห่างหาย (At-Risk High-Value),31.0,16.0,18778.25,1173.640625,2.0,0.2857142857142857,0.042927040595295736,1.0,5.0,ความถี่ 90 วันล่าสุดลดลงชัดเจน · มีเรื่องร้องเรียนค้าง 1 เรื่อง,โทรหาโดยพนักงานภายใน 48 ชม. + ข้อเสนอเฉพาะบุคคล
C11772,0.9250784,วิกฤต,1,ลูกค้าชั้นยอด (Champions),95.0,24.0,34746.81,1447.7837499999998,0.0,0.0,0.04215431690373801,0.0,,ไม่ซื้อมา 95 วัน · ความถี่ 90 วันล่าสุดลดลงชัดเจน · ไม่มีการซื้อเลยใน 90 วันล่าสุด,โทรหาโดยพนักงานภายใน 48 ชม. + ข้อเสนอเฉพาะบุคคล
C11048,0.9249634,วิกฤต,0,ลูกค้าคุณค่าสูงที่กำลังห่างหาย (At-Risk High-Value),94.0,10.0,11209.39,1120.9389999999999,0.0,0.0,0.04039711401490247,1.0,5.0,ไม่ซื้อมา 94 วัน · ความถี่ 90 วันล่าสุดลดลงชัดเจน · ไม่มีการซื้อเลยใน 90 วันล่าสุด · มีเรื่องร้องเรียนค้าง 1 เรื่อง,โทรหาโดยพนักงานภายใน 48 ชม. + ข้อเสนอเฉพาะบุคคล
C11363,0.92485523,วิกฤต,0,ลูกค้าคุณค่าสูงที่กำลังห่างหาย (At-Risk High-Value),35.0,20.0,43604.97,2180.2485,1.0,0.3333333333333333,0.023591898975672067,0.0,3.0,ความถี่ 90 วันล่าสุดลดลงชัดเจน,โทรหาโดยพนักงานภายใน 48 ชม. + ข้อเสนอเฉพาะบุคคล
C10385,0.92476326,วิกฤต,2,ลูกค้าห่างหายมูลค่าต่ำ (Dormant / Low-Value),21.0,3.0,1918.3400000000001,639.4466666666667,3.0,3.0,0.06353460353723964,0.0,3.0,ความเสี่ยงมาจากรูปแบบรวมหลายปัจจัย,โทรหาโดยพนักงานภายใน 48 ชม. + ข้อเสนอเฉพาะบุคคล
C11679,0.9240965,วิกฤต,0,ลูกค้าคุณค่าสูงที่กำลังห่างหาย (At-Risk High-Value),62.0,22.0,33932.130000000005,1542.3695454545457,2.0,0.6666666666666666,0.06576203895029412,0.0,,ไม่ซื้อมา 62 วัน,โทรหาโดยพนักงานภายใน 48 ชม. + ข้อเสนอเฉพาะบุคคล
C11359,0.92353255,วิกฤต,0,ลูกค้าคุณค่าสูงที่กำลังห่างหาย (At-Risk High-Value),130.0,17.0,20283.1,1193.1235294117646,0.0,0.0,0.03483714890310399,0.0,4.0,ไม่ซื้อมา 130 วัน · ความถี่ 90 วันล่าสุดลดลงชัดเจน · ไม่มีการซื้อเลยใน 90 วันล่าสุด,โทรหาโดยพนักงานภายใน 48 ชม. + ข้อเสนอเฉพาะบุคคล
C10421,0.9234063,วิกฤต,0,ลูกค้าคุณค่าสูงที่กำลังห่างหาย (At-Risk High-Value),11.0,23.0,16570.16,720.4417391304348,4.0,0.5,0.057231256606998376,0.0,2.5,ความถี่ 90 วันล่าสุดลดลงชัดเจน,โทรหาโดยพนักงานภายใน 48 ชม. + ข้อเสนอเฉพาะบุคคล
C10201,0.92333686,วิกฤต,0,ลูกค้าคุณค่าสูงที่กำลังห่างหาย (At-Risk High-Value),68.0,15.0,15984.05,1065.6033333333332,2.0,0.4,0.07348347444928839,0.0,3.0,ไม่ซื้อมา 68 วัน · ความถี่ 90 วันล่าสุดลดลงชัดเจน,โทรหาโดยพนักงานภายใน 48 ชม. + ข้อเสนอเฉพาะบุคคล
C12184,0.9233131,วิกฤต,0,ลูกค้าคุณค่าสูงที่กำลังห่างหาย (At-Risk High-Value),35.0,21.0,34993.24,1666.3447619047618,3.0,1.5,0.03956309793600663,0.0,4.0,ความเสี่ยงมาจากรูปแบบรวมหลายปัจจัย,โทรหาโดยพนักงานภายใน 48 ชม. + ข้อเสนอเฉพาะบุคคล
C12612,0.9227478,วิกฤต,2,ลูกค้าห่างหายมูลค่าต่ำ (Dormant / Low-Value),42.0,17.0,9171.52,539.5011764705882,2.0,0.3333333333333333,0.07950291358797872,1.0,3.0,ความถี่ 90 วันล่าสุดลดลงชัดเจน · มีเรื่องร้องเรียนค้าง 1 เรื่อง,โทรหาโดยพนักงานภายใน 48 ชม. + ข้อเสนอเฉพาะบุคคล
C11775,0.92252314,วิกฤต,0,ลูกค้าคุณค่าสูงที่กำลังห่างหาย (At-Risk High-Value),172.0,8.0,10213.87,1276.73375,0.0,0.0,0.05815205864724054,2.0,1.6666666666666667,ไม่ซื้อมา 172 วัน · ความถี่ 90 วันล่าสุดลดลงชัดเจน · ไม่มีการซื้อเลยใน 90 วันล่าสุด · คะแนนความพึงพอใจต่ำ (1.7/5) · มีเรื่องร้องเรียนค้าง 2 เรื่อง,โทรหาโดยพนักงานภายใน 48 ชม. + ข้อเสนอเฉพาะบุคคล
C10647,0.9219985,วิกฤต,2,ลูกค้าห่างหายมูลค่าต่ำ (Dormant / Low-Value),95.0,3.0,1659.65,553.2166666666667,0.0,0.0,0.056416583280269265,3.0,2.75,ไม่ซื้อมา 95 วัน · ความถี่ 90 วันล่าสุดลดลงชัดเจน · ไม่มีการซื้อเลยใน 90 วันล่าสุด · มีเรื่องร้องเรียนค้าง 3 เรื่อง,โทรหาโดยพนักงานภายใน 48 ชม. + ข้อเสนอเฉพาะบุคคล
C10416,0.921821,วิกฤต,0,ลูกค้าคุณค่าสูงที่กำลังห่างหาย (At-Risk High-Value),73.0,14.0,19035.86,1359.7042857142858,1.0,0.25,0.017758495605267693,0.0,,ไม่ซื้อมา 73 วัน · ความถี่ 90 วันล่าสุดลดลงชัดเจน,โทรหาโดยพนักงานภายใน 48 ชม. + ข้อเสนอเฉพาะบุคคล
C10571,0.9214479,วิกฤต,0,ลูกค้าคุณค่าสูงที่กำลังห่างหาย (At-Risk High-Value),105.0,9.0,6732.53,748.0588888888889,0.0,0.0,0.04556460644689351,1.0,3.5,ไม่ซื้อมา 105 วัน · ความถี่ 90 วันล่าสุดลดลงชัดเจน · ไม่มีการซื้อเลยใน 90 วันล่าสุด · มีเรื่องร้องเรียนค้าง 1 เรื่อง,โทรหาโดยพนักงานภายใน 48 ชม. + ข้อเสนอเฉพาะบุคคล
C11400,0.9210913,วิกฤต,0,ลูกค้าคุณค่าสูงที่กำลังห่างหาย (At-Risk High-Value),31.0,20.0,25239.35,1261.9675,2.0,0.3333333333333333,0.06659829927167644,0.0,3.0,ความถี่ 90 วันล่าสุดลดลงชัดเจน,โทรหาโดยพนักงานภายใน 48 ชม. + ข้อเสนอเฉพาะบุคคล
C12702,0.91968924,วิกฤต,0,ลูกค้าคุณค่าสูงที่กำลังห่างหาย (At-Risk High-Value),65.0,16.0,12408.48,775.53,1.0,0.25,0.03001915184678523,0.0,3.0,ไม่ซื้อมา 65 วัน · ความถี่ 90 วันล่าสุดลดลงชัดเจน,โทรหาโดยพนักงานภายใน 48 ชม. + ข้อเสนอเฉพาะบุคคล
C12937,0.9186571,วิกฤต,2,ลูกค้าห่างหายมูลค่าต่ำ (Dormant / Low-Value),359.0,4.0,1008.76,252.19,0.0,0.0,0.03946829681682711,0.0,,ไม่ซื้อมา 359 วัน · ความถี่ 90 วันล่าสุดลดลงชัดเจน · ไม่มีการซื้อเลยใน 90 วันล่าสุด,โทรหาโดยพนักงานภายใน 48 ชม. + ข้อเสนอเฉพาะบุคคล
C12095,0.9181494,วิกฤต,0,ลูกค้าคุณค่าสูงที่กำลังห่างหาย (At-Risk High-Value),25.0,15.0,15756.039999999999,1050.4026666666666,1.0,0.14285714285714285,0.0767270890490829,0.0,3.0,ความถี่ 90 วันล่าสุดลดลงชัดเจน,โทรหาโดยพนักงานภายใน 48 ชม. + ข้อเสนอเฉพาะบุคคล
C11070,0.9181385,วิกฤต,2,ลูกค้าห่างหายมูลค่าต่ำ (Dormant / Low-Value),173.0,3.0,677.96,225.98666666666668,0.0,0.0,0.0822255313388385,0.0,3.0,ไม่ซื้อมา 173 วัน · ความถี่ 90 วันล่าสุดลดลงชัดเจน · ไม่มีการซื้อเลยใน 90 วันล่าสุด,โทรหาโดยพนักงานภายใน 48 ชม. + ข้อเสนอเฉพาะบุคคล
C10754,0.9181017,วิกฤต,2,ลูกค้าห่างหายมูลค่าต่ำ (Dormant / Low-Value),72.0,3.0,1377.95,459.31666666666666,2.0,1.0,0.16264075498757283,2.0,2.5,ไม่ซื้อมา 72 วัน · มีเรื่องร้องเรียนค้าง 2 เรื่อง · ซื้อเมื่อมีส่วนลดเป็นหลัก (16%),โทรหาโดยพนักงานภายใน 48 ชม. + ข้อเสนอเฉพาะบุคคล
C11307,0.9180024,วิกฤต,0,ลูกค้าคุณค่าสูงที่กำลังห่างหาย (At-Risk High-Value),76.0,17.0,15314.390000000001,900.8464705882353,2.0,0.6666666666666666,0.027323053393612278,0.0,3.0,ไม่ซื้อมา 76 วัน,โทรหาโดยพนักงานภายใน 48 ชม. + ข้อเสนอเฉพาะบุคคล
C11394,0.9179202,วิกฤต,2,ลูกค้าห่างหายมูลค่าต่ำ (Dormant / Low-Value),138.0,3.0,779.0,259.6666666666667,0.0,0.0,0.04351456215313589,0.0,,ไม่ซื้อมา 138 วัน · ความถี่ 90 วันล่าสุดลดลงชัดเจน · ไม่มีการซื้อเลยใน 90 วันล่าสุด,โทรหาโดยพนักงานภายใน 48 ชม. + ข้อเสนอเฉพาะบุคคล
C11029,0.9176232,วิกฤต,2,ลูกค้าห่างหายมูลค่าต่ำ (Dormant / Low-Value),152.0,5.0,4339.92,867.984,0.0,0.0,0.04645434870972349,0.0,,ไม่ซื้อมา 152 วัน · ความถี่ 90 วันล่าสุดลดลงชัดเจน · ไม่มีการซื้อเลยใน 90 วันล่าสุด,โทรหาโดยพนักงานภายใน 48 ชม. + ข้อเสนอเฉพาะบุคคล
C10319,0.91693246,วิกฤต,2,ลูกค้าห่างหายมูลค่าต่ำ (Dormant / Low-Value),21.0,21.0,15512.17,738.6747619047619,3.0,0.6,0.08457713497972306,1.0,3.0,มีเรื่องร้องเรียนค้าง 1 เรื่อง,โทรหาโดยพนักงานภายใน 48 ชม. + ข้อเสนอเฉพาะบุคคล
C10991,0.91628903,วิกฤต,0,ลูกค้าคุณค่าสูงที่กำลังห่างหาย (At-Risk High-Value),43.0,24.0,32246.26,1343.5941666666665,3.0,0.3,0.06707590861433277,1.0,3.0,ความถี่ 90 วันล่าสุดลดลงชัดเจน · มีเรื่องร้องเรียนค้าง 1 เรื่อง,โทรหาโดยพนักงานภายใน 48 ชม. + ข้อเสนอเฉพาะบุคคล
C10426,0.9162005,วิกฤต,3,ลูกค้าใหม่กำลังก่อตัว (New / Developing),2.0,3.0,2038.52,679.5066666666667,3.0,3.0,0.037257781912808575,1.0,3.0,มีเรื่องร้องเรียนค้าง 1 เรื่อง,โทรหาโดยพนักงานภายใน 48 ชม. + ข้อเสนอเฉพาะบุคคล
C10633,0.9158619,วิกฤต,0,ลูกค้าคุณค่าสูงที่กำลังห่างหาย (At-Risk High-Value),70.0,13.0,15692.47,1207.113076923077,1.0,0.5,0.036466667239742664,0.0,2.0,ไม่ซื้อมา 70 วัน · ความถี่ 90 วันล่าสุดลดลงชัดเจน · คะแนนความพึงพอใจต่ำ (2.0/5),โทรหาโดยพนักงานภายใน 48 ชม. + ข้อเสนอเฉพาะบุคคล
C12880,0.9156216,วิกฤต,2,ลูกค้าห่างหายมูลค่าต่ำ (Dormant / Low-Value),316.0,5.0,3769.4700000000003,753.894,0.0,0.0,0.02751211910910681,0.0,,ไม่ซื้อมา 316 วัน · ความถี่ 90 วันล่าสุดลดลงชัดเจน · ไม่มีการซื้อเลยใน 90 วันล่าสุด,โทรหาโดยพนักงานภายใน 48 ชม. + ข้อเสนอเฉพาะบุคคล
C11293,0.9153199,วิกฤต,3,ลูกค้าใหม่กำลังก่อตัว (New / Developing),3.0,3.0,4791.13,1597.0433333333333,3.0,3.0,0.0,3.0,3.0,มีเรื่องร้องเรียนค้าง 3 เรื่อง,โทรหาโดยพนักงานภายใน 48 ชม. + ข้อเสนอเฉพาะบุคคล
C12793,0.91485155,วิกฤต,3,ลูกค้าใหม่กำลังก่อตัว (New / Developing),5.0,4.0,4172.64,1043.16,4.0,4.0,0.0031249104096786216,0.0,1.5,คะแนนความพึงพอใจต่ำ (1.5/5),โทรหาโดยพนักงานภายใน 48 ชม. + ข้อเสนอเฉพาะบุคคล
C10742,0.91387135,วิกฤต,0,ลูกค้าคุณค่าสูงที่กำลังห่างหาย (At-Risk High-Value),276.0,8.0,7997.95,999.74375,0.0,0.0,0.035314140009383974,0.0,,ไม่ซื้อมา 276 วัน · ความถี่ 90 วันล่าสุดลดลงชัดเจน · ไม่มีการซื้อเลยใน 90 วันล่าสุด,โทรหาโดยพนักงานภายใน 48 ชม. + ข้อเสนอเฉพาะบุคคล
C12067,0.91087997,วิกฤต,3,ลูกค้าใหม่กำลังก่อตัว (New / Developing),82.0,3.0,1837.0,612.3333333333334,2.0,1.0,0.0,0.0,3.0,ไม่ซื้อมา 82 วัน,โทรหาโดยพนักงานภายใน 48 ชม. + ข้อเสนอเฉพาะบุคคล
C12582,0.9107734,วิกฤต,0,ลูกค้าคุณค่าสูงที่กำลังห่างหาย (At-Risk High-Value),59.0,21.0,21327.33,1015.5871428571429,2.0,0.2857142857142857,0.04786027464165287,0.0,3.5,ความถี่ 90 วันล่าสุดลดลงชัดเจน,โทรหาโดยพนักงานภายใน 48 ชม. + ข้อเสนอเฉพาะบุคคล
C12871,0.91007626,วิกฤต,3,ลูกค้าใหม่กำลังก่อตัว (New / Developing),92.0,3.0,2356.14,785.38,0.0,0.0,0.0,0.0,,ไม่ซื้อมา 92 วัน · ความถี่ 90 วันล่าสุดลดลงชัดเจน · ไม่มีการซื้อเลยใน 90 วันล่าสุด,โทรหาโดยพนักงานภายใน 48 ชม. + ข้อเสนอเฉพาะบุคคล
C11026,0.9098384,วิกฤต,0,ลูกค้าคุณค่าสูงที่กำลังห่างหาย (At-Risk High-Value),28.0,10.0,9471.41,947.141,2.0,0.6666666666666666,0.0750079349965086,1.0,3.0,มีเรื่องร้องเรียนค้าง 1 เรื่อง,โทรหาโดยพนักงานภายใน 48 ชม. + ข้อเสนอเฉพาะบุคคล
C10740,0.90966886,วิกฤต,2,ลูกค้าห่างหายมูลค่าต่ำ (Dormant / Low-Value),87.0,4.0,1258.41,314.6025,1.0,0.25,0.02928176369400711,2.0,2.0,ไม่ซื้อมา 87 วัน · ความถี่ 90 วันล่าสุดลดลงชัดเจน · คะแนนความพึงพอใจต่ำ (2.0/5) · มีเรื่องร้องเรียนค้าง 2 เรื่อง,โทรหาโดยพนักงานภายใน 48 ชม. + ข้อเสนอเฉพาะบุคคล
C10804,0.9094524,วิกฤต,2,ลูกค้าห่างหายมูลค่าต่ำ (Dormant / Low-Value),231.0,2.0,43.44,21.72,0.0,0.0,0.3000322268772156,2.0,3.0,ไม่ซื้อมา 231 วัน · ความถี่ 90 วันล่าสุดลดลงชัดเจน · ไม่มีการซื้อเลยใน 90 วันล่าสุด · มีเรื่องร้องเรียนค้าง 2 เรื่อง · ซื้อเมื่อมีส่วนลดเป็นหลัก (30%),โทรหาโดยพนักงานภายใน 48 ชม. + ข้อเสนอเฉพาะบุคคล
C11466,0.9093729,วิกฤต,0,ลูกค้าคุณค่าสูงที่กำลังห่างหาย (At-Risk High-Value),74.0,17.0,16233.39,954.905294117647,1.0,0.25,0.011427412636471259,0.0,3.0,ไม่ซื้อมา 74 วัน · ความถี่ 90 วันล่าสุดลดลงชัดเจน,โทรหาโดยพนักงานภายใน 48 ชม. + ข้อเสนอเฉพาะบุคคล
C12458,0.9082572,วิกฤต,3,ลูกค้าใหม่กำลังก่อตัว (New / Developing),51.0,3.0,3650.4,1216.8,3.0,3.0,0.0,1.0,3.0,มีเรื่องร้องเรียนค้าง 1 เรื่อง,โทรหาโดยพนักงานภายใน 48 ชม. + ข้อเสนอเฉพาะบุคคล
C12055,0.9078973,วิกฤต,0,ลูกค้าคุณค่าสูงที่กำลังห่างหาย (At-Risk High-Value),53.0,22.0,20603.63,936.5286363636365,2.0,0.6666666666666666,0.04511854201387022,0.0,5.0,ความเสี่ยงมาจากรูปแบบรวมหลายปัจจัย,โทรหาโดยพนักงานภายใน 48 ชม. + ข้อเสนอเฉพาะบุคคล
C12130,0.9078248,วิกฤต,0,ลูกค้าคุณค่าสูงที่กำลังห่างหาย (At-Risk High-Value),117.0,7.0,6367.79,909.6842857142857,0.0,0.0,0.00396518768555045,0.0,,ไม่ซื้อมา 117 วัน · ความถี่ 90 วันล่าสุดลดลงชัดเจน · ไม่มีการซื้อเลยใน 90 วันล่าสุด,โทรหาโดยพนักงานภายใน 48 ชม. + ข้อเสนอเฉพาะบุคคล
C10142,0.90772265,วิกฤต,0,ลูกค้าคุณค่าสูงที่กำลังห่างหาย (At-Risk High-Value),66.0,22.0,22324.28,1014.7399999999999,2.0,0.3333333333333333,0.04174849089299044,0.0,3.0,ไม่ซื้อมา 66 วัน · ความถี่ 90 วันล่าสุดลดลงชัดเจน,โทรหาโดยพนักงานภายใน 48 ชม. + ข้อเสนอเฉพาะบุคคล
C11526,0.9076693,วิกฤต,3,ลูกค้าใหม่กำลังก่อตัว (New / Developing),22.0,3.0,4074.4100000000003,1358.1366666666668,3.0,3.0,0.020145833032721047,0.0,2.0,คะแนนความพึงพอใจต่ำ (2.0/5),โทรหาโดยพนักงานภายใน 48 ชม. + ข้อเสนอเฉพาะบุคคล
C12156,0.90759957,วิกฤต,3,ลูกค้าใหม่กำลังก่อตัว (New / Developing),35.0,3.0,2865.6400000000003,955.2133333333335,2.0,1.0,0.03417221935740454,0.0,,ความเสี่ยงมาจากรูปแบบรวมหลายปัจจัย,โทรหาโดยพนักงานภายใน 48 ชม. + ข้อเสนอเฉพาะบุคคล
C10479,0.9041423,วิกฤต,0,ลูกค้าคุณค่าสูงที่กำลังห่างหาย (At-Risk High-Value),52.0,10.0,11295.45,1129.545,2.0,0.6666666666666666,0.018361428485764417,0.0,2.0,คะแนนความพึงพอใจต่ำ (2.0/5),โทรหาโดยพนักงานภายใน 48 ชม. + ข้อเสนอเฉพาะบุคคล
C12157,0.9040178,วิกฤต,3,ลูกค้าใหม่กำลังก่อตัว (New / Developing),268.0,3.0,2329.37,776.4566666666666,0.0,0.0,0.02772769012438434,0.0,4.0,ไม่ซื้อมา 268 วัน · ความถี่ 90 วันล่าสุดลดลงชัดเจน · ไม่มีการซื้อเลยใน 90 วันล่าสุด,โทรหาโดยพนักงานภายใน 48 ชม. + ข้อเสนอเฉพาะบุคคล
C11001,0.9040175,วิกฤต,0,ลูกค้าคุณค่าสูงที่กำลังห่างหาย (At-Risk High-Value),79.0,15.0,32352.4,2156.826666666667,3.0,1.0,0.020971445050916297,0.0,2.5,ไม่ซื้อมา 79 วัน,โทรหาโดยพนักงานภายใน 48 ชม. + ข้อเสนอเฉพาะบุคคล
C11699,0.90318006,วิกฤต,0,ลูกค้าคุณค่าสูงที่กำลังห่างหาย (At-Risk High-Value),53.0,11.0,13976.61,1270.6009090909092,1.0,1.0,0.0,0.0,,ความเสี่ยงมาจากรูปแบบรวมหลายปัจจัย,โทรหาโดยพนักงานภายใน 48 ชม. + ข้อเสนอเฉพาะบุคคล
C12783,0.9029527,วิกฤต,2,ลูกค้าห่างหายมูลค่าต่ำ (Dormant / Low-Value),251.0,3.0,1117.83,372.60999999999996,0.0,0.0,0.03455572445242866,1.0,4.0,ไม่ซื้อมา 251 วัน · ความถี่ 90 วันล่าสุดลดลงชัดเจน · ไม่มีการซื้อเลยใน 90 วันล่าสุด · มีเรื่องร้องเรียนค้าง 1 เรื่อง,โทรหาโดยพนักงานภายใน 48 ชม. + ข้อเสนอเฉพาะบุคคล
C12005,0.90132785,วิกฤต,2,ลูกค้าห่างหายมูลค่าต่ำ (Dormant / Low-Value),188.0,3.0,2478.4700000000003,826.1566666666668,0.0,0.0,0.04181132133827157,0.0,3.0,ไม่ซื้อมา 188 วัน · ความถี่ 90 วันล่าสุดลดลงชัดเจน · ไม่มีการซื้อเลยใน 90 วันล่าสุด,โทรหาโดยพนักงานภายใน 48 ชม. + ข้อเสนอเฉพาะบุคคล
C10387,0.90099686,วิกฤต,2,ลูกค้าห่างหายมูลค่าต่ำ (Dormant / Low-Value),49.0,3.0,1008.99,336.33,2.0,1.0,0.06161415125925375,1.0,2.6666666666666665,มีเรื่องร้องเรียนค้าง 1 เรื่อง,โทรหาโดยพนักงานภายใน 48 ชม. + ข้อเสนอเฉพาะบุคคล
C12434,0.90093285,วิกฤต,1,ลูกค้าชั้นยอด (Champions),82.0,38.0,125113.06,3292.448947368421,1.0,0.08333333333333333,0.01630413801817218,0.0,,ไม่ซื้อมา 82 วัน · ความถี่ 90 วันล่าสุดลดลงชัดเจน,โทรหาโดยพนักงานภายใน 48 ชม. + ข้อเสนอเฉพาะบุคคล
C12898,0.90078217,วิกฤต,2,ลูกค้าห่างหายมูลค่าต่ำ (Dormant / Low-Value),214.0,7.0,3451.45,493.0642857142857,0.0,0.0,0.05122862381487764,0.0,,ไม่ซื้อมา 214 วัน · ความถี่ 90 วันล่าสุดลดลงชัดเจน · ไม่มีการซื้อเลยใน 90 วันล่าสุด,โทรหาโดยพนักงานภายใน 48 ชม. + ข้อเสนอเฉพาะบุคคล
C11513,0.9002594,วิกฤต,2,ลูกค้าห่างหายมูลค่าต่ำ (Dormant / Low-Value),130.0,3.0,2538.16,846.0533333333333,0.0,0.0,0.06392426304356645,0.0,,ไม่ซื้อมา 130 วัน · ความถี่ 90 วันล่าสุดลดลงชัดเจน · ไม่มีการซื้อเลยใน 90 วันล่าสุด,โทรหาโดยพนักงานภายใน 48 ชม. + ข้อเสนอเฉพาะบุคคล
C10121,0.90015334,วิกฤต,3,ลูกค้าใหม่กำลังก่อตัว (New / Developing),2.0,3.0,2544.06,848.02,3.0,3.0,0.022834557962135734,0.0,1.0,คะแนนความพึงพอใจต่ำ (1.0/5),โทรหาโดยพนักงานภายใน 48 ชม. + ข้อเสนอเฉพาะบุคคล
C10659,0.9000156,วิกฤต,2,ลูกค้าห่างหายมูลค่าต่ำ (Dormant / Low-Value),170.0,8.0,2807.52,350.94,0.0,0.0,0.027038266667590814,0.0,2.0,ไม่ซื้อมา 170 วัน · ความถี่ 90 วันล่าสุดลดลงชัดเจน · ไม่มีการซื้อเลยใน 90 วันล่าสุด · คะแนนความพึงพอใจต่ำ (2.0/5),โทรหาโดยพนักงานภายใน 48 ชม. + ข้อเสนอเฉพาะบุคคล
C12998,0.89980483,วิกฤต,3,ลูกค้าใหม่กำลังก่อตัว (New / Developing),0.0,3.0,1952.2099999999998,650.7366666666666,3.0,3.0,0.018131431502922155,0.0,,ความเสี่ยงมาจากรูปแบบรวมหลายปัจจัย,โทรหาโดยพนักงานภายใน 48 ชม. + ข้อเสนอเฉพาะบุคคล
C11146,0.8997607,วิกฤต,2,ลูกค้าห่างหายมูลค่าต่ำ (Dormant / Low-Value),169.0,3.0,1576.25,525.4166666666666,0.0,0.0,0.13505015474439738,0.0,5.0,ไม่ซื้อมา 169 วัน · ความถี่ 90 วันล่าสุดลดลงชัดเจน · ไม่มีการซื้อเลยใน 90 วันล่าสุด · ซื้อเมื่อมีส่วนลดเป็นหลัก (14%),โทรหาโดยพนักงานภายใน 48 ชม. + ข้อเสนอเฉพาะบุคคล
C12892,0.89974976,วิกฤต,0,ลูกค้าคุณค่าสูงที่กำลังห่างหาย (At-Risk High-Value),53.0,18.0,27203.58,1511.3100000000002,3.0,0.6,0.02604904343392827,0.0,3.0,ความเสี่ยงมาจากรูปแบบรวมหลายปัจจัย,โทรหาโดยพนักงานภายใน 48 ชม. + ข้อเสนอเฉพาะบุคคล
C11240,0.89837176,วิกฤต,2,ลูกค้าห่างหายมูลค่าต่ำ (Dormant / Low-Value),291.0,3.0,1861.85,620.6166666666667,0.0,0.0,0.09894933480455495,0.0,,ไม่ซื้อมา 291 วัน · ความถี่ 90 วันล่าสุดลดลงชัดเจน · ไม่มีการซื้อเลยใน 90 วันล่าสุด,โทรหาโดยพนักงานภายใน 48 ชม. + ข้อเสนอเฉพาะบุคคล
C12223,0.89750934,วิกฤต,0,ลูกค้าคุณค่าสูงที่กำลังห่างหาย (At-Risk High-Value),23.0,20.0,25149.8,1257.49,2.0,0.6666666666666666,0.085028287948799,0.0,,ความเสี่ยงมาจากรูปแบบรวมหลายปัจจัย,โทรหาโดยพนักงานภายใน 48 ชม. + ข้อเสนอเฉพาะบุคคล
C10424,0.8973191,วิกฤต,3,ลูกค้าใหม่กำลังก่อตัว (New / Developing),66.0,3.0,2058.7,686.2333333333332,3.0,3.0,0.026099050556562135,0.0,4.0,ไม่ซื้อมา 66 วัน,โทรหาโดยพนักงานภายใน 48 ชม. + ข้อเสนอเฉพาะบุคคล
C10762,0.8968323,วิกฤต,2,ลูกค้าห่างหายมูลค่าต่ำ (Dormant / Low-Value),116.0,6.0,2213.23,368.87166666666667,0.0,0.0,0.03253120013988153,1.0,2.0,ไม่ซื้อมา 116 วัน · ความถี่ 90 วันล่าสุดลดลงชัดเจน · ไม่มีการซื้อเลยใน 90 วันล่าสุด · คะแนนความพึงพอใจต่ำ (2.0/5) · มีเรื่องร้องเรียนค้าง 1 เรื่อง,โทรหาโดยพนักงานภายใน 48 ชม. + ข้อเสนอเฉพาะบุคคล
C12108,0.8963111,วิกฤต,2,ลูกค้าห่างหายมูลค่าต่ำ (Dormant / Low-Value),16.0,3.0,2354.79,784.93,3.0,3.0,0.07291002291356624,0.0,,ความเสี่ยงมาจากรูปแบบรวมหลายปัจจัย,โทรหาโดยพนักงานภายใน 48 ชม. + ข้อเสนอเฉพาะบุคคล
C10724,0.89560354,วิกฤต,0,ลูกค้าคุณค่าสูงที่กำลังห่างหาย (At-Risk High-Value),71.0,10.0,17107.56,1710.756,1.0,0.3333333333333333,0.03747680556508901,0.0,,ไม่ซื้อมา 71 วัน · ความถี่ 90 วันล่าสุดลดลงชัดเจน,โทรหาโดยพนักงานภายใน 48 ชม. + ข้อเสนอเฉพาะบุคคล
C10865,0.89534384,วิกฤต,0,ลูกค้าคุณค่าสูงที่กำลังห่างหาย (At-Risk High-Value),53.0,17.0,17654.31,1038.4888235294118,2.0,2.0,0.030069834404940658,0.0,,ความเสี่ยงมาจากรูปแบบรวมหลายปัจจัย,โทรหาโดยพนักงานภายใน 48 ชม. + ข้อเสนอเฉพาะบุคคล
C12959,0.8952333,วิกฤต,2,ลูกค้าห่างหายมูลค่าต่ำ (Dormant / Low-Value),125.0,9.0,4777.95,530.8833333333333,0.0,0.0,0.02788205062472152,0.0,2.0,ไม่ซื้อมา 125 วัน · ความถี่ 90 วันล่าสุดลดลงชัดเจน · ไม่มีการซื้อเลยใน 90 วันล่าสุด · คะแนนความพึงพอใจต่ำ (2.0/5),โทรหาโดยพนักงานภายใน 48 ชม. + ข้อเสนอเฉพาะบุคคล
C12356,0.8952207,วิกฤต,2,ลูกค้าห่างหายมูลค่าต่ำ (Dormant / Low-Value),189.0,3.0,975.95,325.31666666666666,0.0,0.0,0.06011344703718328,0.0,,ไม่ซื้อมา 189 วัน · ความถี่ 90 วันล่าสุดลดลงชัดเจน · ไม่มีการซื้อเลยใน 90 วันล่าสุด,โทรหาโดยพนักงานภายใน 48 ชม. + ข้อเสนอเฉพาะบุคคล
C11409,0.89515406,วิกฤต,2,ลูกค้าห่างหายมูลค่าต่ำ (Dormant / Low-Value),31.0,11.0,5582.45,507.49545454545455,1.0,0.25,0.09721829158048453,0.0,1.0,ความถี่ 90 วันล่าสุดลดลงชัดเจน · คะแนนความพึงพอใจต่ำ (1.0/5),โทรหาโดยพนักงานภายใน 48 ชม. + ข้อเสนอเฉพาะบุคคล
C12183,0.89514023,วิกฤต,0,ลูกค้าคุณค่าสูงที่กำลังห่างหาย (At-Risk High-Value),45.0,20.0,21734.79,1086.7395000000001,2.0,0.5,0.04202735151831427,0.0,,ความถี่ 90 วันล่าสุดลดลงชัดเจน,โทรหาโดยพนักงานภายใน 48 ชม. + ข้อเสนอเฉพาะบุคคล
C10411,0.89511013,วิกฤต,2,ลูกค้าห่างหายมูลค่าต่ำ (Dormant / Low-Value),74.0,8.0,7667.97,958.49625,1.0,0.5,0.16307815557769986,0.0,1.0,ไม่ซื้อมา 74 วัน · ความถี่ 90 วันล่าสุดลดลงชัดเจน · คะแนนความพึงพอใจต่ำ (1.0/5) · ซื้อเมื่อมีส่วนลดเป็นหลัก (16%),โทรหาโดยพนักงานภายใน 48 ชม. + ข้อเสนอเฉพาะบุคคล
C10364,0.8949374,วิกฤต,3,ลูกค้าใหม่กำลังก่อตัว (New / Developing),69.0,3.0,5862.34,1954.1133333333335,2.0,1.0,0.02285701903668157,0.0,,ไม่ซื้อมา 69 วัน,โทรหาโดยพนักงานภายใน 48 ชม. + ข้อเสนอเฉพาะบุคคล
C12409,0.89451796,วิกฤต,2,ลูกค้าห่างหายมูลค่าต่ำ (Dormant / Low-Value),101.0,4.0,1092.5,273.125,0.0,0.0,0.06668603061782395,1.0,2.0,ไม่ซื้อมา 101 วัน · ความถี่ 90 วันล่าสุดลดลงชัดเจน · ไม่มีการซื้อเลยใน 90 วันล่าสุด · คะแนนความพึงพอใจต่ำ (2.0/5) · มีเรื่องร้องเรียนค้าง 1 เรื่อง,โทรหาโดยพนักงานภายใน 48 ชม. + ข้อเสนอเฉพาะบุคคล
C10477,0.89423627,วิกฤต,0,ลูกค้าคุณค่าสูงที่กำลังห่างหาย (At-Risk High-Value),64.0,17.0,17257.57,1015.1511764705882,2.0,0.2222222222222222,0.03972888274584955,0.0,2.6666666666666665,ไม่ซื้อมา 64 วัน · ความถี่ 90 วันล่าสุดลดลงชัดเจน,โทรหาโดยพนักงานภายใน 48 ชม. + ข้อเสนอเฉพาะบุคคล
C12627,0.8941812,วิกฤต,0,ลูกค้าคุณค่าสูงที่กำลังห่างหาย (At-Risk High-Value),61.0,12.0,10458.84,871.57,1.0,0.5,0.060697693424783275,0.0,2.0,ไม่ซื้อมา 61 วัน · ความถี่ 90 วันล่าสุดลดลงชัดเจน · คะแนนความพึงพอใจต่ำ (2.0/5),โทรหาโดยพนักงานภายใน 48 ชม. + ข้อเสนอเฉพาะบุคคล
C10951,0.89354104,วิกฤต,0,ลูกค้าคุณค่าสูงที่กำลังห่างหาย (At-Risk High-Value),23.0,10.0,14110.619999999999,1411.062,2.0,0.6666666666666666,0.05809263795900113,0.0,3.0,ความเสี่ยงมาจากรูปแบบรวมหลายปัจจัย,โทรหาโดยพนักงานภายใน 48 ชม. + ข้อเสนอเฉพาะบุคคล
C11634,0.89321357,วิกฤต,0,ลูกค้าคุณค่าสูงที่กำลังห่างหาย (At-Risk High-Value),43.0,8.0,10553.21,1319.15125,1.0,0.25,0.026835493931329318,0.0,2.0,ความถี่ 90 วันล่าสุดลดลงชัดเจน · คะแนนความพึงพอใจต่ำ (2.0/5),โทรหาโดยพนักงานภายใน 48 ชม. + ข้อเสนอเฉพาะบุคคล
C10703,0.8927487,วิกฤต,2,ลูกค้าห่างหายมูลค่าต่ำ (Dormant / Low-Value),277.0,4.0,3333.1400000000003,833.2850000000001,0.0,0.0,0.03526783000819105,0.0,,ไม่ซื้อมา 277 วัน · ความถี่ 90 วันล่าสุดลดลงชัดเจน · ไม่มีการซื้อเลยใน 90 วันล่าสุด,โทรหาโดยพนักงานภายใน 48 ชม. + ข้อเสนอเฉพาะบุคคล
C12674,0.8924803,วิกฤต,0,ลูกค้าคุณค่าสูงที่กำลังห่างหาย (At-Risk High-Value),45.0,21.0,19874.67,946.4128571428571,2.0,0.2857142857142857,0.05403399917753138,0.0,3.0,ความถี่ 90 วันล่าสุดลดลงชัดเจน,โทรหาโดยพนักงานภายใน 48 ชม. + ข้อเสนอเฉพาะบุคคล
C11988,0.8918025,วิกฤต,3,ลูกค้าใหม่กำลังก่อตัว (New / Developing),3.0,3.0,4467.03,1489.01,3.0,3.0,0.023664022031342213,0.0,,ความเสี่ยงมาจากรูปแบบรวมหลายปัจจัย,โทรหาโดยพนักงานภายใน 48 ชม. + ข้อเสนอเฉพาะบุคคล
C11135,0.89150006,วิกฤต,0,ลูกค้าคุณค่าสูงที่กำลังห่างหาย (At-Risk High-Value),11.0,20.0,24858.25,1242.9125,4.0,1.0,0.03262230347832956,0.0,1.0,คะแนนความพึงพอใจต่ำ (1.0/5),โทรหาโดยพนักงานภายใน 48 ชม. + ข้อเสนอเฉพาะบุคคล
C10525,0.89129233,วิกฤต,0,ลูกค้าคุณค่าสูงที่กำลังห่างหาย (At-Risk High-Value),77.0,15.0,22603.75,1506.9166666666667,3.0,0.42857142857142855,0.031989163503309534,0.0,5.0,ไม่ซื้อมา 77 วัน · ความถี่ 90 วันล่าสุดลดลงชัดเจน,โทรหาโดยพนักงานภายใน 48 ชม. + ข้อเสนอเฉพาะบุคคล
C10573,0.89124286,วิกฤต,2,ลูกค้าห่างหายมูลค่าต่ำ (Dormant / Low-Value),99.0,3.0,1384.52,461.50666666666666,0.0,0.0,0.09130169398082214,0.0,4.0,ไม่ซื้อมา 99 วัน · ความถี่ 90 วันล่าสุดลดลงชัดเจน · ไม่มีการซื้อเลยใน 90 วันล่าสุด,โทรหาโดยพนักงานภายใน 48 ชม. + ข้อเสนอเฉพาะบุคคล
C10548,0.8911271,วิกฤต,3,ลูกค้าใหม่กำลังก่อตัว (New / Developing),73.0,3.0,3591.24,1197.08,1.0,0.3333333333333333,0.04973539373412362,0.0,,ไม่ซื้อมา 73 วัน · ความถี่ 90 วันล่าสุดลดลงชัดเจน,โทรหาโดยพนักงานภายใน 48 ชม. + ข้อเสนอเฉพาะบุคคล
C10249,0.8907509,วิกฤต,3,ลูกค้าใหม่กำลังก่อตัว (New / Developing),51.0,3.0,3246.86,1082.2866666666666,2.0,1.0,0.002460927778989637,0.0,1.0,คะแนนความพึงพอใจต่ำ (1.0/5),โทรหาโดยพนักงานภายใน 48 ชม. + ข้อเสนอเฉพาะบุคคล
C12983,0.8899199,วิกฤต,3,ลูกค้าใหม่กำลังก่อตัว (New / Developing),134.0,3.0,5251.900000000001,1750.6333333333334,0.0,0.0,0.08443350423536015,0.0,2.0,ไม่ซื้อมา 134 วัน · ความถี่ 90 วันล่าสุดลดลงชัดเจน · ไม่มีการซื้อเลยใน 90 วันล่าสุด · คะแนนความพึงพอใจต่ำ (2.0/5),โทรหาโดยพนักงานภายใน 48 ชม. + ข้อเสนอเฉพาะบุคคล
C10975,0.8898319,วิกฤต,0,ลูกค้าคุณค่าสูงที่กำลังห่างหาย (At-Risk High-Value),81.0,13.0,11623.029999999999,894.0792307692307,1.0,0.25,0.04417994008356722,0.0,,ไม่ซื้อมา 81 วัน · ความถี่ 90 วันล่าสุดลดลงชัดเจน,โทรหาโดยพนักงานภายใน 48 ชม. + ข้อเสนอเฉพาะบุคคล
C10999,0.8897798,วิกฤต,0,ลูกค้าคุณค่าสูงที่กำลังห่างหาย (At-Risk High-Value),32.0,23.0,32689.25,1421.2717391304348,2.0,0.4,0.046461910398616656,0.0,5.0,ความถี่ 90 วันล่าสุดลดลงชัดเจน,โทรหาโดยพนักงานภายใน 48 ชม. + ข้อเสนอเฉพาะบุคคล
C11236,0.8895973,วิกฤต,0,ลูกค้าคุณค่าสูงที่กำลังห่างหาย (At-Risk High-Value),33.0,22.0,33262.79,1511.945,3.0,1.0,0.059469031953598324,0.0,,ความเสี่ยงมาจากรูปแบบรวมหลายปัจจัย,โทรหาโดยพนักงานภายใน 48 ชม. + ข้อเสนอเฉพาะบุคคล
C10709,0.8887585,วิกฤต,0,ลูกค้าคุณค่าสูงที่กำลังห่างหาย (At-Risk High-Value),27.0,18.0,22647.78,1258.21,1.0,0.14285714285714285,0.12046807335665778,0.0,,ความถี่ 90 วันล่าสุดลดลงชัดเจน · ซื้อเมื่อมีส่วนลดเป็นหลัก (12%),โทรหาโดยพนักงานภายใน 48 ชม. + ข้อเสนอเฉพาะบุคคล
C12360,0.88756615,วิกฤต,2,ลูกค้าห่างหายมูลค่าต่ำ (Dormant / Low-Value),139.0,3.0,678.23,226.07666666666668,0.0,0.0,0.09542799221104857,0.0,,ไม่ซื้อมา 139 วัน · ความถี่ 90 วันล่าสุดลดลงชัดเจน · ไม่มีการซื้อเลยใน 90 วันล่าสุด,โทรหาโดยพนักงานภายใน 48 ชม. + ข้อเสนอเฉพาะบุคคล
C12226,0.887479,วิกฤต,2,ลูกค้าห่างหายมูลค่าต่ำ (Dormant / Low-Value),224.0,5.0,2648.26,529.652,0.0,0.0,0.023963615992451937,0.0,2.0,ไม่ซื้อมา 224 วัน · ความถี่ 90 วันล่าสุดลดลงชัดเจน · ไม่มีการซื้อเลยใน 90 วันล่าสุด · คะแนนความพึงพอใจต่ำ (2.0/5),โทรหาโดยพนักงานภายใน 48 ชม. + ข้อเสนอเฉพาะบุคคล
C11856,0.8873968,วิกฤต,2,ลูกค้าห่างหายมูลค่าต่ำ (Dormant / Low-Value),22.0,8.0,6188.68,773.585,2.0,1.0,0.04763165184204857,1.0,2.0,คะแนนความพึงพอใจต่ำ (2.0/5) · มีเรื่องร้องเรียนค้าง 1 เรื่อง,โทรหาโดยพนักงานภายใน 48 ชม. + ข้อเสนอเฉพาะบุคคล
C11471,0.88711,วิกฤต,3,ลูกค้าใหม่กำลังก่อตัว (New / Developing),3.0,3.0,3588.58,1196.1933333333334,3.0,3.0,0.013204641698289611,0.0,2.0,คะแนนความพึงพอใจต่ำ (2.0/5),โทรหาโดยพนักงานภายใน 48 ชม. + ข้อเสนอเฉพาะบุคคล
C12036,0.8866008,วิกฤต,0,ลูกค้าคุณค่าสูงที่กำลังห่างหาย (At-Risk High-Value),85.0,13.0,10239.62,787.663076923077,1.0,0.2,0.0247516548407067,0.0,3.0,ไม่ซื้อมา 85 วัน · ความถี่ 90 วันล่าสุดลดลงชัดเจน,โทรหาโดยพนักงานภายใน 48 ชม. + ข้อเสนอเฉพาะบุคคล
C12344,0.88617545,วิกฤต,3,ลูกค้าใหม่กำลังก่อตัว (New / Developing),3.0,3.0,2787.2999999999997,929.0999999999999,3.0,3.0,0.005767851983434815,0.0,,ความเสี่ยงมาจากรูปแบบรวมหลายปัจจัย,โทรหาโดยพนักงานภายใน 48 ชม. + ข้อเสนอเฉพาะบุคคล
C11280,0.8858285,วิกฤต,2,ลูกค้าห่างหายมูลค่าต่ำ (Dormant / Low-Value),254.0,4.0,3406.28,851.57,0.0,0.0,0.04277914070776815,0.0,,ไม่ซื้อมา 254 วัน · ความถี่ 90 วันล่าสุดลดลงชัดเจน · ไม่มีการซื้อเลยใน 90 วันล่าสุด,โทรหาโดยพนักงานภายใน 48 ชม. + ข้อเสนอเฉพาะบุคคล
C10684,0.88565063,วิกฤต,0,ลูกค้าคุณค่าสูงที่กำลังห่างหาย (At-Risk High-Value),48.0,17.0,25206.71,1482.7476470588235,2.0,0.4,0.05073595453783712,0.0,,ความถี่ 90 วันล่าสุดลดลงชัดเจน,โทรหาโดยพนักงานภายใน 48 ชม. + ข้อเสนอเฉพาะบุคคล
C11087,0.88491213,วิกฤต,0,ลูกค้าคุณค่าสูงที่กำลังห่างหาย (At-Risk High-Value),48.0,16.0,16348.66,1021.79125,2.0,0.6666666666666666,0.027976938274746555,0.0,3.0,ความเสี่ยงมาจากรูปแบบรวมหลายปัจจัย,โทรหาโดยพนักงานภายใน 48 ชม. + ข้อเสนอเฉพาะบุคคล
C10925,0.8843826,วิกฤต,0,ลูกค้าคุณค่าสูงที่กำลังห่างหาย (At-Risk High-Value),45.0,13.0,11575.630000000001,890.433076923077,1.0,0.2,0.055347503029660065,0.0,,ความถี่ 90 วันล่าสุดลดลงชัดเจน,โทรหาโดยพนักงานภายใน 48 ชม. + ข้อเสนอเฉพาะบุคคล
C11234,0.8842419,วิกฤต,0,ลูกค้าคุณค่าสูงที่กำลังห่างหาย (At-Risk High-Value),69.0,14.0,12878.29,919.8778571428572,1.0,0.25,0.032695187920904825,0.0,,ไม่ซื้อมา 69 วัน · ความถี่ 90 วันล่าสุดลดลงชัดเจน,โทรหาโดยพนักงานภายใน 48 ชม. + ข้อเสนอเฉพาะบุคคล
C10983,0.884193,วิกฤต,0,ลูกค้าคุณค่าสูงที่กำลังห่างหาย (At-Risk High-Value),41.0,21.0,32579.61,1551.41,2.0,1.0,0.01910775672858585,0.0,3.0,ความเสี่ยงมาจากรูปแบบรวมหลายปัจจัย,โทรหาโดยพนักงานภายใน 48 ชม. + ข้อเสนอเฉพาะบุคคล
C12567,0.8840072,วิกฤต,3,ลูกค้าใหม่กำลังก่อตัว (New / Developing),12.0,3.0,1230.44,410.1466666666667,3.0,3.0,0.0,0.0,4.0,ความเสี่ยงมาจากรูปแบบรวมหลายปัจจัย,โทรหาโดยพนักงานภายใน 48 ชม. + ข้อเสนอเฉพาะบุคคล
C11672,0.88164586,วิกฤต,0,ลูกค้าคุณค่าสูงที่กำลังห่างหาย (At-Risk High-Value),68.0,22.0,18272.170000000002,830.5531818181819,2.0,0.2857142857142857,0.0264526217921907,0.0,4.0,ไม่ซื้อมา 68 วัน · ความถี่ 90 วันล่าสุดลดลงชัดเจน,โทรหาโดยพนักงานภายใน 48 ชม. + ข้อเสนอเฉพาะบุคคล
C10227,0.88094974,วิกฤต,2,ลูกค้าห่างหายมูลค่าต่ำ (Dormant / Low-Value),25.0,3.0,1601.3,533.7666666666667,3.0,3.0,0.08727670683188746,0.0,,ความเสี่ยงมาจากรูปแบบรวมหลายปัจจัย,โทรหาโดยพนักงานภายใน 48 ชม. + ข้อเสนอเฉพาะบุคคล
C11118,0.87990606,วิกฤต,2,ลูกค้าห่างหายมูลค่าต่ำ (Dormant / Low-Value),176.0,3.0,884.26,294.75333333333333,0.0,0.0,0.017215893303695468,0.0,,ไม่ซื้อมา 176 วัน · ความถี่ 90 วันล่าสุดลดลงชัดเจน · ไม่มีการซื้อเลยใน 90 วันล่าสุด,โทรหาโดยพนักงานภายใน 48 ชม. + ข้อเสนอเฉพาะบุคคล
C11149,0.87940663,วิกฤต,0,ลูกค้าคุณค่าสูงที่กำลังห่างหาย (At-Risk High-Value),32.0,20.0,16647.6,832.3799999999999,1.0,0.3333333333333333,0.07328711533087584,0.0,,ความถี่ 90 วันล่าสุดลดลงชัดเจน,โทรหาโดยพนักงานภายใน 48 ชม. + ข้อเสนอเฉพาะบุคคล
C12542,0.87933314,วิกฤต,3,ลูกค้าใหม่กำลังก่อตัว (New / Developing),9.0,4.0,8707.77,2176.9425,4.0,4.0,0.026494841672666455,0.0,2.0,คะแนนความพึงพอใจต่ำ (2.0/5),โทรหาโดยพนักงานภายใน 48 ชม. + ข้อเสนอเฉพาะบุคคล
C12109,0.87757146,วิกฤต,0,ลูกค้าคุณค่าสูงที่กำลังห่างหาย (At-Risk High-Value),71.0,24.0,32119.75,1338.3229166666667,1.0,0.16666666666666666,0.036056335322958155,0.0,,ไม่ซื้อมา 71 วัน · ความถี่ 90 วันล่าสุดลดลงชัดเจน,โทรหาโดยพนักงานภายใน 48 ชม. + ข้อเสนอเฉพาะบุคคล
C10637,0.87655276,วิกฤต,0,ลูกค้าคุณค่าสูงที่กำลังห่างหาย (At-Risk High-Value),33.0,35.0,40712.76,1163.2217142857144,5.0,1.0,0.04823959639304689,1.0,4.0,มีเรื่องร้องเรียนค้าง 1 เรื่อง,โทรหาโดยพนักงานภายใน 48 ชม. + ข้อเสนอเฉพาะบุคคล
C12969,0.8757601,วิกฤต,2,ลูกค้าห่างหายมูลค่าต่ำ (Dormant / Low-Value),24.0,3.0,2860.14,953.38,3.0,3.0,0.10260545438572272,0.0,,ซื้อเมื่อมีส่วนลดเป็นหลัก (10%),โทรหาโดยพนักงานภายใน 48 ชม. + ข้อเสนอเฉพาะบุคคล
C12984,0.87568486,วิกฤต,0,ลูกค้าคุณค่าสูงที่กำลังห่างหาย (At-Risk High-Value),99.0,36.0,71505.88,1986.2744444444445,0.0,0.0,0.014187909285172674,1.0,2.0,ไม่ซื้อมา 99 วัน · ความถี่ 90 วันล่าสุดลดลงชัดเจน · ไม่มีการซื้อเลยใน 90 วันล่าสุด · คะแนนความพึงพอใจต่ำ (2.0/5) · มีเรื่องร้องเรียนค้าง 1 เรื่อง,โทรหาโดยพนักงานภายใน 48 ชม. + ข้อเสนอเฉพาะบุคคล
C10303,0.87499696,วิกฤต,0,ลูกค้าคุณค่าสูงที่กำลังห่างหาย (At-Risk High-Value),82.0,13.0,19548.78,1503.7523076923076,1.0,0.5,0.022076928079399302,0.0,,ไม่ซื้อมา 82 วัน · ความถี่ 90 วันล่าสุดลดลงชัดเจน,โทรหาโดยพนักงานภายใน 48 ชม. + ข้อเสนอเฉพาะบุคคล
C10494,0.87359387,วิกฤต,0,ลูกค้าคุณค่าสูงที่กำลังห่างหาย (At-Risk High-Value),22.0,14.0,18943.59,1353.1135714285715,1.0,0.3333333333333333,0.05086480693468893,0.0,,ความถี่ 90 วันล่าสุดลดลงชัดเจน,โทรหาโดยพนักงานภายใน 48 ชม. + ข้อเสนอเฉพาะบุคคล
C11636,0.8735509,วิกฤต,2,ลูกค้าห่างหายมูลค่าต่ำ (Dormant / Low-Value),72.0,11.0,6344.030000000001,576.73,1.0,0.2,0.08342206740514604,0.0,1.0,ไม่ซื้อมา 72 วัน · ความถี่ 90 วันล่าสุดลดลงชัดเจน · คะแนนความพึงพอใจต่ำ (1.0/5),โทรหาโดยพนักงานภายใน 48 ชม. + ข้อเสนอเฉพาะบุคคล
C10051,0.87335944,วิกฤต,0,ลูกค้าคุณค่าสูงที่กำลังห่างหาย (At-Risk High-Value),15.0,15.0,21077.239999999998,1405.1493333333333,5.0,1.25,0.03223030792237912,1.0,3.5,มีเรื่องร้องเรียนค้าง 1 เรื่อง,โทรหาโดยพนักงานภายใน 48 ชม. + ข้อเสนอเฉพาะบุคคล
C12570,0.8729224,วิกฤต,2,ลูกค้าห่างหายมูลค่าต่ำ (Dormant / Low-Value),59.0,7.0,1643.74,234.82,2.0,1.0,0.023547862039468213,0.0,1.75,คะแนนความพึงพอใจต่ำ (1.8/5),โทรหาโดยพนักงานภายใน 48 ชม. + ข้อเสนอเฉพาะบุคคล
C12053,0.87072283,วิกฤต,0,ลูกค้าคุณค่าสูงที่กำลังห่างหาย (At-Risk High-Value),27.0,35.0,48558.93,1387.398,2.0,0.3333333333333333,0.03917296613207943,2.0,2.0,ความถี่ 90 วันล่าสุดลดลงชัดเจน · คะแนนความพึงพอใจต่ำ (2.0/5) · มีเรื่องร้องเรียนค้าง 2 เรื่อง,โทรหาโดยพนักงานภายใน 48 ชม. + ข้อเสนอเฉพาะบุคคล
C11429,0.8706092,วิกฤต,0,ลูกค้าคุณค่าสูงที่กำลังห่างหาย (At-Risk High-Value),29.0,17.0,19550.58,1150.034117647059,1.0,0.3333333333333333,0.0803851261057982,0.0,,ความถี่ 90 วันล่าสุดลดลงชัดเจน,โทรหาโดยพนักงานภายใน 48 ชม. + ข้อเสนอเฉพาะบุคคล
C10001,0.86999196,วิกฤต,3,ลูกค้าใหม่กำลังก่อตัว (New / Developing),89.0,7.0,7401.33,1057.3328571428572,1.0,0.5,0.039532985464516474,0.0,,ไม่ซื้อมา 89 วัน · ความถี่ 90 วันล่าสุดลดลงชัดเจน,โทรหาโดยพนักงานภายใน 48 ชม. + ข้อเสนอเฉพาะบุคคล
C10613,0.86979765,วิกฤต,0,ลูกค้าคุณค่าสูงที่กำลังห่างหาย (At-Risk High-Value),43.0,19.0,15746.57,828.7668421052631,2.0,0.5,0.05182041962623351,0.0,,ความถี่ 90 วันล่าสุดลดลงชัดเจน,โทรหาโดยพนักงานภายใน 48 ชม. + ข้อเสนอเฉพาะบุคคล
C11017,0.86911225,วิกฤต,0,ลูกค้าคุณค่าสูงที่กำลังห่างหาย (At-Risk High-Value),20.0,15.0,11318.98,754.5986666666666,3.0,0.75,0.04829497442692862,0.0,2.0,คะแนนความพึงพอใจต่ำ (2.0/5),โทรหาโดยพนักงานภายใน 48 ชม. + ข้อเสนอเฉพาะบุคคล
C12179,0.86864686,วิกฤต,2,ลูกค้าห่างหายมูลค่าต่ำ (Dormant / Low-Value),165.0,5.0,877.44,175.488,0.0,0.0,0.012258957819729157,0.0,,ไม่ซื้อมา 165 วัน · ความถี่ 90 วันล่าสุดลดลงชัดเจน · ไม่มีการซื้อเลยใน 90 วันล่าสุด,โทรหาโดยพนักงานภายใน 48 ชม. + ข้อเสนอเฉพาะบุคคล
C12974,0.86754614,วิกฤต,0,ลูกค้าคุณค่าสูงที่กำลังห่างหาย (At-Risk High-Value),29.0,20.0,28428.93,1421.4465,1.0,0.2,0.03818674291993542,0.0,,ความถี่ 90 วันล่าสุดลดลงชัดเจน,โทรหาโดยพนักงานภายใน 48 ชม. + ข้อเสนอเฉพาะบุคคล
C12207,0.8657321,วิกฤต,2,ลูกค้าห่างหายมูลค่าต่ำ (Dormant / Low-Value),43.0,3.0,934.0,311.3333333333333,1.0,0.3333333333333333,0.0,0.0,2.3333333333333335,ความถี่ 90 วันล่าสุดลดลงชัดเจน,โทรหาโดยพนักงานภายใน 48 ชม. + ข้อเสนอเฉพาะบุคคล
C10147,0.86522615,วิกฤต,0,ลูกค้าคุณค่าสูงที่กำลังห่างหาย (At-Risk High-Value),22.0,16.0,23066.77,1441.673125,2.0,0.4,0.03810945987308106,0.0,,ความถี่ 90 วันล่าสุดลดลงชัดเจน,โทรหาโดยพนักงานภายใน 48 ชม. + ข้อเสนอเฉพาะบุคคล
C11633,0.86504406,วิกฤต,2,ลูกค้าห่างหายมูลค่าต่ำ (Dormant / Low-Value),235.0,3.0,1866.29,622.0966666666667,0.0,0.0,0.026655888181913008,0.0,,ไม่ซื้อมา 235 วัน · ความถี่ 90 วันล่าสุดลดลงชัดเจน · ไม่มีการซื้อเลยใน 90 วันล่าสุด,โทรหาโดยพนักงานภายใน 48 ชม. + ข้อเสนอเฉพาะบุคคล
C12888,0.86492205,วิกฤต,2,ลูกค้าห่างหายมูลค่าต่ำ (Dormant / Low-Value),183.0,10.0,5310.5599999999995,531.0559999999999,0.0,0.0,0.02342431141204206,0.0,,ไม่ซื้อมา 183 วัน · ความถี่ 90 วันล่าสุดลดลงชัดเจน · ไม่มีการซื้อเลยใน 90 วันล่าสุด,โทรหาโดยพนักงานภายใน 48 ชม. + ข้อเสนอเฉพาะบุคคล
C11254,0.8648554,วิกฤต,2,ลูกค้าห่างหายมูลค่าต่ำ (Dormant / Low-Value),40.0,12.0,4417.75,368.1458333333333,2.0,0.6666666666666666,0.056018171289618814,1.0,1.0,คะแนนความพึงพอใจต่ำ (1.0/5) · มีเรื่องร้องเรียนค้าง 1 เรื่อง,โทรหาโดยพนักงานภายใน 48 ชม. + ข้อเสนอเฉพาะบุคคล
C12740,0.86459154,วิกฤต,2,ลูกค้าห่างหายมูลค่าต่ำ (Dormant / Low-Value),206.0,4.0,2864.02,716.005,0.0,0.0,0.032772047847730204,0.0,,ไม่ซื้อมา 206 วัน · ความถี่ 90 วันล่าสุดลดลงชัดเจน · ไม่มีการซื้อเลยใน 90 วันล่าสุด,โทรหาโดยพนักงานภายใน 48 ชม. + ข้อเสนอเฉพาะบุคคล
C12249,0.86438453,วิกฤต,2,ลูกค้าห่างหายมูลค่าต่ำ (Dormant / Low-Value),54.0,3.0,1460.9299999999998,486.97666666666663,3.0,3.0,0.044550537915699295,0.0,3.0,ความเสี่ยงมาจากรูปแบบรวมหลายปัจจัย,โทรหาโดยพนักงานภายใน 48 ชม. + ข้อเสนอเฉพาะบุคคล
C11223,0.8639369,วิกฤต,0,ลูกค้าคุณค่าสูงที่กำลังห่างหาย (At-Risk High-Value),56.0,27.0,32198.24,1192.5274074074075,6.0,1.5,0.046026974024738876,0.0,,ความเสี่ยงมาจากรูปแบบรวมหลายปัจจัย,โทรหาโดยพนักงานภายใน 48 ชม. + ข้อเสนอเฉพาะบุคคล
C12491,0.8638373,วิกฤต,0,ลูกค้าคุณค่าสูงที่กำลังห่างหาย (At-Risk High-Value),14.0,32.0,32656.04,1020.50125,5.0,0.7142857142857143,0.05603949274325468,0.0,2.0,คะแนนความพึงพอใจต่ำ (2.0/5),โทรหาโดยพนักงานภายใน 48 ชม. + ข้อเสนอเฉพาะบุคคล
C10857,0.8634363,วิกฤต,0,ลูกค้าคุณค่าสูงที่กำลังห่างหาย (At-Risk High-Value),45.0,28.0,16480.49,588.5889285714286,3.0,0.6,0.02539630536832183,1.0,4.0,มีเรื่องร้องเรียนค้าง 1 เรื่อง,โทรหาโดยพนักงานภายใน 48 ชม. + ข้อเสนอเฉพาะบุคคล
C10617,0.8630427,วิกฤต,0,ลูกค้าคุณค่าสูงที่กำลังห่างหาย (At-Risk High-Value),57.0,26.0,22770.7,875.7961538461539,2.0,0.25,0.03601844251277755,0.0,3.0,ความถี่ 90 วันล่าสุดลดลงชัดเจน,โทรหาโดยพนักงานภายใน 48 ชม. + ข้อเสนอเฉพาะบุคคล
C11604,0.8626273,วิกฤต,0,ลูกค้าคุณค่าสูงที่กำลังห่างหาย (At-Risk High-Value),88.0,15.0,14553.11,970.2073333333334,1.0,0.3333333333333333,0.07271129699648152,0.0,,ไม่ซื้อมา 88 วัน · ความถี่ 90 วันล่าสุดลดลงชัดเจน,โทรหาโดยพนักงานภายใน 48 ชม. + ข้อเสนอเฉพาะบุคคล
C10019,0.86234105,วิกฤต,3,ลูกค้าใหม่กำลังก่อตัว (New / Developing),19.0,3.0,1333.16,444.3866666666667,3.0,3.0,0.004354028036057028,0.0,2.0,คะแนนความพึงพอใจต่ำ (2.0/5),โทรหาโดยพนักงานภายใน 48 ชม. + ข้อเสนอเฉพาะบุคคล
C12631,0.8622173,วิกฤต,2,ลูกค้าห่างหายมูลค่าต่ำ (Dormant / Low-Value),3.0,5.0,3662.58,732.516,5.0,5.0,0.10380906472742933,1.0,1.6666666666666667,คะแนนความพึงพอใจต่ำ (1.7/5) · มีเรื่องร้องเรียนค้าง 1 เรื่อง · ซื้อเมื่อมีส่วนลดเป็นหลัก (10%),โทรหาโดยพนักงานภายใน 48 ชม. + ข้อเสนอเฉพาะบุคคล
C12256,0.86179566,วิกฤต,0,ลูกค้าคุณค่าสูงที่กำลังห่างหาย (At-Risk High-Value),85.0,11.0,8503.73,773.0663636363636,1.0,0.3333333333333333,0.1010067479493444,0.0,,ไม่ซื้อมา 85 วัน · ความถี่ 90 วันล่าสุดลดลงชัดเจน · ซื้อเมื่อมีส่วนลดเป็นหลัก (10%),โทรหาโดยพนักงานภายใน 48 ชม. + ข้อเสนอเฉพาะบุคคล
C12335,0.86065197,วิกฤต,3,ลูกค้าใหม่กำลังก่อตัว (New / Developing),2.0,3.0,3708.5699999999997,1236.1899999999998,3.0,3.0,0.015680862075829763,1.0,3.0,มีเรื่องร้องเรียนค้าง 1 เรื่อง,โทรหาโดยพนักงานภายใน 48 ชม. + ข้อเสนอเฉพาะบุคคล
C12978,0.8603871,วิกฤต,0,ลูกค้าคุณค่าสูงที่กำลังห่างหาย (At-Risk High-Value),14.0,26.0,28189.239999999998,1084.2015384615383,5.0,1.25,0.06878799771138323,0.0,,ความเสี่ยงมาจากรูปแบบรวมหลายปัจจัย,โทรหาโดยพนักงานภายใน 48 ชม. + ข้อเสนอเฉพาะบุคคล
C11510,0.85873646,วิกฤต,0,ลูกค้าคุณค่าสูงที่กำลังห่างหาย (At-Risk High-Value),35.0,16.0,17266.22,1079.13875,2.0,0.6666666666666666,0.013975263463868874,0.0,2.0,คะแนนความพึงพอใจต่ำ (2.0/5),โทรหาโดยพนักงานภายใน 48 ชม. + ข้อเสนอเฉพาะบุคคล
C10579,0.85848176,วิกฤต,0,ลูกค้าคุณค่าสูงที่กำลังห่างหาย (At-Risk High-Value),51.0,14.0,13629.3,973.5214285714285,2.0,0.3333333333333333,0.08690155650078418,0.0,,ความถี่ 90 วันล่าสุดลดลงชัดเจน,โทรหาโดยพนักงานภายใน 48 ชม. + ข้อเสนอเฉพาะบุคคล
C12523,0.85786605,วิกฤต,3,ลูกค้าใหม่กำลังก่อตัว (New / Developing),42.0,3.0,1569.72,523.24,3.0,3.0,0.042666861826697884,2.0,3.0,มีเรื่องร้องเรียนค้าง 2 เรื่อง,โทรหาโดยพนักงานภายใน 48 ชม. + ข้อเสนอเฉพาะบุคคล
C10256,0.8573317,วิกฤต,2,ลูกค้าห่างหายมูลค่าต่ำ (Dormant / Low-Value),52.0,3.0,3620.36,1206.7866666666666,2.0,1.0,0.10606849994938185,0.0,,ซื้อเมื่อมีส่วนลดเป็นหลัก (11%),โทรหาโดยพนักงานภายใน 48 ชม. + ข้อเสนอเฉพาะบุคคล
C10604,0.8568103,วิกฤต,0,ลูกค้าคุณค่าสูงที่กำลังห่างหาย (At-Risk High-Value),24.0,13.0,21437.68,1649.0523076923077,2.0,0.5,0.04575443856780016,0.0,,ความถี่ 90 วันล่าสุดลดลงชัดเจน,โทรหาโดยพนักงานภายใน 48 ชม. + ข้อเสนอเฉพาะบุคคล
C10669,0.85628325,วิกฤต,2,ลูกค้าห่างหายมูลค่าต่ำ (Dormant / Low-Value),133.0,12.0,6430.5199999999995,535.8766666666667,0.0,0.0,0.04767884936919379,0.0,3.0,ไม่ซื้อมา 133 วัน · ความถี่ 90 วันล่าสุดลดลงชัดเจน · ไม่มีการซื้อเลยใน 90 วันล่าสุด,โทรหาโดยพนักงานภายใน 48 ชม. + ข้อเสนอเฉพาะบุคคล
C11506,0.85622853,วิกฤต,3,ลูกค้าใหม่กำลังก่อตัว (New / Developing),10.0,3.0,3111.37,1037.1233333333332,3.0,3.0,0.010891299993959873,0.0,,ความเสี่ยงมาจากรูปแบบรวมหลายปัจจัย,โทรหาโดยพนักงานภายใน 48 ชม. + ข้อเสนอเฉพาะบุคคล
C11999,0.85493827,วิกฤต,3,ลูกค้าใหม่กำลังก่อตัว (New / Developing),58.0,3.0,4461.34,1487.1133333333335,1.0,0.3333333333333333,0.012562802948141917,0.0,3.0,ความถี่ 90 วันล่าสุดลดลงชัดเจน,โทรหาโดยพนักงานภายใน 48 ชม. + ข้อเสนอเฉพาะบุคคล
C11596,0.8548603,วิกฤต,0,ลูกค้าคุณค่าสูงที่กำลังห่างหาย (At-Risk High-Value),29.0,18.0,27078.22,1504.3455555555556,4.0,0.5,0.038223195901737464,1.0,1.0,ความถี่ 90 วันล่าสุดลดลงชัดเจน · คะแนนความพึงพอใจต่ำ (1.0/5) · มีเรื่องร้องเรียนค้าง 1 เรื่อง,โทรหาโดยพนักงานภายใน 48 ชม. + ข้อเสนอเฉพาะบุคคล
C10911,0.854815,วิกฤต,0,ลูกค้าคุณค่าสูงที่กำลังห่างหาย (At-Risk High-Value),28.0,25.0,37403.26,1496.1304,5.0,0.5,0.053169517247140446,0.0,2.0,ความถี่ 90 วันล่าสุดลดลงชัดเจน · คะแนนความพึงพอใจต่ำ (2.0/5),โทรหาโดยพนักงานภายใน 48 ชม. + ข้อเสนอเฉพาะบุคคล
C11500,0.8532704,วิกฤต,0,ลูกค้าคุณค่าสูงที่กำลังห่างหาย (At-Risk High-Value),28.0,22.0,31892.16,1449.6436363636365,6.0,1.2,0.03493136342344065,0.0,2.0,คะแนนความพึงพอใจต่ำ (2.0/5),โทรหาโดยพนักงานภายใน 48 ชม. + ข้อเสนอเฉพาะบุคคล
C11751,0.85231733,วิกฤต,2,ลูกค้าห่างหายมูลค่าต่ำ (Dormant / Low-Value),157.0,8.0,3734.11,466.76375,0.0,0.0,0.04686411194294627,0.0,,ไม่ซื้อมา 157 วัน · ความถี่ 90 วันล่าสุดลดลงชัดเจน · ไม่มีการซื้อเลยใน 90 วันล่าสุด,โทรหาโดยพนักงานภายใน 48 ชม. + ข้อเสนอเฉพาะบุคคล
C11981,0.85211027,วิกฤต,0,ลูกค้าคุณค่าสูงที่กำลังห่างหาย (At-Risk High-Value),37.0,17.0,11049.26,649.9564705882353,1.0,0.3333333333333333,0.044546154970292476,1.0,4.0,ความถี่ 90 วันล่าสุดลดลงชัดเจน · มีเรื่องร้องเรียนค้าง 1 เรื่อง,โทรหาโดยพนักงานภายใน 48 ชม. + ข้อเสนอเฉพาะบุคคล
C10878,0.8516802,วิกฤต,3,ลูกค้าใหม่กำลังก่อตัว (New / Developing),34.0,3.0,4732.08,1577.36,3.0,3.0,0.0077936782512973745,0.0,4.0,ความเสี่ยงมาจากรูปแบบรวมหลายปัจจัย,โทรหาโดยพนักงานภายใน 48 ชม. + ข้อเสนอเฉพาะบุคคล
C11898,0.850644,วิกฤต,3,ลูกค้าใหม่กำลังก่อตัว (New / Developing),21.0,3.0,2907.13,969.0433333333334,3.0,3.0,0.02547986349953405,0.0,,ความเสี่ยงมาจากรูปแบบรวมหลายปัจจัย,โทรหาโดยพนักงานภายใน 48 ชม. + ข้อเสนอเฉพาะบุคคล
C11072,0.8499403,วิกฤต,0,ลูกค้าคุณค่าสูงที่กำลังห่างหาย (At-Risk High-Value),68.0,18.0,16163.31,897.9616666666666,1.0,0.25,0.02479976590333859,0.0,,ไม่ซื้อมา 68 วัน · ความถี่ 90 วันล่าสุดลดลงชัดเจน,โทรหาโดยพนักงานภายใน 48 ชม. + ข้อเสนอเฉพาะบุคคล
C11239,0.849729,วิกฤต,0,ลูกค้าคุณค่าสูงที่กำลังห่างหาย (At-Risk High-Value),18.0,12.0,9157.05,763.0875,1.0,0.25,0.04695766025584317,0.0,2.3333333333333335,ความถี่ 90 วันล่าสุดลดลงชัดเจน,โทรหาโดยพนักงานภายใน 48 ชม. + ข้อเสนอเฉพาะบุคคล
C11232,0.84953326,วิกฤต,0,ลูกค้าคุณค่าสูงที่กำลังห่างหาย (At-Risk High-Value),92.0,6.0,6977.1900000000005,1162.865,0.0,0.0,0.006184647772771882,0.0,,ไม่ซื้อมา 92 วัน · ความถี่ 90 วันล่าสุดลดลงชัดเจน · ไม่มีการซื้อเลยใน 90 วันล่าสุด,โทรหาโดยพนักงานภายใน 48 ชม. + ข้อเสนอเฉพาะบุคคล
C12919,0.84815824,วิกฤต,3,ลูกค้าใหม่กำลังก่อตัว (New / Developing),51.0,3.0,3665.06,1221.6866666666667,2.0,1.0,0.04819705763961928,0.0,,ความเสี่ยงมาจากรูปแบบรวมหลายปัจจัย,โทรหาโดยพนักงานภายใน 48 ชม. + ข้อเสนอเฉพาะบุคคล
C11427,0.84781414,วิกฤต,0,ลูกค้าคุณค่าสูงที่กำลังห่างหาย (At-Risk High-Value),23.0,20.0,16890.81,844.5405000000001,2.0,0.3333333333333333,0.024781149213453563,0.0,,ความถี่ 90 วันล่าสุดลดลงชัดเจน,โทรหาโดยพนักงานภายใน 48 ชม. + ข้อเสนอเฉพาะบุคคล
C10515,0.8474795,วิกฤต,0,ลูกค้าคุณค่าสูงที่กำลังห่างหาย (At-Risk High-Value),32.0,22.0,21873.35,994.2431818181817,2.0,0.5,0.04522796219908772,0.0,,ความถี่ 90 วันล่าสุดลดลงชัดเจน,โทรหาโดยพนักงานภายใน 48 ชม. + ข้อเสนอเฉพาะบุคคล
C11060,0.847265,วิกฤต,2,ลูกค้าห่างหายมูลค่าต่ำ (Dormant / Low-Value),47.0,3.0,1596.3000000000002,532.1,1.0,0.3333333333333333,0.06928337793636634,1.0,3.0,ความถี่ 90 วันล่าสุดลดลงชัดเจน · มีเรื่องร้องเรียนค้าง 1 เรื่อง,โทรหาโดยพนักงานภายใน 48 ชม. + ข้อเสนอเฉพาะบุคคล
C10744,0.84708166,วิกฤต,2,ลูกค้าห่างหายมูลค่าต่ำ (Dormant / Low-Value),107.0,4.0,1049.6399999999999,262.40999999999997,0.0,0.0,0.09566026519165653,0.0,2.0,ไม่ซื้อมา 107 วัน · ความถี่ 90 วันล่าสุดลดลงชัดเจน · ไม่มีการซื้อเลยใน 90 วันล่าสุด · คะแนนความพึงพอใจต่ำ (2.0/5),โทรหาโดยพนักงานภายใน 48 ชม. + ข้อเสนอเฉพาะบุคคล
C11569,0.8463667,วิกฤต,0,ลูกค้าคุณค่าสูงที่กำลังห่างหาย (At-Risk High-Value),50.0,13.0,18484.98,1421.9215384615384,2.0,0.5,0.06526656239712737,1.0,3.3333333333333335,ความถี่ 90 วันล่าสุดลดลงชัดเจน · มีเรื่องร้องเรียนค้าง 1 เรื่อง,โทรหาโดยพนักงานภายใน 48 ชม. + ข้อเสนอเฉพาะบุคคล
C12999,0.8459529,วิกฤต,0,ลูกค้าคุณค่าสูงที่กำลังห่างหาย (At-Risk High-Value),52.0,17.0,21165.32,1245.0188235294117,3.0,1.5,0.043639041891275175,0.0,,ความเสี่ยงมาจากรูปแบบรวมหลายปัจจัย,โทรหาโดยพนักงานภายใน 48 ชม. + ข้อเสนอเฉพาะบุคคล
C12475,0.84554046,วิกฤต,0,ลูกค้าคุณค่าสูงที่กำลังห่างหาย (At-Risk High-Value),63.0,11.0,16446.49,1495.1354545454546,2.0,0.4,0.056386756301325294,0.0,,ไม่ซื้อมา 63 วัน · ความถี่ 90 วันล่าสุดลดลงชัดเจน,โทรหาโดยพนักงานภายใน 48 ชม. + ข้อเสนอเฉพาะบุคคล
C12810,0.84508103,วิกฤต,2,ลูกค้าห่างหายมูลค่าต่ำ (Dormant / Low-Value),165.0,9.0,6330.41,703.3788888888889,0.0,0.0,0.13426620478953638,0.0,4.0,ไม่ซื้อมา 165 วัน · ความถี่ 90 วันล่าสุดลดลงชัดเจน · ไม่มีการซื้อเลยใน 90 วันล่าสุด · ซื้อเมื่อมีส่วนลดเป็นหลัก (13%),โทรหาโดยพนักงานภายใน 48 ชม. + ข้อเสนอเฉพาะบุคคล
C11172,0.8436266,วิกฤต,2,ลูกค้าห่างหายมูลค่าต่ำ (Dormant / Low-Value),48.0,3.0,2444.9,814.9666666666667,1.0,0.3333333333333333,0.09414597999258985,0.0,4.0,ความถี่ 90 วันล่าสุดลดลงชัดเจน,โทรหาโดยพนักงานภายใน 48 ชม. + ข้อเสนอเฉพาะบุคคล
C11020,0.84306824,วิกฤต,2,ลูกค้าห่างหายมูลค่าต่ำ (Dormant / Low-Value),156.0,3.0,1094.1000000000001,364.70000000000005,0.0,0.0,0.005625789564569342,0.0,1.0,ไม่ซื้อมา 156 วัน · ความถี่ 90 วันล่าสุดลดลงชัดเจน · ไม่มีการซื้อเลยใน 90 วันล่าสุด · คะแนนความพึงพอใจต่ำ (1.0/5),โทรหาโดยพนักงานภายใน 48 ชม. + ข้อเสนอเฉพาะบุคคล
C12941,0.8423811,วิกฤต,2,ลูกค้าห่างหายมูลค่าต่ำ (Dormant / Low-Value),203.0,4.0,1197.21,299.3025,0.0,0.0,0.021079485523184983,0.0,,ไม่ซื้อมา 203 วัน · ความถี่ 90 วันล่าสุดลดลงชัดเจน · ไม่มีการซื้อเลยใน 90 วันล่าสุด,โทรหาโดยพนักงานภายใน 48 ชม. + ข้อเสนอเฉพาะบุคคล
C12039,0.8421969,วิกฤต,0,ลูกค้าคุณค่าสูงที่กำลังห่างหาย (At-Risk High-Value),22.0,23.0,26836.81,1166.8178260869565,5.0,1.0,0.050547379921006344,1.0,3.0,มีเรื่องร้องเรียนค้าง 1 เรื่อง,โทรหาโดยพนักงานภายใน 48 ชม. + ข้อเสนอเฉพาะบุคคล
C12246,0.84197325,วิกฤต,1,ลูกค้าชั้นยอด (Champions),30.0,54.0,122887.45999999999,2275.6937037037037,6.0,0.75,0.004160747612051452,0.0,,ความเสี่ยงมาจากรูปแบบรวมหลายปัจจัย,โทรหาโดยพนักงานภายใน 48 ชม. + ข้อเสนอเฉพาะบุคคล
C11574,0.84149873,วิกฤต,3,ลูกค้าใหม่กำลังก่อตัว (New / Developing),17.0,3.0,5956.33,1985.4433333333334,3.0,3.0,0.08433181140371106,0.0,3.5,ความเสี่ยงมาจากรูปแบบรวมหลายปัจจัย,โทรหาโดยพนักงานภายใน 48 ชม. + ข้อเสนอเฉพาะบุคคล
C12814,0.84125906,วิกฤต,2,ลูกค้าห่างหายมูลค่าต่ำ (Dormant / Low-Value),260.0,5.0,1027.46,205.49200000000002,0.0,0.0,0.10018741351829472,0.0,,ไม่ซื้อมา 260 วัน · ความถี่ 90 วันล่าสุดลดลงชัดเจน · ไม่มีการซื้อเลยใน 90 วันล่าสุด · ซื้อเมื่อมีส่วนลดเป็นหลัก (10%),โทรหาโดยพนักงานภายใน 48 ชม. + ข้อเสนอเฉพาะบุคคล
C12971,0.84124583,วิกฤต,3,ลูกค้าใหม่กำลังก่อตัว (New / Developing),41.0,3.0,3357.2000000000003,1119.0666666666668,3.0,3.0,0.004374323462684796,0.0,,ความเสี่ยงมาจากรูปแบบรวมหลายปัจจัย,โทรหาโดยพนักงานภายใน 48 ชม. + ข้อเสนอเฉพาะบุคคล
C11073,0.84022707,วิกฤต,0,ลูกค้าคุณค่าสูงที่กำลังห่างหาย (At-Risk High-Value),23.0,13.0,11030.82,848.5246153846153,1.0,0.3333333333333333,0.06713112133836013,1.0,3.0,ความถี่ 90 วันล่าสุดลดลงชัดเจน · มีเรื่องร้องเรียนค้าง 1 เรื่อง,โทรหาโดยพนักงานภายใน 48 ชม. + ข้อเสนอเฉพาะบุคคล
C11320,0.8400367,วิกฤต,0,ลูกค้าคุณค่าสูงที่กำลังห่างหาย (At-Risk High-Value),96.0,17.0,9780.35,575.314705882353,0.0,0.0,0.04343603476369413,0.0,2.0,ไม่ซื้อมา 96 วัน · ความถี่ 90 วันล่าสุดลดลงชัดเจน · ไม่มีการซื้อเลยใน 90 วันล่าสุด · คะแนนความพึงพอใจต่ำ (2.0/5),โทรหาโดยพนักงานภายใน 48 ชม. + ข้อเสนอเฉพาะบุคคล
C12139,0.83966124,วิกฤต,0,ลูกค้าคุณค่าสูงที่กำลังห่างหาย (At-Risk High-Value),83.0,12.0,9780.36,815.0300000000001,1.0,0.25,0.040005182603335514,0.0,,ไม่ซื้อมา 83 วัน · ความถี่ 90 วันล่าสุดลดลงชัดเจน,โทรหาโดยพนักงานภายใน 48 ชม. + ข้อเสนอเฉพาะบุคคล
C10095,0.8391939,วิกฤต,2,ลูกค้าห่างหายมูลค่าต่ำ (Dormant / Low-Value),134.0,3.0,1709.1399999999999,569.7133333333333,0.0,0.0,0.0600599444551379,0.0,,ไม่ซื้อมา 134 วัน · ความถี่ 90 วันล่าสุดลดลงชัดเจน · ไม่มีการซื้อเลยใน 90 วันล่าสุด,โทรหาโดยพนักงานภายใน 48 ชม. + ข้อเสนอเฉพาะบุคคล
C12331,0.8383,วิกฤต,2,ลูกค้าห่างหายมูลค่าต่ำ (Dormant / Low-Value),26.0,3.0,1623.6699999999998,541.2233333333332,3.0,3.0,0.17019558540187765,0.0,,ซื้อเมื่อมีส่วนลดเป็นหลัก (17%),โทรหาโดยพนักงานภายใน 48 ชม. + ข้อเสนอเฉพาะบุคคล
C10229,0.8382911,วิกฤต,0,ลูกค้าคุณค่าสูงที่กำลังห่างหาย (At-Risk High-Value),43.0,12.0,23062.3,1921.8583333333333,3.0,1.0,0.04701239669421488,0.0,3.0,ความเสี่ยงมาจากรูปแบบรวมหลายปัจจัย,โทรหาโดยพนักงานภายใน 48 ชม. + ข้อเสนอเฉพาะบุคคล
C11467,0.8372267,วิกฤต,0,ลูกค้าคุณค่าสูงที่กำลังห่างหาย (At-Risk High-Value),127.0,6.0,5759.41,959.9016666666666,0.0,0.0,0.049084484950550636,0.0,,ไม่ซื้อมา 127 วัน · ความถี่ 90 วันล่าสุดลดลงชัดเจน · ไม่มีการซื้อเลยใน 90 วันล่าสุด,โทรหาโดยพนักงานภายใน 48 ชม. + ข้อเสนอเฉพาะบุคคล
C12217,0.8368391,วิกฤต,0,ลูกค้าคุณค่าสูงที่กำลังห่างหาย (At-Risk High-Value),38.0,10.0,8749.13,874.9129999999999,2.0,0.4,0.06986290010503621,0.0,2.0,ความถี่ 90 วันล่าสุดลดลงชัดเจน · คะแนนความพึงพอใจต่ำ (2.0/5),โทรหาโดยพนักงานภายใน 48 ชม. + ข้อเสนอเฉพาะบุคคล
C12355,0.83660865,วิกฤต,0,ลูกค้าคุณค่าสูงที่กำลังห่างหาย (At-Risk High-Value),153.0,5.0,4007.69,801.538,0.0,0.0,0.07767846046920525,0.0,,ไม่ซื้อมา 153 วัน · ความถี่ 90 วันล่าสุดลดลงชัดเจน · ไม่มีการซื้อเลยใน 90 วันล่าสุด,โทรหาโดยพนักงานภายใน 48 ชม. + ข้อเสนอเฉพาะบุคคล
C10995,0.8362178,วิกฤต,0,ลูกค้าคุณค่าสูงที่กำลังห่างหาย (At-Risk High-Value),59.0,16.0,19597.16,1224.8225,3.0,0.42857142857142855,0.03374541517249404,0.0,4.0,ความถี่ 90 วันล่าสุดลดลงชัดเจน,โทรหาโดยพนักงานภายใน 48 ชม. + ข้อเสนอเฉพาะบุคคล
C11608,0.83584064,วิกฤต,3,ลูกค้าใหม่กำลังก่อตัว (New / Developing),71.0,3.0,2186.37,728.79,1.0,0.3333333333333333,0.02641070856043604,0.0,3.0,ไม่ซื้อมา 71 วัน · ความถี่ 90 วันล่าสุดลดลงชัดเจน,โทรหาโดยพนักงานภายใน 48 ชม. + ข้อเสนอเฉพาะบุคคล
C12904,0.83281076,วิกฤต,2,ลูกค้าห่างหายมูลค่าต่ำ (Dormant / Low-Value),123.0,8.0,4848.56,606.07,0.0,0.0,0.06635831293795504,0.0,,ไม่ซื้อมา 123 วัน · ความถี่ 90 วันล่าสุดลดลงชัดเจน · ไม่มีการซื้อเลยใน 90 วันล่าสุด,โทรหาโดยพนักงานภายใน 48 ชม. + ข้อเสนอเฉพาะบุคคล
C11415,0.83184505,วิกฤต,3,ลูกค้าใหม่กำลังก่อตัว (New / Developing),29.0,3.0,2352.7,784.2333333333332,3.0,3.0,0.05628514813358898,0.0,,ความเสี่ยงมาจากรูปแบบรวมหลายปัจจัย,โทรหาโดยพนักงานภายใน 48 ชม. + ข้อเสนอเฉพาะบุคคล
C10496,0.8314191,วิกฤต,0,ลูกค้าคุณค่าสูงที่กำลังห่างหาย (At-Risk High-Value),61.0,10.0,10091.54,1009.1540000000001,1.0,0.16666666666666666,0.05961451010503872,0.0,4.0,ไม่ซื้อมา 61 วัน · ความถี่ 90 วันล่าสุดลดลงชัดเจน,โทรหาโดยพนักงานภายใน 48 ชม. + ข้อเสนอเฉพาะบุคคล
C10801,0.8297806,วิกฤต,3,ลูกค้าใหม่กำลังก่อตัว (New / Developing),45.0,3.0,4171.11,1390.37,3.0,3.0,0.029577222304943418,0.0,,ความเสี่ยงมาจากรูปแบบรวมหลายปัจจัย,โทรหาโดยพนักงานภายใน 48 ชม. + ข้อเสนอเฉพาะบุคคล
C10366,0.8294208,วิกฤต,0,ลูกค้าคุณค่าสูงที่กำลังห่างหาย (At-Risk High-Value),69.0,23.0,31308.43,1361.2360869565218,2.0,0.2857142857142857,0.012754427140240361,0.0,5.0,ไม่ซื้อมา 69 วัน · ความถี่ 90 วันล่าสุดลดลงชัดเจน,โทรหาโดยพนักงานภายใน 48 ชม. + ข้อเสนอเฉพาะบุคคล
C11402,0.8293131,วิกฤต,0,ลูกค้าคุณค่าสูงที่กำลังห่างหาย (At-Risk High-Value),102.0,8.0,7031.81,878.97625,0.0,0.0,0.05689749518511166,0.0,,ไม่ซื้อมา 102 วัน · ความถี่ 90 วันล่าสุดลดลงชัดเจน · ไม่มีการซื้อเลยใน 90 วันล่าสุด,โทรหาโดยพนักงานภายใน 48 ชม. + ข้อเสนอเฉพาะบุคคล
C12066,0.8291694,วิกฤต,0,ลูกค้าคุณค่าสูงที่กำลังห่างหาย (At-Risk High-Value),27.0,23.0,21567.31,937.7091304347827,3.0,1.5,0.08928447764773842,0.0,,ความเสี่ยงมาจากรูปแบบรวมหลายปัจจัย,โทรหาโดยพนักงานภายใน 48 ชม. + ข้อเสนอเฉพาะบุคคล
C11277,0.8284771,วิกฤต,0,ลูกค้าคุณค่าสูงที่กำลังห่างหาย (At-Risk High-Value),30.0,32.0,33718.13,1053.6915625,5.0,0.7142857142857143,0.07570560851933093,0.0,4.0,ความเสี่ยงมาจากรูปแบบรวมหลายปัจจัย,โทรหาโดยพนักงานภายใน 48 ชม. + ข้อเสนอเฉพาะบุคคล
C10126,0.8278212,วิกฤต,2,ลูกค้าห่างหายมูลค่าต่ำ (Dormant / Low-Value),156.0,3.0,761.0799999999999,253.6933333333333,0.0,0.0,0.11529072605956339,0.0,,ไม่ซื้อมา 156 วัน · ความถี่ 90 วันล่าสุดลดลงชัดเจน · ไม่มีการซื้อเลยใน 90 วันล่าสุด · ซื้อเมื่อมีส่วนลดเป็นหลัก (12%),โทรหาโดยพนักงานภายใน 48 ชม. + ข้อเสนอเฉพาะบุคคล
C12261,0.82761174,วิกฤต,2,ลูกค้าห่างหายมูลค่าต่ำ (Dormant / Low-Value),167.0,3.0,958.8699999999999,319.6233333333333,0.0,0.0,0.06069570839414986,0.0,,ไม่ซื้อมา 167 วัน · ความถี่ 90 วันล่าสุดลดลงชัดเจน · ไม่มีการซื้อเลยใน 90 วันล่าสุด,โทรหาโดยพนักงานภายใน 48 ชม. + ข้อเสนอเฉพาะบุคคล
C12295,0.8271397,วิกฤต,0,ลูกค้าคุณค่าสูงที่กำลังห่างหาย (At-Risk High-Value),35.0,21.0,24729.43,1177.5919047619047,5.0,1.0,0.09102226881366299,0.0,3.0,ความเสี่ยงมาจากรูปแบบรวมหลายปัจจัย,โทรหาโดยพนักงานภายใน 48 ชม. + ข้อเสนอเฉพาะบุคคล
C11803,0.8265874,วิกฤต,0,ลูกค้าคุณค่าสูงที่กำลังห่างหาย (At-Risk High-Value),68.0,23.0,33753.82,1467.557391304348,2.0,0.3333333333333333,0.0292894224940096,0.0,3.0,ไม่ซื้อมา 68 วัน · ความถี่ 90 วันล่าสุดลดลงชัดเจน,โทรหาโดยพนักงานภายใน 48 ชม. + ข้อเสนอเฉพาะบุคคล
C12001,0.8259341,วิกฤต,0,ลูกค้าคุณค่าสูงที่กำลังห่างหาย (At-Risk High-Value),19.0,22.0,25302.2,1150.1000000000001,1.0,0.1111111111111111,0.05751946537318425,0.0,3.0,ความถี่ 90 วันล่าสุดลดลงชัดเจน,โทรหาโดยพนักงานภายใน 48 ชม. + ข้อเสนอเฉพาะบุคคล
C12935,0.8258138,วิกฤต,0,ลูกค้าคุณค่าสูงที่กำลังห่างหาย (At-Risk High-Value),72.0,10.0,8497.7,849.7700000000001,2.0,0.4,0.01315644310352236,0.0,2.0,ไม่ซื้อมา 72 วัน · ความถี่ 90 วันล่าสุดลดลงชัดเจน · คะแนนความพึงพอใจต่ำ (2.0/5),โทรหาโดยพนักงานภายใน 48 ชม. + ข้อเสนอเฉพาะบุคคล
C10858,0.82431,วิกฤต,0,ลูกค้าคุณค่าสูงที่กำลังห่างหาย (At-Risk High-Value),65.0,20.0,24747.33,1237.3665,2.0,0.6666666666666666,0.02834400568843267,0.0,,ไม่ซื้อมา 65 วัน,โทรหาโดยพนักงานภายใน 48 ชม. + ข้อเสนอเฉพาะบุคคล
C12507,0.82414085,วิกฤต,0,ลูกค้าคุณค่าสูงที่กำลังห่างหาย (At-Risk High-Value),21.0,22.0,28868.25,1312.1931818181818,3.0,1.0,0.0709254780421633,0.0,,ความเสี่ยงมาจากรูปแบบรวมหลายปัจจัย,โทรหาโดยพนักงานภายใน 48 ชม. + ข้อเสนอเฉพาะบุคคล
C12057,0.82374024,วิกฤต,3,ลูกค้าใหม่กำลังก่อตัว (New / Developing),15.0,3.0,1355.9399999999998,451.97999999999996,3.0,3.0,0.003981312804842217,0.0,,ความเสี่ยงมาจากรูปแบบรวมหลายปัจจัย,โทรหาโดยพนักงานภายใน 48 ชม. + ข้อเสนอเฉพาะบุคคล
C10013,0.8233059,วิกฤต,0,ลูกค้าคุณค่าสูงที่กำลังห่างหาย (At-Risk High-Value),35.0,21.0,38023.81,1810.657619047619,1.0,0.14285714285714285,0.027575522216598765,0.0,,ความถี่ 90 วันล่าสุดลดลงชัดเจน,โทรหาโดยพนักงานภายใน 48 ชม. + ข้อเสนอเฉพาะบุคคล
C11930,0.8230663,วิกฤต,3,ลูกค้าใหม่กำลังก่อตัว (New / Developing),74.0,4.0,7435.49,1858.8725,2.0,1.0,0.010380010328103624,0.0,3.0,ไม่ซื้อมา 74 วัน,โทรหาโดยพนักงานภายใน 48 ชม. + ข้อเสนอเฉพาะบุคคล
C11957,0.82293963,วิกฤต,0,ลูกค้าคุณค่าสูงที่กำลังห่างหาย (At-Risk High-Value),10.0,19.0,26920.77,1416.8826315789474,5.0,0.7142857142857143,0.06465248421125046,0.0,4.0,ความเสี่ยงมาจากรูปแบบรวมหลายปัจจัย,โทรหาโดยพนักงานภายใน 48 ชม. + ข้อเสนอเฉพาะบุคคล
C12597,0.8228034,วิกฤต,2,ลูกค้าห่างหายมูลค่าต่ำ (Dormant / Low-Value),130.0,9.0,6484.62,720.5133333333333,0.0,0.0,0.08052310454008572,0.0,4.0,ไม่ซื้อมา 130 วัน · ความถี่ 90 วันล่าสุดลดลงชัดเจน · ไม่มีการซื้อเลยใน 90 วันล่าสุด,โทรหาโดยพนักงานภายใน 48 ชม. + ข้อเสนอเฉพาะบุคคล
C12408,0.8213931,วิกฤต,0,ลูกค้าคุณค่าสูงที่กำลังห่างหาย (At-Risk High-Value),30.0,22.0,26656.93,1211.6786363636363,5.0,1.0,0.04731862213398759,0.0,,ความเสี่ยงมาจากรูปแบบรวมหลายปัจจัย,โทรหาโดยพนักงานภายใน 48 ชม. + ข้อเสนอเฉพาะบุคคล
C12962,0.8205165,วิกฤต,0,ลูกค้าคุณค่าสูงที่กำลังห่างหาย (At-Risk High-Value),67.0,11.0,10788.73,980.7936363636363,1.0,0.3333333333333333,0.018617534156857754,0.0,4.0,ไม่ซื้อมา 67 วัน · ความถี่ 90 วันล่าสุดลดลงชัดเจน,โทรหาโดยพนักงานภายใน 48 ชม. + ข้อเสนอเฉพาะบุคคล
C11686,0.820404,วิกฤต,3,ลูกค้าใหม่กำลังก่อตัว (New / Developing),20.0,3.0,1546.98,515.66,3.0,3.0,0.0,0.0,,ความเสี่ยงมาจากรูปแบบรวมหลายปัจจัย,โทรหาโดยพนักงานภายใน 48 ชม. + ข้อเสนอเฉพาะบุคคล
C11036,0.8192744,วิกฤต,0,ลูกค้าคุณค่าสูงที่กำลังห่างหาย (At-Risk High-Value),34.0,18.0,18982.27,1054.5705555555555,3.0,0.75,0.07848182258187449,0.0,,ความเสี่ยงมาจากรูปแบบรวมหลายปัจจัย,โทรหาโดยพนักงานภายใน 48 ชม. + ข้อเสนอเฉพาะบุคคล
C12732,0.818733,วิกฤต,0,ลูกค้าคุณค่าสูงที่กำลังห่างหาย (At-Risk High-Value),37.0,18.0,29995.78,1666.4322222222222,3.0,1.0,0.014263964011629379,1.0,3.0,มีเรื่องร้องเรียนค้าง 1 เรื่อง,โทรหาโดยพนักงานภายใน 48 ชม. + ข้อเสนอเฉพาะบุคคล
C11162,0.8186308,วิกฤต,0,ลูกค้าคุณค่าสูงที่กำลังห่างหาย (At-Risk High-Value),58.0,10.0,9598.22,959.8219999999999,3.0,1.5,0.08128146715929321,0.0,,ความเสี่ยงมาจากรูปแบบรวมหลายปัจจัย,โทรหาโดยพนักงานภายใน 48 ชม. + ข้อเสนอเฉพาะบุคคล
C10543,0.8181811,วิกฤต,0,ลูกค้าคุณค่าสูงที่กำลังห่างหาย (At-Risk High-Value),59.0,18.0,25694.95,1427.4972222222223,2.0,0.3333333333333333,0.009512094615196916,0.0,,ความถี่ 90 วันล่าสุดลดลงชัดเจน,โทรหาโดยพนักงานภายใน 48 ชม. + ข้อเสนอเฉพาะบุคคล
C10535,0.8171534,วิกฤต,3,ลูกค้าใหม่กำลังก่อตัว (New / Developing),31.0,3.0,4261.8099999999995,1420.6033333333332,2.0,1.0,0.034144141489913814,0.0,2.0,คะแนนความพึงพอใจต่ำ (2.0/5),โทรหาโดยพนักงานภายใน 48 ชม. + ข้อเสนอเฉพาะบุคคล
C12949,0.8168937,วิกฤต,3,ลูกค้าใหม่กำลังก่อตัว (New / Developing),44.0,7.0,9581.7,1368.814285714286,2.0,0.6666666666666666,0.014606534735127364,0.0,5.0,ความเสี่ยงมาจากรูปแบบรวมหลายปัจจัย,โทรหาโดยพนักงานภายใน 48 ชม. + ข้อเสนอเฉพาะบุคคล
C12121,0.8167664,วิกฤต,0,ลูกค้าคุณค่าสูงที่กำลังห่างหาย (At-Risk High-Value),20.0,26.0,26180.62,1006.946923076923,1.0,0.125,0.03217015361809333,0.0,2.0,ความถี่ 90 วันล่าสุดลดลงชัดเจน · คะแนนความพึงพอใจต่ำ (2.0/5),โทรหาโดยพนักงานภายใน 48 ชม. + ข้อเสนอเฉพาะบุคคล
C11477,0.8167664,วิกฤต,0,ลูกค้าคุณค่าสูงที่กำลังห่างหาย (At-Risk High-Value),26.0,15.0,12118.53,807.902,3.0,0.75,0.07700761865737062,0.0,2.0,คะแนนความพึงพอใจต่ำ (2.0/5),โทรหาโดยพนักงานภายใน 48 ชม. + ข้อเสนอเฉพาะบุคคล
C11056,0.81577843,วิกฤต,3,ลูกค้าใหม่กำลังก่อตัว (New / Developing),3.0,3.0,1622.8899999999999,540.9633333333333,3.0,3.0,0.043197575700405624,0.0,,ความเสี่ยงมาจากรูปแบบรวมหลายปัจจัย,โทรหาโดยพนักงานภายใน 48 ชม. + ข้อเสนอเฉพาะบุคคล
C10025,0.8152547,วิกฤต,0,ลูกค้าคุณค่าสูงที่กำลังห่างหาย (At-Risk High-Value),12.0,25.0,29982.52,1199.3008,5.0,1.25,0.05343297444894256,0.0,,ความเสี่ยงมาจากรูปแบบรวมหลายปัจจัย,โทรหาโดยพนักงานภายใน 48 ชม. + ข้อเสนอเฉพาะบุคคล
C12506,0.8141617,วิกฤต,2,ลูกค้าห่างหายมูลค่าต่ำ (Dormant / Low-Value),196.0,8.0,3794.4900000000002,474.31125000000003,0.0,0.0,0.004097005327944148,0.0,,ไม่ซื้อมา 196 วัน · ความถี่ 90 วันล่าสุดลดลงชัดเจน · ไม่มีการซื้อเลยใน 90 วันล่าสุด,โทรหาโดยพนักงานภายใน 48 ชม. + ข้อเสนอเฉพาะบุคคล
C10838,0.81313336,วิกฤต,0,ลูกค้าคุณค่าสูงที่กำลังห่างหาย (At-Risk High-Value),42.0,19.0,11764.52,619.1852631578947,2.0,0.4,0.056061711129458416,0.0,2.5,ความถี่ 90 วันล่าสุดลดลงชัดเจน,โทรหาโดยพนักงานภายใน 48 ชม. + ข้อเสนอเฉพาะบุคคล
C12632,0.81226206,วิกฤต,0,ลูกค้าคุณค่าสูงที่กำลังห่างหาย (At-Risk High-Value),45.0,22.0,22598.0,1027.1818181818182,2.0,0.6666666666666666,0.03233900935288581,0.0,,ความเสี่ยงมาจากรูปแบบรวมหลายปัจจัย,โทรหาโดยพนักงานภายใน 48 ชม. + ข้อเสนอเฉพาะบุคคล
C10435,0.80913264,วิกฤต,2,ลูกค้าห่างหายมูลค่าต่ำ (Dormant / Low-Value),143.0,3.0,1010.82,336.94,0.0,0.0,0.042521146905873775,0.0,,ไม่ซื้อมา 143 วัน · ความถี่ 90 วันล่าสุดลดลงชัดเจน · ไม่มีการซื้อเลยใน 90 วันล่าสุด,โทรหาโดยพนักงานภายใน 48 ชม. + ข้อเสนอเฉพาะบุคคล
C10978,0.80856985,วิกฤต,2,ลูกค้าห่างหายมูลค่าต่ำ (Dormant / Low-Value),101.0,3.0,1471.1599999999999,490.3866666666666,0.0,0.0,0.09473204890745855,0.0,,ไม่ซื้อมา 101 วัน · ความถี่ 90 วันล่าสุดลดลงชัดเจน · ไม่มีการซื้อเลยใน 90 วันล่าสุด,โทรหาโดยพนักงานภายใน 48 ชม. + ข้อเสนอเฉพาะบุคคล
C12354,0.8085265,วิกฤต,0,ลูกค้าคุณค่าสูงที่กำลังห่างหาย (At-Risk High-Value),98.0,7.0,8212.27,1173.1814285714286,0.0,0.0,0.05307429409539975,0.0,,ไม่ซื้อมา 98 วัน · ความถี่ 90 วันล่าสุดลดลงชัดเจน · ไม่มีการซื้อเลยใน 90 วันล่าสุด,โทรหาโดยพนักงานภายใน 48 ชม. + ข้อเสนอเฉพาะบุคคล
C11721,0.8078347,วิกฤต,0,ลูกค้าคุณค่าสูงที่กำลังห่างหาย (At-Risk High-Value),50.0,25.0,27272.16,1090.8864,2.0,0.5,0.04215618957975165,0.0,,ความถี่ 90 วันล่าสุดลดลงชัดเจน,โทรหาโดยพนักงานภายใน 48 ชม. + ข้อเสนอเฉพาะบุคคล
C11863,0.8075271,วิกฤต,3,ลูกค้าใหม่กำลังก่อตัว (New / Developing),27.0,3.0,4991.41,1663.8033333333333,3.0,3.0,0.03672718711161545,0.0,,ความเสี่ยงมาจากรูปแบบรวมหลายปัจจัย,โทรหาโดยพนักงานภายใน 48 ชม. + ข้อเสนอเฉพาะบุคคล
C12286,0.80705106,วิกฤต,2,ลูกค้าห่างหายมูลค่าต่ำ (Dormant / Low-Value),86.0,3.0,974.86,324.9533333333333,1.0,1.0,0.03939537266958338,0.0,3.0,ไม่ซื้อมา 86 วัน,โทรหาโดยพนักงานภายใน 48 ชม. + ข้อเสนอเฉพาะบุคคล
C11137,0.8069124,วิกฤต,2,ลูกค้าห่างหายมูลค่าต่ำ (Dormant / Low-Value),85.0,7.0,2548.85,364.12142857142857,1.0,0.3333333333333333,0.03208105326715603,0.0,1.0,ไม่ซื้อมา 85 วัน · ความถี่ 90 วันล่าสุดลดลงชัดเจน · คะแนนความพึงพอใจต่ำ (1.0/5),โทรหาโดยพนักงานภายใน 48 ชม. + ข้อเสนอเฉพาะบุคคล
C12424,0.80654657,วิกฤต,0,ลูกค้าคุณค่าสูงที่กำลังห่างหาย (At-Risk High-Value),37.0,15.0,25138.34,1675.8893333333333,5.0,0.8333333333333334,0.039197520247363726,0.0,4.0,ความเสี่ยงมาจากรูปแบบรวมหลายปัจจัย,โทรหาโดยพนักงานภายใน 48 ชม. + ข้อเสนอเฉพาะบุคคล
C10030,0.80323577,วิกฤต,0,ลูกค้าคุณค่าสูงที่กำลังห่างหาย (At-Risk High-Value),44.0,16.0,25962.440000000002,1622.6525000000001,3.0,1.0,0.029045491076921465,0.0,3.6666666666666665,ความเสี่ยงมาจากรูปแบบรวมหลายปัจจัย,โทรหาโดยพนักงานภายใน 48 ชม. + ข้อเสนอเฉพาะบุคคล
C10612,0.8016477,วิกฤต,0,ลูกค้าคุณค่าสูงที่กำลังห่างหาย (At-Risk High-Value),213.0,9.0,6500.4,722.2666666666667,0.0,0.0,0.021424958450755115,1.0,2.5,ไม่ซื้อมา 213 วัน · ความถี่ 90 วันล่าสุดลดลงชัดเจน · ไม่มีการซื้อเลยใน 90 วันล่าสุด · มีเรื่องร้องเรียนค้าง 1 เรื่อง,โทรหาโดยพนักงานภายใน 48 ชม. + ข้อเสนอเฉพาะบุคคล
C10693,0.8015407,วิกฤต,3,ลูกค้าใหม่กำลังก่อตัว (New / Developing),2.0,3.0,1824.23,608.0766666666667,3.0,3.0,0.002826063190116978,0.0,1.0,คะแนนความพึงพอใจต่ำ (1.0/5),โทรหาโดยพนักงานภายใน 48 ชม. + ข้อเสนอเฉพาะบุคคล
C12720,0.8013865,วิกฤต,2,ลูกค้าห่างหายมูลค่าต่ำ (Dormant / Low-Value),291.0,2.0,1620.57,810.285,0.0,0.0,0.011298952467527714,1.0,3.5,ไม่ซื้อมา 291 วัน · ความถี่ 90 วันล่าสุดลดลงชัดเจน · ไม่มีการซื้อเลยใน 90 วันล่าสุด · มีเรื่องร้องเรียนค้าง 1 เรื่อง,โทรหาโดยพนักงานภายใน 48 ชม. + ข้อเสนอเฉพาะบุคคล
C11058,0.8007369,วิกฤต,0,ลูกค้าคุณค่าสูงที่กำลังห่างหาย (At-Risk High-Value),36.0,17.0,18096.0,1064.4705882352941,4.0,0.6666666666666666,0.08507868292991215,0.0,,ความเสี่ยงมาจากรูปแบบรวมหลายปัจจัย,โทรหาโดยพนักงานภายใน 48 ชม. + ข้อเสนอเฉพาะบุคคล
C11684,0.79961675,วิกฤต,2,ลูกค้าห่างหายมูลค่าต่ำ (Dormant / Low-Value),49.0,3.0,1338.6599999999999,446.21999999999997,3.0,3.0,0.0,0.0,,ความเสี่ยงมาจากรูปแบบรวมหลายปัจจัย,โทรหาโดยพนักงานภายใน 48 ชม. + ข้อเสนอเฉพาะบุคคล
C10507,0.7994614,วิกฤต,0,ลูกค้าคุณค่าสูงที่กำลังห่างหาย (At-Risk High-Value),50.0,12.0,6818.1,568.1750000000001,2.0,1.0,0.02495216357910814,0.0,2.0,คะแนนความพึงพอใจต่ำ (2.0/5),โทรหาโดยพนักงานภายใน 48 ชม. + ข้อเสนอเฉพาะบุคคล
C12145,0.7987569,วิกฤต,0,ลูกค้าคุณค่าสูงที่กำลังห่างหาย (At-Risk High-Value),64.0,9.0,8019.15,891.0166666666667,2.0,0.4,0.047454164266242216,0.0,,ไม่ซื้อมา 64 วัน · ความถี่ 90 วันล่าสุดลดลงชัดเจน,โทรหาโดยพนักงานภายใน 48 ชม. + ข้อเสนอเฉพาะบุคคล
C12517,0.7974458,วิกฤต,2,ลูกค้าห่างหายมูลค่าต่ำ (Dormant / Low-Value),56.0,3.0,1538.32,512.7733333333333,1.0,0.3333333333333333,0.1304357656847948,0.0,,ความถี่ 90 วันล่าสุดลดลงชัดเจน · ซื้อเมื่อมีส่วนลดเป็นหลัก (13%),โทรหาโดยพนักงานภายใน 48 ชม. + ข้อเสนอเฉพาะบุคคล
C10839,0.7966816,วิกฤต,3,ลูกค้าใหม่กำลังก่อตัว (New / Developing),0.0,3.0,3701.5899999999997,1233.8633333333332,3.0,3.0,0.0,0.0,,ความเสี่ยงมาจากรูปแบบรวมหลายปัจจัย,โทรหาโดยพนักงานภายใน 48 ชม. + ข้อเสนอเฉพาะบุคคล
C11703,0.7938166,วิกฤต,3,ลูกค้าใหม่กำลังก่อตัว (New / Developing),188.0,3.0,1397.22,465.74,0.0,0.0,0.01855116849181318,0.0,,ไม่ซื้อมา 188 วัน · ความถี่ 90 วันล่าสุดลดลงชัดเจน · ไม่มีการซื้อเลยใน 90 วันล่าสุด,โทรหาโดยพนักงานภายใน 48 ชม. + ข้อเสนอเฉพาะบุคคล
C12842,0.79268754,วิกฤต,3,ลูกค้าใหม่กำลังก่อตัว (New / Developing),36.0,3.0,4203.950000000001,1401.3166666666668,2.0,1.0,0.007783937898431174,1.0,4.0,มีเรื่องร้องเรียนค้าง 1 เรื่อง,โทรหาโดยพนักงานภายใน 48 ชม. + ข้อเสนอเฉพาะบุคคล
C12966,0.7923792,วิกฤต,1,ลูกค้าชั้นยอด (Champions),39.0,19.0,22369.82,1177.358947368421,1.0,0.2,0.042113516242451285,0.0,4.5,ความถี่ 90 วันล่าสุดลดลงชัดเจน,โทรหาโดยพนักงานภายใน 48 ชม. + ข้อเสนอเฉพาะบุคคล
C11557,0.79200685,วิกฤต,2,ลูกค้าห่างหายมูลค่าต่ำ (Dormant / Low-Value),92.0,4.0,1877.03,469.2575,0.0,0.0,0.08160249729671545,2.0,2.0,ไม่ซื้อมา 92 วัน · ความถี่ 90 วันล่าสุดลดลงชัดเจน · ไม่มีการซื้อเลยใน 90 วันล่าสุด · คะแนนความพึงพอใจต่ำ (2.0/5) · มีเรื่องร้องเรียนค้าง 2 เรื่อง,โทรหาโดยพนักงานภายใน 48 ชม. + ข้อเสนอเฉพาะบุคคล
C11251,0.7910864,วิกฤต,0,ลูกค้าคุณค่าสูงที่กำลังห่างหาย (At-Risk High-Value),43.0,24.0,27188.31,1132.84625,1.0,0.14285714285714285,0.03612743761648108,0.0,3.0,ความถี่ 90 วันล่าสุดลดลงชัดเจน,โทรหาโดยพนักงานภายใน 48 ชม. + ข้อเสนอเฉพาะบุคคล
C11298,0.7902826,วิกฤต,2,ลูกค้าห่างหายมูลค่าต่ำ (Dormant / Low-Value),49.0,4.0,1370.19,342.5475,1.0,0.5,0.08474610236062684,0.0,2.0,ความถี่ 90 วันล่าสุดลดลงชัดเจน · คะแนนความพึงพอใจต่ำ (2.0/5),โทรหาโดยพนักงานภายใน 48 ชม. + ข้อเสนอเฉพาะบุคคล
C12144,0.78979635,วิกฤต,2,ลูกค้าห่างหายมูลค่าต่ำ (Dormant / Low-Value),227.0,9.0,2608.92,289.88,0.0,0.0,0.10706022479909096,0.0,,ไม่ซื้อมา 227 วัน · ความถี่ 90 วันล่าสุดลดลงชัดเจน · ไม่มีการซื้อเลยใน 90 วันล่าสุด · ซื้อเมื่อมีส่วนลดเป็นหลัก (11%),โทรหาโดยพนักงานภายใน 48 ชม. + ข้อเสนอเฉพาะบุคคล
C11908,0.7879622,วิกฤต,3,ลูกค้าใหม่กำลังก่อตัว (New / Developing),24.0,3.0,4125.03,1375.01,2.0,1.0,0.00457289851784999,1.0,4.0,มีเรื่องร้องเรียนค้าง 1 เรื่อง,โทรหาโดยพนักงานภายใน 48 ชม. + ข้อเสนอเฉพาะบุคคล
C12642,0.7879204,วิกฤต,2,ลูกค้าห่างหายมูลค่าต่ำ (Dormant / Low-Value),80.0,9.0,4993.22,554.8022222222222,1.0,0.3333333333333333,0.055693296341894696,0.0,1.0,ไม่ซื้อมา 80 วัน · ความถี่ 90 วันล่าสุดลดลงชัดเจน · คะแนนความพึงพอใจต่ำ (1.0/5),โทรหาโดยพนักงานภายใน 48 ชม. + ข้อเสนอเฉพาะบุคคล
C10676,0.78630793,วิกฤต,0,ลูกค้าคุณค่าสูงที่กำลังห่างหาย (At-Risk High-Value),31.0,18.0,19026.73,1057.0405555555556,2.0,0.5,0.03519824429652445,0.0,,ความถี่ 90 วันล่าสุดลดลงชัดเจน,โทรหาโดยพนักงานภายใน 48 ชม. + ข้อเสนอเฉพาะบุคคล
C10900,0.7862304,วิกฤต,0,ลูกค้าคุณค่าสูงที่กำลังห่างหาย (At-Risk High-Value),127.0,12.0,9270.73,772.5608333333333,0.0,0.0,0.02124171103460435,0.0,,ไม่ซื้อมา 127 วัน · ความถี่ 90 วันล่าสุดลดลงชัดเจน · ไม่มีการซื้อเลยใน 90 วันล่าสุด,โทรหาโดยพนักงานภายใน 48 ชม. + ข้อเสนอเฉพาะบุคคล
C10244,0.7860442,วิกฤต,3,ลูกค้าใหม่กำลังก่อตัว (New / Developing),22.0,3.0,4779.889999999999,1593.2966666666664,3.0,3.0,0.009774045124682261,0.0,,ความเสี่ยงมาจากรูปแบบรวมหลายปัจจัย,โทรหาโดยพนักงานภายใน 48 ชม. + ข้อเสนอเฉพาะบุคคล
C11921,0.7853336,วิกฤต,3,ลูกค้าใหม่กำลังก่อตัว (New / Developing),67.0,3.0,2805.78,935.2600000000001,2.0,1.0,0.04141441749231295,0.0,,ไม่ซื้อมา 67 วัน,โทรหาโดยพนักงานภายใน 48 ชม. + ข้อเสนอเฉพาะบุคคล
C11595,0.78474766,วิกฤต,0,ลูกค้าคุณค่าสูงที่กำลังห่างหาย (At-Risk High-Value),12.0,30.0,46413.24,1547.108,5.0,1.25,0.04787689934375584,0.0,4.0,ความเสี่ยงมาจากรูปแบบรวมหลายปัจจัย,โทรหาโดยพนักงานภายใน 48 ชม. + ข้อเสนอเฉพาะบุคคล
C12803,0.78088444,วิกฤต,2,ลูกค้าห่างหายมูลค่าต่ำ (Dormant / Low-Value),46.0,3.0,2101.01,700.3366666666667,1.0,0.5,0.05365877827524391,2.0,4.0,ความถี่ 90 วันล่าสุดลดลงชัดเจน · มีเรื่องร้องเรียนค้าง 2 เรื่อง,โทรหาโดยพนักงานภายใน 48 ชม. + ข้อเสนอเฉพาะบุคคล
C10391,0.7802326,วิกฤต,2,ลูกค้าห่างหายมูลค่าต่ำ (Dormant / Low-Value),57.0,4.0,2214.99,553.7475,1.0,1.0,0.1074095416940355,0.0,,ซื้อเมื่อมีส่วนลดเป็นหลัก (11%),โทรหาโดยพนักงานภายใน 48 ชม. + ข้อเสนอเฉพาะบุคคล
C11688,0.7791199,วิกฤต,0,ลูกค้าคุณค่าสูงที่กำลังห่างหาย (At-Risk High-Value),13.0,14.0,16785.57,1198.9692857142857,2.0,0.2857142857142857,0.029920882143868514,1.0,4.0,ความถี่ 90 วันล่าสุดลดลงชัดเจน · มีเรื่องร้องเรียนค้าง 1 เรื่อง,โทรหาโดยพนักงานภายใน 48 ชม. + ข้อเสนอเฉพาะบุคคล
C10792,0.7781172,วิกฤต,2,ลูกค้าห่างหายมูลค่าต่ำ (Dormant / Low-Value),46.0,7.0,2561.62,365.94571428571425,1.0,1.0,0.1294379929923296,1.0,4.0,มีเรื่องร้องเรียนค้าง 1 เรื่อง · ซื้อเมื่อมีส่วนลดเป็นหลัก (13%),โทรหาโดยพนักงานภายใน 48 ชม. + ข้อเสนอเฉพาะบุคคล
C10143,0.777446,วิกฤต,3,ลูกค้าใหม่กำลังก่อตัว (New / Developing),18.0,3.0,1918.73,639.5766666666667,3.0,3.0,0.027555623131113472,0.0,,ความเสี่ยงมาจากรูปแบบรวมหลายปัจจัย,โทรหาโดยพนักงานภายใน 48 ชม. + ข้อเสนอเฉพาะบุคคล
C10960,0.776907,วิกฤต,0,ลูกค้าคุณค่าสูงที่กำลังห่างหาย (At-Risk High-Value),67.0,11.0,9727.33,884.3027272727272,2.0,0.5,0.06616227508061721,0.0,3.0,ไม่ซื้อมา 67 วัน · ความถี่ 90 วันล่าสุดลดลงชัดเจน,โทรหาโดยพนักงานภายใน 48 ชม. + ข้อเสนอเฉพาะบุคคล
C11829,0.7753352,วิกฤต,2,ลูกค้าห่างหายมูลค่าต่ำ (Dormant / Low-Value),429.0,3.0,1076.51,358.83666666666664,0.0,0.0,0.09949391442553013,0.0,,ไม่ซื้อมา 429 วัน · ความถี่ 90 วันล่าสุดลดลงชัดเจน · ไม่มีการซื้อเลยใน 90 วันล่าสุด,โทรหาโดยพนักงานภายใน 48 ชม. + ข้อเสนอเฉพาะบุคคล
C10664,0.7751704,วิกฤต,0,ลูกค้าคุณค่าสูงที่กำลังห่างหาย (At-Risk High-Value),31.0,22.0,23297.27,1058.966818181818,3.0,1.0,0.02804360215040306,0.0,,ความเสี่ยงมาจากรูปแบบรวมหลายปัจจัย,โทรหาโดยพนักงานภายใน 48 ชม. + ข้อเสนอเฉพาะบุคคล
C10901,0.77516,วิกฤต,0,ลูกค้าคุณค่าสูงที่กำลังห่างหาย (At-Risk High-Value),21.0,23.0,25527.73,1109.901304347826,3.0,0.42857142857142855,0.06005643108547914,1.0,3.0,ความถี่ 90 วันล่าสุดลดลงชัดเจน · มีเรื่องร้องเรียนค้าง 1 เรื่อง,โทรหาโดยพนักงานภายใน 48 ชม. + ข้อเสนอเฉพาะบุคคล
C11650,0.77469915,วิกฤต,2,ลูกค้าห่างหายมูลค่าต่ำ (Dormant / Low-Value),118.0,6.0,2989.66,498.27666666666664,0.0,0.0,0.04356282971242838,0.0,,ไม่ซื้อมา 118 วัน · ความถี่ 90 วันล่าสุดลดลงชัดเจน · ไม่มีการซื้อเลยใน 90 วันล่าสุด,โทรหาโดยพนักงานภายใน 48 ชม. + ข้อเสนอเฉพาะบุคคล
C11872,0.7742902,วิกฤต,0,ลูกค้าคุณค่าสูงที่กำลังห่างหาย (At-Risk High-Value),85.0,12.0,6975.13,581.2608333333334,1.0,0.3333333333333333,0.06557467091425953,0.0,4.0,ไม่ซื้อมา 85 วัน · ความถี่ 90 วันล่าสุดลดลงชัดเจน,โทรหาโดยพนักงานภายใน 48 ชม. + ข้อเสนอเฉพาะบุคคล
C11346,0.773493,วิกฤต,0,ลูกค้าคุณค่าสูงที่กำลังห่างหาย (At-Risk High-Value),101.0,15.0,10456.0,697.0666666666667,0.0,0.0,0.03184288743414291,0.0,,ไม่ซื้อมา 101 วัน · ความถี่ 90 วันล่าสุดลดลงชัดเจน · ไม่มีการซื้อเลยใน 90 วันล่าสุด,โทรหาโดยพนักงานภายใน 48 ชม. + ข้อเสนอเฉพาะบุคคล
C11691,0.7730806,วิกฤต,2,ลูกค้าห่างหายมูลค่าต่ำ (Dormant / Low-Value),60.0,3.0,1046.56,348.8533333333333,1.0,0.3333333333333333,0.06274292059966687,0.0,3.0,ความถี่ 90 วันล่าสุดลดลงชัดเจน,โทรหาโดยพนักงานภายใน 48 ชม. + ข้อเสนอเฉพาะบุคคล
C12652,0.77199197,วิกฤต,1,ลูกค้าชั้นยอด (Champions),31.0,11.0,19299.37,1754.4881818181818,1.0,0.25,0.0260325275381891,0.0,,ความถี่ 90 วันล่าสุดลดลงชัดเจน,โทรหาโดยพนักงานภายใน 48 ชม. + ข้อเสนอเฉพาะบุคคล
C11018,0.7709646,วิกฤต,3,ลูกค้าใหม่กำลังก่อตัว (New / Developing),24.0,3.0,2255.85,751.9499999999999,3.0,3.0,0.011268605690843108,0.0,5.0,ความเสี่ยงมาจากรูปแบบรวมหลายปัจจัย,โทรหาโดยพนักงานภายใน 48 ชม. + ข้อเสนอเฉพาะบุคคล
C12951,0.77079624,วิกฤต,3,ลูกค้าใหม่กำลังก่อตัว (New / Developing),40.0,3.0,5334.03,1778.01,3.0,3.0,0.05051265619993592,1.0,4.0,มีเรื่องร้องเรียนค้าง 1 เรื่อง,โทรหาโดยพนักงานภายใน 48 ชม. + ข้อเสนอเฉพาะบุคคล
C10224,0.77078706,วิกฤต,2,ลูกค้าห่างหายมูลค่าต่ำ (Dormant / Low-Value),49.0,4.0,1266.4099999999999,316.60249999999996,2.0,0.6666666666666666,0.1752404769812894,0.0,2.5,ซื้อเมื่อมีส่วนลดเป็นหลัก (18%),โทรหาโดยพนักงานภายใน 48 ชม. + ข้อเสนอเฉพาะบุคคล
C12489,0.7700602,วิกฤต,0,ลูกค้าคุณค่าสูงที่กำลังห่างหาย (At-Risk High-Value),33.0,20.0,19988.7,999.4350000000001,2.0,0.5,0.03771358587412244,0.0,,ความถี่ 90 วันล่าสุดลดลงชัดเจน,โทรหาโดยพนักงานภายใน 48 ชม. + ข้อเสนอเฉพาะบุคคล
C11521,0.76946026,วิกฤต,3,ลูกค้าใหม่กำลังก่อตัว (New / Developing),67.0,3.0,3469.16,1156.3866666666665,2.0,1.0,0.0,0.0,4.0,ไม่ซื้อมา 67 วัน,โทรหาโดยพนักงานภายใน 48 ชม. + ข้อเสนอเฉพาะบุคคล
C11996,0.7692138,วิกฤต,0,ลูกค้าคุณค่าสูงที่กำลังห่างหาย (At-Risk High-Value),54.0,32.0,36239.13,1132.4728125,3.0,0.6,0.0011639585726665154,0.0,,ความเสี่ยงมาจากรูปแบบรวมหลายปัจจัย,โทรหาโดยพนักงานภายใน 48 ชม. + ข้อเสนอเฉพาะบุคคล
C12435,0.76810527,วิกฤต,0,ลูกค้าคุณค่าสูงที่กำลังห่างหาย (At-Risk High-Value),43.0,24.0,29767.3,1240.3041666666666,1.0,0.25,0.03060308991133301,0.0,,ความถี่ 90 วันล่าสุดลดลงชัดเจน,โทรหาโดยพนักงานภายใน 48 ชม. + ข้อเสนอเฉพาะบุคคล
C12079,0.7678612,วิกฤต,2,ลูกค้าห่างหายมูลค่าต่ำ (Dormant / Low-Value),24.0,7.0,4207.92,601.1314285714286,4.0,2.0,0.08568200336791787,1.0,3.5,มีเรื่องร้องเรียนค้าง 1 เรื่อง,โทรหาโดยพนักงานภายใน 48 ชม. + ข้อเสนอเฉพาะบุคคล
C11112,0.76637465,วิกฤต,0,ลูกค้าคุณค่าสูงที่กำลังห่างหาย (At-Risk High-Value),4.0,15.0,17776.86,1185.124,1.0,0.5,0.020573787291435722,2.0,2.0,ความถี่ 90 วันล่าสุดลดลงชัดเจน · คะแนนความพึงพอใจต่ำ (2.0/5) · มีเรื่องร้องเรียนค้าง 2 เรื่อง,โทรหาโดยพนักงานภายใน 48 ชม. + ข้อเสนอเฉพาะบุคคล
C11207,0.765973,วิกฤต,0,ลูกค้าคุณค่าสูงที่กำลังห่างหาย (At-Risk High-Value),59.0,14.0,11589.109999999999,827.7935714285713,2.0,0.6666666666666666,0.0956323256285799,0.0,,ความเสี่ยงมาจากรูปแบบรวมหลายปัจจัย,โทรหาโดยพนักงานภายใน 48 ชม. + ข้อเสนอเฉพาะบุคคล
C12293,0.76540756,วิกฤต,0,ลูกค้าคุณค่าสูงที่กำลังห่างหาย (At-Risk High-Value),45.0,12.0,9394.04,782.8366666666667,2.0,2.0,0.018878723315369512,0.0,2.0,คะแนนความพึงพอใจต่ำ (2.0/5),โทรหาโดยพนักงานภายใน 48 ชม. + ข้อเสนอเฉพาะบุคคล
C10212,0.76496816,วิกฤต,2,ลูกค้าห่างหายมูลค่าต่ำ (Dormant / Low-Value),86.0,5.0,2261.73,452.346,1.0,1.0,0.13945400932179206,0.0,,ไม่ซื้อมา 86 วัน · ซื้อเมื่อมีส่วนลดเป็นหลัก (14%),โทรหาโดยพนักงานภายใน 48 ชม. + ข้อเสนอเฉพาะบุคคล
C11032,0.76428545,วิกฤต,2,ลูกค้าห่างหายมูลค่าต่ำ (Dormant / Low-Value),110.0,10.0,6252.26,625.226,0.0,0.0,0.06617318690247354,0.0,,ไม่ซื้อมา 110 วัน · ความถี่ 90 วันล่าสุดลดลงชัดเจน · ไม่มีการซื้อเลยใน 90 วันล่าสุด,โทรหาโดยพนักงานภายใน 48 ชม. + ข้อเสนอเฉพาะบุคคล
C11269,0.7636318,วิกฤต,2,ลูกค้าห่างหายมูลค่าต่ำ (Dormant / Low-Value),142.0,8.0,3893.36,486.67,0.0,0.0,0.026983527976947665,0.0,,ไม่ซื้อมา 142 วัน · ความถี่ 90 วันล่าสุดลดลงชัดเจน · ไม่มีการซื้อเลยใน 90 วันล่าสุด,โทรหาโดยพนักงานภายใน 48 ชม. + ข้อเสนอเฉพาะบุคคล
C12305,0.76225007,วิกฤต,2,ลูกค้าห่างหายมูลค่าต่ำ (Dormant / Low-Value),9.0,3.0,1289.02,429.67333333333335,3.0,3.0,0.04471041612628303,0.0,,ความเสี่ยงมาจากรูปแบบรวมหลายปัจจัย,โทรหาโดยพนักงานภายใน 48 ชม. + ข้อเสนอเฉพาะบุคคล
C10130,0.7618943,วิกฤต,2,ลูกค้าห่างหายมูลค่าต่ำ (Dormant / Low-Value),126.0,5.0,1280.8899999999999,256.178,0.0,0.0,0.04959450335007753,0.0,,ไม่ซื้อมา 126 วัน · ความถี่ 90 วันล่าสุดลดลงชัดเจน · ไม่มีการซื้อเลยใน 90 วันล่าสุด,โทรหาโดยพนักงานภายใน 48 ชม. + ข้อเสนอเฉพาะบุคคล
C10759,0.7610915,วิกฤต,2,ลูกค้าห่างหายมูลค่าต่ำ (Dormant / Low-Value),135.0,4.0,4215.93,1053.9825,0.0,0.0,0.07675580267298523,0.0,,ไม่ซื้อมา 135 วัน · ความถี่ 90 วันล่าสุดลดลงชัดเจน · ไม่มีการซื้อเลยใน 90 วันล่าสุด,โทรหาโดยพนักงานภายใน 48 ชม. + ข้อเสนอเฉพาะบุคคล
C10311,0.75903356,วิกฤต,2,ลูกค้าห่างหายมูลค่าต่ำ (Dormant / Low-Value),175.0,10.0,5956.95,595.6949999999999,0.0,0.0,0.12756646558201046,0.0,,ไม่ซื้อมา 175 วัน · ความถี่ 90 วันล่าสุดลดลงชัดเจน · ไม่มีการซื้อเลยใน 90 วันล่าสุด · ซื้อเมื่อมีส่วนลดเป็นหลัก (13%),โทรหาโดยพนักงานภายใน 48 ชม. + ข้อเสนอเฉพาะบุคคล
C12382,0.757375,วิกฤต,0,ลูกค้าคุณค่าสูงที่กำลังห่างหาย (At-Risk High-Value),154.0,10.0,5390.06,539.0060000000001,0.0,0.0,0.06215461922857421,0.0,,ไม่ซื้อมา 154 วัน · ความถี่ 90 วันล่าสุดลดลงชัดเจน · ไม่มีการซื้อเลยใน 90 วันล่าสุด,โทรหาโดยพนักงานภายใน 48 ชม. + ข้อเสนอเฉพาะบุคคล
C10678,0.7566945,วิกฤต,0,ลูกค้าคุณค่าสูงที่กำลังห่างหาย (At-Risk High-Value),7.0,27.0,40358.9,1494.7740740740742,5.0,0.8333333333333334,0.07045095873297814,0.0,3.0,ความเสี่ยงมาจากรูปแบบรวมหลายปัจจัย,โทรหาโดยพนักงานภายใน 48 ชม. + ข้อเสนอเฉพาะบุคคล
C12689,0.7545316,วิกฤต,0,ลูกค้าคุณค่าสูงที่กำลังห่างหาย (At-Risk High-Value),175.0,6.0,8921.529999999999,1486.9216666666664,0.0,0.0,0.06004562000537326,0.0,,ไม่ซื้อมา 175 วัน · ความถี่ 90 วันล่าสุดลดลงชัดเจน · ไม่มีการซื้อเลยใน 90 วันล่าสุด,โทรหาโดยพนักงานภายใน 48 ชม. + ข้อเสนอเฉพาะบุคคล
C12513,0.7538767,วิกฤต,0,ลูกค้าคุณค่าสูงที่กำลังห่างหาย (At-Risk High-Value),62.0,20.0,21538.75,1076.9375,3.0,0.6,0.04082433330305119,0.0,,ไม่ซื้อมา 62 วัน,โทรหาโดยพนักงานภายใน 48 ชม. + ข้อเสนอเฉพาะบุคคล
C10211,0.7530939,วิกฤต,0,ลูกค้าคุณค่าสูงที่กำลังห่างหาย (At-Risk High-Value),15.0,7.0,15937.689999999999,2276.812857142857,1.0,0.3333333333333333,0.01051833631234902,0.0,,ความถี่ 90 วันล่าสุดลดลงชัดเจน,โทรหาโดยพนักงานภายใน 48 ชม. + ข้อเสนอเฉพาะบุคคล
C11357,0.751765,วิกฤต,3,ลูกค้าใหม่กำลังก่อตัว (New / Developing),23.0,3.0,4292.320000000001,1430.7733333333335,3.0,3.0,0.08749372858151143,0.0,,ความเสี่ยงมาจากรูปแบบรวมหลายปัจจัย,โทรหาโดยพนักงานภายใน 48 ชม. + ข้อเสนอเฉพาะบุคคล
C10631,0.75011736,วิกฤต,2,ลูกค้าห่างหายมูลค่าต่ำ (Dormant / Low-Value),43.0,7.0,2899.57,414.2242857142857,1.0,0.25,0.023795976769632188,1.0,3.0,ความถี่ 90 วันล่าสุดลดลงชัดเจน · มีเรื่องร้องเรียนค้าง 1 เรื่อง,โทรหาโดยพนักงานภายใน 48 ชม. + ข้อเสนอเฉพาะบุคคล
C12500,0.74943614,วิกฤต,0,ลูกค้าคุณค่าสูงที่กำลังห่างหาย (At-Risk High-Value),53.0,27.0,16591.24,614.4903703703704,4.0,4.0,0.03471227092129508,1.0,2.0,คะแนนความพึงพอใจต่ำ (2.0/5) · มีเรื่องร้องเรียนค้าง 1 เรื่อง,โทรหาโดยพนักงานภายใน 48 ชม. + ข้อเสนอเฉพาะบุคคล
C10645,0.7475809,วิกฤต,0,ลูกค้าคุณค่าสูงที่กำลังห่างหาย (At-Risk High-Value),16.0,18.0,16683.579999999998,926.8655555555555,1.0,0.25,0.045680255940767085,0.0,,ความถี่ 90 วันล่าสุดลดลงชัดเจน,โทรหาโดยพนักงานภายใน 48 ชม. + ข้อเสนอเฉพาะบุคคล
C10700,0.74614066,วิกฤต,2,ลูกค้าห่างหายมูลค่าต่ำ (Dormant / Low-Value),40.0,7.0,2897.52,413.93142857142857,1.0,0.25,0.045405127596908415,1.0,3.0,ความถี่ 90 วันล่าสุดลดลงชัดเจน · มีเรื่องร้องเรียนค้าง 1 เรื่อง,โทรหาโดยพนักงานภายใน 48 ชม. + ข้อเสนอเฉพาะบุคคล
C10696,0.74575615,วิกฤต,0,ลูกค้าคุณค่าสูงที่กำลังห่างหาย (At-Risk High-Value),38.0,21.0,12934.92,615.9485714285714,3.0,0.42857142857142855,0.09403784262706134,0.0,,ความถี่ 90 วันล่าสุดลดลงชัดเจน,โทรหาโดยพนักงานภายใน 48 ชม. + ข้อเสนอเฉพาะบุคคล
C11707,0.74507624,วิกฤต,0,ลูกค้าคุณค่าสูงที่กำลังห่างหาย (At-Risk High-Value),25.0,19.0,30029.350000000002,1580.492105263158,3.0,0.75,0.030255206960870938,0.0,4.0,ความเสี่ยงมาจากรูปแบบรวมหลายปัจจัย,โทรหาโดยพนักงานภายใน 48 ชม. + ข้อเสนอเฉพาะบุคคล
C12770,0.7446835,วิกฤต,0,ลูกค้าคุณค่าสูงที่กำลังห่างหาย (At-Risk High-Value),19.0,23.0,35697.520000000004,1552.066086956522,3.0,0.75,0.048120707746089224,0.0,,ความเสี่ยงมาจากรูปแบบรวมหลายปัจจัย,โทรหาโดยพนักงานภายใน 48 ชม. + ข้อเสนอเฉพาะบุคคล
C11347,0.7445889,วิกฤต,0,ลูกค้าคุณค่าสูงที่กำลังห่างหาย (At-Risk High-Value),37.0,29.0,22661.6,781.4344827586207,2.0,0.5,0.05290683994545196,0.0,3.0,ความถี่ 90 วันล่าสุดลดลงชัดเจน,โทรหาโดยพนักงานภายใน 48 ชม. + ข้อเสนอเฉพาะบุคคล
C12644,0.74368566,วิกฤต,2,ลูกค้าห่างหายมูลค่าต่ำ (Dormant / Low-Value),159.0,4.0,2777.75,694.4375,0.0,0.0,0.017688850224735393,0.0,,ไม่ซื้อมา 159 วัน · ความถี่ 90 วันล่าสุดลดลงชัดเจน · ไม่มีการซื้อเลยใน 90 วันล่าสุด,โทรหาโดยพนักงานภายใน 48 ชม. + ข้อเสนอเฉพาะบุคคล
C12968,0.7421149,วิกฤต,2,ลูกค้าห่างหายมูลค่าต่ำ (Dormant / Low-Value),60.0,10.0,6992.11,699.211,1.0,0.3333333333333333,0.07957860317192864,0.0,4.0,ความถี่ 90 วันล่าสุดลดลงชัดเจน,โทรหาโดยพนักงานภายใน 48 ชม. + ข้อเสนอเฉพาะบุคคล
C12529,0.74173635,วิกฤต,2,ลูกค้าห่างหายมูลค่าต่ำ (Dormant / Low-Value),215.0,6.0,942.03,157.005,0.0,0.0,0.029505393182028907,0.0,4.0,ไม่ซื้อมา 215 วัน · ความถี่ 90 วันล่าสุดลดลงชัดเจน · ไม่มีการซื้อเลยใน 90 วันล่าสุด,โทรหาโดยพนักงานภายใน 48 ชม. + ข้อเสนอเฉพาะบุคคล
C12291,0.74168336,วิกฤต,1,ลูกค้าชั้นยอด (Champions),16.0,19.0,24873.46,1309.1294736842106,2.0,0.5,0.03779913727307578,0.0,,ความถี่ 90 วันล่าสุดลดลงชัดเจน,โทรหาโดยพนักงานภายใน 48 ชม. + ข้อเสนอเฉพาะบุคคล
C10305,0.7407307,วิกฤต,0,ลูกค้าคุณค่าสูงที่กำลังห่างหาย (At-Risk High-Value),3.0,25.0,36076.1,1443.0439999999999,3.0,1.0,0.04081701021608412,0.0,,ความเสี่ยงมาจากรูปแบบรวมหลายปัจจัย,โทรหาโดยพนักงานภายใน 48 ชม. + ข้อเสนอเฉพาะบุคคล
C11933,0.74067193,วิกฤต,2,ลูกค้าห่างหายมูลค่าต่ำ (Dormant / Low-Value),34.0,3.0,2100.0499999999997,700.0166666666665,1.0,0.3333333333333333,0.07412551032105036,0.0,,ความถี่ 90 วันล่าสุดลดลงชัดเจน,โทรหาโดยพนักงานภายใน 48 ชม. + ข้อเสนอเฉพาะบุคคล
C11310,0.7403457,วิกฤต,2,ลูกค้าห่างหายมูลค่าต่ำ (Dormant / Low-Value),64.0,10.0,8319.19,831.9190000000001,2.0,0.6666666666666666,0.06059630841638606,0.0,3.0,ไม่ซื้อมา 64 วัน,โทรหาโดยพนักงานภายใน 48 ชม. + ข้อเสนอเฉพาะบุคคล
C10041,0.74000895,วิกฤต,2,ลูกค้าห่างหายมูลค่าต่ำ (Dormant / Low-Value),170.0,4.0,2030.66,507.665,0.0,0.0,0.024621503227789734,0.0,,ไม่ซื้อมา 170 วัน · ความถี่ 90 วันล่าสุดลดลงชัดเจน · ไม่มีการซื้อเลยใน 90 วันล่าสุด,โทรหาโดยพนักงานภายใน 48 ชม. + ข้อเสนอเฉพาะบุคคล
C10685,0.7381002,วิกฤต,3,ลูกค้าใหม่กำลังก่อตัว (New / Developing),33.0,4.0,8987.18,2246.795,3.0,1.5,0.012885935526388049,0.0,,ความเสี่ยงมาจากรูปแบบรวมหลายปัจจัย,โทรหาโดยพนักงานภายใน 48 ชม. + ข้อเสนอเฉพาะบุคคล
C10876,0.73787755,วิกฤต,1,ลูกค้าชั้นยอด (Champions),29.0,29.0,43153.37,1488.0472413793104,2.0,0.3333333333333333,0.02419182144398835,0.0,,ความถี่ 90 วันล่าสุดลดลงชัดเจน,โทรหาโดยพนักงานภายใน 48 ชม. + ข้อเสนอเฉพาะบุคคล
C10326,0.7362037,วิกฤต,3,ลูกค้าใหม่กำลังก่อตัว (New / Developing),29.0,3.0,1747.52,582.5066666666667,2.0,1.0,0.04329878846606555,0.0,,ความเสี่ยงมาจากรูปแบบรวมหลายปัจจัย,โทรหาโดยพนักงานภายใน 48 ชม. + ข้อเสนอเฉพาะบุคคล
C12789,0.735214,วิกฤต,3,ลูกค้าใหม่กำลังก่อตัว (New / Developing),73.0,6.0,11177.689999999999,1862.948333333333,1.0,0.5,0.03368201741115039,0.0,,ไม่ซื้อมา 73 วัน · ความถี่ 90 วันล่าสุดลดลงชัดเจน,โทรหาโดยพนักงานภายใน 48 ชม. + ข้อเสนอเฉพาะบุคคล
C12678,0.7308451,วิกฤต,0,ลูกค้าคุณค่าสูงที่กำลังห่างหาย (At-Risk High-Value),38.0,17.0,17831.54,1048.914117647059,2.0,0.4,0.04505729964670707,0.0,,ความถี่ 90 วันล่าสุดลดลงชัดเจน,โทรหาโดยพนักงานภายใน 48 ชม. + ข้อเสนอเฉพาะบุคคล
C10508,0.72970945,วิกฤต,0,ลูกค้าคุณค่าสูงที่กำลังห่างหาย (At-Risk High-Value),14.0,17.0,18833.56,1107.8564705882354,3.0,1.0,0.08298332932447684,0.0,3.0,ความเสี่ยงมาจากรูปแบบรวมหลายปัจจัย,โทรหาโดยพนักงานภายใน 48 ชม. + ข้อเสนอเฉพาะบุคคล
C11904,0.7282332,วิกฤต,0,ลูกค้าคุณค่าสูงที่กำลังห่างหาย (At-Risk High-Value),26.0,15.0,14983.95,998.9300000000001,1.0,0.16666666666666666,0.012982641505456806,0.0,4.0,ความถี่ 90 วันล่าสุดลดลงชัดเจน,โทรหาโดยพนักงานภายใน 48 ชม. + ข้อเสนอเฉพาะบุคคล
C12327,0.7272539,วิกฤต,2,ลูกค้าห่างหายมูลค่าต่ำ (Dormant / Low-Value),62.0,11.0,8211.36,746.4872727272727,4.0,4.0,0.09623055181340308,0.0,,ไม่ซื้อมา 62 วัน,โทรหาโดยพนักงานภายใน 48 ชม. + ข้อเสนอเฉพาะบุคคล
C12495,0.72569734,วิกฤต,0,ลูกค้าคุณค่าสูงที่กำลังห่างหาย (At-Risk High-Value),9.0,18.0,25551.63,1419.535,1.0,0.1111111111111111,0.05661186134297411,0.0,,ความถี่ 90 วันล่าสุดลดลงชัดเจน,โทรหาโดยพนักงานภายใน 48 ชม. + ข้อเสนอเฉพาะบุคคล
C12682,0.7251262,วิกฤต,2,ลูกค้าห่างหายมูลค่าต่ำ (Dormant / Low-Value),63.0,2.0,390.76,195.38,1.0,0.5,0.016659117217776437,0.0,1.5,ไม่ซื้อมา 63 วัน · ความถี่ 90 วันล่าสุดลดลงชัดเจน · คะแนนความพึงพอใจต่ำ (1.5/5),โทรหาโดยพนักงานภายใน 48 ชม. + ข้อเสนอเฉพาะบุคคล
C10957,0.72429484,วิกฤต,2,ลูกค้าห่างหายมูลค่าต่ำ (Dormant / Low-Value),117.0,5.0,2732.14,546.428,0.0,0.0,0.08377096789338484,0.0,3.0,ไม่ซื้อมา 117 วัน · ความถี่ 90 วันล่าสุดลดลงชัดเจน · ไม่มีการซื้อเลยใน 90 วันล่าสุด,โทรหาโดยพนักงานภายใน 48 ชม. + ข้อเสนอเฉพาะบุคคล
C12461,0.72426623,วิกฤต,0,ลูกค้าคุณค่าสูงที่กำลังห่างหาย (At-Risk High-Value),110.0,19.0,8695.81,457.6742105263158,0.0,0.0,0.026022217393544458,0.0,,ไม่ซื้อมา 110 วัน · ความถี่ 90 วันล่าสุดลดลงชัดเจน · ไม่มีการซื้อเลยใน 90 วันล่าสุด,โทรหาโดยพนักงานภายใน 48 ชม. + ข้อเสนอเฉพาะบุคคล
C11767,0.7242375,วิกฤต,0,ลูกค้าคุณค่าสูงที่กำลังห่างหาย (At-Risk High-Value),95.0,8.0,7410.51,926.31375,0.0,0.0,0.047323304133638104,0.0,,ไม่ซื้อมา 95 วัน · ความถี่ 90 วันล่าสุดลดลงชัดเจน · ไม่มีการซื้อเลยใน 90 วันล่าสุด,โทรหาโดยพนักงานภายใน 48 ชม. + ข้อเสนอเฉพาะบุคคล
C10003,0.7241279,วิกฤต,2,ลูกค้าห่างหายมูลค่าต่ำ (Dormant / Low-Value),63.0,4.0,3110.29,777.5725,1.0,0.5,0.0,0.0,,ไม่ซื้อมา 63 วัน · ความถี่ 90 วันล่าสุดลดลงชัดเจน,โทรหาโดยพนักงานภายใน 48 ชม. + ข้อเสนอเฉพาะบุคคล
C12210,0.7219022,วิกฤต,2,ลูกค้าห่างหายมูลค่าต่ำ (Dormant / Low-Value),140.0,5.0,3912.3,782.46,0.0,0.0,0.048623016596753596,0.0,,ไม่ซื้อมา 140 วัน · ความถี่ 90 วันล่าสุดลดลงชัดเจน · ไม่มีการซื้อเลยใน 90 วันล่าสุด,โทรหาโดยพนักงานภายใน 48 ชม. + ข้อเสนอเฉพาะบุคคล
C11785,0.72135484,วิกฤต,0,ลูกค้าคุณค่าสูงที่กำลังห่างหาย (At-Risk High-Value),9.0,18.0,23262.239999999998,1292.3466666666666,7.0,1.4,0.03684878657117233,0.0,2.0,คะแนนความพึงพอใจต่ำ (2.0/5),โทรหาโดยพนักงานภายใน 48 ชม. + ข้อเสนอเฉพาะบุคคล
C12213,0.7181451,วิกฤต,2,ลูกค้าห่างหายมูลค่าต่ำ (Dormant / Low-Value),184.0,9.0,4351.77,483.53000000000003,0.0,0.0,0.018558612197399224,0.0,,ไม่ซื้อมา 184 วัน · ความถี่ 90 วันล่าสุดลดลงชัดเจน · ไม่มีการซื้อเลยใน 90 วันล่าสุด,โทรหาโดยพนักงานภายใน 48 ชม. + ข้อเสนอเฉพาะบุคคล
C12710,0.7175885,วิกฤต,2,ลูกค้าห่างหายมูลค่าต่ำ (Dormant / Low-Value),50.0,10.0,7956.66,795.6659999999999,1.0,0.2,0.08684784355131178,0.0,,ความถี่ 90 วันล่าสุดลดลงชัดเจน,โทรหาโดยพนักงานภายใน 48 ชม. + ข้อเสนอเฉพาะบุคคล
C11766,0.7172803,วิกฤต,2,ลูกค้าห่างหายมูลค่าต่ำ (Dormant / Low-Value),159.0,5.0,2065.56,413.11199999999997,0.0,0.0,0.04747499435095988,0.0,,ไม่ซื้อมา 159 วัน · ความถี่ 90 วันล่าสุดลดลงชัดเจน · ไม่มีการซื้อเลยใน 90 วันล่าสุด,โทรหาโดยพนักงานภายใน 48 ชม. + ข้อเสนอเฉพาะบุคคล
C10061,0.7161019,วิกฤต,3,ลูกค้าใหม่กำลังก่อตัว (New / Developing),26.0,3.0,3162.63,1054.21,3.0,3.0,0.04941058364542443,0.0,,ความเสี่ยงมาจากรูปแบบรวมหลายปัจจัย,โทรหาโดยพนักงานภายใน 48 ชม. + ข้อเสนอเฉพาะบุคคล
C12386,0.7151905,วิกฤต,2,ลูกค้าห่างหายมูลค่าต่ำ (Dormant / Low-Value),99.0,3.0,1496.19,498.73,0.0,0.0,0.1325328447686082,0.0,,ไม่ซื้อมา 99 วัน · ความถี่ 90 วันล่าสุดลดลงชัดเจน · ไม่มีการซื้อเลยใน 90 วันล่าสุด · ซื้อเมื่อมีส่วนลดเป็นหลัก (13%),โทรหาโดยพนักงานภายใน 48 ชม. + ข้อเสนอเฉพาะบุคคล
C11700,0.71517015,วิกฤต,0,ลูกค้าคุณค่าสูงที่กำลังห่างหาย (At-Risk High-Value),50.0,14.0,11982.29,855.8778571428572,1.0,0.25,0.05800125313775789,0.0,,ความถี่ 90 วันล่าสุดลดลงชัดเจน,โทรหาโดยพนักงานภายใน 48 ชม. + ข้อเสนอเฉพาะบุคคล
C11690,0.71490526,วิกฤต,2,ลูกค้าห่างหายมูลค่าต่ำ (Dormant / Low-Value),72.0,8.0,6685.650000000001,835.7062500000001,1.0,0.25,0.08317037248324909,0.0,3.0,ไม่ซื้อมา 72 วัน · ความถี่ 90 วันล่าสุดลดลงชัดเจน,โทรหาโดยพนักงานภายใน 48 ชม. + ข้อเสนอเฉพาะบุคคล
C10526,0.71439433,วิกฤต,0,ลูกค้าคุณค่าสูงที่กำลังห่างหาย (At-Risk High-Value),19.0,8.0,11169.58,1396.1975,2.0,0.6666666666666666,0.014902258225258081,0.0,3.0,ความเสี่ยงมาจากรูปแบบรวมหลายปัจจัย,โทรหาโดยพนักงานภายใน 48 ชม. + ข้อเสนอเฉพาะบุคคล
C12563,0.7137602,วิกฤต,0,ลูกค้าคุณค่าสูงที่กำลังห่างหาย (At-Risk High-Value),25.0,21.0,22941.45,1092.45,1.0,0.16666666666666666,0.06670900247505822,0.0,5.0,ความถี่ 90 วันล่าสุดลดลงชัดเจน,โทรหาโดยพนักงานภายใน 48 ชม. + ข้อเสนอเฉพาะบุคคล
C10959,0.71324146,วิกฤต,0,ลูกค้าคุณค่าสูงที่กำลังห่างหาย (At-Risk High-Value),27.0,31.0,47584.6,1534.9870967741936,1.0,0.16666666666666666,0.015757933779612314,0.0,3.0,ความถี่ 90 วันล่าสุดลดลงชัดเจน,โทรหาโดยพนักงานภายใน 48 ชม. + ข้อเสนอเฉพาะบุคคล
C11142,0.7099699,วิกฤต,2,ลูกค้าห่างหายมูลค่าต่ำ (Dormant / Low-Value),10.0,3.0,2394.7799999999997,798.2599999999999,3.0,3.0,0.1250347095359883,0.0,4.0,ซื้อเมื่อมีส่วนลดเป็นหลัก (13%),โทรหาโดยพนักงานภายใน 48 ชม. + ข้อเสนอเฉพาะบุคคล
C11879,0.70958906,วิกฤต,2,ลูกค้าห่างหายมูลค่าต่ำ (Dormant / Low-Value),71.0,8.0,2852.83,356.60375,2.0,0.5,0.10685784950612838,1.0,3.0,ไม่ซื้อมา 71 วัน · ความถี่ 90 วันล่าสุดลดลงชัดเจน · มีเรื่องร้องเรียนค้าง 1 เรื่อง · ซื้อเมื่อมีส่วนลดเป็นหลัก (11%),โทรหาโดยพนักงานภายใน 48 ชม. + ข้อเสนอเฉพาะบุคคล
C11279,0.70901334,วิกฤต,2,ลูกค้าห่างหายมูลค่าต่ำ (Dormant / Low-Value),117.0,5.0,3751.3,750.26,0.0,0.0,0.07311227515319232,0.0,4.0,ไม่ซื้อมา 117 วัน · ความถี่ 90 วันล่าสุดลดลงชัดเจน · ไม่มีการซื้อเลยใน 90 วันล่าสุด,โทรหาโดยพนักงานภายใน 48 ชม. + ข้อเสนอเฉพาะบุคคล
C10163,0.70890844,วิกฤต,1,ลูกค้าชั้นยอด (Champions),36.0,12.0,16330.0,1360.8333333333333,2.0,0.6666666666666666,0.01666787099260544,0.0,3.0,ความเสี่ยงมาจากรูปแบบรวมหลายปัจจัย,โทรหาโดยพนักงานภายใน 48 ชม. + ข้อเสนอเฉพาะบุคคล
C12868,0.70600647,วิกฤต,0,ลูกค้าคุณค่าสูงที่กำลังห่างหาย (At-Risk High-Value),32.0,23.0,43635.87,1897.2117391304348,4.0,1.3333333333333333,0.006197731620661383,0.0,,ความเสี่ยงมาจากรูปแบบรวมหลายปัจจัย,โทรหาโดยพนักงานภายใน 48 ชม. + ข้อเสนอเฉพาะบุคคล
C11100,0.70562255,วิกฤต,3,ลูกค้าใหม่กำลังก่อตัว (New / Developing),17.0,3.0,3761.75,1253.9166666666667,3.0,3.0,0.0159287822028755,0.0,,ความเสี่ยงมาจากรูปแบบรวมหลายปัจจัย,โทรหาโดยพนักงานภายใน 48 ชม. + ข้อเสนอเฉพาะบุคคล
C10026,0.70510036,วิกฤต,0,ลูกค้าคุณค่าสูงที่กำลังห่างหาย (At-Risk High-Value),28.0,7.0,5102.14,728.8771428571429,2.0,0.6666666666666666,0.055119014328388054,0.0,4.0,ความเสี่ยงมาจากรูปแบบรวมหลายปัจจัย,โทรหาโดยพนักงานภายใน 48 ชม. + ข้อเสนอเฉพาะบุคคล
C12773,0.704805,วิกฤต,0,ลูกค้าคุณค่าสูงที่กำลังห่างหาย (At-Risk High-Value),24.0,27.0,23091.34,855.2348148148149,2.0,0.25,0.031384427461447435,0.0,,ความถี่ 90 วันล่าสุดลดลงชัดเจน,โทรหาโดยพนักงานภายใน 48 ชม. + ข้อเสนอเฉพาะบุคคล
C10425,0.7047559,วิกฤต,3,ลูกค้าใหม่กำลังก่อตัว (New / Developing),0.0,3.0,2704.7799999999997,901.5933333333332,3.0,3.0,0.030746296468834436,0.0,3.0,ความเสี่ยงมาจากรูปแบบรวมหลายปัจจัย,โทรหาโดยพนักงานภายใน 48 ชม. + ข้อเสนอเฉพาะบุคคล
C12140,0.70445824,วิกฤต,2,ลูกค้าห่างหายมูลค่าต่ำ (Dormant / Low-Value),169.0,4.0,775.6700000000001,193.91750000000002,0.0,0.0,0.01128078315403049,0.0,,ไม่ซื้อมา 169 วัน · ความถี่ 90 วันล่าสุดลดลงชัดเจน · ไม่มีการซื้อเลยใน 90 วันล่าสุด,โทรหาโดยพนักงานภายใน 48 ชม. + ข้อเสนอเฉพาะบุคคล
C10580,0.7039356,วิกฤต,3,ลูกค้าใหม่กำลังก่อตัว (New / Developing),25.0,3.0,3881.83,1293.9433333333334,3.0,3.0,0.0,0.0,,ความเสี่ยงมาจากรูปแบบรวมหลายปัจจัย,โทรหาโดยพนักงานภายใน 48 ชม. + ข้อเสนอเฉพาะบุคคล
C10472,0.70194185,วิกฤต,2,ลูกค้าห่างหายมูลค่าต่ำ (Dormant / Low-Value),109.0,11.0,4521.5,411.04545454545456,0.0,0.0,0.021784046090705923,0.0,,ไม่ซื้อมา 109 วัน · ความถี่ 90 วันล่าสุดลดลงชัดเจน · ไม่มีการซื้อเลยใน 90 วันล่าสุด,โทรหาโดยพนักงานภายใน 48 ชม. + ข้อเสนอเฉพาะบุคคล
C11762,0.70078987,วิกฤต,1,ลูกค้าชั้นยอด (Champions),46.0,59.0,111376.24,1887.7328813559322,1.0,0.125,0.02738351044144028,0.0,,ความถี่ 90 วันล่าสุดลดลงชัดเจน,โทรหาโดยพนักงานภายใน 48 ชม. + ข้อเสนอเฉพาะบุคคล
C12768,0.70051533,วิกฤต,3,ลูกค้าใหม่กำลังก่อตัว (New / Developing),29.0,8.0,6376.2,797.025,2.0,0.2857142857142857,0.011581311783918857,0.0,,ความถี่ 90 วันล่าสุดลดลงชัดเจน,โทรหาโดยพนักงานภายใน 48 ชม. + ข้อเสนอเฉพาะบุคคล
C11097,0.70039797,วิกฤต,2,ลูกค้าห่างหายมูลค่าต่ำ (Dormant / Low-Value),100.0,8.0,4527.55,565.94375,0.0,0.0,0.04889197927017051,0.0,5.0,ไม่ซื้อมา 100 วัน · ความถี่ 90 วันล่าสุดลดลงชัดเจน · ไม่มีการซื้อเลยใน 90 วันล่าสุด,โทรหาโดยพนักงานภายใน 48 ชม. + ข้อเสนอเฉพาะบุคคล
C12877,0.6995127,สูง,2,ลูกค้าห่างหายมูลค่าต่ำ (Dormant / Low-Value),37.0,19.0,6659.02,350.4747368421053,3.0,0.75,0.062461106120805444,1.0,2.0,คะแนนความพึงพอใจต่ำ (2.0/5) · มีเรื่องร้องเรียนค้าง 1 เรื่อง,อีเมล/แอปแบบเฉพาะบุคคล + คูปองตามหมวดที่เคยซื้อ
C12843,0.69943124,สูง,2,ลูกค้าห่างหายมูลค่าต่ำ (Dormant / Low-Value),34.0,3.0,1714.72,571.5733333333334,1.0,0.3333333333333333,0.17089586879158286,0.0,,ความถี่ 90 วันล่าสุดลดลงชัดเจน · ซื้อเมื่อมีส่วนลดเป็นหลัก (17%),อีเมล/แอปแบบเฉพาะบุคคล + คูปองตามหมวดที่เคยซื้อ
C10200,0.69909924,สูง,0,ลูกค้าคุณค่าสูงที่กำลังห่างหาย (At-Risk High-Value),57.0,25.0,36391.57,1455.6628,2.0,0.2857142857142857,0.0072731359622501815,0.0,,ความถี่ 90 วันล่าสุดลดลงชัดเจน,อีเมล/แอปแบบเฉพาะบุคคล + คูปองตามหมวดที่เคยซื้อ
C11156,0.6981792,สูง,3,ลูกค้าใหม่กำลังก่อตัว (New / Developing),22.0,3.0,1486.9299999999998,495.64333333333326,3.0,3.0,0.026992893507309348,0.0,,ความเสี่ยงมาจากรูปแบบรวมหลายปัจจัย,อีเมล/แอปแบบเฉพาะบุคคล + คูปองตามหมวดที่เคยซื้อ
C11021,0.6963027,สูง,0,ลูกค้าคุณค่าสูงที่กำลังห่างหาย (At-Risk High-Value),45.0,11.0,8032.06,730.1872727272728,1.0,0.16666666666666666,0.025033107598785666,0.0,,ความถี่ 90 วันล่าสุดลดลงชัดเจน,อีเมล/แอปแบบเฉพาะบุคคล + คูปองตามหมวดที่เคยซื้อ
C10546,0.6959008,สูง,0,ลูกค้าคุณค่าสูงที่กำลังห่างหาย (At-Risk High-Value),31.0,33.0,23551.64,713.6860606060606,4.0,0.6666666666666666,0.06524975541412902,0.0,,ความเสี่ยงมาจากรูปแบบรวมหลายปัจจัย,อีเมล/แอปแบบเฉพาะบุคคล + คูปองตามหมวดที่เคยซื้อ
C10502,0.69482964,สูง,0,ลูกค้าคุณค่าสูงที่กำลังห่างหาย (At-Risk High-Value),44.0,27.0,42404.43,1570.5344444444445,3.0,0.2727272727272727,0.03463565742525525,0.0,,ความถี่ 90 วันล่าสุดลดลงชัดเจน,อีเมล/แอปแบบเฉพาะบุคคล + คูปองตามหมวดที่เคยซื้อ
C10038,0.6943009,สูง,0,ลูกค้าคุณค่าสูงที่กำลังห่างหาย (At-Risk High-Value),56.0,19.0,23848.579999999998,1255.1884210526314,3.0,0.6,0.00573622216468907,0.0,4.0,ความเสี่ยงมาจากรูปแบบรวมหลายปัจจัย,อีเมล/แอปแบบเฉพาะบุคคล + คูปองตามหมวดที่เคยซื้อ
C11838,0.6941034,สูง,2,ลูกค้าห่างหายมูลค่าต่ำ (Dormant / Low-Value),14.0,10.0,5693.43,569.3430000000001,1.0,0.5,0.08277739739820372,0.0,1.0,ความถี่ 90 วันล่าสุดลดลงชัดเจน · คะแนนความพึงพอใจต่ำ (1.0/5),อีเมล/แอปแบบเฉพาะบุคคล + คูปองตามหมวดที่เคยซื้อ
C10292,0.6930401,สูง,2,ลูกค้าห่างหายมูลค่าต่ำ (Dormant / Low-Value),30.0,3.0,1308.8899999999999,436.2966666666666,2.0,1.0,0.12023363826397897,1.0,3.0,มีเรื่องร้องเรียนค้าง 1 เรื่อง · ซื้อเมื่อมีส่วนลดเป็นหลัก (12%),อีเมล/แอปแบบเฉพาะบุคคล + คูปองตามหมวดที่เคยซื้อ
C11535,0.6926986,สูง,3,ลูกค้าใหม่กำลังก่อตัว (New / Developing),31.0,3.0,5280.299999999999,1760.0999999999997,3.0,3.0,0.015919578360406434,0.0,,ความเสี่ยงมาจากรูปแบบรวมหลายปัจจัย,อีเมล/แอปแบบเฉพาะบุคคล + คูปองตามหมวดที่เคยซื้อ
C12938,0.6921687,สูง,2,ลูกค้าห่างหายมูลค่าต่ำ (Dormant / Low-Value),35.0,3.0,1144.01,381.33666666666664,3.0,3.0,0.04751556932094449,0.0,,ความเสี่ยงมาจากรูปแบบรวมหลายปัจจัย,อีเมล/แอปแบบเฉพาะบุคคล + คูปองตามหมวดที่เคยซื้อ
C12411,0.6920283,สูง,0,ลูกค้าคุณค่าสูงที่กำลังห่างหาย (At-Risk High-Value),35.0,18.0,15479.59,859.9772222222223,3.0,0.5,0.04340214263820363,0.0,,ความถี่ 90 วันล่าสุดลดลงชัดเจน,อีเมล/แอปแบบเฉพาะบุคคล + คูปองตามหมวดที่เคยซื้อ
C11167,0.6887508,สูง,2,ลูกค้าห่างหายมูลค่าต่ำ (Dormant / Low-Value),2.0,3.0,463.65999999999997,154.5533333333333,3.0,3.0,0.08495983896114148,0.0,,ความเสี่ยงมาจากรูปแบบรวมหลายปัจจัย,อีเมล/แอปแบบเฉพาะบุคคล + คูปองตามหมวดที่เคยซื้อ
C12474,0.6869782,สูง,2,ลูกค้าห่างหายมูลค่าต่ำ (Dormant / Low-Value),78.0,3.0,1138.4199999999998,379.4733333333333,1.0,0.3333333333333333,0.06189381391477755,0.0,5.0,ไม่ซื้อมา 78 วัน · ความถี่ 90 วันล่าสุดลดลงชัดเจน,อีเมล/แอปแบบเฉพาะบุคคล + คูปองตามหมวดที่เคยซื้อ
C10934,0.6867903,สูง,0,ลูกค้าคุณค่าสูงที่กำลังห่างหาย (At-Risk High-Value),89.0,6.0,4742.38,790.3966666666666,1.0,0.2,0.040751640927617135,0.0,1.0,ไม่ซื้อมา 89 วัน · ความถี่ 90 วันล่าสุดลดลงชัดเจน · คะแนนความพึงพอใจต่ำ (1.0/5),อีเมล/แอปแบบเฉพาะบุคคล + คูปองตามหมวดที่เคยซื้อ
C11150,0.6865575,สูง,2,ลูกค้าห่างหายมูลค่าต่ำ (Dormant / Low-Value),1.0,4.0,1519.05,379.7625,4.0,4.0,0.024029040444601496,0.0,,ความเสี่ยงมาจากรูปแบบรวมหลายปัจจัย,อีเมล/แอปแบบเฉพาะบุคคล + คูปองตามหมวดที่เคยซื้อ
C12150,0.6847441,สูง,2,ลูกค้าห่างหายมูลค่าต่ำ (Dormant / Low-Value),7.0,4.0,1483.98,370.995,2.0,2.0,0.05313732246085525,1.0,3.0,มีเรื่องร้องเรียนค้าง 1 เรื่อง,อีเมล/แอปแบบเฉพาะบุคคล + คูปองตามหมวดที่เคยซื้อ
C12082,0.6847088,สูง,0,ลูกค้าคุณค่าสูงที่กำลังห่างหาย (At-Risk High-Value),73.0,13.0,8126.66,625.1276923076923,1.0,0.16666666666666666,0.022909152118501416,0.0,,ไม่ซื้อมา 73 วัน · ความถี่ 90 วันล่าสุดลดลงชัดเจน,อีเมล/แอปแบบเฉพาะบุคคล + คูปองตามหมวดที่เคยซื้อ
C10599,0.68463784,สูง,0,ลูกค้าคุณค่าสูงที่กำลังห่างหาย (At-Risk High-Value),30.0,17.0,28962.02,1703.6482352941177,1.0,0.125,0.01816139134726932,0.0,,ความถี่ 90 วันล่าสุดลดลงชัดเจน,อีเมล/แอปแบบเฉพาะบุคคล + คูปองตามหมวดที่เคยซื้อ
C12882,0.6842301,สูง,2,ลูกค้าห่างหายมูลค่าต่ำ (Dormant / Low-Value),150.0,3.0,1691.3600000000001,563.7866666666667,0.0,0.0,0.08645256073716391,0.0,4.0,ไม่ซื้อมา 150 วัน · ความถี่ 90 วันล่าสุดลดลงชัดเจน · ไม่มีการซื้อเลยใน 90 วันล่าสุด,อีเมล/แอปแบบเฉพาะบุคคล + คูปองตามหมวดที่เคยซื้อ
C11853,0.6836137,สูง,3,ลูกค้าใหม่กำลังก่อตัว (New / Developing),63.0,3.0,2413.77,804.59,2.0,1.0,0.06806046215324028,0.0,,ไม่ซื้อมา 63 วัน,อีเมล/แอปแบบเฉพาะบุคคล + คูปองตามหมวดที่เคยซื้อ
C11975,0.683376,สูง,0,ลูกค้าคุณค่าสูงที่กำลังห่างหาย (At-Risk High-Value),86.0,15.0,10648.82,709.9213333333333,1.0,0.14285714285714285,0.07490937016499712,0.0,,ไม่ซื้อมา 86 วัน · ความถี่ 90 วันล่าสุดลดลงชัดเจน,อีเมล/แอปแบบเฉพาะบุคคล + คูปองตามหมวดที่เคยซื้อ
C12090,0.6832161,สูง,3,ลูกค้าใหม่กำลังก่อตัว (New / Developing),25.0,4.0,3938.71,984.6775,4.0,4.0,0.03619372488755989,0.0,2.0,คะแนนความพึงพอใจต่ำ (2.0/5),อีเมล/แอปแบบเฉพาะบุคคล + คูปองตามหมวดที่เคยซื้อ
C12992,0.681291,สูง,0,ลูกค้าคุณค่าสูงที่กำลังห่างหาย (At-Risk High-Value),66.0,11.0,16597.12,1508.8290909090908,2.0,0.5,0.0,1.0,4.0,ไม่ซื้อมา 66 วัน · ความถี่ 90 วันล่าสุดลดลงชัดเจน · มีเรื่องร้องเรียนค้าง 1 เรื่อง,อีเมล/แอปแบบเฉพาะบุคคล + คูปองตามหมวดที่เคยซื้อ
C10935,0.6811846,สูง,2,ลูกค้าห่างหายมูลค่าต่ำ (Dormant / Low-Value),65.0,12.0,5453.26,454.43833333333333,1.0,0.5,0.044184844049883,1.0,3.0,ไม่ซื้อมา 65 วัน · ความถี่ 90 วันล่าสุดลดลงชัดเจน · มีเรื่องร้องเรียนค้าง 1 เรื่อง,อีเมล/แอปแบบเฉพาะบุคคล + คูปองตามหมวดที่เคยซื้อ
C11994,0.68114066,สูง,2,ลูกค้าห่างหายมูลค่าต่ำ (Dormant / Low-Value),59.0,8.0,6356.01,794.50125,1.0,0.25,0.12197436655440407,0.0,,ความถี่ 90 วันล่าสุดลดลงชัดเจน · ซื้อเมื่อมีส่วนลดเป็นหลัก (12%),อีเมล/แอปแบบเฉพาะบุคคล + คูปองตามหมวดที่เคยซื้อ
C10193,0.6809391,สูง,2,ลูกค้าห่างหายมูลค่าต่ำ (Dormant / Low-Value),165.0,11.0,4427.75,402.52272727272725,0.0,0.0,0.08879221107957878,0.0,,ไม่ซื้อมา 165 วัน · ความถี่ 90 วันล่าสุดลดลงชัดเจน · ไม่มีการซื้อเลยใน 90 วันล่าสุด,อีเมล/แอปแบบเฉพาะบุคคล + คูปองตามหมวดที่เคยซื้อ
C11052,0.6806711,สูง,1,ลูกค้าชั้นยอด (Champions),28.0,47.0,86736.39,1845.4551063829788,2.0,0.2,0.007300320174422098,0.0,,ความถี่ 90 วันล่าสุดลดลงชัดเจน,อีเมล/แอปแบบเฉพาะบุคคล + คูปองตามหมวดที่เคยซื้อ
C11351,0.6778503,สูง,3,ลูกค้าใหม่กำลังก่อตัว (New / Developing),3.0,3.0,3460.54,1153.5133333333333,3.0,3.0,0.0,0.0,,ความเสี่ยงมาจากรูปแบบรวมหลายปัจจัย,อีเมล/แอปแบบเฉพาะบุคคล + คูปองตามหมวดที่เคยซื้อ
C11050,0.6742922,สูง,0,ลูกค้าคุณค่าสูงที่กำลังห่างหาย (At-Risk High-Value),94.0,11.0,13128.92,1193.5381818181818,0.0,0.0,0.007056303706941798,0.0,,ไม่ซื้อมา 94 วัน · ความถี่ 90 วันล่าสุดลดลงชัดเจน · ไม่มีการซื้อเลยใน 90 วันล่าสุด,อีเมล/แอปแบบเฉพาะบุคคล + คูปองตามหมวดที่เคยซื้อ
C10354,0.6729956,สูง,2,ลูกค้าห่างหายมูลค่าต่ำ (Dormant / Low-Value),61.0,3.0,247.75,82.58333333333333,2.0,1.0,0.0,0.0,,ไม่ซื้อมา 61 วัน,อีเมล/แอปแบบเฉพาะบุคคล + คูปองตามหมวดที่เคยซื้อ
C11325,0.6714843,สูง,2,ลูกค้าห่างหายมูลค่าต่ำ (Dormant / Low-Value),112.0,3.0,1892.8600000000001,630.9533333333334,0.0,0.0,0.06019095472396963,0.0,,ไม่ซื้อมา 112 วัน · ความถี่ 90 วันล่าสุดลดลงชัดเจน · ไม่มีการซื้อเลยใน 90 วันล่าสุด,อีเมล/แอปแบบเฉพาะบุคคล + คูปองตามหมวดที่เคยซื้อ
C11344,0.671373,สูง,0,ลูกค้าคุณค่าสูงที่กำลังห่างหาย (At-Risk High-Value),28.0,12.0,17337.52,1444.7933333333333,2.0,0.2857142857142857,0.030764491836069552,0.0,,ความถี่ 90 วันล่าสุดลดลงชัดเจน,อีเมล/แอปแบบเฉพาะบุคคล + คูปองตามหมวดที่เคยซื้อ
C10253,0.6711322,สูง,0,ลูกค้าคุณค่าสูงที่กำลังห่างหาย (At-Risk High-Value),25.0,32.0,29527.44,922.7325,1.0,0.1111111111111111,0.03302190642521448,1.0,3.0,ความถี่ 90 วันล่าสุดลดลงชัดเจน · มีเรื่องร้องเรียนค้าง 1 เรื่อง,อีเมล/แอปแบบเฉพาะบุคคล + คูปองตามหมวดที่เคยซื้อ
C11314,0.67082435,สูง,0,ลูกค้าคุณค่าสูงที่กำลังห่างหาย (At-Risk High-Value),28.0,15.0,20713.12,1380.8746666666666,5.0,1.6666666666666667,0.06733325858714391,0.0,,ความเสี่ยงมาจากรูปแบบรวมหลายปัจจัย,อีเมล/แอปแบบเฉพาะบุคคล + คูปองตามหมวดที่เคยซื้อ
C11465,0.6691845,สูง,2,ลูกค้าห่างหายมูลค่าต่ำ (Dormant / Low-Value),70.0,8.0,5634.38,704.2975,1.0,0.2,0.04710701311703861,0.0,2.3333333333333335,ไม่ซื้อมา 70 วัน · ความถี่ 90 วันล่าสุดลดลงชัดเจน,อีเมล/แอปแบบเฉพาะบุคคล + คูปองตามหมวดที่เคยซื้อ
C11033,0.66911083,สูง,2,ลูกค้าห่างหายมูลค่าต่ำ (Dormant / Low-Value),92.0,13.0,3373.4700000000003,259.4976923076923,0.0,0.0,0.028123730586069505,0.0,,ไม่ซื้อมา 92 วัน · ความถี่ 90 วันล่าสุดลดลงชัดเจน · ไม่มีการซื้อเลยใน 90 วันล่าสุด,อีเมล/แอปแบบเฉพาะบุคคล + คูปองตามหมวดที่เคยซื้อ
C11462,0.66866606,สูง,2,ลูกค้าห่างหายมูลค่าต่ำ (Dormant / Low-Value),45.0,10.0,5990.38,599.038,2.0,0.6666666666666666,0.048126166924879824,0.0,,ความเสี่ยงมาจากรูปแบบรวมหลายปัจจัย,อีเมล/แอปแบบเฉพาะบุคคล + คูปองตามหมวดที่เคยซื้อ
C11317,0.66541135,สูง,3,ลูกค้าใหม่กำลังก่อตัว (New / Developing),61.0,3.0,4647.969999999999,1549.323333333333,1.0,0.3333333333333333,0.06579664062484297,0.0,,ไม่ซื้อมา 61 วัน · ความถี่ 90 วันล่าสุดลดลงชัดเจน,อีเมล/แอปแบบเฉพาะบุคคล + คูปองตามหมวดที่เคยซื้อ
C10791,0.66462356,สูง,2,ลูกค้าห่างหายมูลค่าต่ำ (Dormant / Low-Value),171.0,6.0,3220.13,536.6883333333334,0.0,0.0,0.027101089784067462,0.0,3.0,ไม่ซื้อมา 171 วัน · ความถี่ 90 วันล่าสุดลดลงชัดเจน · ไม่มีการซื้อเลยใน 90 วันล่าสุด,อีเมล/แอปแบบเฉพาะบุคคล + คูปองตามหมวดที่เคยซื้อ
C10459,0.6644499,สูง,0,ลูกค้าคุณค่าสูงที่กำลังห่างหาย (At-Risk High-Value),30.0,16.0,16220.2,1013.7625,3.0,0.375,0.04351989772511501,0.0,1.0,ความถี่ 90 วันล่าสุดลดลงชัดเจน · คะแนนความพึงพอใจต่ำ (1.0/5),อีเมล/แอปแบบเฉพาะบุคคล + คูปองตามหมวดที่เคยซื้อ
C12524,0.6628074,สูง,0,ลูกค้าคุณค่าสูงที่กำลังห่างหาย (At-Risk High-Value),17.0,8.0,15526.27,1940.78375,2.0,0.6666666666666666,0.007696196447938829,0.0,,ความเสี่ยงมาจากรูปแบบรวมหลายปัจจัย,อีเมล/แอปแบบเฉพาะบุคคล + คูปองตามหมวดที่เคยซื้อ
C11663,0.66236115,สูง,0,ลูกค้าคุณค่าสูงที่กำลังห่างหาย (At-Risk High-Value),38.0,14.0,12599.33,899.9521428571428,2.0,0.4,0.07494381453252442,0.0,,ความถี่ 90 วันล่าสุดลดลงชัดเจน,อีเมล/แอปแบบเฉพาะบุคคล + คูปองตามหมวดที่เคยซื้อ
C12581,0.6610215,สูง,0,ลูกค้าคุณค่าสูงที่กำลังห่างหาย (At-Risk High-Value),37.0,17.0,10974.29,645.5464705882354,3.0,1.0,0.012165329665581702,0.0,,ความเสี่ยงมาจากรูปแบบรวมหลายปัจจัย,อีเมล/แอปแบบเฉพาะบุคคล + คูปองตามหมวดที่เคยซื้อ
C12076,0.6576813,สูง,1,ลูกค้าชั้นยอด (Champions),28.0,59.0,127821.03,2166.4581355932205,6.0,0.6,0.012576149680569183,0.0,,ความเสี่ยงมาจากรูปแบบรวมหลายปัจจัย,อีเมล/แอปแบบเฉพาะบุคคล + คูปองตามหมวดที่เคยซื้อ
C10415,0.6568362,สูง,2,ลูกค้าห่างหายมูลค่าต่ำ (Dormant / Low-Value),61.0,8.0,5033.45,629.18125,1.0,0.3333333333333333,0.05806254818740502,0.0,3.0,ไม่ซื้อมา 61 วัน · ความถี่ 90 วันล่าสุดลดลงชัดเจน,อีเมล/แอปแบบเฉพาะบุคคล + คูปองตามหมวดที่เคยซื้อ
C10654,0.65658617,สูง,3,ลูกค้าใหม่กำลังก่อตัว (New / Developing),89.0,6.0,5055.65,842.6083333333332,1.0,0.3333333333333333,0.01924591550497977,0.0,,ไม่ซื้อมา 89 วัน · ความถี่ 90 วันล่าสุดลดลงชัดเจน,อีเมล/แอปแบบเฉพาะบุคคล + คูปองตามหมวดที่เคยซื้อ
C12259,0.6557674,สูง,0,ลูกค้าคุณค่าสูงที่กำลังห่างหาย (At-Risk High-Value),33.0,16.0,29094.47,1818.404375,2.0,0.4,0.0038630753270586463,0.0,,ความถี่ 90 วันล่าสุดลดลงชัดเจน,อีเมล/แอปแบบเฉพาะบุคคล + คูปองตามหมวดที่เคยซื้อ
C10322,0.65551406,สูง,0,ลูกค้าคุณค่าสูงที่กำลังห่างหาย (At-Risk High-Value),49.0,24.0,24004.11,1000.17125,3.0,1.5,0.02685225200535464,0.0,3.0,ความเสี่ยงมาจากรูปแบบรวมหลายปัจจัย,อีเมล/แอปแบบเฉพาะบุคคล + คูปองตามหมวดที่เคยซื้อ
C12655,0.65528876,สูง,2,ลูกค้าห่างหายมูลค่าต่ำ (Dormant / Low-Value),187.0,7.0,4159.08,594.1542857142857,0.0,0.0,0.07130639823866453,0.0,,ไม่ซื้อมา 187 วัน · ความถี่ 90 วันล่าสุดลดลงชัดเจน · ไม่มีการซื้อเลยใน 90 วันล่าสุด,อีเมล/แอปแบบเฉพาะบุคคล + คูปองตามหมวดที่เคยซื้อ
C11955,0.6545114,สูง,3,ลูกค้าใหม่กำลังก่อตัว (New / Developing),16.0,6.0,7161.85,1193.6416666666667,3.0,1.5,0.04574192387893647,0.0,,ความเสี่ยงมาจากรูปแบบรวมหลายปัจจัย,อีเมล/แอปแบบเฉพาะบุคคล + คูปองตามหมวดที่เคยซื้อ
C12698,0.65395683,สูง,0,ลูกค้าคุณค่าสูงที่กำลังห่างหาย (At-Risk High-Value),12.0,20.0,30009.41,1500.4705,3.0,0.5,0.036303584789931884,0.0,3.0,ความถี่ 90 วันล่าสุดลดลงชัดเจน,อีเมล/แอปแบบเฉพาะบุคคล + คูปองตามหมวดที่เคยซื้อ
C12936,0.6538933,สูง,0,ลูกค้าคุณค่าสูงที่กำลังห่างหาย (At-Risk High-Value),84.0,15.0,19862.86,1324.1906666666666,1.0,0.25,0.021066706225779695,0.0,5.0,ไม่ซื้อมา 84 วัน · ความถี่ 90 วันล่าสุดลดลงชัดเจน,อีเมล/แอปแบบเฉพาะบุคคล + คูปองตามหมวดที่เคยซื้อ
C11739,0.6529759,สูง,2,ลูกค้าห่างหายมูลค่าต่ำ (Dormant / Low-Value),42.0,3.0,1154.98,384.99333333333334,3.0,3.0,0.0,0.0,,ความเสี่ยงมาจากรูปแบบรวมหลายปัจจัย,อีเมล/แอปแบบเฉพาะบุคคล + คูปองตามหมวดที่เคยซื้อ
C11255,0.65141445,สูง,2,ลูกค้าห่างหายมูลค่าต่ำ (Dormant / Low-Value),83.0,4.0,1230.08,307.52,1.0,0.3333333333333333,0.10537684458570006,0.0,,ไม่ซื้อมา 83 วัน · ความถี่ 90 วันล่าสุดลดลงชัดเจน · ซื้อเมื่อมีส่วนลดเป็นหลัก (11%),อีเมล/แอปแบบเฉพาะบุคคล + คูปองตามหมวดที่เคยซื้อ
C10289,0.6510816,สูง,0,ลูกค้าคุณค่าสูงที่กำลังห่างหาย (At-Risk High-Value),41.0,12.0,15891.85,1324.3208333333334,4.0,1.0,0.0596059917841973,0.0,4.0,ความเสี่ยงมาจากรูปแบบรวมหลายปัจจัย,อีเมล/แอปแบบเฉพาะบุคคล + คูปองตามหมวดที่เคยซื้อ
C12772,0.64949095,สูง,0,ลูกค้าคุณค่าสูงที่กำลังห่างหาย (At-Risk High-Value),54.0,31.0,44788.43,1444.788064516129,2.0,0.5,0.04135194875216206,0.0,,ความถี่ 90 วันล่าสุดลดลงชัดเจน,อีเมล/แอปแบบเฉพาะบุคคล + คูปองตามหมวดที่เคยซื้อ
C12374,0.64852154,สูง,0,ลูกค้าคุณค่าสูงที่กำลังห่างหาย (At-Risk High-Value),79.0,21.0,20188.88,961.3752380952382,1.0,0.1111111111111111,0.0219930552326032,0.0,,ไม่ซื้อมา 79 วัน · ความถี่ 90 วันล่าสุดลดลงชัดเจน,อีเมล/แอปแบบเฉพาะบุคคล + คูปองตามหมวดที่เคยซื้อ
C10937,0.6471347,สูง,0,ลูกค้าคุณค่าสูงที่กำลังห่างหาย (At-Risk High-Value),66.0,10.0,13458.43,1345.843,1.0,0.2,0.01639220856671773,0.0,,ไม่ซื้อมา 66 วัน · ความถี่ 90 วันล่าสุดลดลงชัดเจน,อีเมล/แอปแบบเฉพาะบุคคล + คูปองตามหมวดที่เคยซื้อ
C11155,0.6451578,สูง,0,ลูกค้าคุณค่าสูงที่กำลังห่างหาย (At-Risk High-Value),56.0,25.0,38890.47,1555.6188,3.0,0.42857142857142855,0.007085124124348511,0.0,,ความถี่ 90 วันล่าสุดลดลงชัดเจน,อีเมล/แอปแบบเฉพาะบุคคล + คูปองตามหมวดที่เคยซื้อ
C11826,0.6447443,สูง,0,ลูกค้าคุณค่าสูงที่กำลังห่างหาย (At-Risk High-Value),36.0,28.0,24597.13,878.4689285714286,3.0,0.75,0.06320736572500404,0.0,,ความเสี่ยงมาจากรูปแบบรวมหลายปัจจัย,อีเมล/แอปแบบเฉพาะบุคคล + คูปองตามหมวดที่เคยซื้อ
C11959,0.6425071,สูง,0,ลูกค้าคุณค่าสูงที่กำลังห่างหาย (At-Risk High-Value),18.0,26.0,32963.27,1267.818076923077,2.0,0.5,0.024958122615325866,0.0,,ความถี่ 90 วันล่าสุดลดลงชัดเจน,อีเมล/แอปแบบเฉพาะบุคคล + คูปองตามหมวดที่เคยซื้อ
C12166,0.6402418,สูง,0,ลูกค้าคุณค่าสูงที่กำลังห่างหาย (At-Risk High-Value),30.0,13.0,17653.489999999998,1357.960769230769,3.0,0.75,0.029749741409349276,0.0,,ความเสี่ยงมาจากรูปแบบรวมหลายปัจจัย,อีเมล/แอปแบบเฉพาะบุคคล + คูปองตามหมวดที่เคยซื้อ
C10859,0.64020777,สูง,3,ลูกค้าใหม่กำลังก่อตัว (New / Developing),60.0,3.0,1585.76,528.5866666666667,3.0,3.0,0.02786275219009202,0.0,,ความเสี่ยงมาจากรูปแบบรวมหลายปัจจัย,อีเมล/แอปแบบเฉพาะบุคคล + คูปองตามหมวดที่เคยซื้อ
C10140,0.63976246,สูง,2,ลูกค้าห่างหายมูลค่าต่ำ (Dormant / Low-Value),58.0,10.0,5986.95,598.6949999999999,2.0,0.3333333333333333,0.09542602360342854,0.0,,ความถี่ 90 วันล่าสุดลดลงชัดเจน,อีเมล/แอปแบบเฉพาะบุคคล + คูปองตามหมวดที่เคยซื้อ
C12178,0.6397179,สูง,2,ลูกค้าห่างหายมูลค่าต่ำ (Dormant / Low-Value),128.0,4.0,1665.94,416.485,0.0,0.0,0.04902330148074573,0.0,3.0,ไม่ซื้อมา 128 วัน · ความถี่ 90 วันล่าสุดลดลงชัดเจน · ไม่มีการซื้อเลยใน 90 วันล่าสุด,อีเมล/แอปแบบเฉพาะบุคคล + คูปองตามหมวดที่เคยซื้อ
C10015,0.6395894,สูง,2,ลูกค้าห่างหายมูลค่าต่ำ (Dormant / Low-Value),21.0,14.0,7667.4,547.6714285714286,2.0,0.5,0.03533724948951155,0.0,2.0,ความถี่ 90 วันล่าสุดลดลงชัดเจน · คะแนนความพึงพอใจต่ำ (2.0/5),อีเมล/แอปแบบเฉพาะบุคคล + คูปองตามหมวดที่เคยซื้อ
C11742,0.6390296,สูง,0,ลูกค้าคุณค่าสูงที่กำลังห่างหาย (At-Risk High-Value),30.0,28.0,49968.770000000004,1784.5989285714288,3.0,0.375,0.02357564964007999,0.0,,ความถี่ 90 วันล่าสุดลดลงชัดเจน,อีเมล/แอปแบบเฉพาะบุคคล + คูปองตามหมวดที่เคยซื้อ
C10261,0.6358113,สูง,3,ลูกค้าใหม่กำลังก่อตัว (New / Developing),31.0,3.0,4598.72,1532.9066666666668,1.0,0.3333333333333333,0.04858727607130962,0.0,,ความถี่ 90 วันล่าสุดลดลงชัดเจน,อีเมล/แอปแบบเฉพาะบุคคล + คูปองตามหมวดที่เคยซื้อ
C11177,0.6350027,สูง,3,ลูกค้าใหม่กำลังก่อตัว (New / Developing),24.0,3.0,1403.5700000000002,467.85666666666674,3.0,3.0,0.03897322131613363,0.0,,ความเสี่ยงมาจากรูปแบบรวมหลายปัจจัย,อีเมล/แอปแบบเฉพาะบุคคล + คูปองตามหมวดที่เคยซื้อ
C12290,0.63261133,สูง,2,ลูกค้าห่างหายมูลค่าต่ำ (Dormant / Low-Value),234.0,6.0,2621.87,436.9783333333333,0.0,0.0,0.03426645548638992,0.0,,ไม่ซื้อมา 234 วัน · ความถี่ 90 วันล่าสุดลดลงชัดเจน · ไม่มีการซื้อเลยใน 90 วันล่าสุด,อีเมล/แอปแบบเฉพาะบุคคล + คูปองตามหมวดที่เคยซื้อ
C10488,0.6317605,สูง,0,ลูกค้าคุณค่าสูงที่กำลังห่างหาย (At-Risk High-Value),68.0,9.0,11179.02,1242.1133333333335,1.0,0.5,0.08160393285426866,0.0,,ไม่ซื้อมา 68 วัน · ความถี่ 90 วันล่าสุดลดลงชัดเจน,อีเมล/แอปแบบเฉพาะบุคคล + คูปองตามหมวดที่เคยซื้อ
C12754,0.63062286,สูง,0,ลูกค้าคุณค่าสูงที่กำลังห่างหาย (At-Risk High-Value),20.0,25.0,31211.36,1248.4544,3.0,0.2727272727272727,0.06740338887434727,0.0,,ความถี่ 90 วันล่าสุดลดลงชัดเจน,อีเมล/แอปแบบเฉพาะบุคคล + คูปองตามหมวดที่เคยซื้อ
C12923,0.6305891,สูง,0,ลูกค้าคุณค่าสูงที่กำลังห่างหาย (At-Risk High-Value),82.0,10.0,11278.17,1127.817,1.0,0.16666666666666666,0.0,0.0,,ไม่ซื้อมา 82 วัน · ความถี่ 90 วันล่าสุดลดลงชัดเจน,อีเมล/แอปแบบเฉพาะบุคคล + คูปองตามหมวดที่เคยซื้อ
C10528,0.62997264,สูง,0,ลูกค้าคุณค่าสูงที่กำลังห่างหาย (At-Risk High-Value),12.0,13.0,14880.09,1144.6223076923077,2.0,0.3333333333333333,0.06417471148706017,0.0,,ความถี่ 90 วันล่าสุดลดลงชัดเจน,อีเมล/แอปแบบเฉพาะบุคคล + คูปองตามหมวดที่เคยซื้อ
C11797,0.6299354,สูง,2,ลูกค้าห่างหายมูลค่าต่ำ (Dormant / Low-Value),162.0,4.0,1623.31,405.8275,0.0,0.0,0.017878102198613313,0.0,,ไม่ซื้อมา 162 วัน · ความถี่ 90 วันล่าสุดลดลงชัดเจน · ไม่มีการซื้อเลยใน 90 วันล่าสุด,อีเมล/แอปแบบเฉพาะบุคคล + คูปองตามหมวดที่เคยซื้อ
C12739,0.62968534,สูง,3,ลูกค้าใหม่กำลังก่อตัว (New / Developing),13.0,4.0,6045.55,1511.3875,4.0,4.0,0.04591500972936121,0.0,,ความเสี่ยงมาจากรูปแบบรวมหลายปัจจัย,อีเมล/แอปแบบเฉพาะบุคคล + คูปองตามหมวดที่เคยซื้อ
C10313,0.6287552,สูง,3,ลูกค้าใหม่กำลังก่อตัว (New / Developing),105.0,7.0,5253.78,750.54,0.0,0.0,0.007599154516141828,0.0,4.0,ไม่ซื้อมา 105 วัน · ความถี่ 90 วันล่าสุดลดลงชัดเจน · ไม่มีการซื้อเลยใน 90 วันล่าสุด,อีเมล/แอปแบบเฉพาะบุคคล + คูปองตามหมวดที่เคยซื้อ
C12417,0.628723,สูง,2,ลูกค้าห่างหายมูลค่าต่ำ (Dormant / Low-Value),71.0,6.0,3212.7599999999998,535.4599999999999,1.0,1.0,0.010974599881172635,0.0,,ไม่ซื้อมา 71 วัน,อีเมล/แอปแบบเฉพาะบุคคล + คูปองตามหมวดที่เคยซื้อ
C11479,0.628432,สูง,3,ลูกค้าใหม่กำลังก่อตัว (New / Developing),17.0,3.0,2319.51,773.1700000000001,3.0,3.0,0.0033857668890903544,0.0,,ความเสี่ยงมาจากรูปแบบรวมหลายปัจจัย,อีเมล/แอปแบบเฉพาะบุคคล + คูปองตามหมวดที่เคยซื้อ
C11348,0.62745714,สูง,2,ลูกค้าห่างหายมูลค่าต่ำ (Dormant / Low-Value),52.0,3.0,3184.74,1061.58,3.0,3.0,0.05817048358095959,0.0,4.0,ความเสี่ยงมาจากรูปแบบรวมหลายปัจจัย,อีเมล/แอปแบบเฉพาะบุคคล + คูปองตามหมวดที่เคยซื้อ
C10966,0.6262763,สูง,0,ลูกค้าคุณค่าสูงที่กำลังห่างหาย (At-Risk High-Value),64.0,12.0,8525.51,710.4591666666666,1.0,0.2,0.11129283781360888,0.0,2.0,ไม่ซื้อมา 64 วัน · ความถี่ 90 วันล่าสุดลดลงชัดเจน · คะแนนความพึงพอใจต่ำ (2.0/5) · ซื้อเมื่อมีส่วนลดเป็นหลัก (11%),อีเมล/แอปแบบเฉพาะบุคคล + คูปองตามหมวดที่เคยซื้อ
C10710,0.6260842,สูง,2,ลูกค้าห่างหายมูลค่าต่ำ (Dormant / Low-Value),71.0,8.0,5267.54,658.4425,2.0,0.6666666666666666,0.061459461770910544,0.0,5.0,ไม่ซื้อมา 71 วัน,อีเมล/แอปแบบเฉพาะบุคคล + คูปองตามหมวดที่เคยซื้อ
C11120,0.62542194,สูง,0,ลูกค้าคุณค่าสูงที่กำลังห่างหาย (At-Risk High-Value),38.0,12.0,10808.48,900.7066666666666,2.0,0.6666666666666666,0.05765257102602151,0.0,,ความเสี่ยงมาจากรูปแบบรวมหลายปัจจัย,อีเมล/แอปแบบเฉพาะบุคคล + คูปองตามหมวดที่เคยซื้อ
C10341,0.62360984,สูง,3,ลูกค้าใหม่กำลังก่อตัว (New / Developing),4.0,3.0,2780.04,926.68,3.0,3.0,0.02980006491172355,0.0,,ความเสี่ยงมาจากรูปแบบรวมหลายปัจจัย,อีเมล/แอปแบบเฉพาะบุคคล + คูปองตามหมวดที่เคยซื้อ
C10348,0.6211634,สูง,0,ลูกค้าคุณค่าสูงที่กำลังห่างหาย (At-Risk High-Value),33.0,26.0,23355.2,898.2769230769231,2.0,0.5,0.02707989832228437,0.0,,ความถี่ 90 วันล่าสุดลดลงชัดเจน,อีเมล/แอปแบบเฉพาะบุคคล + คูปองตามหมวดที่เคยซื้อ
C11004,0.6209086,สูง,3,ลูกค้าใหม่กำลังก่อตัว (New / Developing),51.0,3.0,1888.43,629.4766666666667,3.0,3.0,0.0629999007641163,0.0,,ความเสี่ยงมาจากรูปแบบรวมหลายปัจจัย,อีเมล/แอปแบบเฉพาะบุคคล + คูปองตามหมวดที่เคยซื้อ
C10096,0.62077296,สูง,3,ลูกค้าใหม่กำลังก่อตัว (New / Developing),96.0,4.0,3285.7,821.425,0.0,0.0,0.027401599043297312,0.0,1.0,ไม่ซื้อมา 96 วัน · ความถี่ 90 วันล่าสุดลดลงชัดเจน · ไม่มีการซื้อเลยใน 90 วันล่าสุด · คะแนนความพึงพอใจต่ำ (1.0/5),อีเมล/แอปแบบเฉพาะบุคคล + คูปองตามหมวดที่เคยซื้อ
C11076,0.6197794,สูง,1,ลูกค้าชั้นยอด (Champions),53.0,24.0,26750.62,1114.6091666666666,3.0,0.375,0.046761076112314955,0.0,,ความถี่ 90 วันล่าสุดลดลงชัดเจน,อีเมล/แอปแบบเฉพาะบุคคล + คูปองตามหมวดที่เคยซื้อ
C11935,0.61954296,สูง,3,ลูกค้าใหม่กำลังก่อตัว (New / Developing),78.0,8.0,8572.86,1071.6075,2.0,0.5,0.032648777955812336,0.0,4.5,ไม่ซื้อมา 78 วัน · ความถี่ 90 วันล่าสุดลดลงชัดเจน,อีเมล/แอปแบบเฉพาะบุคคล + คูปองตามหมวดที่เคยซื้อ
C12559,0.6190049,สูง,2,ลูกค้าห่างหายมูลค่าต่ำ (Dormant / Low-Value),28.0,3.0,1548.33,516.11,1.0,1.0,0.10276588223704416,0.0,,ซื้อเมื่อมีส่วนลดเป็นหลัก (10%),อีเมล/แอปแบบเฉพาะบุคคล + คูปองตามหมวดที่เคยซื้อ
C11360,0.61763394,สูง,2,ลูกค้าห่างหายมูลค่าต่ำ (Dormant / Low-Value),215.0,4.0,1934.81,483.7025,0.0,0.0,0.06046170580579997,0.0,,ไม่ซื้อมา 215 วัน · ความถี่ 90 วันล่าสุดลดลงชัดเจน · ไม่มีการซื้อเลยใน 90 วันล่าสุด,อีเมล/แอปแบบเฉพาะบุคคล + คูปองตามหมวดที่เคยซื้อ
C11164,0.6160574,สูง,0,ลูกค้าคุณค่าสูงที่กำลังห่างหาย (At-Risk High-Value),69.0,9.0,8870.34,985.5933333333334,1.0,0.5,0.01972303540465542,0.0,2.0,ไม่ซื้อมา 69 วัน · ความถี่ 90 วันล่าสุดลดลงชัดเจน · คะแนนความพึงพอใจต่ำ (2.0/5),อีเมล/แอปแบบเฉพาะบุคคล + คูปองตามหมวดที่เคยซื้อ
C10281,0.61557245,สูง,0,ลูกค้าคุณค่าสูงที่กำลังห่างหาย (At-Risk High-Value),4.0,9.0,9686.42,1076.2688888888888,3.0,1.5,0.03882250443059202,0.0,5.0,ความเสี่ยงมาจากรูปแบบรวมหลายปัจจัย,อีเมล/แอปแบบเฉพาะบุคคล + คูปองตามหมวดที่เคยซื้อ
C12802,0.6151522,สูง,2,ลูกค้าห่างหายมูลค่าต่ำ (Dormant / Low-Value),45.0,3.0,3769.43,1256.4766666666667,1.0,0.3333333333333333,0.10339619230659447,0.0,,ความถี่ 90 วันล่าสุดลดลงชัดเจน · ซื้อเมื่อมีส่วนลดเป็นหลัก (10%),อีเมล/แอปแบบเฉพาะบุคคล + คูปองตามหมวดที่เคยซื้อ
C10614,0.6143909,สูง,2,ลูกค้าห่างหายมูลค่าต่ำ (Dormant / Low-Value),192.0,8.0,3281.7,410.2125,0.0,0.0,0.06842929975360229,1.0,2.0,ไม่ซื้อมา 192 วัน · ความถี่ 90 วันล่าสุดลดลงชัดเจน · ไม่มีการซื้อเลยใน 90 วันล่าสุด · คะแนนความพึงพอใจต่ำ (2.0/5) · มีเรื่องร้องเรียนค้าง 1 เรื่อง,อีเมล/แอปแบบเฉพาะบุคคล + คูปองตามหมวดที่เคยซื้อ
C10353,0.6134145,สูง,0,ลูกค้าคุณค่าสูงที่กำลังห่างหาย (At-Risk High-Value),23.0,18.0,17674.13,981.8961111111112,3.0,0.5,0.06069011186176931,0.0,,ความถี่ 90 วันล่าสุดลดลงชัดเจน,อีเมล/แอปแบบเฉพาะบุคคล + คูปองตามหมวดที่เคยซื้อ
C11069,0.61244684,สูง,3,ลูกค้าใหม่กำลังก่อตัว (New / Developing),98.0,5.0,4193.43,838.686,0.0,0.0,0.03440153079904117,0.0,,ไม่ซื้อมา 98 วัน · ความถี่ 90 วันล่าสุดลดลงชัดเจน · ไม่มีการซื้อเลยใน 90 วันล่าสุด,อีเมล/แอปแบบเฉพาะบุคคล + คูปองตามหมวดที่เคยซื้อ
C10382,0.6088289,สูง,1,ลูกค้าชั้นยอด (Champions),27.0,18.0,23681.35,1315.6305555555555,6.0,2.0,0.07289532222489306,0.0,2.0,คะแนนความพึงพอใจต่ำ (2.0/5),อีเมล/แอปแบบเฉพาะบุคคล + คูปองตามหมวดที่เคยซื้อ
C11451,0.6073318,สูง,0,ลูกค้าคุณค่าสูงที่กำลังห่างหาย (At-Risk High-Value),53.0,11.0,7534.46,684.9509090909091,1.0,0.25,0.048771773451318494,0.0,,ความถี่ 90 วันล่าสุดลดลงชัดเจน,อีเมล/แอปแบบเฉพาะบุคคล + คูปองตามหมวดที่เคยซื้อ
C12216,0.60726184,สูง,0,ลูกค้าคุณค่าสูงที่กำลังห่างหาย (At-Risk High-Value),41.0,20.0,28403.58,1420.179,2.0,0.25,0.04586621572731606,0.0,,ความถี่ 90 วันล่าสุดลดลงชัดเจน,อีเมล/แอปแบบเฉพาะบุคคล + คูปองตามหมวดที่เคยซื้อ
C10602,0.6067418,สูง,0,ลูกค้าคุณค่าสูงที่กำลังห่างหาย (At-Risk High-Value),23.0,18.0,18488.86,1027.158888888889,3.0,0.6,0.018984275720088182,0.0,2.0,คะแนนความพึงพอใจต่ำ (2.0/5),อีเมล/แอปแบบเฉพาะบุคคล + คูปองตามหมวดที่เคยซื้อ
C10083,0.6064809,สูง,2,ลูกค้าห่างหายมูลค่าต่ำ (Dormant / Low-Value),122.0,6.0,2544.54,424.09,0.0,0.0,0.050218731803454916,0.0,,ไม่ซื้อมา 122 วัน · ความถี่ 90 วันล่าสุดลดลงชัดเจน · ไม่มีการซื้อเลยใน 90 วันล่าสุด,อีเมล/แอปแบบเฉพาะบุคคล + คูปองตามหมวดที่เคยซื้อ
C10287,0.6046436,สูง,0,ลูกค้าคุณค่าสูงที่กำลังห่างหาย (At-Risk High-Value),31.0,23.0,28925.39,1257.625652173913,2.0,1.0,0.01614654371923905,0.0,,ความเสี่ยงมาจากรูปแบบรวมหลายปัจจัย,อีเมล/แอปแบบเฉพาะบุคคล + คูปองตามหมวดที่เคยซื้อ
C12809,0.60451776,สูง,3,ลูกค้าใหม่กำลังก่อตัว (New / Developing),14.0,3.0,1396.72,465.5733333333333,3.0,3.0,0.0,0.0,2.0,คะแนนความพึงพอใจต่ำ (2.0/5),อีเมล/แอปแบบเฉพาะบุคคล + คูปองตามหมวดที่เคยซื้อ
C11591,0.60449356,สูง,2,ลูกค้าห่างหายมูลค่าต่ำ (Dormant / Low-Value),36.0,10.0,5774.3,577.4300000000001,2.0,0.5,0.047104331208929755,0.0,2.0,ความถี่ 90 วันล่าสุดลดลงชัดเจน · คะแนนความพึงพอใจต่ำ (2.0/5),อีเมล/แอปแบบเฉพาะบุคคล + คูปองตามหมวดที่เคยซื้อ
C12037,0.6013131,สูง,2,ลูกค้าห่างหายมูลค่าต่ำ (Dormant / Low-Value),3.0,9.0,4067.29,451.9211111111111,4.0,2.0,0.0434114871809345,0.0,,ความเสี่ยงมาจากรูปแบบรวมหลายปัจจัย,อีเมล/แอปแบบเฉพาะบุคคล + คูปองตามหมวดที่เคยซื้อ
C11119,0.60027164,สูง,3,ลูกค้าใหม่กำลังก่อตัว (New / Developing),24.0,3.0,2446.05,815.35,3.0,3.0,0.16588235294117648,0.0,3.0,ซื้อเมื่อมีส่วนลดเป็นหลัก (17%),อีเมล/แอปแบบเฉพาะบุคคล + คูปองตามหมวดที่เคยซื้อ
C11654,0.5950427,สูง,2,ลูกค้าห่างหายมูลค่าต่ำ (Dormant / Low-Value),94.0,7.0,4169.38,595.6257142857143,0.0,0.0,0.10616942001706461,0.0,,ไม่ซื้อมา 94 วัน · ความถี่ 90 วันล่าสุดลดลงชัดเจน · ไม่มีการซื้อเลยใน 90 วันล่าสุด · ซื้อเมื่อมีส่วนลดเป็นหลัก (11%),อีเมล/แอปแบบเฉพาะบุคคล + คูปองตามหมวดที่เคยซื้อ
C11808,0.5926519,สูง,3,ลูกค้าใหม่กำลังก่อตัว (New / Developing),10.0,3.0,2534.64,844.88,3.0,3.0,0.044707265778702425,0.0,4.0,ความเสี่ยงมาจากรูปแบบรวมหลายปัจจัย,อีเมล/แอปแบบเฉพาะบุคคล + คูปองตามหมวดที่เคยซื้อ
C12908,0.5920699,สูง,0,ลูกค้าคุณค่าสูงที่กำลังห่างหาย (At-Risk High-Value),77.0,10.0,9406.71,940.6709999999999,1.0,0.25,0.03269721985710584,0.0,,ไม่ซื้อมา 77 วัน · ความถี่ 90 วันล่าสุดลดลงชัดเจน,อีเมล/แอปแบบเฉพาะบุคคล + คูปองตามหมวดที่เคยซื้อ
C12836,0.5883803,สูง,3,ลูกค้าใหม่กำลังก่อตัว (New / Developing),9.0,7.0,6731.63,961.6614285714286,6.0,3.0,0.04398316795264531,0.0,,ความเสี่ยงมาจากรูปแบบรวมหลายปัจจัย,อีเมล/แอปแบบเฉพาะบุคคล + คูปองตามหมวดที่เคยซื้อ
C10529,0.58764076,สูง,0,ลูกค้าคุณค่าสูงที่กำลังห่างหาย (At-Risk High-Value),22.0,15.0,15668.16,1044.544,2.0,0.4,0.028473954525753426,0.0,4.0,ความถี่ 90 วันล่าสุดลดลงชัดเจน,อีเมล/แอปแบบเฉพาะบุคคล + คูปองตามหมวดที่เคยซื้อ
C12369,0.58748287,สูง,3,ลูกค้าใหม่กำลังก่อตัว (New / Developing),3.0,3.0,2689.38,896.46,3.0,3.0,0.027570571623825313,1.0,3.0,มีเรื่องร้องเรียนค้าง 1 เรื่อง,อีเมล/แอปแบบเฉพาะบุคคล + คูปองตามหมวดที่เคยซื้อ
C10363,0.5870179,สูง,2,ลูกค้าห่างหายมูลค่าต่ำ (Dormant / Low-Value),332.0,10.0,5507.0,550.7,0.0,0.0,0.07494817895645688,0.0,,ไม่ซื้อมา 332 วัน · ความถี่ 90 วันล่าสุดลดลงชัดเจน · ไม่มีการซื้อเลยใน 90 วันล่าสุด,อีเมล/แอปแบบเฉพาะบุคคล + คูปองตามหมวดที่เคยซื้อ
C10088,0.58662283,สูง,0,ลูกค้าคุณค่าสูงที่กำลังห่างหาย (At-Risk High-Value),72.0,9.0,6986.29,776.2544444444444,1.0,0.25,0.0550524731142073,0.0,3.0,ไม่ซื้อมา 72 วัน · ความถี่ 90 วันล่าสุดลดลงชัดเจน,อีเมล/แอปแบบเฉพาะบุคคล + คูปองตามหมวดที่เคยซื้อ
C11438,0.5855018,สูง,2,ลูกค้าห่างหายมูลค่าต่ำ (Dormant / Low-Value),33.0,3.0,533.67,177.89,3.0,3.0,0.0483942868351135,0.0,3.0,ความเสี่ยงมาจากรูปแบบรวมหลายปัจจัย,อีเมล/แอปแบบเฉพาะบุคคล + คูปองตามหมวดที่เคยซื้อ
C11906,0.5849935,สูง,3,ลูกค้าใหม่กำลังก่อตัว (New / Developing),25.0,3.0,3748.1400000000003,1249.38,3.0,3.0,0.03428321137792435,0.0,,ความเสี่ยงมาจากรูปแบบรวมหลายปัจจัย,อีเมล/แอปแบบเฉพาะบุคคล + คูปองตามหมวดที่เคยซื้อ
C10318,0.58491975,สูง,1,ลูกค้าชั้นยอด (Champions),30.0,19.0,29979.59,1577.8731578947368,4.0,0.5714285714285714,0.014557336914897743,0.0,2.0,ความถี่ 90 วันล่าสุดลดลงชัดเจน · คะแนนความพึงพอใจต่ำ (2.0/5),อีเมล/แอปแบบเฉพาะบุคคล + คูปองตามหมวดที่เคยซื้อ
C11791,0.5834605,สูง,0,ลูกค้าคุณค่าสูงที่กำลังห่างหาย (At-Risk High-Value),17.0,11.0,20072.1,1824.7363636363634,2.0,2.0,0.08222906757004529,0.0,,ความเสี่ยงมาจากรูปแบบรวมหลายปัจจัย,อีเมล/แอปแบบเฉพาะบุคคล + คูปองตามหมวดที่เคยซื้อ
C10686,0.58213395,สูง,0,ลูกค้าคุณค่าสูงที่กำลังห่างหาย (At-Risk High-Value),15.0,11.0,12336.15,1121.4681818181818,2.0,1.0,0.06340040132987022,0.0,,ความเสี่ยงมาจากรูปแบบรวมหลายปัจจัย,อีเมล/แอปแบบเฉพาะบุคคล + คูปองตามหมวดที่เคยซื้อ
C10070,0.58158696,สูง,2,ลูกค้าห่างหายมูลค่าต่ำ (Dormant / Low-Value),290.0,4.0,3598.33,899.5825,0.0,0.0,0.09090610512486894,0.0,,ไม่ซื้อมา 290 วัน · ความถี่ 90 วันล่าสุดลดลงชัดเจน · ไม่มีการซื้อเลยใน 90 วันล่าสุด,อีเมล/แอปแบบเฉพาะบุคคล + คูปองตามหมวดที่เคยซื้อ
C12545,0.580633,สูง,0,ลูกค้าคุณค่าสูงที่กำลังห่างหาย (At-Risk High-Value),46.0,19.0,14511.62,763.7694736842105,3.0,0.375,0.06940943273658633,0.0,,ความถี่ 90 วันล่าสุดลดลงชัดเจน,อีเมล/แอปแบบเฉพาะบุคคล + คูปองตามหมวดที่เคยซื้อ
C10399,0.57680595,สูง,2,ลูกค้าห่างหายมูลค่าต่ำ (Dormant / Low-Value),202.0,4.0,1106.6499999999999,276.66249999999997,0.0,0.0,0.0342019828248272,0.0,4.0,ไม่ซื้อมา 202 วัน · ความถี่ 90 วันล่าสุดลดลงชัดเจน · ไม่มีการซื้อเลยใน 90 วันล่าสุด,อีเมล/แอปแบบเฉพาะบุคคล + คูปองตามหมวดที่เคยซื้อ
C11818,0.57633865,สูง,2,ลูกค้าห่างหายมูลค่าต่ำ (Dormant / Low-Value),38.0,9.0,5518.9800000000005,613.22,3.0,1.5,0.09167992916427337,0.0,,ความเสี่ยงมาจากรูปแบบรวมหลายปัจจัย,อีเมล/แอปแบบเฉพาะบุคคล + คูปองตามหมวดที่เคยซื้อ
C10005,0.5761001,สูง,0,ลูกค้าคุณค่าสูงที่กำลังห่างหาย (At-Risk High-Value),34.0,11.0,6578.14,598.0127272727273,1.0,0.5,0.07783299571729972,2.0,3.0,ความถี่ 90 วันล่าสุดลดลงชัดเจน · มีเรื่องร้องเรียนค้าง 2 เรื่อง,อีเมล/แอปแบบเฉพาะบุคคล + คูปองตามหมวดที่เคยซื้อ
C10834,0.57319343,สูง,2,ลูกค้าห่างหายมูลค่าต่ำ (Dormant / Low-Value),101.0,8.0,5449.94,681.2425,0.0,0.0,0.1219206465313067,0.0,3.0,ไม่ซื้อมา 101 วัน · ความถี่ 90 วันล่าสุดลดลงชัดเจน · ไม่มีการซื้อเลยใน 90 วันล่าสุด · ซื้อเมื่อมีส่วนลดเป็นหลัก (12%),อีเมล/แอปแบบเฉพาะบุคคล + คูปองตามหมวดที่เคยซื้อ
C12099,0.57296455,สูง,3,ลูกค้าใหม่กำลังก่อตัว (New / Developing),37.0,3.0,3476.92,1158.9733333333334,2.0,1.0,0.0762895581390406,0.0,,ความเสี่ยงมาจากรูปแบบรวมหลายปัจจัย,อีเมล/แอปแบบเฉพาะบุคคล + คูปองตามหมวดที่เคยซื้อ
C10931,0.57096684,สูง,3,ลูกค้าใหม่กำลังก่อตัว (New / Developing),8.0,3.0,2052.54,684.18,3.0,3.0,0.061245397790939654,0.0,3.0,ความเสี่ยงมาจากรูปแบบรวมหลายปัจจัย,อีเมล/แอปแบบเฉพาะบุคคล + คูปองตามหมวดที่เคยซื้อ
C11265,0.57087344,สูง,0,ลูกค้าคุณค่าสูงที่กำลังห่างหาย (At-Risk High-Value),15.0,27.0,31747.43,1175.8307407407408,4.0,0.8,0.04096194319558015,1.0,2.0,คะแนนความพึงพอใจต่ำ (2.0/5) · มีเรื่องร้องเรียนค้าง 1 เรื่อง,อีเมล/แอปแบบเฉพาะบุคคล + คูปองตามหมวดที่เคยซื้อ
C11163,0.57060754,สูง,2,ลูกค้าห่างหายมูลค่าต่ำ (Dormant / Low-Value),53.0,10.0,3993.69,399.369,2.0,0.5,0.02323721476263849,0.0,3.0,ความถี่ 90 วันล่าสุดลดลงชัดเจน,อีเมล/แอปแบบเฉพาะบุคคล + คูปองตามหมวดที่เคยซื้อ
C10652,0.5704929,สูง,3,ลูกค้าใหม่กำลังก่อตัว (New / Developing),59.0,9.0,10495.8,1166.1999999999998,1.0,0.25,0.008777248284498438,0.0,,ความถี่ 90 วันล่าสุดลดลงชัดเจน,อีเมล/แอปแบบเฉพาะบุคคล + คูปองตามหมวดที่เคยซื้อ
C12255,0.57033086,สูง,2,ลูกค้าห่างหายมูลค่าต่ำ (Dormant / Low-Value),122.0,4.0,779.2900000000001,194.82250000000002,0.0,0.0,0.1166515529358422,0.0,,ไม่ซื้อมา 122 วัน · ความถี่ 90 วันล่าสุดลดลงชัดเจน · ไม่มีการซื้อเลยใน 90 วันล่าสุด · ซื้อเมื่อมีส่วนลดเป็นหลัก (12%),อีเมล/แอปแบบเฉพาะบุคคล + คูปองตามหมวดที่เคยซื้อ
C12488,0.5698014,สูง,3,ลูกค้าใหม่กำลังก่อตัว (New / Developing),16.0,3.0,4618.48,1539.493333333333,3.0,3.0,0.0,0.0,,ความเสี่ยงมาจากรูปแบบรวมหลายปัจจัย,อีเมล/แอปแบบเฉพาะบุคคล + คูปองตามหมวดที่เคยซื้อ
C10624,0.5693216,สูง,1,ลูกค้าชั้นยอด (Champions),31.0,30.0,43257.88,1441.9293333333333,5.0,1.6666666666666667,0.034956541914297444,0.0,,ความเสี่ยงมาจากรูปแบบรวมหลายปัจจัย,อีเมล/แอปแบบเฉพาะบุคคล + คูปองตามหมวดที่เคยซื้อ
C10563,0.5686552,สูง,2,ลูกค้าห่างหายมูลค่าต่ำ (Dormant / Low-Value),131.0,6.0,1958.0,326.3333333333333,0.0,0.0,0.041098573891239616,0.0,,ไม่ซื้อมา 131 วัน · ความถี่ 90 วันล่าสุดลดลงชัดเจน · ไม่มีการซื้อเลยใน 90 วันล่าสุด,อีเมล/แอปแบบเฉพาะบุคคล + คูปองตามหมวดที่เคยซื้อ
C12989,0.56723326,สูง,0,ลูกค้าคุณค่าสูงที่กำลังห่างหาย (At-Risk High-Value),158.0,6.0,4985.849999999999,830.9749999999999,0.0,0.0,0.03790416573400125,0.0,5.0,ไม่ซื้อมา 158 วัน · ความถี่ 90 วันล่าสุดลดลงชัดเจน · ไม่มีการซื้อเลยใน 90 วันล่าสุด,อีเมล/แอปแบบเฉพาะบุคคล + คูปองตามหมวดที่เคยซื้อ
C10823,0.5664843,สูง,3,ลูกค้าใหม่กำลังก่อตัว (New / Developing),23.0,4.0,2817.01,704.2525,4.0,4.0,0.00970604158024622,0.0,,ความเสี่ยงมาจากรูปแบบรวมหลายปัจจัย,อีเมล/แอปแบบเฉพาะบุคคล + คูปองตามหมวดที่เคยซื้อ
C11222,0.56613505,สูง,3,ลูกค้าใหม่กำลังก่อตัว (New / Developing),40.0,3.0,4433.7,1477.8999999999999,2.0,1.0,0.005127284558683287,0.0,,ความเสี่ยงมาจากรูปแบบรวมหลายปัจจัย,อีเมล/แอปแบบเฉพาะบุคคล + คูปองตามหมวดที่เคยซื้อ
C10674,0.56611437,สูง,0,ลูกค้าคุณค่าสูงที่กำลังห่างหาย (At-Risk High-Value),10.0,11.0,14553.27,1323.0245454545454,2.0,0.5,0.04512618561462997,1.0,5.0,ความถี่ 90 วันล่าสุดลดลงชัดเจน · มีเรื่องร้องเรียนค้าง 1 เรื่อง,อีเมล/แอปแบบเฉพาะบุคคล + คูปองตามหมวดที่เคยซื้อ
C12225,0.5646266,สูง,2,ลูกค้าห่างหายมูลค่าต่ำ (Dormant / Low-Value),38.0,3.0,1755.33,585.11,2.0,1.0,0.062123316948065825,0.0,,ความเสี่ยงมาจากรูปแบบรวมหลายปัจจัย,อีเมล/แอปแบบเฉพาะบุคคล + คูปองตามหมวดที่เคยซื้อ
C10105,0.5644077,สูง,0,ลูกค้าคุณค่าสูงที่กำลังห่างหาย (At-Risk High-Value),31.0,14.0,14174.619999999999,1012.472857142857,2.0,0.5,0.02773382170869644,0.0,3.5,ความถี่ 90 วันล่าสุดลดลงชัดเจน,อีเมล/แอปแบบเฉพาะบุคคล + คูปองตามหมวดที่เคยซื้อ
C10581,0.5641198,สูง,0,ลูกค้าคุณค่าสูงที่กำลังห่างหาย (At-Risk High-Value),16.0,15.0,14272.07,951.4713333333333,3.0,0.5,0.023853638952097793,1.0,3.5,ความถี่ 90 วันล่าสุดลดลงชัดเจน · มีเรื่องร้องเรียนค้าง 1 เรื่อง,อีเมล/แอปแบบเฉพาะบุคคล + คูปองตามหมวดที่เคยซื้อ
C12371,0.5623051,สูง,2,ลูกค้าห่างหายมูลค่าต่ำ (Dormant / Low-Value),177.0,4.0,1653.9499999999998,413.48749999999995,0.0,0.0,0.1019048446476472,1.0,3.0,ไม่ซื้อมา 177 วัน · ความถี่ 90 วันล่าสุดลดลงชัดเจน · ไม่มีการซื้อเลยใน 90 วันล่าสุด · มีเรื่องร้องเรียนค้าง 1 เรื่อง · ซื้อเมื่อมีส่วนลดเป็นหลัก (10%),อีเมล/แอปแบบเฉพาะบุคคล + คูปองตามหมวดที่เคยซื้อ
C12858,0.5605575,สูง,0,ลูกค้าคุณค่าสูงที่กำลังห่างหาย (At-Risk High-Value),19.0,12.0,12810.060000000001,1067.505,4.0,1.0,0.04429425452689803,0.0,,ความเสี่ยงมาจากรูปแบบรวมหลายปัจจัย,อีเมล/แอปแบบเฉพาะบุคคล + คูปองตามหมวดที่เคยซื้อ
C12494,0.5600626,สูง,0,ลูกค้าคุณค่าสูงที่กำลังห่างหาย (At-Risk High-Value),33.0,33.0,42393.26,1284.6442424242425,6.0,1.0,0.03129793581099995,0.0,,ความเสี่ยงมาจากรูปแบบรวมหลายปัจจัย,อีเมล/แอปแบบเฉพาะบุคคล + คูปองตามหมวดที่เคยซื้อ
C10523,0.5596456,สูง,2,ลูกค้าห่างหายมูลค่าต่ำ (Dormant / Low-Value),11.0,6.0,1649.97,274.995,4.0,2.0,0.073435762660467,1.0,3.0,มีเรื่องร้องเรียนค้าง 1 เรื่อง,อีเมล/แอปแบบเฉพาะบุคคล + คูปองตามหมวดที่เคยซื้อ
C11006,0.55928886,สูง,2,ลูกค้าห่างหายมูลค่าต่ำ (Dormant / Low-Value),211.0,4.0,2262.29,565.5725,0.0,0.0,0.05349455055122063,0.0,,ไม่ซื้อมา 211 วัน · ความถี่ 90 วันล่าสุดลดลงชัดเจน · ไม่มีการซื้อเลยใน 90 วันล่าสุด,อีเมล/แอปแบบเฉพาะบุคคล + คูปองตามหมวดที่เคยซื้อ
C12063,0.55850863,สูง,0,ลูกค้าคุณค่าสูงที่กำลังห่างหาย (At-Risk High-Value),70.0,33.0,40621.19,1230.9451515151516,2.0,0.25,0.031726591627278575,0.0,,ไม่ซื้อมา 70 วัน · ความถี่ 90 วันล่าสุดลดลงชัดเจน,อีเมล/แอปแบบเฉพาะบุคคล + คูปองตามหมวดที่เคยซื้อ
C11110,0.5554433,สูง,2,ลูกค้าห่างหายมูลค่าต่ำ (Dormant / Low-Value),170.0,3.0,1699.37,566.4566666666666,0.0,0.0,0.04844110466548703,0.0,,ไม่ซื้อมา 170 วัน · ความถี่ 90 วันล่าสุดลดลงชัดเจน · ไม่มีการซื้อเลยใน 90 วันล่าสุด,อีเมล/แอปแบบเฉพาะบุคคล + คูปองตามหมวดที่เคยซื้อ
C10167,0.5523013,สูง,0,ลูกค้าคุณค่าสูงที่กำลังห่างหาย (At-Risk High-Value),64.0,12.0,9720.39,810.0324999999999,1.0,0.3333333333333333,0.05459219252866016,0.0,,ไม่ซื้อมา 64 วัน · ความถี่ 90 วันล่าสุดลดลงชัดเจน,อีเมล/แอปแบบเฉพาะบุคคล + คูปองตามหมวดที่เคยซื้อ
C10125,0.55160505,สูง,1,ลูกค้าชั้นยอด (Champions),27.0,18.0,27959.38,1553.298888888889,2.0,0.5,0.010666357168687957,0.0,,ความถี่ 90 วันล่าสุดลดลงชัดเจน,อีเมล/แอปแบบเฉพาะบุคคล + คูปองตามหมวดที่เคยซื้อ
C10527,0.5511754,สูง,2,ลูกค้าห่างหายมูลค่าต่ำ (Dormant / Low-Value),136.0,4.0,1891.17,472.7925,0.0,0.0,0.007629702315672374,0.0,,ไม่ซื้อมา 136 วัน · ความถี่ 90 วันล่าสุดลดลงชัดเจน · ไม่มีการซื้อเลยใน 90 วันล่าสุด,อีเมล/แอปแบบเฉพาะบุคคล + คูปองตามหมวดที่เคยซื้อ
C11091,0.5506238,สูง,3,ลูกค้าใหม่กำลังก่อตัว (New / Developing),90.0,4.0,2554.56,638.64,0.0,0.0,0.0,0.0,2.0,ไม่ซื้อมา 90 วัน · ความถี่ 90 วันล่าสุดลดลงชัดเจน · ไม่มีการซื้อเลยใน 90 วันล่าสุด · คะแนนความพึงพอใจต่ำ (2.0/5),อีเมล/แอปแบบเฉพาะบุคคล + คูปองตามหมวดที่เคยซื้อ
C12133,0.5465616,สูง,2,ลูกค้าห่างหายมูลค่าต่ำ (Dormant / Low-Value),43.0,5.0,2445.63,489.12600000000003,2.0,0.5,0.0541234621379425,0.0,,ความถี่ 90 วันล่าสุดลดลงชัดเจน,อีเมล/แอปแบบเฉพาะบุคคล + คูปองตามหมวดที่เคยซื้อ
C11976,0.5449073,สูง,0,ลูกค้าคุณค่าสูงที่กำลังห่างหาย (At-Risk High-Value),4.0,14.0,12320.05,880.0035714285714,3.0,0.6,0.05808359015487275,0.0,2.0,คะแนนความพึงพอใจต่ำ (2.0/5),อีเมล/แอปแบบเฉพาะบุคคล + คูปองตามหมวดที่เคยซื้อ
C10237,0.54490674,สูง,0,ลูกค้าคุณค่าสูงที่กำลังห่างหาย (At-Risk High-Value),41.0,15.0,11203.5,746.9,4.0,1.3333333333333333,0.10457101570667238,0.0,2.0,คะแนนความพึงพอใจต่ำ (2.0/5) · ซื้อเมื่อมีส่วนลดเป็นหลัก (10%),อีเมล/แอปแบบเฉพาะบุคคล + คูปองตามหมวดที่เคยซื้อ
C12176,0.5448131,สูง,0,ลูกค้าคุณค่าสูงที่กำลังห่างหาย (At-Risk High-Value),41.0,15.0,8909.460000000001,593.964,2.0,1.0,0.09653284875083787,0.0,,ความเสี่ยงมาจากรูปแบบรวมหลายปัจจัย,อีเมล/แอปแบบเฉพาะบุคคล + คูปองตามหมวดที่เคยซื้อ
C12828,0.5444282,สูง,3,ลูกค้าใหม่กำลังก่อตัว (New / Developing),53.0,3.0,2580.62,860.2066666666666,3.0,3.0,0.013018901119074756,0.0,,ความเสี่ยงมาจากรูปแบบรวมหลายปัจจัย,อีเมล/แอปแบบเฉพาะบุคคล + คูปองตามหมวดที่เคยซื้อ
C10284,0.5442853,สูง,0,ลูกค้าคุณค่าสูงที่กำลังห่างหาย (At-Risk High-Value),47.0,7.0,4850.599999999999,692.9428571428571,1.0,1.0,0.04744324151298361,0.0,,ความเสี่ยงมาจากรูปแบบรวมหลายปัจจัย,อีเมล/แอปแบบเฉพาะบุคคล + คูปองตามหมวดที่เคยซื้อ
C10519,0.54381746,สูง,0,ลูกค้าคุณค่าสูงที่กำลังห่างหาย (At-Risk High-Value),34.0,20.0,11886.81,594.3405,4.0,1.3333333333333333,0.0521701480255289,0.0,3.0,ความเสี่ยงมาจากรูปแบบรวมหลายปัจจัย,อีเมล/แอปแบบเฉพาะบุคคล + คูปองตามหมวดที่เคยซื้อ
C10045,0.5421591,สูง,0,ลูกค้าคุณค่าสูงที่กำลังห่างหาย (At-Risk High-Value),17.0,33.0,22193.04,672.5163636363636,5.0,0.7142857142857143,0.024914224855877104,0.0,,ความเสี่ยงมาจากรูปแบบรวมหลายปัจจัย,อีเมล/แอปแบบเฉพาะบุคคล + คูปองตามหมวดที่เคยซื้อ
C12212,0.54175836,สูง,3,ลูกค้าใหม่กำลังก่อตัว (New / Developing),17.0,4.0,3258.4700000000003,814.6175000000001,2.0,0.6666666666666666,0.04583322352334854,0.0,2.0,คะแนนความพึงพอใจต่ำ (2.0/5),อีเมล/แอปแบบเฉพาะบุคคล + คูปองตามหมวดที่เคยซื้อ
C12004,0.540998,สูง,0,ลูกค้าคุณค่าสูงที่กำลังห่างหาย (At-Risk High-Value),48.0,16.0,11621.9,726.36875,2.0,0.5,0.03255237056676337,0.0,,ความถี่ 90 วันล่าสุดลดลงชัดเจน,อีเมล/แอปแบบเฉพาะบุคคล + คูปองตามหมวดที่เคยซื้อ
C12624,0.5381187,สูง,0,ลูกค้าคุณค่าสูงที่กำลังห่างหาย (At-Risk High-Value),15.0,22.0,24785.03,1126.5922727272728,3.0,0.375,0.07654857233129007,0.0,,ความถี่ 90 วันล่าสุดลดลงชัดเจน,อีเมล/แอปแบบเฉพาะบุคคล + คูปองตามหมวดที่เคยซื้อ
C10054,0.5379768,สูง,2,ลูกค้าห่างหายมูลค่าต่ำ (Dormant / Low-Value),26.0,7.0,3963.92,566.2742857142857,3.0,1.5,0.11526159903399973,1.0,3.0,มีเรื่องร้องเรียนค้าง 1 เรื่อง · ซื้อเมื่อมีส่วนลดเป็นหลัก (12%),อีเมล/แอปแบบเฉพาะบุคคล + คูปองตามหมวดที่เคยซื้อ
C11049,0.5364347,สูง,0,ลูกค้าคุณค่าสูงที่กำลังห่างหาย (At-Risk High-Value),92.0,11.0,9905.42,900.4927272727273,0.0,0.0,0.0797110201442298,0.0,,ไม่ซื้อมา 92 วัน · ความถี่ 90 วันล่าสุดลดลงชัดเจน · ไม่มีการซื้อเลยใน 90 วันล่าสุด,อีเมล/แอปแบบเฉพาะบุคคล + คูปองตามหมวดที่เคยซื้อ
C11171,0.53374165,สูง,3,ลูกค้าใหม่กำลังก่อตัว (New / Developing),8.0,3.0,1532.1399999999999,510.7133333333333,3.0,3.0,0.03227558677143074,0.0,,ความเสี่ยงมาจากรูปแบบรวมหลายปัจจัย,อีเมล/แอปแบบเฉพาะบุคคล + คูปองตามหมวดที่เคยซื้อ
C10561,0.5335414,สูง,0,ลูกค้าคุณค่าสูงที่กำลังห่างหาย (At-Risk High-Value),30.0,14.0,31635.12,2259.6514285714284,6.0,1.0,0.0,0.0,,ความเสี่ยงมาจากรูปแบบรวมหลายปัจจัย,อีเมล/แอปแบบเฉพาะบุคคล + คูปองตามหมวดที่เคยซื้อ
C12064,0.53278625,สูง,2,ลูกค้าห่างหายมูลค่าต่ำ (Dormant / Low-Value),22.0,10.0,7065.0,706.5,3.0,0.5,0.0768567396644541,1.0,2.5,ความถี่ 90 วันล่าสุดลดลงชัดเจน · มีเรื่องร้องเรียนค้าง 1 เรื่อง,อีเมล/แอปแบบเฉพาะบุคคล + คูปองตามหมวดที่เคยซื้อ
C12816,0.53241396,สูง,2,ลูกค้าห่างหายมูลค่าต่ำ (Dormant / Low-Value),165.0,8.0,3867.13,483.39125,0.0,0.0,0.02323742842493174,0.0,2.0,ไม่ซื้อมา 165 วัน · ความถี่ 90 วันล่าสุดลดลงชัดเจน · ไม่มีการซื้อเลยใน 90 วันล่าสุด · คะแนนความพึงพอใจต่ำ (2.0/5),อีเมล/แอปแบบเฉพาะบุคคล + คูปองตามหมวดที่เคยซื้อ
C11355,0.52721316,สูง,0,ลูกค้าคุณค่าสูงที่กำลังห่างหาย (At-Risk High-Value),28.0,16.0,19114.47,1194.654375,3.0,0.6,0.018867624300317472,0.0,,ความเสี่ยงมาจากรูปแบบรวมหลายปัจจัย,อีเมล/แอปแบบเฉพาะบุคคล + คูปองตามหมวดที่เคยซื้อ
C12318,0.5259661,สูง,1,ลูกค้าชั้นยอด (Champions),27.0,76.0,124410.15000000001,1636.975657894737,11.0,0.6470588235294118,0.0,0.0,,ความเสี่ยงมาจากรูปแบบรวมหลายปัจจัย,อีเมล/แอปแบบเฉพาะบุคคล + คูปองตามหมวดที่เคยซื้อ
C11154,0.5255588,สูง,2,ลูกค้าห่างหายมูลค่าต่ำ (Dormant / Low-Value),16.0,3.0,1251.27,417.09,1.0,0.3333333333333333,0.02169629872871417,1.0,1.0,ความถี่ 90 วันล่าสุดลดลงชัดเจน · คะแนนความพึงพอใจต่ำ (1.0/5) · มีเรื่องร้องเรียนค้าง 1 เรื่อง,อีเมล/แอปแบบเฉพาะบุคคล + คูปองตามหมวดที่เคยซื้อ
C11993,0.52503806,สูง,1,ลูกค้าชั้นยอด (Champions),29.0,23.0,27611.87,1200.5160869565218,2.0,0.4,0.022365806576791308,0.0,,ความถี่ 90 วันล่าสุดลดลงชัดเจน,อีเมล/แอปแบบเฉพาะบุคคล + คูปองตามหมวดที่เคยซื้อ
C12786,0.5241437,สูง,3,ลูกค้าใหม่กำลังก่อตัว (New / Developing),0.0,3.0,2301.49,767.1633333333333,3.0,3.0,0.02914886167578535,0.0,,ความเสี่ยงมาจากรูปแบบรวมหลายปัจจัย,อีเมล/แอปแบบเฉพาะบุคคล + คูปองตามหมวดที่เคยซื้อ
C12014,0.52394164,สูง,1,ลูกค้าชั้นยอด (Champions),51.0,28.0,36765.04,1313.037142857143,1.0,0.25,0.021846859670229857,0.0,,ความถี่ 90 วันล่าสุดลดลงชัดเจน,อีเมล/แอปแบบเฉพาะบุคคล + คูปองตามหมวดที่เคยซื้อ
C10555,0.52334505,สูง,2,ลูกค้าห่างหายมูลค่าต่ำ (Dormant / Low-Value),3.0,15.0,4979.26,331.9506666666667,5.0,5.0,0.07962092491511105,0.0,4.0,ความเสี่ยงมาจากรูปแบบรวมหลายปัจจัย,อีเมล/แอปแบบเฉพาะบุคคล + คูปองตามหมวดที่เคยซื้อ
C11709,0.522717,สูง,3,ลูกค้าใหม่กำลังก่อตัว (New / Developing),57.0,3.0,1899.99,633.33,1.0,0.3333333333333333,0.0,0.0,,ความถี่ 90 วันล่าสุดลดลงชัดเจน,อีเมล/แอปแบบเฉพาะบุคคล + คูปองตามหมวดที่เคยซื้อ
C12970,0.52265334,สูง,0,ลูกค้าคุณค่าสูงที่กำลังห่างหาย (At-Risk High-Value),49.0,22.0,34834.91,1583.4050000000002,4.0,0.8,0.015861244411145333,0.0,2.0,คะแนนความพึงพอใจต่ำ (2.0/5),อีเมล/แอปแบบเฉพาะบุคคล + คูปองตามหมวดที่เคยซื้อ
C11480,0.5224778,สูง,3,ลูกค้าใหม่กำลังก่อตัว (New / Developing),25.0,13.0,9587.48,737.4984615384615,2.0,0.5,0.0147021645252987,0.0,,ความถี่ 90 วันล่าสุดลดลงชัดเจน,อีเมล/แอปแบบเฉพาะบุคคล + คูปองตามหมวดที่เคยซื้อ
C10265,0.52237934,สูง,3,ลูกค้าใหม่กำลังก่อตัว (New / Developing),7.0,4.0,2554.5099999999998,638.6274999999999,4.0,4.0,0.04297151591669445,0.0,,ความเสี่ยงมาจากรูปแบบรวมหลายปัจจัย,อีเมล/แอปแบบเฉพาะบุคคล + คูปองตามหมวดที่เคยซื้อ
C10185,0.52211887,สูง,3,ลูกค้าใหม่กำลังก่อตัว (New / Developing),27.0,7.0,4788.9,684.1285714285714,6.0,3.0,0.02467189676662512,0.0,2.0,คะแนนความพึงพอใจต่ำ (2.0/5),อีเมล/แอปแบบเฉพาะบุคคล + คูปองตามหมวดที่เคยซื้อ
C11090,0.5205438,สูง,0,ลูกค้าคุณค่าสูงที่กำลังห่างหาย (At-Risk High-Value),62.0,16.0,20211.37,1263.210625,3.0,0.6,0.02464239714197609,0.0,,ไม่ซื้อมา 62 วัน,อีเมล/แอปแบบเฉพาะบุคคล + คูปองตามหมวดที่เคยซื้อ
C10078,0.5190634,สูง,0,ลูกค้าคุณค่าสูงที่กำลังห่างหาย (At-Risk High-Value),58.0,25.0,33821.6,1352.864,3.0,0.375,0.023209940722449657,0.0,,ความถี่ 90 วันล่าสุดลดลงชัดเจน,อีเมล/แอปแบบเฉพาะบุคคล + คูปองตามหมวดที่เคยซื้อ
C11547,0.51845944,สูง,0,ลูกค้าคุณค่าสูงที่กำลังห่างหาย (At-Risk High-Value),71.0,8.0,7517.42,939.6775,2.0,1.0,0.014444910587865121,0.0,,ไม่ซื้อมา 71 วัน,อีเมล/แอปแบบเฉพาะบุคคล + คูปองตามหมวดที่เคยซื้อ
C10273,0.51444656,สูง,0,ลูกค้าคุณค่าสูงที่กำลังห่างหาย (At-Risk High-Value),34.0,21.0,20952.23,997.7252380952381,4.0,1.0,0.06970684010162427,0.0,3.0,ความเสี่ยงมาจากรูปแบบรวมหลายปัจจัย,อีเมล/แอปแบบเฉพาะบุคคล + คูปองตามหมวดที่เคยซื้อ
C12345,0.5142901,สูง,0,ลูกค้าคุณค่าสูงที่กำลังห่างหาย (At-Risk High-Value),22.0,9.0,5567.860000000001,618.6511111111112,1.0,0.5,0.001262802920231753,0.0,4.0,ความถี่ 90 วันล่าสุดลดลงชัดเจน,อีเมล/แอปแบบเฉพาะบุคคล + คูปองตามหมวดที่เคยซื้อ
C11158,0.51391965,สูง,0,ลูกค้าคุณค่าสูงที่กำลังห่างหาย (At-Risk High-Value),36.0,14.0,20093.42,1435.2442857142855,1.0,0.2,0.04333310956185068,0.0,,ความถี่ 90 วันล่าสุดลดลงชัดเจน,อีเมล/แอปแบบเฉพาะบุคคล + คูปองตามหมวดที่เคยซื้อ
C10938,0.5138086,สูง,2,ลูกค้าห่างหายมูลค่าต่ำ (Dormant / Low-Value),168.0,7.0,2173.69,310.52714285714285,0.0,0.0,0.07345632177048789,0.0,,ไม่ซื้อมา 168 วัน · ความถี่ 90 วันล่าสุดลดลงชัดเจน · ไม่มีการซื้อเลยใน 90 วันล่าสุด,อีเมล/แอปแบบเฉพาะบุคคล + คูปองตามหมวดที่เคยซื้อ
C10333,0.51345825,สูง,2,ลูกค้าห่างหายมูลค่าต่ำ (Dormant / Low-Value),57.0,3.0,2254.8,751.6,1.0,0.3333333333333333,0.14692050712602106,0.0,,ความถี่ 90 วันล่าสุดลดลงชัดเจน · ซื้อเมื่อมีส่วนลดเป็นหลัก (15%),อีเมล/แอปแบบเฉพาะบุคคล + คูปองตามหมวดที่เคยซื้อ
C11382,0.5130076,สูง,2,ลูกค้าห่างหายมูลค่าต่ำ (Dormant / Low-Value),12.0,3.0,2245.58,748.5266666666666,1.0,0.3333333333333333,0.13587002532074222,0.0,,ความถี่ 90 วันล่าสุดลดลงชัดเจน · ซื้อเมื่อมีส่วนลดเป็นหลัก (14%),อีเมล/แอปแบบเฉพาะบุคคล + คูปองตามหมวดที่เคยซื้อ
C10024,0.51252264,สูง,0,ลูกค้าคุณค่าสูงที่กำลังห่างหาย (At-Risk High-Value),24.0,22.0,25318.21,1150.8277272727273,2.0,0.5,0.023698954104051283,0.0,,ความถี่ 90 วันล่าสุดลดลงชัดเจน,อีเมล/แอปแบบเฉพาะบุคคล + คูปองตามหมวดที่เคยซื้อ
C12146,0.512198,สูง,1,ลูกค้าชั้นยอด (Champions),39.0,23.0,34178.659999999996,1486.0286956521738,3.0,0.5,0.01364216951821255,0.0,2.0,ความถี่ 90 วันล่าสุดลดลงชัดเจน · คะแนนความพึงพอใจต่ำ (2.0/5),อีเมล/แอปแบบเฉพาะบุคคล + คูปองตามหมวดที่เคยซื้อ
C12897,0.51170707,สูง,2,ลูกค้าห่างหายมูลค่าต่ำ (Dormant / Low-Value),303.0,4.0,1666.0700000000002,416.51750000000004,0.0,0.0,0.07820029766350746,0.0,,ไม่ซื้อมา 303 วัน · ความถี่ 90 วันล่าสุดลดลงชัดเจน · ไม่มีการซื้อเลยใน 90 วันล่าสุด,อีเมล/แอปแบบเฉพาะบุคคล + คูปองตามหมวดที่เคยซื้อ
C12007,0.51163065,สูง,3,ลูกค้าใหม่กำลังก่อตัว (New / Developing),48.0,3.0,1973.35,657.7833333333333,1.0,0.3333333333333333,0.007643760529028689,0.0,,ความถี่ 90 วันล่าสุดลดลงชัดเจน,อีเมล/แอปแบบเฉพาะบุคคล + คูปองตามหมวดที่เคยซื้อ
C12585,0.5105555,สูง,0,ลูกค้าคุณค่าสูงที่กำลังห่างหาย (At-Risk High-Value),43.0,30.0,41079.7,1369.3233333333333,3.0,0.6,0.027089871453192093,0.0,1.5,คะแนนความพึงพอใจต่ำ (1.5/5),อีเมล/แอปแบบเฉพาะบุคคล + คูปองตามหมวดที่เคยซื้อ
C10481,0.509934,สูง,2,ลูกค้าห่างหายมูลค่าต่ำ (Dormant / Low-Value),95.0,3.0,1116.28,372.0933333333333,0.0,0.0,0.045473979443503836,0.0,,ไม่ซื้อมา 95 วัน · ความถี่ 90 วันล่าสุดลดลงชัดเจน · ไม่มีการซื้อเลยใน 90 วันล่าสุด,อีเมล/แอปแบบเฉพาะบุคคล + คูปองตามหมวดที่เคยซื้อ
C12477,0.5098814,สูง,3,ลูกค้าใหม่กำลังก่อตัว (New / Developing),158.0,5.0,2471.3999999999996,494.2799999999999,0.0,0.0,0.025937939705424462,0.0,,ไม่ซื้อมา 158 วัน · ความถี่ 90 วันล่าสุดลดลงชัดเจน · ไม่มีการซื้อเลยใน 90 วันล่าสุด,อีเมล/แอปแบบเฉพาะบุคคล + คูปองตามหมวดที่เคยซื้อ
C10881,0.5075205,สูง,2,ลูกค้าห่างหายมูลค่าต่ำ (Dormant / Low-Value),75.0,3.0,952.22,317.4066666666667,1.0,0.3333333333333333,0.04834147852766867,0.0,,ไม่ซื้อมา 75 วัน · ความถี่ 90 วันล่าสุดลดลงชัดเจน,อีเมล/แอปแบบเฉพาะบุคคล + คูปองตามหมวดที่เคยซื้อ
C11616,0.5070627,สูง,2,ลูกค้าห่างหายมูลค่าต่ำ (Dormant / Low-Value),75.0,11.0,6813.49,619.4081818181818,2.0,0.4,0.08155669864069923,0.0,4.0,ไม่ซื้อมา 75 วัน · ความถี่ 90 วันล่าสุดลดลงชัดเจน,อีเมล/แอปแบบเฉพาะบุคคล + คูปองตามหมวดที่เคยซื้อ
C12247,0.5060561,สูง,2,ลูกค้าห่างหายมูลค่าต่ำ (Dormant / Low-Value),66.0,10.0,5730.45,573.045,1.0,0.2,0.015604788629324429,0.0,3.0,ไม่ซื้อมา 66 วัน · ความถี่ 90 วันล่าสุดลดลงชัดเจน,อีเมล/แอปแบบเฉพาะบุคคล + คูปองตามหมวดที่เคยซื้อ
C12347,0.5046876,สูง,2,ลูกค้าห่างหายมูลค่าต่ำ (Dormant / Low-Value),136.0,7.0,2330.1099999999997,332.8728571428571,0.0,0.0,0.05403518173440349,0.0,3.0,ไม่ซื้อมา 136 วัน · ความถี่ 90 วันล่าสุดลดลงชัดเจน · ไม่มีการซื้อเลยใน 90 วันล่าสุด,อีเมล/แอปแบบเฉพาะบุคคล + คูปองตามหมวดที่เคยซื้อ
C10457,0.50371754,สูง,1,ลูกค้าชั้นยอด (Champions),39.0,16.0,22735.75,1420.984375,4.0,1.3333333333333333,0.04392863195262988,0.0,,ความเสี่ยงมาจากรูปแบบรวมหลายปัจจัย,อีเมล/แอปแบบเฉพาะบุคคล + คูปองตามหมวดที่เคยซื้อ
C12218,0.50201404,สูง,0,ลูกค้าคุณค่าสูงที่กำลังห่างหาย (At-Risk High-Value),51.0,13.0,17387.21,1337.4776923076922,2.0,0.2857142857142857,0.021936550116497665,0.0,,ความถี่ 90 วันล่าสุดลดลงชัดเจน,อีเมล/แอปแบบเฉพาะบุคคล + คูปองตามหมวดที่เคยซื้อ
C10939,0.5019942,สูง,0,ลูกค้าคุณค่าสูงที่กำลังห่างหาย (At-Risk High-Value),24.0,14.0,13302.64,950.1885714285714,4.0,1.3333333333333333,0.013879303507001919,0.0,,ความเสี่ยงมาจากรูปแบบรวมหลายปัจจัย,อีเมล/แอปแบบเฉพาะบุคคล + คูปองตามหมวดที่เคยซื้อ
C10136,0.5002382,สูง,0,ลูกค้าคุณค่าสูงที่กำลังห่างหาย (At-Risk High-Value),24.0,9.0,6040.33,671.1477777777777,2.0,0.6666666666666666,0.06522630656116475,0.0,2.0,คะแนนความพึงพอใจต่ำ (2.0/5),อีเมล/แอปแบบเฉพาะบุคคล + คูปองตามหมวดที่เคยซื้อ
C12416,0.49752066,สูง,3,ลูกค้าใหม่กำลังก่อตัว (New / Developing),3.0,3.0,1852.3400000000001,617.4466666666667,3.0,3.0,0.06782211352164702,0.0,,ความเสี่ยงมาจากรูปแบบรวมหลายปัจจัย,อีเมล/แอปแบบเฉพาะบุคคล + คูปองตามหมวดที่เคยซื้อ
C11667,0.49584943,สูง,2,ลูกค้าห่างหายมูลค่าต่ำ (Dormant / Low-Value),52.0,3.0,2211.4,737.1333333333333,1.0,0.3333333333333333,0.15800134786796988,0.0,3.0,ความถี่ 90 วันล่าสุดลดลงชัดเจน · ซื้อเมื่อมีส่วนลดเป็นหลัก (16%),อีเมล/แอปแบบเฉพาะบุคคล + คูปองตามหมวดที่เคยซื้อ
C10863,0.49526942,สูง,3,ลูกค้าใหม่กำลังก่อตัว (New / Developing),22.0,3.0,4308.3,1436.1000000000001,3.0,3.0,0.030862670115847483,0.0,,ความเสี่ยงมาจากรูปแบบรวมหลายปัจจัย,อีเมล/แอปแบบเฉพาะบุคคล + คูปองตามหมวดที่เคยซื้อ
C11228,0.49414253,สูง,0,ลูกค้าคุณค่าสูงที่กำลังห่างหาย (At-Risk High-Value),56.0,13.0,10959.18,843.0138461538462,2.0,0.4,0.019198653982118726,0.0,,ความถี่ 90 วันล่าสุดลดลงชัดเจน,อีเมล/แอปแบบเฉพาะบุคคล + คูปองตามหมวดที่เคยซื้อ
C12239,0.49337485,สูง,0,ลูกค้าคุณค่าสูงที่กำลังห่างหาย (At-Risk High-Value),8.0,15.0,20912.68,1394.1786666666667,6.0,2.0,0.057646527099667125,1.0,2.0,คะแนนความพึงพอใจต่ำ (2.0/5) · มีเรื่องร้องเรียนค้าง 1 เรื่อง,อีเมล/แอปแบบเฉพาะบุคคล + คูปองตามหมวดที่เคยซื้อ
C12647,0.49291867,สูง,0,ลูกค้าคุณค่าสูงที่กำลังห่างหาย (At-Risk High-Value),11.0,29.0,20794.57,717.0541379310345,3.0,0.5,0.020586247418358912,0.0,3.0,ความถี่ 90 วันล่าสุดลดลงชัดเจน,อีเมล/แอปแบบเฉพาะบุคคล + คูปองตามหมวดที่เคยซื้อ
C12110,0.49029544,สูง,1,ลูกค้าชั้นยอด (Champions),40.0,33.0,60003.08,1818.2751515151515,2.0,0.25,0.046769293630346896,0.0,2.0,ความถี่ 90 วันล่าสุดลดลงชัดเจน · คะแนนความพึงพอใจต่ำ (2.0/5),อีเมล/แอปแบบเฉพาะบุคคล + คูปองตามหมวดที่เคยซื้อ
C12525,0.4868372,สูง,3,ลูกค้าใหม่กำลังก่อตัว (New / Developing),60.0,6.0,8989.97,1498.3283333333331,1.0,0.16666666666666666,0.0847108531867237,0.0,,ความถี่ 90 วันล่าสุดลดลงชัดเจน,อีเมล/แอปแบบเฉพาะบุคคล + คูปองตามหมวดที่เคยซื้อ
C11907,0.48608816,สูง,0,ลูกค้าคุณค่าสูงที่กำลังห่างหาย (At-Risk High-Value),3.0,15.0,13642.48,909.4986666666666,1.0,0.3333333333333333,0.12332182634645883,0.0,,ความถี่ 90 วันล่าสุดลดลงชัดเจน · ซื้อเมื่อมีส่วนลดเป็นหลัก (12%),อีเมล/แอปแบบเฉพาะบุคคล + คูปองตามหมวดที่เคยซื้อ
C12977,0.48558572,สูง,2,ลูกค้าห่างหายมูลค่าต่ำ (Dormant / Low-Value),78.0,14.0,9033.74,645.2671428571429,1.0,0.2,0.06980475016629496,0.0,,ไม่ซื้อมา 78 วัน · ความถี่ 90 วันล่าสุดลดลงชัดเจน,อีเมล/แอปแบบเฉพาะบุคคล + คูปองตามหมวดที่เคยซื้อ
C10565,0.48500082,สูง,3,ลูกค้าใหม่กำลังก่อตัว (New / Developing),83.0,4.0,3263.99,815.9975,1.0,0.25,0.04472872436944294,0.0,,ไม่ซื้อมา 83 วัน · ความถี่ 90 วันล่าสุดลดลงชัดเจน,อีเมล/แอปแบบเฉพาะบุคคล + คูปองตามหมวดที่เคยซื้อ
C11702,0.48465693,สูง,1,ลูกค้าชั้นยอด (Champions),35.0,25.0,31172.74,1246.9096,2.0,0.6666666666666666,0.0,0.0,3.0,ความเสี่ยงมาจากรูปแบบรวมหลายปัจจัย,อีเมล/แอปแบบเฉพาะบุคคล + คูปองตามหมวดที่เคยซื้อ
C11658,0.48376724,สูง,2,ลูกค้าห่างหายมูลค่าต่ำ (Dormant / Low-Value),44.0,3.0,476.72,158.90666666666667,1.0,0.3333333333333333,0.0,0.0,,ความถี่ 90 วันล่าสุดลดลงชัดเจน,อีเมล/แอปแบบเฉพาะบุคคล + คูปองตามหมวดที่เคยซื้อ
C10276,0.48361078,สูง,2,ลูกค้าห่างหายมูลค่าต่ำ (Dormant / Low-Value),153.0,3.0,2299.25,766.4166666666666,0.0,0.0,0.021212559810649276,0.0,,ไม่ซื้อมา 153 วัน · ความถี่ 90 วันล่าสุดลดลงชัดเจน · ไม่มีการซื้อเลยใน 90 วันล่าสุด,อีเมล/แอปแบบเฉพาะบุคคล + คูปองตามหมวดที่เคยซื้อ
C11749,0.482505,สูง,3,ลูกค้าใหม่กำลังก่อตัว (New / Developing),33.0,3.0,1712.07,570.6899999999999,2.0,2.0,0.02289706025031532,0.0,,ความเสี่ยงมาจากรูปแบบรวมหลายปัจจัย,อีเมล/แอปแบบเฉพาะบุคคล + คูปองตามหมวดที่เคยซื้อ
C10043,0.4815525,สูง,0,ลูกค้าคุณค่าสูงที่กำลังห่างหาย (At-Risk High-Value),44.0,10.0,6192.11,619.211,1.0,0.5,0.06634952466394758,0.0,,ความถี่ 90 วันล่าสุดลดลงชัดเจน,อีเมล/แอปแบบเฉพาะบุคคล + คูปองตามหมวดที่เคยซื้อ
C11522,0.48046035,สูง,1,ลูกค้าชั้นยอด (Champions),25.0,20.0,28821.63,1441.0815,4.0,1.3333333333333333,0.02695013384587181,0.0,,ความเสี่ยงมาจากรูปแบบรวมหลายปัจจัย,อีเมล/แอปแบบเฉพาะบุคคล + คูปองตามหมวดที่เคยซื้อ
C11607,0.47908184,สูง,3,ลูกค้าใหม่กำลังก่อตัว (New / Developing),19.0,3.0,3412.94,1137.6466666666668,3.0,3.0,0.07227317455053522,0.0,3.0,ความเสี่ยงมาจากรูปแบบรวมหลายปัจจัย,อีเมล/แอปแบบเฉพาะบุคคล + คูปองตามหมวดที่เคยซื้อ
C11520,0.47904447,สูง,0,ลูกค้าคุณค่าสูงที่กำลังห่างหาย (At-Risk High-Value),75.0,9.0,7824.12,869.3466666666667,2.0,0.3333333333333333,0.06021543606103701,0.0,,ไม่ซื้อมา 75 วัน · ความถี่ 90 วันล่าสุดลดลงชัดเจน,อีเมล/แอปแบบเฉพาะบุคคล + คูปองตามหมวดที่เคยซื้อ
C11713,0.4785326,สูง,2,ลูกค้าห่างหายมูลค่าต่ำ (Dormant / Low-Value),30.0,11.0,6550.24,595.4763636363637,3.0,1.0,0.18088211387197217,0.0,,ซื้อเมื่อมีส่วนลดเป็นหลัก (18%),อีเมล/แอปแบบเฉพาะบุคคล + คูปองตามหมวดที่เคยซื้อ
C10182,0.4774982,สูง,0,ลูกค้าคุณค่าสูงที่กำลังห่างหาย (At-Risk High-Value),36.0,11.0,6367.5,578.8636363636364,2.0,0.5,0.016956060599043123,0.0,,ความถี่ 90 วันล่าสุดลดลงชัดเจน,อีเมล/แอปแบบเฉพาะบุคคล + คูปองตามหมวดที่เคยซื้อ
C10173,0.4762866,สูง,2,ลูกค้าห่างหายมูลค่าต่ำ (Dormant / Low-Value),25.0,11.0,7105.55,645.959090909091,2.0,0.6666666666666666,0.05509418405952247,0.0,,ความเสี่ยงมาจากรูปแบบรวมหลายปัจจัย,อีเมล/แอปแบบเฉพาะบุคคล + คูปองตามหมวดที่เคยซื้อ
C11824,0.47583783,สูง,2,ลูกค้าห่างหายมูลค่าต่ำ (Dormant / Low-Value),51.0,4.0,1580.88,395.22,2.0,2.0,0.09676903299528639,0.0,2.5,ความเสี่ยงมาจากรูปแบบรวมหลายปัจจัย,อีเมล/แอปแบบเฉพาะบุคคล + คูปองตามหมวดที่เคยซื้อ
C10572,0.47547948,สูง,2,ลูกค้าห่างหายมูลค่าต่ำ (Dormant / Low-Value),148.0,5.0,2982.67,596.534,0.0,0.0,0.1440865707447816,0.0,,ไม่ซื้อมา 148 วัน · ความถี่ 90 วันล่าสุดลดลงชัดเจน · ไม่มีการซื้อเลยใน 90 วันล่าสุด · ซื้อเมื่อมีส่วนลดเป็นหลัก (14%),อีเมล/แอปแบบเฉพาะบุคคล + คูปองตามหมวดที่เคยซื้อ
C10687,0.47534192,สูง,1,ลูกค้าชั้นยอด (Champions),26.0,30.0,45493.78,1516.4593333333332,2.0,0.4,0.03824665517760411,0.0,,ความถี่ 90 วันล่าสุดลดลงชัดเจน,อีเมล/แอปแบบเฉพาะบุคคล + คูปองตามหมวดที่เคยซื้อ
C10231,0.47496793,สูง,1,ลูกค้าชั้นยอด (Champions),27.0,22.0,33898.39,1540.8359090909091,4.0,0.8,0.04779749876263976,0.0,,ความเสี่ยงมาจากรูปแบบรวมหลายปัจจัย,อีเมล/แอปแบบเฉพาะบุคคล + คูปองตามหมวดที่เคยซื้อ
C10100,0.47460997,สูง,0,ลูกค้าคุณค่าสูงที่กำลังห่างหาย (At-Risk High-Value),31.0,17.0,13961.39,821.2582352941176,2.0,0.3333333333333333,0.04285341141482484,0.0,,ความถี่ 90 วันล่าสุดลดลงชัดเจน,อีเมล/แอปแบบเฉพาะบุคคล + คูปองตามหมวดที่เคยซื้อ
C11233,0.47438237,สูง,0,ลูกค้าคุณค่าสูงที่กำลังห่างหาย (At-Risk High-Value),30.0,11.0,4856.73,441.5209090909091,2.0,0.5,0.05205497098623383,0.0,3.0,ความถี่ 90 วันล่าสุดลดลงชัดเจน,อีเมล/แอปแบบเฉพาะบุคคล + คูปองตามหมวดที่เคยซื้อ
C10657,0.47397336,สูง,0,ลูกค้าคุณค่าสูงที่กำลังห่างหาย (At-Risk High-Value),33.0,10.0,11846.31,1184.6309999999999,5.0,1.25,0.009522416013110149,1.0,2.0,คะแนนความพึงพอใจต่ำ (2.0/5) · มีเรื่องร้องเรียนค้าง 1 เรื่อง,อีเมล/แอปแบบเฉพาะบุคคล + คูปองตามหมวดที่เคยซื้อ
C12918,0.47217116,สูง,3,ลูกค้าใหม่กำลังก่อตัว (New / Developing),52.0,4.0,5868.049999999999,1467.0124999999998,2.0,0.6666666666666666,0.054272498710675604,0.0,,ความเสี่ยงมาจากรูปแบบรวมหลายปัจจัย,อีเมล/แอปแบบเฉพาะบุคคล + คูปองตามหมวดที่เคยซื้อ
C10783,0.47160977,สูง,3,ลูกค้าใหม่กำลังก่อตัว (New / Developing),19.0,3.0,3131.5299999999997,1043.8433333333332,3.0,3.0,0.0,0.0,,ความเสี่ยงมาจากรูปแบบรวมหลายปัจจัย,อีเมล/แอปแบบเฉพาะบุคคล + คูปองตามหมวดที่เคยซื้อ
C12669,0.47002697,สูง,2,ลูกค้าห่างหายมูลค่าต่ำ (Dormant / Low-Value),39.0,10.0,7123.8,712.38,1.0,0.5,0.13652269721810445,1.0,3.0,ความถี่ 90 วันล่าสุดลดลงชัดเจน · มีเรื่องร้องเรียนค้าง 1 เรื่อง · ซื้อเมื่อมีส่วนลดเป็นหลัก (14%),อีเมล/แอปแบบเฉพาะบุคคล + คูปองตามหมวดที่เคยซื้อ
C11581,0.46862653,สูง,1,ลูกค้าชั้นยอด (Champions),7.0,34.0,65346.0,1921.9411764705883,7.0,0.875,0.0,0.0,,ความเสี่ยงมาจากรูปแบบรวมหลายปัจจัย,อีเมล/แอปแบบเฉพาะบุคคล + คูปองตามหมวดที่เคยซื้อ
C11281,0.4686237,สูง,2,ลูกค้าห่างหายมูลค่าต่ำ (Dormant / Low-Value),58.0,3.0,1486.52,495.50666666666666,1.0,0.3333333333333333,0.13306778484740683,0.0,4.0,ความถี่ 90 วันล่าสุดลดลงชัดเจน · ซื้อเมื่อมีส่วนลดเป็นหลัก (13%),อีเมล/แอปแบบเฉพาะบุคคล + คูปองตามหมวดที่เคยซื้อ
C12594,0.4685911,สูง,2,ลูกค้าห่างหายมูลค่าต่ำ (Dormant / Low-Value),155.0,4.0,1451.55,362.8875,0.0,0.0,0.051745538164049226,0.0,,ไม่ซื้อมา 155 วัน · ความถี่ 90 วันล่าสุดลดลงชัดเจน · ไม่มีการซื้อเลยใน 90 วันล่าสุด,อีเมล/แอปแบบเฉพาะบุคคล + คูปองตามหมวดที่เคยซื้อ
C11350,0.46736243,สูง,2,ลูกค้าห่างหายมูลค่าต่ำ (Dormant / Low-Value),121.0,6.0,3399.69,566.615,0.0,0.0,0.09598100323349218,0.0,2.0,ไม่ซื้อมา 121 วัน · ความถี่ 90 วันล่าสุดลดลงชัดเจน · ไม่มีการซื้อเลยใน 90 วันล่าสุด · คะแนนความพึงพอใจต่ำ (2.0/5),อีเมล/แอปแบบเฉพาะบุคคล + คูปองตามหมวดที่เคยซื้อ
C12952,0.46713296,สูง,2,ลูกค้าห่างหายมูลค่าต่ำ (Dormant / Low-Value),219.0,8.0,3796.84,474.605,0.0,0.0,0.06160268308416274,0.0,,ไม่ซื้อมา 219 วัน · ความถี่ 90 วันล่าสุดลดลงชัดเจน · ไม่มีการซื้อเลยใน 90 วันล่าสุด,อีเมล/แอปแบบเฉพาะบุคคล + คูปองตามหมวดที่เคยซื้อ
C11044,0.4668573,สูง,0,ลูกค้าคุณค่าสูงที่กำลังห่างหาย (At-Risk High-Value),60.0,30.0,20518.09,683.9363333333333,4.0,0.5714285714285714,0.01192065928170732,0.0,,ความถี่ 90 วันล่าสุดลดลงชัดเจน,อีเมล/แอปแบบเฉพาะบุคคล + คูปองตามหมวดที่เคยซื้อ
C11133,0.46633404,สูง,2,ลูกค้าห่างหายมูลค่าต่ำ (Dormant / Low-Value),188.0,5.0,2015.58,403.116,0.0,0.0,0.05389154098545337,0.0,,ไม่ซื้อมา 188 วัน · ความถี่ 90 วันล่าสุดลดลงชัดเจน · ไม่มีการซื้อเลยใน 90 วันล่าสุด,อีเมล/แอปแบบเฉพาะบุคคล + คูปองตามหมวดที่เคยซื้อ
C10484,0.4627861,สูง,0,ลูกค้าคุณค่าสูงที่กำลังห่างหาย (At-Risk High-Value),24.0,17.0,20989.39,1234.67,4.0,2.0,0.05470613747287099,0.0,,ความเสี่ยงมาจากรูปแบบรวมหลายปัจจัย,อีเมล/แอปแบบเฉพาะบุคคล + คูปองตามหมวดที่เคยซื้อ
C12569,0.4606229,สูง,0,ลูกค้าคุณค่าสูงที่กำลังห่างหาย (At-Risk High-Value),46.0,27.0,30761.59,1139.318148148148,2.0,0.2857142857142857,0.0,0.0,,ความถี่ 90 วันล่าสุดลดลงชัดเจน,อีเมล/แอปแบบเฉพาะบุคคล + คูปองตามหมวดที่เคยซื้อ
C10880,0.4601343,สูง,2,ลูกค้าห่างหายมูลค่าต่ำ (Dormant / Low-Value),27.0,4.0,2320.36,580.09,2.0,0.6666666666666666,0.09284396209301599,0.0,3.0,ความเสี่ยงมาจากรูปแบบรวมหลายปัจจัย,อีเมล/แอปแบบเฉพาะบุคคล + คูปองตามหมวดที่เคยซื้อ
C10873,0.4600369,สูง,0,ลูกค้าคุณค่าสูงที่กำลังห่างหาย (At-Risk High-Value),30.0,17.0,19004.53,1117.9135294117646,5.0,1.25,0.012811176053806628,0.0,,ความเสี่ยงมาจากรูปแบบรวมหลายปัจจัย,อีเมล/แอปแบบเฉพาะบุคคล + คูปองตามหมวดที่เคยซื้อ
C12982,0.4579678,สูง,2,ลูกค้าห่างหายมูลค่าต่ำ (Dormant / Low-Value),59.0,10.0,8187.27,818.7270000000001,5.0,1.0,0.06959140420357628,1.0,3.3333333333333335,มีเรื่องร้องเรียนค้าง 1 เรื่อง,อีเมล/แอปแบบเฉพาะบุคคล + คูปองตามหมวดที่เคยซื้อ
C10317,0.4568046,สูง,2,ลูกค้าห่างหายมูลค่าต่ำ (Dormant / Low-Value),153.0,3.0,1724.67,574.89,0.0,0.0,0.16388554917778467,0.0,,ไม่ซื้อมา 153 วัน · ความถี่ 90 วันล่าสุดลดลงชัดเจน · ไม่มีการซื้อเลยใน 90 วันล่าสุด · ซื้อเมื่อมีส่วนลดเป็นหลัก (16%),อีเมล/แอปแบบเฉพาะบุคคล + คูปองตามหมวดที่เคยซื้อ
C12549,0.45584145,สูง,0,ลูกค้าคุณค่าสูงที่กำลังห่างหาย (At-Risk High-Value),35.0,18.0,18062.77,1003.4872222222223,2.0,0.5,0.005535334693951707,0.0,,ความถี่ 90 วันล่าสุดลดลงชัดเจน,อีเมล/แอปแบบเฉพาะบุคคล + คูปองตามหมวดที่เคยซื้อ
C11189,0.4546465,สูง,0,ลูกค้าคุณค่าสูงที่กำลังห่างหาย (At-Risk High-Value),22.0,18.0,29638.86,1646.6033333333335,3.0,0.75,0.04380317718615036,0.0,,ความเสี่ยงมาจากรูปแบบรวมหลายปัจจัย,อีเมล/แอปแบบเฉพาะบุคคล + คูปองตามหมวดที่เคยซื้อ
C11241,0.4520759,สูง,3,ลูกค้าใหม่กำลังก่อตัว (New / Developing),35.0,5.0,7019.68,1403.9360000000001,5.0,5.0,0.026912232354009386,0.0,,ความเสี่ยงมาจากรูปแบบรวมหลายปัจจัย,อีเมล/แอปแบบเฉพาะบุคคล + คูปองตามหมวดที่เคยซื้อ
C10485,0.44901368,สูง,0,ลูกค้าคุณค่าสูงที่กำลังห่างหาย (At-Risk High-Value),29.0,25.0,41499.3,1659.9720000000002,4.0,0.4,0.04277352170022898,0.0,,ความถี่ 90 วันล่าสุดลดลงชัดเจน,อีเมล/แอปแบบเฉพาะบุคคล + คูปองตามหมวดที่เคยซื้อ
C10269,0.4476765,สูง,0,ลูกค้าคุณค่าสูงที่กำลังห่างหาย (At-Risk High-Value),44.0,17.0,9168.51,539.3241176470589,2.0,0.5,0.033081985193309564,0.0,,ความถี่ 90 วันล่าสุดลดลงชัดเจน,อีเมล/แอปแบบเฉพาะบุคคล + คูปองตามหมวดที่เคยซื้อ
C11563,0.44686192,สูง,0,ลูกค้าคุณค่าสูงที่กำลังห่างหาย (At-Risk High-Value),37.0,10.0,9394.73,939.473,2.0,0.6666666666666666,0.05011531395627473,0.0,,ความเสี่ยงมาจากรูปแบบรวมหลายปัจจัย,อีเมล/แอปแบบเฉพาะบุคคล + คูปองตามหมวดที่เคยซื้อ
C10456,0.44482765,สูง,3,ลูกค้าใหม่กำลังก่อตัว (New / Developing),31.0,3.0,1881.95,627.3166666666667,3.0,3.0,0.026837655454145876,0.0,,ความเสี่ยงมาจากรูปแบบรวมหลายปัจจัย,อีเมล/แอปแบบเฉพาะบุคคล + คูปองตามหมวดที่เคยซื้อ
C12699,0.44376224,สูง,2,ลูกค้าห่างหายมูลค่าต่ำ (Dormant / Low-Value),26.0,5.0,2535.0299999999997,507.006,1.0,0.3333333333333333,0.0534328057263837,0.0,2.0,ความถี่ 90 วันล่าสุดลดลงชัดเจน · คะแนนความพึงพอใจต่ำ (2.0/5),อีเมล/แอปแบบเฉพาะบุคคล + คูปองตามหมวดที่เคยซื้อ
C11043,0.4431257,สูง,1,ลูกค้าชั้นยอด (Champions),63.0,21.0,21909.72,1043.3200000000002,3.0,0.6,0.0,0.0,,ไม่ซื้อมา 63 วัน,อีเมล/แอปแบบเฉพาะบุคคล + คูปองตามหมวดที่เคยซื้อ
C11262,0.4429443,สูง,0,ลูกค้าคุณค่าสูงที่กำลังห่างหาย (At-Risk High-Value),64.0,5.0,6421.32,1284.264,1.0,0.5,0.012017976961056585,0.0,,ไม่ซื้อมา 64 วัน · ความถี่ 90 วันล่าสุดลดลงชัดเจน,อีเมล/แอปแบบเฉพาะบุคคล + คูปองตามหมวดที่เคยซื้อ
C10080,0.4425036,สูง,2,ลูกค้าห่างหายมูลค่าต่ำ (Dormant / Low-Value),134.0,12.0,3438.41,286.53416666666664,0.0,0.0,0.06163847096420297,0.0,,ไม่ซื้อมา 134 วัน · ความถี่ 90 วันล่าสุดลดลงชัดเจน · ไม่มีการซื้อเลยใน 90 วันล่าสุด,อีเมล/แอปแบบเฉพาะบุคคล + คูปองตามหมวดที่เคยซื้อ
C12643,0.44106615,สูง,2,ลูกค้าห่างหายมูลค่าต่ำ (Dormant / Low-Value),76.0,7.0,4112.91,587.5585714285714,1.0,0.25,0.04148750970069425,0.0,,ไม่ซื้อมา 76 วัน · ความถี่ 90 วันล่าสุดลดลงชัดเจน,อีเมล/แอปแบบเฉพาะบุคคล + คูปองตามหมวดที่เคยซื้อ
C10576,0.44060302,สูง,0,ลูกค้าคุณค่าสูงที่กำลังห่างหาย (At-Risk High-Value),42.0,16.0,26025.449999999997,1626.5906249999998,1.0,0.14285714285714285,0.001598565549243645,0.0,,ความถี่ 90 วันล่าสุดลดลงชัดเจน,อีเมล/แอปแบบเฉพาะบุคคล + คูปองตามหมวดที่เคยซื้อ
C11503,0.43855834,สูง,2,ลูกค้าห่างหายมูลค่าต่ำ (Dormant / Low-Value),168.0,5.0,2049.88,409.976,0.0,0.0,0.12837826345777703,0.0,,ไม่ซื้อมา 168 วัน · ความถี่ 90 วันล่าสุดลดลงชัดเจน · ไม่มีการซื้อเลยใน 90 วันล่าสุด · ซื้อเมื่อมีส่วนลดเป็นหลัก (13%),อีเมล/แอปแบบเฉพาะบุคคล + คูปองตามหมวดที่เคยซื้อ
C11660,0.4378708,สูง,0,ลูกค้าคุณค่าสูงที่กำลังห่างหาย (At-Risk High-Value),46.0,12.0,10169.65,847.4708333333333,1.0,0.3333333333333333,0.03723938536458831,0.0,4.0,ความถี่ 90 วันล่าสุดลดลงชัดเจน,อีเมล/แอปแบบเฉพาะบุคคล + คูปองตามหมวดที่เคยซื้อ
C11619,0.4362119,สูง,0,ลูกค้าคุณค่าสูงที่กำลังห่างหาย (At-Risk High-Value),57.0,12.0,7369.86,614.155,3.0,0.6,0.04426424455888131,1.0,5.0,มีเรื่องร้องเรียนค้าง 1 เรื่อง,อีเมล/แอปแบบเฉพาะบุคคล + คูปองตามหมวดที่เคยซื้อ
C11302,0.43189648,สูง,3,ลูกค้าใหม่กำลังก่อตัว (New / Developing),34.0,3.0,3230.59,1076.8633333333335,2.0,1.0,0.14337496354042373,0.0,,ซื้อเมื่อมีส่วนลดเป็นหลัก (14%),อีเมล/แอปแบบเฉพาะบุคคล + คูปองตามหมวดที่เคยซื้อ
C10958,0.43151098,สูง,3,ลูกค้าใหม่กำลังก่อตัว (New / Developing),18.0,3.0,5930.469999999999,1976.823333333333,3.0,3.0,0.0010073360341618309,0.0,4.0,ความเสี่ยงมาจากรูปแบบรวมหลายปัจจัย,อีเมล/แอปแบบเฉพาะบุคคล + คูปองตามหมวดที่เคยซื้อ
C11354,0.43141156,สูง,0,ลูกค้าคุณค่าสูงที่กำลังห่างหาย (At-Risk High-Value),67.0,12.0,7409.68,617.4733333333334,1.0,0.2,0.048026014037404814,0.0,,ไม่ซื้อมา 67 วัน · ความถี่ 90 วันล่าสุดลดลงชัดเจน,อีเมล/แอปแบบเฉพาะบุคคล + คูปองตามหมวดที่เคยซื้อ
C10467,0.43115002,สูง,1,ลูกค้าชั้นยอด (Champions),40.0,25.0,31055.82,1242.2328,3.0,0.75,0.020161950600807388,0.0,4.0,ความเสี่ยงมาจากรูปแบบรวมหลายปัจจัย,อีเมล/แอปแบบเฉพาะบุคคล + คูปองตามหมวดที่เคยซื้อ
C10591,0.43107176,สูง,1,ลูกค้าชั้นยอด (Champions),52.0,37.0,34439.83,930.8062162162163,3.0,0.6,0.014310597873373205,0.0,,ความเสี่ยงมาจากรูปแบบรวมหลายปัจจัย,อีเมล/แอปแบบเฉพาะบุคคล + คูปองตามหมวดที่เคยซื้อ
C12684,0.43069005,สูง,2,ลูกค้าห่างหายมูลค่าต่ำ (Dormant / Low-Value),66.0,11.0,5604.45,509.49545454545455,2.0,0.6666666666666666,0.0375041002399177,0.0,,ไม่ซื้อมา 66 วัน,อีเมล/แอปแบบเฉพาะบุคคล + คูปองตามหมวดที่เคยซื้อ
C10905,0.4287585,สูง,1,ลูกค้าชั้นยอด (Champions),14.0,27.0,25944.93,960.9233333333333,3.0,0.75,0.045186764107316216,0.0,,ความเสี่ยงมาจากรูปแบบรวมหลายปัจจัย,อีเมล/แอปแบบเฉพาะบุคคล + คูปองตามหมวดที่เคยซื้อ
C12826,0.42820725,สูง,0,ลูกค้าคุณค่าสูงที่กำลังห่างหาย (At-Risk High-Value),59.0,6.0,3347.7,557.9499999999999,1.0,0.5,0.03901964330310624,0.0,,ความถี่ 90 วันล่าสุดลดลงชัดเจน,อีเมล/แอปแบบเฉพาะบุคคล + คูปองตามหมวดที่เคยซื้อ
C10232,0.42714533,สูง,2,ลูกค้าห่างหายมูลค่าต่ำ (Dormant / Low-Value),139.0,4.0,924.13,231.0325,0.0,0.0,0.06992683245941567,0.0,,ไม่ซื้อมา 139 วัน · ความถี่ 90 วันล่าสุดลดลงชัดเจน · ไม่มีการซื้อเลยใน 90 วันล่าสุด,อีเมล/แอปแบบเฉพาะบุคคล + คูปองตามหมวดที่เคยซื้อ
C12865,0.42704764,สูง,3,ลูกค้าใหม่กำลังก่อตัว (New / Developing),86.0,5.0,4576.110000000001,915.2220000000001,1.0,0.3333333333333333,0.05632818203189764,0.0,,ไม่ซื้อมา 86 วัน · ความถี่ 90 วันล่าสุดลดลงชัดเจน,อีเมล/แอปแบบเฉพาะบุคคล + คูปองตามหมวดที่เคยซื้อ
C12743,0.42483568,สูง,0,ลูกค้าคุณค่าสูงที่กำลังห่างหาย (At-Risk High-Value),18.0,12.0,10104.07,842.0058333333333,2.0,0.3333333333333333,0.08334316150067951,0.0,,ความถี่ 90 วันล่าสุดลดลงชัดเจน,อีเมล/แอปแบบเฉพาะบุคคล + คูปองตามหมวดที่เคยซื้อ
C10022,0.42441553,สูง,0,ลูกค้าคุณค่าสูงที่กำลังห่างหาย (At-Risk High-Value),34.0,10.0,19212.25,1921.225,4.0,1.3333333333333333,0.023995915588835945,0.0,,ความเสี่ยงมาจากรูปแบบรวมหลายปัจจัย,อีเมล/แอปแบบเฉพาะบุคคล + คูปองตามหมวดที่เคยซื้อ
C11548,0.42430285,สูง,0,ลูกค้าคุณค่าสูงที่กำลังห่างหาย (At-Risk High-Value),26.0,15.0,14462.28,964.152,3.0,0.75,0.025500110506767863,0.0,,ความเสี่ยงมาจากรูปแบบรวมหลายปัจจัย,อีเมล/แอปแบบเฉพาะบุคคล + คูปองตามหมวดที่เคยซื้อ
C10072,0.4236322,สูง,3,ลูกค้าใหม่กำลังก่อตัว (New / Developing),26.0,3.0,3168.79,1056.2633333333333,3.0,3.0,0.011735829991080396,0.0,,ความเสี่ยงมาจากรูปแบบรวมหลายปัจจัย,อีเมล/แอปแบบเฉพาะบุคคล + คูปองตามหมวดที่เคยซื้อ
C11459,0.42361403,สูง,0,ลูกค้าคุณค่าสูงที่กำลังห่างหาย (At-Risk High-Value),49.0,23.0,28706.3,1248.1,3.0,0.5,0.010726608302007473,0.0,,ความถี่ 90 วันล่าสุดลดลงชัดเจน,อีเมล/แอปแบบเฉพาะบุคคล + คูปองตามหมวดที่เคยซื้อ
C10197,0.42332098,สูง,3,ลูกค้าใหม่กำลังก่อตัว (New / Developing),158.0,6.0,3867.07,644.5116666666667,0.0,0.0,0.03775265689423931,0.0,,ไม่ซื้อมา 158 วัน · ความถี่ 90 วันล่าสุดลดลงชัดเจน · ไม่มีการซื้อเลยใน 90 วันล่าสุด,อีเมล/แอปแบบเฉพาะบุคคล + คูปองตามหมวดที่เคยซื้อ
C10668,0.4226635,สูง,2,ลูกค้าห่างหายมูลค่าต่ำ (Dormant / Low-Value),72.0,7.0,4509.58,644.2257142857143,1.0,0.3333333333333333,0.018604722017292446,0.0,3.5,ไม่ซื้อมา 72 วัน · ความถี่ 90 วันล่าสุดลดลงชัดเจน,อีเมล/แอปแบบเฉพาะบุคคล + คูปองตามหมวดที่เคยซื้อ
C11901,0.42138827,สูง,0,ลูกค้าคุณค่าสูงที่กำลังห่างหาย (At-Risk High-Value),63.0,15.0,9491.25,632.75,2.0,0.4,0.05068798553315002,0.0,,ไม่ซื้อมา 63 วัน · ความถี่ 90 วันล่าสุดลดลงชัดเจน,อีเมล/แอปแบบเฉพาะบุคคล + คูปองตามหมวดที่เคยซื้อ
C12372,0.42071766,สูง,0,ลูกค้าคุณค่าสูงที่กำลังห่างหาย (At-Risk High-Value),30.0,3.0,5139.15,1713.05,1.0,0.3333333333333333,0.014001953136241809,0.0,,ความถี่ 90 วันล่าสุดลดลงชัดเจน,อีเมล/แอปแบบเฉพาะบุคคล + คูปองตามหมวดที่เคยซื้อ
C10787,0.42066038,สูง,3,ลูกค้าใหม่กำลังก่อตัว (New / Developing),14.0,4.0,6192.71,1548.1775,4.0,4.0,0.0,0.0,4.0,ความเสี่ยงมาจากรูปแบบรวมหลายปัจจัย,อีเมล/แอปแบบเฉพาะบุคคล + คูปองตามหมวดที่เคยซื้อ
C10680,0.41728655,สูง,3,ลูกค้าใหม่กำลังก่อตัว (New / Developing),156.0,5.0,3572.46,714.492,0.0,0.0,0.020532715533195335,0.0,,ไม่ซื้อมา 156 วัน · ความถี่ 90 วันล่าสุดลดลงชัดเจน · ไม่มีการซื้อเลยใน 90 วันล่าสุด,อีเมล/แอปแบบเฉพาะบุคคล + คูปองตามหมวดที่เคยซื้อ
C10903,0.41701728,สูง,0,ลูกค้าคุณค่าสูงที่กำลังห่างหาย (At-Risk High-Value),43.0,15.0,11759.66,783.9773333333334,4.0,0.8,0.03455585411848542,0.0,,ความเสี่ยงมาจากรูปแบบรวมหลายปัจจัย,อีเมล/แอปแบบเฉพาะบุคคล + คูปองตามหมวดที่เคยซื้อ
C10074,0.41666532,สูง,0,ลูกค้าคุณค่าสูงที่กำลังห่างหาย (At-Risk High-Value),8.0,16.0,13181.01,823.813125,2.0,0.5,0.03414384291897762,0.0,,ความถี่ 90 วันล่าสุดลดลงชัดเจน,อีเมล/แอปแบบเฉพาะบุคคล + คูปองตามหมวดที่เคยซื้อ
C12985,0.41576236,สูง,0,ลูกค้าคุณค่าสูงที่กำลังห่างหาย (At-Risk High-Value),29.0,9.0,7709.96,856.6622222222222,3.0,1.0,0.08671513063831955,2.0,4.0,มีเรื่องร้องเรียนค้าง 2 เรื่อง,อีเมล/แอปแบบเฉพาะบุคคล + คูปองตามหมวดที่เคยซื้อ
C10977,0.41572842,สูง,3,ลูกค้าใหม่กำลังก่อตัว (New / Developing),37.0,3.0,1079.9,359.9666666666667,2.0,1.0,0.0,0.0,,ความเสี่ยงมาจากรูปแบบรวมหลายปัจจัย,อีเมล/แอปแบบเฉพาะบุคคล + คูปองตามหมวดที่เคยซื้อ
C10890,0.41511923,สูง,0,ลูกค้าคุณค่าสูงที่กำลังห่างหาย (At-Risk High-Value),40.0,25.0,23852.74,954.1096000000001,5.0,1.25,0.026872769153003316,0.0,3.0,ความเสี่ยงมาจากรูปแบบรวมหลายปัจจัย,อีเมล/แอปแบบเฉพาะบุคคล + คูปองตามหมวดที่เคยซื้อ
C12136,0.41427967,สูง,0,ลูกค้าคุณค่าสูงที่กำลังห่างหาย (At-Risk High-Value),29.0,24.0,18051.17,752.1320833333333,3.0,0.6,0.035176623390506326,0.0,,ความเสี่ยงมาจากรูปแบบรวมหลายปัจจัย,อีเมล/แอปแบบเฉพาะบุคคล + คูปองตามหมวดที่เคยซื้อ
C10695,0.41404313,สูง,0,ลูกค้าคุณค่าสูงที่กำลังห่างหาย (At-Risk High-Value),68.0,11.0,8330.71,757.3372727272726,1.0,0.14285714285714285,0.04297843840718314,0.0,,ไม่ซื้อมา 68 วัน · ความถี่ 90 วันล่าสุดลดลงชัดเจน,อีเมล/แอปแบบเฉพาะบุคคล + คูปองตามหมวดที่เคยซื้อ
C12141,0.41397223,สูง,0,ลูกค้าคุณค่าสูงที่กำลังห่างหาย (At-Risk High-Value),6.0,12.0,12251.34,1020.945,2.0,1.0,0.037737760773998354,1.0,3.5,มีเรื่องร้องเรียนค้าง 1 เรื่อง,อีเมล/แอปแบบเฉพาะบุคคล + คูปองตามหมวดที่เคยซื้อ
C11932,0.41350642,สูง,2,ลูกค้าห่างหายมูลค่าต่ำ (Dormant / Low-Value),60.0,4.0,1610.23,402.5575,1.0,0.5,0.06854743077287952,0.0,2.0,ความถี่ 90 วันล่าสุดลดลงชัดเจน · คะแนนความพึงพอใจต่ำ (2.0/5),อีเมล/แอปแบบเฉพาะบุคคล + คูปองตามหมวดที่เคยซื้อ
C12804,0.4123768,สูง,0,ลูกค้าคุณค่าสูงที่กำลังห่างหาย (At-Risk High-Value),29.0,20.0,14107.61,705.3805,6.0,3.0,0.02606931336264595,0.0,,ความเสี่ยงมาจากรูปแบบรวมหลายปัจจัย,อีเมล/แอปแบบเฉพาะบุคคล + คูปองตามหมวดที่เคยซื้อ
C11379,0.40886605,สูง,2,ลูกค้าห่างหายมูลค่าต่ำ (Dormant / Low-Value),144.0,4.0,2376.15,594.0375,0.0,0.0,0.03509733693930756,0.0,5.0,ไม่ซื้อมา 144 วัน · ความถี่ 90 วันล่าสุดลดลงชัดเจน · ไม่มีการซื้อเลยใน 90 วันล่าสุด,อีเมล/แอปแบบเฉพาะบุคคล + คูปองตามหมวดที่เคยซื้อ
C12788,0.40812796,สูง,2,ลูกค้าห่างหายมูลค่าต่ำ (Dormant / Low-Value),151.0,4.0,1413.94,353.485,0.0,0.0,0.13032727898980828,1.0,3.0,ไม่ซื้อมา 151 วัน · ความถี่ 90 วันล่าสุดลดลงชัดเจน · ไม่มีการซื้อเลยใน 90 วันล่าสุด · มีเรื่องร้องเรียนค้าง 1 เรื่อง · ซื้อเมื่อมีส่วนลดเป็นหลัก (13%),อีเมล/แอปแบบเฉพาะบุคคล + คูปองตามหมวดที่เคยซื้อ
C12841,0.4076467,สูง,2,ลูกค้าห่างหายมูลค่าต่ำ (Dormant / Low-Value),92.0,8.0,5222.96,652.87,0.0,0.0,0.13539892300637824,0.0,3.0,ไม่ซื้อมา 92 วัน · ความถี่ 90 วันล่าสุดลดลงชัดเจน · ไม่มีการซื้อเลยใน 90 วันล่าสุด · ซื้อเมื่อมีส่วนลดเป็นหลัก (14%),อีเมล/แอปแบบเฉพาะบุคคล + คูปองตามหมวดที่เคยซื้อ
C11559,0.40709463,สูง,2,ลูกค้าห่างหายมูลค่าต่ำ (Dormant / Low-Value),61.0,3.0,692.76,230.92,1.0,0.3333333333333333,0.20057237153374802,0.0,,ไม่ซื้อมา 61 วัน · ความถี่ 90 วันล่าสุดลดลงชัดเจน · ซื้อเมื่อมีส่วนลดเป็นหลัก (20%),อีเมล/แอปแบบเฉพาะบุคคล + คูปองตามหมวดที่เคยซื้อ
C10011,0.40498546,สูง,0,ลูกค้าคุณค่าสูงที่กำลังห่างหาย (At-Risk High-Value),37.0,14.0,12091.99,863.7135714285714,3.0,0.6,0.024160363220531708,0.0,,ความเสี่ยงมาจากรูปแบบรวมหลายปัจจัย,อีเมล/แอปแบบเฉพาะบุคคล + คูปองตามหมวดที่เคยซื้อ
C10738,0.40180168,สูง,0,ลูกค้าคุณค่าสูงที่กำลังห่างหาย (At-Risk High-Value),36.0,12.0,4876.74,406.395,2.0,0.6666666666666666,0.01976454602648807,1.0,2.0,คะแนนความพึงพอใจต่ำ (2.0/5) · มีเรื่องร้องเรียนค้าง 1 เรื่อง,อีเมล/แอปแบบเฉพาะบุคคล + คูปองตามหมวดที่เคยซื้อ
C10357,0.40145224,สูง,1,ลูกค้าชั้นยอด (Champions),31.0,22.0,32955.9,1497.9954545454545,4.0,0.5,0.05764520388678212,1.0,4.0,ความถี่ 90 วันล่าสุดลดลงชัดเจน · มีเรื่องร้องเรียนค้าง 1 เรื่อง,อีเมล/แอปแบบเฉพาะบุคคล + คูปองตามหมวดที่เคยซื้อ
C11469,0.4012901,สูง,0,ลูกค้าคุณค่าสูงที่กำลังห่างหาย (At-Risk High-Value),35.0,10.0,7967.129999999999,796.713,1.0,0.25,0.009723617091093498,0.0,4.0,ความถี่ 90 วันล่าสุดลดลงชัดเจน,อีเมล/แอปแบบเฉพาะบุคคล + คูปองตามหมวดที่เคยซื้อ
C12692,0.40068522,สูง,0,ลูกค้าคุณค่าสูงที่กำลังห่างหาย (At-Risk High-Value),20.0,14.0,12118.82,865.63,7.0,2.3333333333333335,0.029011506372532133,0.0,1.0,คะแนนความพึงพอใจต่ำ (1.0/5),อีเมล/แอปแบบเฉพาะบุคคล + คูปองตามหมวดที่เคยซื้อ
C10134,0.4000309,สูง,3,ลูกค้าใหม่กำลังก่อตัว (New / Developing),69.0,6.0,4989.129999999999,831.5216666666665,1.0,0.3333333333333333,0.02905556755662722,0.0,,ไม่ซื้อมา 69 วัน · ความถี่ 90 วันล่าสุดลดลงชัดเจน,อีเมล/แอปแบบเฉพาะบุคคล + คูปองตามหมวดที่เคยซื้อ
C12590,0.39876345,สูง,2,ลูกค้าห่างหายมูลค่าต่ำ (Dormant / Low-Value),47.0,13.0,7073.389999999999,544.1069230769231,1.0,0.16666666666666666,0.05382582151962738,0.0,,ความถี่ 90 วันล่าสุดลดลงชัดเจน,อีเมล/แอปแบบเฉพาะบุคคล + คูปองตามหมวดที่เคยซื้อ
C12637,0.39803642,สูง,0,ลูกค้าคุณค่าสูงที่กำลังห่างหาย (At-Risk High-Value),11.0,26.0,36039.41,1386.131153846154,2.0,0.4,0.00759570703767701,1.0,4.0,ความถี่ 90 วันล่าสุดลดลงชัดเจน · มีเรื่องร้องเรียนค้าง 1 เรื่อง,อีเมล/แอปแบบเฉพาะบุคคล + คูปองตามหมวดที่เคยซื้อ
C10117,0.39758524,สูง,0,ลูกค้าคุณค่าสูงที่กำลังห่างหาย (At-Risk High-Value),10.0,15.0,12868.93,857.9286666666667,3.0,0.5,0.041420484171322165,0.0,,ความถี่ 90 วันล่าสุดลดลงชัดเจน,อีเมล/แอปแบบเฉพาะบุคคล + คูปองตามหมวดที่เคยซื้อ
C11214,0.39565644,สูง,3,ลูกค้าใหม่กำลังก่อตัว (New / Developing),17.0,3.0,3477.49,1159.1633333333332,3.0,3.0,0.0966174037060225,0.0,,ความเสี่ยงมาจากรูปแบบรวมหลายปัจจัย,อีเมล/แอปแบบเฉพาะบุคคล + คูปองตามหมวดที่เคยซื้อ
C11741,0.3946497,สูง,1,ลูกค้าชั้นยอด (Champions),37.0,20.0,29342.97,1467.1485,5.0,0.7142857142857143,0.0,0.0,2.0,คะแนนความพึงพอใจต่ำ (2.0/5),อีเมล/แอปแบบเฉพาะบุคคล + คูปองตามหมวดที่เคยซื้อ
C11555,0.3933143,สูง,0,ลูกค้าคุณค่าสูงที่กำลังห่างหาย (At-Risk High-Value),35.0,12.0,5327.83,443.98583333333335,2.0,1.0,0.049228276367893294,1.0,2.0,คะแนนความพึงพอใจต่ำ (2.0/5) · มีเรื่องร้องเรียนค้าง 1 เรื่อง,อีเมล/แอปแบบเฉพาะบุคคล + คูปองตามหมวดที่เคยซื้อ
C10702,0.39330426,สูง,3,ลูกค้าใหม่กำลังก่อตัว (New / Developing),1.0,3.0,5008.0,1669.3333333333333,3.0,3.0,0.02409746553746741,0.0,,ความเสี่ยงมาจากรูปแบบรวมหลายปัจจัย,อีเมล/แอปแบบเฉพาะบุคคล + คูปองตามหมวดที่เคยซื้อ
C12493,0.39277753,สูง,0,ลูกค้าคุณค่าสูงที่กำลังห่างหาย (At-Risk High-Value),73.0,10.0,8927.77,892.777,2.0,0.4,0.00837042228647148,0.0,,ไม่ซื้อมา 73 วัน · ความถี่ 90 วันล่าสุดลดลงชัดเจน,อีเมล/แอปแบบเฉพาะบุคคล + คูปองตามหมวดที่เคยซื้อ
C10956,0.392484,สูง,0,ลูกค้าคุณค่าสูงที่กำลังห่างหาย (At-Risk High-Value),44.0,19.0,21064.86,1108.6768421052632,5.0,0.8333333333333334,0.034666539573893984,0.0,,ความเสี่ยงมาจากรูปแบบรวมหลายปัจจัย,อีเมล/แอปแบบเฉพาะบุคคล + คูปองตามหมวดที่เคยซื้อ
C10483,0.39219028,สูง,2,ลูกค้าห่างหายมูลค่าต่ำ (Dormant / Low-Value),163.0,6.0,3940.0099999999998,656.6683333333333,0.0,0.0,0.1144671870469803,0.0,,ไม่ซื้อมา 163 วัน · ความถี่ 90 วันล่าสุดลดลงชัดเจน · ไม่มีการซื้อเลยใน 90 วันล่าสุด · ซื้อเมื่อมีส่วนลดเป็นหลัก (11%),อีเมล/แอปแบบเฉพาะบุคคล + คูปองตามหมวดที่เคยซื้อ
C11733,0.3914688,สูง,0,ลูกค้าคุณค่าสูงที่กำลังห่างหาย (At-Risk High-Value),61.0,15.0,24479.48,1631.9653333333333,2.0,0.2222222222222222,0.010608698744966043,0.0,,ไม่ซื้อมา 61 วัน · ความถี่ 90 วันล่าสุดลดลงชัดเจน,อีเมล/แอปแบบเฉพาะบุคคล + คูปองตามหมวดที่เคยซื้อ
C11077,0.39128292,สูง,2,ลูกค้าห่างหายมูลค่าต่ำ (Dormant / Low-Value),72.0,7.0,5215.02,745.0028571428572,2.0,1.0,0.09504192464669461,0.0,5.0,ไม่ซื้อมา 72 วัน,อีเมล/แอปแบบเฉพาะบุคคล + คูปองตามหมวดที่เคยซื้อ
C12913,0.3911602,สูง,0,ลูกค้าคุณค่าสูงที่กำลังห่างหาย (At-Risk High-Value),9.0,20.0,26575.47,1328.7735,7.0,1.75,0.02523880768365992,0.0,,ความเสี่ยงมาจากรูปแบบรวมหลายปัจจัย,อีเมล/แอปแบบเฉพาะบุคคล + คูปองตามหมวดที่เคยซื้อ
C11349,0.39064083,สูง,0,ลูกค้าคุณค่าสูงที่กำลังห่างหาย (At-Risk High-Value),26.0,9.0,11990.17,1332.2411111111112,2.0,0.2857142857142857,0.04700071771989213,0.0,4.5,ความถี่ 90 วันล่าสุดลดลงชัดเจน,อีเมล/แอปแบบเฉพาะบุคคล + คูปองตามหมวดที่เคยซื้อ
C11129,0.3905458,สูง,0,ลูกค้าคุณค่าสูงที่กำลังห่างหาย (At-Risk High-Value),42.0,15.0,8252.11,550.1406666666667,3.0,3.0,0.04412023630255994,0.0,2.0,คะแนนความพึงพอใจต่ำ (2.0/5),อีเมล/แอปแบบเฉพาะบุคคล + คูปองตามหมวดที่เคยซื้อ
C11378,0.38908297,สูง,2,ลูกค้าห่างหายมูลค่าต่ำ (Dormant / Low-Value),33.0,4.0,2546.0,636.5,2.0,1.0,0.1107168055662282,0.0,,ซื้อเมื่อมีส่วนลดเป็นหลัก (11%),อีเมล/แอปแบบเฉพาะบุคคล + คูปองตามหมวดที่เคยซื้อ
C11416,0.38761088,สูง,3,ลูกค้าใหม่กำลังก่อตัว (New / Developing),12.0,4.0,2225.4300000000003,556.3575000000001,4.0,4.0,0.023540200431753165,0.0,,ความเสี่ยงมาจากรูปแบบรวมหลายปัจจัย,อีเมล/แอปแบบเฉพาะบุคคล + คูปองตามหมวดที่เคยซื้อ
C10270,0.38744697,สูง,2,ลูกค้าห่างหายมูลค่าต่ำ (Dormant / Low-Value),66.0,5.0,3731.14,746.228,1.0,0.5,0.06385423670978814,0.0,2.0,ไม่ซื้อมา 66 วัน · ความถี่ 90 วันล่าสุดลดลงชัดเจน · คะแนนความพึงพอใจต่ำ (2.0/5),อีเมล/แอปแบบเฉพาะบุคคล + คูปองตามหมวดที่เคยซื้อ
C12328,0.38720852,สูง,2,ลูกค้าห่างหายมูลค่าต่ำ (Dormant / Low-Value),107.0,3.0,1429.96,476.65333333333336,0.0,0.0,0.11139558295323201,0.0,,ไม่ซื้อมา 107 วัน · ความถี่ 90 วันล่าสุดลดลงชัดเจน · ไม่มีการซื้อเลยใน 90 วันล่าสุด · ซื้อเมื่อมีส่วนลดเป็นหลัก (11%),อีเมล/แอปแบบเฉพาะบุคคล + คูปองตามหมวดที่เคยซื้อ
C10321,0.38720542,สูง,0,ลูกค้าคุณค่าสูงที่กำลังห่างหาย (At-Risk High-Value),21.0,21.0,26598.7,1266.604761904762,6.0,1.0,0.046416339916847744,0.0,,ความเสี่ยงมาจากรูปแบบรวมหลายปัจจัย,อีเมล/แอปแบบเฉพาะบุคคล + คูปองตามหมวดที่เคยซื้อ
C12398,0.3848727,สูง,3,ลูกค้าใหม่กำลังก่อตัว (New / Developing),16.0,3.0,4085.3,1361.7666666666667,3.0,3.0,0.03375118259224219,0.0,,ความเสี่ยงมาจากรูปแบบรวมหลายปัจจัย,อีเมล/แอปแบบเฉพาะบุคคล + คูปองตามหมวดที่เคยซื้อ
C11934,0.38403335,สูง,0,ลูกค้าคุณค่าสูงที่กำลังห่างหาย (At-Risk High-Value),38.0,11.0,6754.4400000000005,614.0400000000001,1.0,0.2,0.08591364787908971,0.0,,ความถี่ 90 วันล่าสุดลดลงชัดเจน,อีเมล/แอปแบบเฉพาะบุคคล + คูปองตามหมวดที่เคยซื้อ
C12071,0.3838612,สูง,2,ลูกค้าห่างหายมูลค่าต่ำ (Dormant / Low-Value),103.0,8.0,5151.17,643.89625,0.0,0.0,0.06626219927783177,0.0,,ไม่ซื้อมา 103 วัน · ความถี่ 90 วันล่าสุดลดลงชัดเจน · ไม่มีการซื้อเลยใน 90 วันล่าสุด,อีเมล/แอปแบบเฉพาะบุคคล + คูปองตามหมวดที่เคยซื้อ
C12829,0.38344988,สูง,2,ลูกค้าห่างหายมูลค่าต่ำ (Dormant / Low-Value),101.0,6.0,3374.1800000000003,562.3633333333333,0.0,0.0,0.05870898809640046,0.0,,ไม่ซื้อมา 101 วัน · ความถี่ 90 วันล่าสุดลดลงชัดเจน · ไม่มีการซื้อเลยใน 90 วันล่าสุด,อีเมล/แอปแบบเฉพาะบุคคล + คูปองตามหมวดที่เคยซื้อ
C10641,0.38338268,สูง,0,ลูกค้าคุณค่าสูงที่กำลังห่างหาย (At-Risk High-Value),21.0,14.0,12057.52,861.2514285714286,1.0,0.16666666666666666,0.01963730502543288,0.0,2.0,ความถี่ 90 วันล่าสุดลดลงชัดเจน · คะแนนความพึงพอใจต่ำ (2.0/5),อีเมล/แอปแบบเฉพาะบุคคล + คูปองตามหมวดที่เคยซื้อ
C12899,0.3821616,สูง,0,ลูกค้าคุณค่าสูงที่กำลังห่างหาย (At-Risk High-Value),6.0,17.0,21470.38,1262.9635294117647,5.0,2.5,0.03194393219489189,0.0,,ความเสี่ยงมาจากรูปแบบรวมหลายปัจจัย,อีเมล/แอปแบบเฉพาะบุคคล + คูปองตามหมวดที่เคยซื้อ
C11992,0.38201255,สูง,0,ลูกค้าคุณค่าสูงที่กำลังห่างหาย (At-Risk High-Value),58.0,7.0,6331.969999999999,904.5671428571428,2.0,0.5,0.014197061882313379,0.0,,ความถี่ 90 วันล่าสุดลดลงชัดเจน,อีเมล/แอปแบบเฉพาะบุคคล + คูปองตามหมวดที่เคยซื้อ
C10053,0.38093632,สูง,2,ลูกค้าห่างหายมูลค่าต่ำ (Dormant / Low-Value),92.0,5.0,2893.49,578.698,0.0,0.0,0.045232415024236354,0.0,4.0,ไม่ซื้อมา 92 วัน · ความถี่ 90 วันล่าสุดลดลงชัดเจน · ไม่มีการซื้อเลยใน 90 วันล่าสุด,อีเมล/แอปแบบเฉพาะบุคคล + คูปองตามหมวดที่เคยซื้อ
C10495,0.38066432,สูง,2,ลูกค้าห่างหายมูลค่าต่ำ (Dormant / Low-Value),230.0,5.0,1992.87,398.57399999999996,0.0,0.0,0.08191442313007906,0.0,,ไม่ซื้อมา 230 วัน · ความถี่ 90 วันล่าสุดลดลงชัดเจน · ไม่มีการซื้อเลยใน 90 วันล่าสุด,อีเมล/แอปแบบเฉพาะบุคคล + คูปองตามหมวดที่เคยซื้อ
C10190,0.3795132,สูง,1,ลูกค้าชั้นยอด (Champions),23.0,31.0,32413.63,1045.6009677419356,6.0,1.5,0.049978545577751186,0.0,,ความเสี่ยงมาจากรูปแบบรวมหลายปัจจัย,อีเมล/แอปแบบเฉพาะบุคคล + คูปองตามหมวดที่เคยซื้อ
C10930,0.37947246,สูง,0,ลูกค้าคุณค่าสูงที่กำลังห่างหาย (At-Risk High-Value),228.0,9.0,5914.21,657.1344444444444,0.0,0.0,0.06526033961739305,0.0,4.0,ไม่ซื้อมา 228 วัน · ความถี่ 90 วันล่าสุดลดลงชัดเจน · ไม่มีการซื้อเลยใน 90 วันล่าสุด,อีเมล/แอปแบบเฉพาะบุคคล + คูปองตามหมวดที่เคยซื้อ
C10677,0.379401,สูง,0,ลูกค้าคุณค่าสูงที่กำลังห่างหาย (At-Risk High-Value),57.0,11.0,6913.33,628.4845454545455,2.0,0.6666666666666666,0.08304462930933863,0.0,,ความเสี่ยงมาจากรูปแบบรวมหลายปัจจัย,อีเมล/แอปแบบเฉพาะบุคคล + คูปองตามหมวดที่เคยซื้อ
C12142,0.37837464,สูง,3,ลูกค้าใหม่กำลังก่อตัว (New / Developing),5.0,3.0,3107.87,1035.9566666666667,3.0,3.0,0.00812237498882974,0.0,,ความเสี่ยงมาจากรูปแบบรวมหลายปัจจัย,อีเมล/แอปแบบเฉพาะบุคคล + คูปองตามหมวดที่เคยซื้อ
C10708,0.37818208,สูง,0,ลูกค้าคุณค่าสูงที่กำลังห่างหาย (At-Risk High-Value),127.0,7.0,4179.86,597.1228571428571,0.0,0.0,0.0473709520456001,0.0,,ไม่ซื้อมา 127 วัน · ความถี่ 90 วันล่าสุดลดลงชัดเจน · ไม่มีการซื้อเลยใน 90 วันล่าสุด,อีเมล/แอปแบบเฉพาะบุคคล + คูปองตามหมวดที่เคยซื้อ
C12813,0.37796098,สูง,2,ลูกค้าห่างหายมูลค่าต่ำ (Dormant / Low-Value),5.0,5.0,2041.27,408.254,2.0,1.0,0.09629534527488293,0.0,,ความเสี่ยงมาจากรูปแบบรวมหลายปัจจัย,อีเมล/แอปแบบเฉพาะบุคคล + คูปองตามหมวดที่เคยซื้อ
C11387,0.3777808,สูง,0,ลูกค้าคุณค่าสูงที่กำลังห่างหาย (At-Risk High-Value),52.0,13.0,8505.13,654.2407692307692,1.0,0.3333333333333333,0.07258783838304535,0.0,4.0,ความถี่ 90 วันล่าสุดลดลงชัดเจน,อีเมล/แอปแบบเฉพาะบุคคล + คูปองตามหมวดที่เคยซื้อ
C10582,0.3771404,สูง,1,ลูกค้าชั้นยอด (Champions),30.0,63.0,133569.6,2120.152380952381,7.0,1.1666666666666667,0.0005084648738322426,0.0,,ความเสี่ยงมาจากรูปแบบรวมหลายปัจจัย,อีเมล/แอปแบบเฉพาะบุคคล + คูปองตามหมวดที่เคยซื้อ
C12775,0.37584022,สูง,3,ลูกค้าใหม่กำลังก่อตัว (New / Developing),4.0,3.0,2410.39,803.4633333333333,3.0,3.0,0.011993523661180906,0.0,,ความเสี่ยงมาจากรูปแบบรวมหลายปัจจัย,อีเมล/แอปแบบเฉพาะบุคคล + คูปองตามหมวดที่เคยซื้อ
C12975,0.37353864,สูง,0,ลูกค้าคุณค่าสูงที่กำลังห่างหาย (At-Risk High-Value),39.0,8.0,6034.57,754.32125,2.0,0.6666666666666666,0.03676515187792303,0.0,,ความเสี่ยงมาจากรูปแบบรวมหลายปัจจัย,อีเมล/แอปแบบเฉพาะบุคคล + คูปองตามหมวดที่เคยซื้อ
C12519,0.3734692,สูง,0,ลูกค้าคุณค่าสูงที่กำลังห่างหาย (At-Risk High-Value),42.0,16.0,16983.32,1061.4575,6.0,2.0,0.025810962818836835,1.0,4.0,มีเรื่องร้องเรียนค้าง 1 เรื่อง,อีเมล/แอปแบบเฉพาะบุคคล + คูปองตามหมวดที่เคยซื้อ
C12010,0.37322196,สูง,0,ลูกค้าคุณค่าสูงที่กำลังห่างหาย (At-Risk High-Value),66.0,16.0,9675.95,604.746875,2.0,0.5,0.05874141520263041,0.0,,ไม่ซื้อมา 66 วัน · ความถี่ 90 วันล่าสุดลดลงชัดเจน,อีเมล/แอปแบบเฉพาะบุคคล + คูปองตามหมวดที่เคยซื้อ
C12521,0.3728536,สูง,2,ลูกค้าห่างหายมูลค่าต่ำ (Dormant / Low-Value),99.0,4.0,1687.1899999999998,421.79749999999996,0.0,0.0,0.030851858234246653,0.0,,ไม่ซื้อมา 99 วัน · ความถี่ 90 วันล่าสุดลดลงชัดเจน · ไม่มีการซื้อเลยใน 90 วันล่าสุด,อีเมล/แอปแบบเฉพาะบุคคล + คูปองตามหมวดที่เคยซื้อ
C10279,0.372163,สูง,3,ลูกค้าใหม่กำลังก่อตัว (New / Developing),46.0,12.0,12647.2,1053.9333333333334,3.0,0.6,0.0033114722575540495,0.0,3.0,ความเสี่ยงมาจากรูปแบบรวมหลายปัจจัย,อีเมล/แอปแบบเฉพาะบุคคล + คูปองตามหมวดที่เคยซื้อ
C12607,0.3720459,สูง,0,ลูกค้าคุณค่าสูงที่กำลังห่างหาย (At-Risk High-Value),18.0,13.0,13851.189999999999,1065.4761538461537,3.0,0.75,0.024869671124189953,0.0,,ความเสี่ยงมาจากรูปแบบรวมหลายปัจจัย,อีเมล/แอปแบบเฉพาะบุคคล + คูปองตามหมวดที่เคยซื้อ
C12481,0.37199134,สูง,2,ลูกค้าห่างหายมูลค่าต่ำ (Dormant / Low-Value),22.0,16.0,7856.67,491.041875,2.0,2.0,0.0768685766118467,0.0,3.0,ความเสี่ยงมาจากรูปแบบรวมหลายปัจจัย,อีเมล/แอปแบบเฉพาะบุคคล + คูปองตามหมวดที่เคยซื้อ
C12848,0.37199044,สูง,3,ลูกค้าใหม่กำลังก่อตัว (New / Developing),17.0,4.0,2330.07,582.5175,4.0,4.0,0.02298228841702727,0.0,,ความเสี่ยงมาจากรูปแบบรวมหลายปัจจัย,อีเมล/แอปแบบเฉพาะบุคคล + คูปองตามหมวดที่เคยซื้อ
C11558,0.37143674,สูง,3,ลูกค้าใหม่กำลังก่อตัว (New / Developing),4.0,4.0,2122.11,530.5275,4.0,4.0,0.01441608805703272,0.0,,ความเสี่ยงมาจากรูปแบบรวมหลายปัจจัย,อีเมล/แอปแบบเฉพาะบุคคล + คูปองตามหมวดที่เคยซื้อ
C11063,0.37077004,สูง,0,ลูกค้าคุณค่าสูงที่กำลังห่างหาย (At-Risk High-Value),34.0,18.0,13068.449999999999,726.025,3.0,0.6,0.008480883869249627,0.0,,ความเสี่ยงมาจากรูปแบบรวมหลายปัจจัย,อีเมล/แอปแบบเฉพาะบุคคล + คูปองตามหมวดที่เคยซื้อ
C10714,0.37059233,สูง,0,ลูกค้าคุณค่าสูงที่กำลังห่างหาย (At-Risk High-Value),20.0,7.0,14944.619999999999,2134.945714285714,1.0,0.5,0.04688160686645352,0.0,,ความถี่ 90 วันล่าสุดลดลงชัดเจน,อีเมล/แอปแบบเฉพาะบุคคล + คูปองตามหมวดที่เคยซื้อ
C10784,0.37054762,สูง,1,ลูกค้าชั้นยอด (Champions),101.0,24.0,53307.39,2221.14125,0.0,0.0,0.046197027660566936,0.0,4.0,ไม่ซื้อมา 101 วัน · ความถี่ 90 วันล่าสุดลดลงชัดเจน · ไม่มีการซื้อเลยใน 90 วันล่าสุด,อีเมล/แอปแบบเฉพาะบุคคล + คูปองตามหมวดที่เคยซื้อ
C11140,0.37026846,สูง,3,ลูกค้าใหม่กำลังก่อตัว (New / Developing),87.0,4.0,1888.0,472.0,1.0,0.3333333333333333,0.009755585859645444,0.0,,ไม่ซื้อมา 87 วัน · ความถี่ 90 วันล่าสุดลดลงชัดเจน,อีเมล/แอปแบบเฉพาะบุคคล + คูปองตามหมวดที่เคยซื้อ
C10691,0.36919382,สูง,1,ลูกค้าชั้นยอด (Champions),21.0,20.0,33061.65,1653.0825,3.0,1.0,0.0,0.0,3.5,ความเสี่ยงมาจากรูปแบบรวมหลายปัจจัย,อีเมล/แอปแบบเฉพาะบุคคล + คูปองตามหมวดที่เคยซื้อ
C11965,0.36858046,สูง,0,ลูกค้าคุณค่าสูงที่กำลังห่างหาย (At-Risk High-Value),45.0,24.0,17247.66,718.6525,5.0,0.7142857142857143,0.001649672149366526,0.0,,ความเสี่ยงมาจากรูปแบบรวมหลายปัจจัย,อีเมล/แอปแบบเฉพาะบุคคล + คูปองตามหมวดที่เคยซื้อ
C12443,0.36808348,สูง,2,ลูกค้าห่างหายมูลค่าต่ำ (Dormant / Low-Value),131.0,5.0,2589.99,517.9979999999999,0.0,0.0,0.01587898684540501,0.0,,ไม่ซื้อมา 131 วัน · ความถี่ 90 วันล่าสุดลดลงชัดเจน · ไม่มีการซื้อเลยใน 90 วันล่าสุด,อีเมล/แอปแบบเฉพาะบุคคล + คูปองตามหมวดที่เคยซื้อ
C12339,0.3671279,สูง,1,ลูกค้าชั้นยอด (Champions),43.0,14.0,24532.79,1752.342142857143,2.0,0.3333333333333333,0.026243194797483205,0.0,,ความถี่ 90 วันล่าสุดลดลงชัดเจน,อีเมล/แอปแบบเฉพาะบุคคล + คูปองตามหมวดที่เคยซื้อ
C10869,0.36686516,สูง,2,ลูกค้าห่างหายมูลค่าต่ำ (Dormant / Low-Value),5.0,3.0,2286.94,762.3133333333334,3.0,3.0,0.11156088900629735,0.0,,ซื้อเมื่อมีส่วนลดเป็นหลัก (11%),อีเมล/แอปแบบเฉพาะบุคคล + คูปองตามหมวดที่เคยซื้อ
C12907,0.36662677,สูง,3,ลูกค้าใหม่กำลังก่อตัว (New / Developing),11.0,3.0,3517.7200000000003,1172.5733333333335,3.0,3.0,0.013588770056474995,0.0,,ความเสี่ยงมาจากรูปแบบรวมหลายปัจจัย,อีเมล/แอปแบบเฉพาะบุคคล + คูปองตามหมวดที่เคยซื้อ
C12927,0.36658016,สูง,1,ลูกค้าชั้นยอด (Champions),35.0,65.0,128342.13,1974.4943076923078,6.0,0.6,0.018837412727747263,0.0,2.0,คะแนนความพึงพอใจต่ำ (2.0/5),อีเมล/แอปแบบเฉพาะบุคคล + คูปองตามหมวดที่เคยซื้อ
C11125,0.36632976,สูง,1,ลูกค้าชั้นยอด (Champions),34.0,26.0,43923.09,1689.3496153846152,2.0,0.2857142857142857,0.007853488882167624,0.0,3.0,ความถี่ 90 วันล่าสุดลดลงชัดเจน,อีเมล/แอปแบบเฉพาะบุคคล + คูปองตามหมวดที่เคยซื้อ
C11606,0.3657992,สูง,2,ลูกค้าห่างหายมูลค่าต่ำ (Dormant / Low-Value),67.0,8.0,4214.98,526.8725,1.0,0.5,0.05057112416065809,0.0,3.0,ไม่ซื้อมา 67 วัน · ความถี่ 90 วันล่าสุดลดลงชัดเจน,อีเมล/แอปแบบเฉพาะบุคคล + คูปองตามหมวดที่เคยซื้อ
C11551,0.36341834,สูง,0,ลูกค้าคุณค่าสูงที่กำลังห่างหาย (At-Risk High-Value),29.0,17.0,18764.52,1103.795294117647,3.0,0.5,0.04601221379634318,0.0,,ความถี่ 90 วันล่าสุดลดลงชัดเจน,อีเมล/แอปแบบเฉพาะบุคคล + คูปองตามหมวดที่เคยซื้อ
C12981,0.3607494,สูง,0,ลูกค้าคุณค่าสูงที่กำลังห่างหาย (At-Risk High-Value),69.0,25.0,29018.38,1160.7352,2.0,0.4,0.013256828698351212,0.0,,ไม่ซื้อมา 69 วัน · ความถี่ 90 วันล่าสุดลดลงชัดเจน,อีเมล/แอปแบบเฉพาะบุคคล + คูปองตามหมวดที่เคยซื้อ
C11489,0.35914588,สูง,2,ลูกค้าห่างหายมูลค่าต่ำ (Dormant / Low-Value),77.0,11.0,4906.27,446.0245454545455,2.0,0.6666666666666666,0.04715599679942825,0.0,3.0,ไม่ซื้อมา 77 วัน,อีเมล/แอปแบบเฉพาะบุคคล + คูปองตามหมวดที่เคยซื้อ
C10151,0.358726,สูง,3,ลูกค้าใหม่กำลังก่อตัว (New / Developing),79.0,3.0,2395.47,798.4899999999999,1.0,0.5,0.022388821097566448,0.0,,ไม่ซื้อมา 79 วัน · ความถี่ 90 วันล่าสุดลดลงชัดเจน,อีเมล/แอปแบบเฉพาะบุคคล + คูปองตามหมวดที่เคยซื้อ
C12173,0.3577694,สูง,2,ลูกค้าห่างหายมูลค่าต่ำ (Dormant / Low-Value),23.0,7.0,5992.21,856.03,3.0,0.75,0.08956777255793319,0.0,,ความเสี่ยงมาจากรูปแบบรวมหลายปัจจัย,อีเมล/แอปแบบเฉพาะบุคคล + คูปองตามหมวดที่เคยซื้อ
C10770,0.35776073,สูง,3,ลูกค้าใหม่กำลังก่อตัว (New / Developing),56.0,5.0,9534.1,1906.8200000000002,1.0,0.2,0.0,0.0,,ความถี่ 90 วันล่าสุดลดลงชัดเจน,อีเมล/แอปแบบเฉพาะบุคคล + คูปองตามหมวดที่เคยซื้อ
C11015,0.3560562,สูง,2,ลูกค้าห่างหายมูลค่าต่ำ (Dormant / Low-Value),100.0,18.0,4089.71,227.2061111111111,0.0,0.0,0.06309763260743069,0.0,,ไม่ซื้อมา 100 วัน · ความถี่ 90 วันล่าสุดลดลงชัดเจน · ไม่มีการซื้อเลยใน 90 วันล่าสุด,อีเมล/แอปแบบเฉพาะบุคคล + คูปองตามหมวดที่เคยซื้อ
C10073,0.35602778,สูง,0,ลูกค้าคุณค่าสูงที่กำลังห่างหาย (At-Risk High-Value),47.0,16.0,9147.77,571.735625,3.0,3.0,0.04781746114356376,0.0,3.0,ความเสี่ยงมาจากรูปแบบรวมหลายปัจจัย,อีเมล/แอปแบบเฉพาะบุคคล + คูปองตามหมวดที่เคยซื้อ
C12869,0.35554114,สูง,0,ลูกค้าคุณค่าสูงที่กำลังห่างหาย (At-Risk High-Value),16.0,19.0,32015.21,1685.0110526315789,5.0,0.8333333333333334,0.008865203765637398,0.0,,ความเสี่ยงมาจากรูปแบบรวมหลายปัจจัย,อีเมล/แอปแบบเฉพาะบุคคล + คูปองตามหมวดที่เคยซื้อ
C10912,0.3548363,สูง,2,ลูกค้าห่างหายมูลค่าต่ำ (Dormant / Low-Value),110.0,5.0,1554.05,310.81,0.0,0.0,0.017071041845873602,0.0,,ไม่ซื้อมา 110 วัน · ความถี่ 90 วันล่าสุดลดลงชัดเจน · ไม่มีการซื้อเลยใน 90 วันล่าสุด,อีเมล/แอปแบบเฉพาะบุคคล + คูปองตามหมวดที่เคยซื้อ
C11524,0.35358065,สูง,2,ลูกค้าห่างหายมูลค่าต่ำ (Dormant / Low-Value),19.0,7.0,1611.2,230.17142857142858,1.0,1.0,0.0830815108212544,0.0,,ความเสี่ยงมาจากรูปแบบรวมหลายปัจจัย,อีเมล/แอปแบบเฉพาะบุคคล + คูปองตามหมวดที่เคยซื้อ
C12209,0.3521289,สูง,2,ลูกค้าห่างหายมูลค่าต่ำ (Dormant / Low-Value),58.0,9.0,6526.41,725.1566666666666,1.0,0.5,0.07719879701204262,0.0,4.0,ความถี่ 90 วันล่าสุดลดลงชัดเจน,อีเมล/แอปแบบเฉพาะบุคคล + คูปองตามหมวดที่เคยซื้อ
C10562,0.35135204,สูง,3,ลูกค้าใหม่กำลังก่อตัว (New / Developing),119.0,4.0,3201.28,800.32,0.0,0.0,0.009701049297168876,0.0,,ไม่ซื้อมา 119 วัน · ความถี่ 90 วันล่าสุดลดลงชัดเจน · ไม่มีการซื้อเลยใน 90 วันล่าสุด,อีเมล/แอปแบบเฉพาะบุคคล + คูปองตามหมวดที่เคยซื้อ
C12579,0.35004967,สูง,3,ลูกค้าใหม่กำลังก่อตัว (New / Developing),71.0,9.0,9624.42,1069.38,1.0,0.125,0.03084954051947581,0.0,4.0,ไม่ซื้อมา 71 วัน · ความถี่ 90 วันล่าสุดลดลงชัดเจน,อีเมล/แอปแบบเฉพาะบุคคล + คูปองตามหมวดที่เคยซื้อ
C12220,0.34937292,สูง,0,ลูกค้าคุณค่าสูงที่กำลังห่างหาย (At-Risk High-Value),24.0,25.0,29549.460000000003,1181.9784000000002,5.0,0.625,0.05189121480141971,0.0,3.5,ความเสี่ยงมาจากรูปแบบรวมหลายปัจจัย,อีเมล/แอปแบบเฉพาะบุคคล + คูปองตามหมวดที่เคยซื้อ
C11337,0.34936368,สูง,2,ลูกค้าห่างหายมูลค่าต่ำ (Dormant / Low-Value),90.0,8.0,3083.05,385.38125,0.0,0.0,0.06938591937022325,0.0,,ไม่ซื้อมา 90 วัน · ความถี่ 90 วันล่าสุดลดลงชัดเจน · ไม่มีการซื้อเลยใน 90 วันล่าสุด,อีเมล/แอปแบบเฉพาะบุคคล + คูปองตามหมวดที่เคยซื้อ
C10377,0.34907216,สูง,2,ลูกค้าห่างหายมูลค่าต่ำ (Dormant / Low-Value),113.0,9.0,6044.76,671.64,0.0,0.0,0.07323071262112106,0.0,,ไม่ซื้อมา 113 วัน · ความถี่ 90 วันล่าสุดลดลงชัดเจน · ไม่มีการซื้อเลยใน 90 วันล่าสุด,อีเมล/แอปแบบเฉพาะบุคคล + คูปองตามหมวดที่เคยซื้อ
C11888,0.3486592,สูง,2,ลูกค้าห่างหายมูลค่าต่ำ (Dormant / Low-Value),140.0,5.0,2815.27,563.054,0.0,0.0,0.07118985170155556,0.0,,ไม่ซื้อมา 140 วัน · ความถี่ 90 วันล่าสุดลดลงชัดเจน · ไม่มีการซื้อเลยใน 90 วันล่าสุด,อีเมล/แอปแบบเฉพาะบุคคล + คูปองตามหมวดที่เคยซื้อ
C12123,0.3484282,สูง,1,ลูกค้าชั้นยอด (Champions),33.0,18.0,31556.1,1753.1166666666666,5.0,0.7142857142857143,0.004282178897323946,0.0,,ความเสี่ยงมาจากรูปแบบรวมหลายปัจจัย,อีเมล/แอปแบบเฉพาะบุคคล + คูปองตามหมวดที่เคยซื้อ
C10098,0.34836522,สูง,2,ลูกค้าห่างหายมูลค่าต่ำ (Dormant / Low-Value),59.0,3.0,1021.52,340.50666666666666,1.0,0.3333333333333333,0.0037838892139652816,0.0,,ความถี่ 90 วันล่าสุดลดลงชัดเจน,อีเมล/แอปแบบเฉพาะบุคคล + คูปองตามหมวดที่เคยซื้อ
C12544,0.34783167,สูง,2,ลูกค้าห่างหายมูลค่าต่ำ (Dormant / Low-Value),42.0,8.0,6980.49,872.56125,3.0,1.0,0.10509521477489212,0.0,,ซื้อเมื่อมีส่วนลดเป็นหลัก (11%),อีเมล/แอปแบบเฉพาะบุคคล + คูปองตามหมวดที่เคยซื้อ
C11408,0.34771323,สูง,0,ลูกค้าคุณค่าสูงที่กำลังห่างหาย (At-Risk High-Value),10.0,13.0,22233.850000000002,1710.296153846154,2.0,0.6666666666666666,0.03587502281974418,0.0,,ความเสี่ยงมาจากรูปแบบรวมหลายปัจจัย,อีเมล/แอปแบบเฉพาะบุคคล + คูปองตามหมวดที่เคยซื้อ
C11434,0.34718347,สูง,2,ลูกค้าห่างหายมูลค่าต่ำ (Dormant / Low-Value),77.0,4.0,3022.8099999999995,755.7024999999999,2.0,0.6666666666666666,0.07749470510324287,0.0,5.0,ไม่ซื้อมา 77 วัน,อีเมล/แอปแบบเฉพาะบุคคล + คูปองตามหมวดที่เคยซื้อ
C11565,0.34697992,สูง,3,ลูกค้าใหม่กำลังก่อตัว (New / Developing),20.0,3.0,3382.58,1127.5266666666666,3.0,3.0,0.0202009083746582,0.0,,ความเสี่ยงมาจากรูปแบบรวมหลายปัจจัย,อีเมล/แอปแบบเฉพาะบุคคล + คูปองตามหมวดที่เคยซื้อ
C10395,0.34668958,สูง,2,ลูกค้าห่างหายมูลค่าต่ำ (Dormant / Low-Value),143.0,8.0,2298.4700000000003,287.30875000000003,0.0,0.0,0.1417598912670082,0.0,,ไม่ซื้อมา 143 วัน · ความถี่ 90 วันล่าสุดลดลงชัดเจน · ไม่มีการซื้อเลยใน 90 วันล่าสุด · ซื้อเมื่อมีส่วนลดเป็นหลัก (14%),อีเมล/แอปแบบเฉพาะบุคคล + คูปองตามหมวดที่เคยซื้อ
C11752,0.34652317,สูง,3,ลูกค้าใหม่กำลังก่อตัว (New / Developing),18.0,5.0,8562.2,1712.44,5.0,5.0,0.01453078512277794,0.0,,ความเสี่ยงมาจากรูปแบบรวมหลายปัจจัย,อีเมล/แอปแบบเฉพาะบุคคล + คูปองตามหมวดที่เคยซื้อ
C12102,0.34633926,สูง,2,ลูกค้าห่างหายมูลค่าต่ำ (Dormant / Low-Value),169.0,5.0,2258.47,451.69399999999996,0.0,0.0,0.0778668778938257,0.0,,ไม่ซื้อมา 169 วัน · ความถี่ 90 วันล่าสุดลดลงชัดเจน · ไม่มีการซื้อเลยใน 90 วันล่าสุด,อีเมล/แอปแบบเฉพาะบุคคล + คูปองตามหมวดที่เคยซื้อ
C10207,0.34626004,สูง,0,ลูกค้าคุณค่าสูงที่กำลังห่างหาย (At-Risk High-Value),3.0,9.0,8323.62,924.8466666666668,3.0,3.0,0.0534984290586064,1.0,3.0,มีเรื่องร้องเรียนค้าง 1 เรื่อง,อีเมล/แอปแบบเฉพาะบุคคล + คูปองตามหมวดที่เคยซื้อ
C10108,0.34621254,สูง,2,ลูกค้าห่างหายมูลค่าต่ำ (Dormant / Low-Value),111.0,12.0,4295.25,357.9375,0.0,0.0,0.05208903444501333,0.0,,ไม่ซื้อมา 111 วัน · ความถี่ 90 วันล่าสุดลดลงชัดเจน · ไม่มีการซื้อเลยใน 90 วันล่าสุด,อีเมล/แอปแบบเฉพาะบุคคล + คูปองตามหมวดที่เคยซื้อ
C11782,0.34587783,สูง,3,ลูกค้าใหม่กำลังก่อตัว (New / Developing),66.0,4.0,3380.85,845.2125,1.0,0.3333333333333333,0.0104491372876147,0.0,,ไม่ซื้อมา 66 วัน · ความถี่ 90 วันล่าสุดลดลงชัดเจน,อีเมล/แอปแบบเฉพาะบุคคล + คูปองตามหมวดที่เคยซื้อ
C12086,0.3457665,สูง,2,ลูกค้าห่างหายมูลค่าต่ำ (Dormant / Low-Value),30.0,3.0,1342.4299999999998,447.47666666666663,3.0,3.0,0.14249669436796952,0.0,,ซื้อเมื่อมีส่วนลดเป็นหลัก (14%),อีเมล/แอปแบบเฉพาะบุคคล + คูปองตามหมวดที่เคยซื้อ
C10819,0.34544832,สูง,1,ลูกค้าชั้นยอด (Champions),7.0,19.0,18684.149999999998,983.3763157894736,4.0,2.0,0.060622636680973736,0.0,,ความเสี่ยงมาจากรูปแบบรวมหลายปัจจัย,อีเมล/แอปแบบเฉพาะบุคคล + คูปองตามหมวดที่เคยซื้อ
C12219,0.34305283,เฝ้าระวัง,2,ลูกค้าห่างหายมูลค่าต่ำ (Dormant / Low-Value),46.0,7.0,3056.92,436.70285714285717,3.0,0.75,0.10427276296743418,0.0,,ซื้อเมื่อมีส่วนลดเป็นหลัก (10%),ใส่ในแคมเปญอัตโนมัติ ติดตามผลรายเดือน
C10749,0.3429951,เฝ้าระวัง,0,ลูกค้าคุณค่าสูงที่กำลังห่างหาย (At-Risk High-Value),23.0,24.0,18538.01,772.4170833333333,3.0,0.375,0.019220889980641552,0.0,4.0,ความถี่ 90 วันล่าสุดลดลงชัดเจน,ใส่ในแคมเปญอัตโนมัติ ติดตามผลรายเดือน
C11592,0.34120572,เฝ้าระวัง,2,ลูกค้าห่างหายมูลค่าต่ำ (Dormant / Low-Value),118.0,8.0,5268.0599999999995,658.5074999999999,0.0,0.0,0.052495265228159345,0.0,2.0,ไม่ซื้อมา 118 วัน · ความถี่ 90 วันล่าสุดลดลงชัดเจน · ไม่มีการซื้อเลยใน 90 วันล่าสุด · คะแนนความพึงพอใจต่ำ (2.0/5),ใส่ในแคมเปญอัตโนมัติ ติดตามผลรายเดือน
C11793,0.3410372,เฝ้าระวัง,3,ลูกค้าใหม่กำลังก่อตัว (New / Developing),99.0,5.0,4010.14,802.028,0.0,0.0,0.03687834589030404,0.0,4.333333333333333,ไม่ซื้อมา 99 วัน · ความถี่ 90 วันล่าสุดลดลงชัดเจน · ไม่มีการซื้อเลยใน 90 วันล่าสุด,ใส่ในแคมเปญอัตโนมัติ ติดตามผลรายเดือน
C11625,0.33941385,เฝ้าระวัง,2,ลูกค้าห่างหายมูลค่าต่ำ (Dormant / Low-Value),38.0,10.0,3878.04,387.804,1.0,0.5,0.08591766744057229,0.0,2.0,ความถี่ 90 วันล่าสุดลดลงชัดเจน · คะแนนความพึงพอใจต่ำ (2.0/5),ใส่ในแคมเปญอัตโนมัติ ติดตามผลรายเดือน
C12657,0.33929744,เฝ้าระวัง,3,ลูกค้าใหม่กำลังก่อตัว (New / Developing),11.0,3.0,785.3100000000001,261.77000000000004,3.0,3.0,0.0,0.0,,ความเสี่ยงมาจากรูปแบบรวมหลายปัจจัย,ใส่ในแคมเปญอัตโนมัติ ติดตามผลรายเดือน
C10012,0.3387622,เฝ้าระวัง,2,ลูกค้าห่างหายมูลค่าต่ำ (Dormant / Low-Value),86.0,6.0,2782.0499999999997,463.67499999999995,1.0,0.2,0.028695221070859984,0.0,,ไม่ซื้อมา 86 วัน · ความถี่ 90 วันล่าสุดลดลงชัดเจน,ใส่ในแคมเปญอัตโนมัติ ติดตามผลรายเดือน
C10971,0.33870584,เฝ้าระวัง,0,ลูกค้าคุณค่าสูงที่กำลังห่างหาย (At-Risk High-Value),7.0,18.0,27103.45,1505.7472222222223,3.0,1.0,0.032402880430572316,0.0,,ความเสี่ยงมาจากรูปแบบรวมหลายปัจจัย,ใส่ในแคมเปญอัตโนมัติ ติดตามผลรายเดือน
C11783,0.33863324,เฝ้าระวัง,2,ลูกค้าห่างหายมูลค่าต่ำ (Dormant / Low-Value),27.0,9.0,7000.53,777.8366666666666,6.0,1.5,0.07548612541798069,0.0,,ความเสี่ยงมาจากรูปแบบรวมหลายปัจจัย,ใส่ในแคมเปญอัตโนมัติ ติดตามผลรายเดือน
C10337,0.3385743,เฝ้าระวัง,0,ลูกค้าคุณค่าสูงที่กำลังห่างหาย (At-Risk High-Value),32.0,14.0,7991.45,570.8178571428572,2.0,0.4,0.0569325303963115,0.0,,ความถี่ 90 วันล่าสุดลดลงชัดเจน,ใส่ในแคมเปญอัตโนมัติ ติดตามผลรายเดือน
C10453,0.33847356,เฝ้าระวัง,0,ลูกค้าคุณค่าสูงที่กำลังห่างหาย (At-Risk High-Value),27.0,11.0,7012.2,637.4727272727273,4.0,4.0,0.04681899184816961,0.0,,ความเสี่ยงมาจากรูปแบบรวมหลายปัจจัย,ใส่ในแคมเปญอัตโนมัติ ติดตามผลรายเดือน
C12048,0.3383736,เฝ้าระวัง,2,ลูกค้าห่างหายมูลค่าต่ำ (Dormant / Low-Value),122.0,16.0,6827.16,426.6975,0.0,0.0,0.07894921455514843,0.0,,ไม่ซื้อมา 122 วัน · ความถี่ 90 วันล่าสุดลดลงชัดเจน · ไม่มีการซื้อเลยใน 90 วันล่าสุด,ใส่ในแคมเปญอัตโนมัติ ติดตามผลรายเดือน
C11913,0.33715278,เฝ้าระวัง,0,ลูกค้าคุณค่าสูงที่กำลังห่างหาย (At-Risk High-Value),20.0,26.0,20880.99,803.115,3.0,0.42857142857142855,0.03253637198880798,1.0,4.0,ความถี่ 90 วันล่าสุดลดลงชัดเจน · มีเรื่องร้องเรียนค้าง 1 เรื่อง,ใส่ในแคมเปญอัตโนมัติ ติดตามผลรายเดือน
C12240,0.33548185,เฝ้าระวัง,2,ลูกค้าห่างหายมูลค่าต่ำ (Dormant / Low-Value),108.0,8.0,4379.68,547.46,0.0,0.0,0.12523268912732588,0.0,,ไม่ซื้อมา 108 วัน · ความถี่ 90 วันล่าสุดลดลงชัดเจน · ไม่มีการซื้อเลยใน 90 วันล่าสุด · ซื้อเมื่อมีส่วนลดเป็นหลัก (13%),ใส่ในแคมเปญอัตโนมัติ ติดตามผลรายเดือน
C11726,0.33353737,เฝ้าระวัง,0,ลูกค้าคุณค่าสูงที่กำลังห่างหาย (At-Risk High-Value),22.0,34.0,24481.67,720.0491176470588,4.0,0.6666666666666666,0.0299602184025549,1.0,4.333333333333333,มีเรื่องร้องเรียนค้าง 1 เรื่อง,ใส่ในแคมเปญอัตโนมัติ ติดตามผลรายเดือน
C10215,0.33333015,เฝ้าระวัง,1,ลูกค้าชั้นยอด (Champions),29.0,66.0,193487.29,2931.625606060606,3.0,0.2,0.0,0.0,3.0,ความถี่ 90 วันล่าสุดลดลงชัดเจน,ใส่ในแคมเปญอัตโนมัติ ติดตามผลรายเดือน
C10255,0.33305377,เฝ้าระวัง,0,ลูกค้าคุณค่าสูงที่กำลังห่างหาย (At-Risk High-Value),36.0,14.0,9147.17,653.3692857142858,2.0,0.3333333333333333,0.05257995488263893,0.0,,ความถี่ 90 วันล่าสุดลดลงชัดเจน,ใส่ในแคมเปญอัตโนมัติ ติดตามผลรายเดือน
C10661,0.33245575,เฝ้าระวัง,2,ลูกค้าห่างหายมูลค่าต่ำ (Dormant / Low-Value),31.0,3.0,1466.33,488.77666666666664,1.0,0.3333333333333333,0.00948411545762208,0.0,4.0,ความถี่ 90 วันล่าสุดลดลงชัดเจน,ใส่ในแคมเปญอัตโนมัติ ติดตามผลรายเดือน
C11573,0.3323186,เฝ้าระวัง,3,ลูกค้าใหม่กำลังก่อตัว (New / Developing),127.0,4.0,2341.6,585.4,0.0,0.0,0.01691513881833334,0.0,,ไม่ซื้อมา 127 วัน · ความถี่ 90 วันล่าสุดลดลงชัดเจน · ไม่มีการซื้อเลยใน 90 วันล่าสุด,ใส่ในแคมเปญอัตโนมัติ ติดตามผลรายเดือน
C12151,0.33175123,เฝ้าระวัง,2,ลูกค้าห่างหายมูลค่าต่ำ (Dormant / Low-Value),58.0,8.0,4005.25,500.65625,1.0,0.5,0.058279568881197806,0.0,,ความถี่ 90 วันล่าสุดลดลงชัดเจน,ใส่ในแคมเปญอัตโนมัติ ติดตามผลรายเดือน
C10430,0.33127454,เฝ้าระวัง,2,ลูกค้าห่างหายมูลค่าต่ำ (Dormant / Low-Value),87.0,11.0,5105.91,464.1736363636364,1.0,0.3333333333333333,0.08283052184019127,0.0,,ไม่ซื้อมา 87 วัน · ความถี่ 90 วันล่าสุดลดลงชัดเจน,ใส่ในแคมเปญอัตโนมัติ ติดตามผลรายเดือน
C10952,0.33033553,เฝ้าระวัง,1,ลูกค้าชั้นยอด (Champions),4.0,19.0,22970.55,1208.9763157894736,3.0,0.42857142857142855,0.08252302125084625,0.0,2.0,ความถี่ 90 วันล่าสุดลดลงชัดเจน · คะแนนความพึงพอใจต่ำ (2.0/5),ใส่ในแคมเปญอัตโนมัติ ติดตามผลรายเดือน
C10948,0.33009884,เฝ้าระวัง,1,ลูกค้าชั้นยอด (Champions),43.0,22.0,34510.52,1568.6599999999999,2.0,0.3333333333333333,0.026532581613054367,0.0,,ความถี่ 90 วันล่าสุดลดลงชัดเจน,ใส่ในแคมเปญอัตโนมัติ ติดตามผลรายเดือน
C12074,0.32953474,เฝ้าระวัง,2,ลูกค้าห่างหายมูลค่าต่ำ (Dormant / Low-Value),44.0,3.0,1600.9,533.6333333333333,1.0,0.5,0.0639544402086208,0.0,,ความถี่ 90 วันล่าสุดลดลงชัดเจน,ใส่ในแคมเปญอัตโนมัติ ติดตามผลรายเดือน
C11603,0.3295045,เฝ้าระวัง,1,ลูกค้าชั้นยอด (Champions),11.0,30.0,35901.07,1196.7023333333334,2.0,0.4,0.046723748244855645,0.0,,ความถี่ 90 วันล่าสุดลดลงชัดเจน,ใส่ในแคมเปญอัตโนมัติ ติดตามผลรายเดือน
C10943,0.3278091,เฝ้าระวัง,2,ลูกค้าห่างหายมูลค่าต่ำ (Dormant / Low-Value),45.0,3.0,1655.73,551.91,1.0,1.0,0.05331679035780855,0.0,,ความเสี่ยงมาจากรูปแบบรวมหลายปัจจัย,ใส่ในแคมเปญอัตโนมัติ ติดตามผลรายเดือน
C12735,0.3277684,เฝ้าระวัง,2,ลูกค้าห่างหายมูลค่าต่ำ (Dormant / Low-Value),22.0,12.0,7004.72,583.7266666666667,7.0,2.3333333333333335,0.07909212339212655,0.0,3.0,ความเสี่ยงมาจากรูปแบบรวมหลายปัจจัย,ใส่ในแคมเปญอัตโนมัติ ติดตามผลรายเดือน
C12448,0.32736188,เฝ้าระวัง,0,ลูกค้าคุณค่าสูงที่กำลังห่างหาย (At-Risk High-Value),43.0,14.0,23988.29,1713.4492857142857,2.0,0.5,0.011121247485888202,0.0,5.0,ความถี่ 90 วันล่าสุดลดลงชัดเจน,ใส่ในแคมเปญอัตโนมัติ ติดตามผลรายเดือน
C10944,0.32728493,เฝ้าระวัง,0,ลูกค้าคุณค่าสูงที่กำลังห่างหาย (At-Risk High-Value),51.0,13.0,17914.73,1378.0561538461538,3.0,0.42857142857142855,0.029924688748148083,0.0,,ความถี่ 90 วันล่าสุดลดลงชัดเจน,ใส่ในแคมเปญอัตโนมัติ ติดตามผลรายเดือน
C11530,0.32649478,เฝ้าระวัง,2,ลูกค้าห่างหายมูลค่าต่ำ (Dormant / Low-Value),40.0,3.0,383.96000000000004,127.98666666666668,1.0,0.3333333333333333,0.11184103999444843,0.0,,ความถี่ 90 วันล่าสุดลดลงชัดเจน · ซื้อเมื่อมีส่วนลดเป็นหลัก (11%),ใส่ในแคมเปญอัตโนมัติ ติดตามผลรายเดือน
C10417,0.32586026,เฝ้าระวัง,1,ลูกค้าชั้นยอด (Champions),54.0,30.0,41799.28,1393.3093333333334,3.0,0.6,0.0026180534014173568,0.0,,ความเสี่ยงมาจากรูปแบบรวมหลายปัจจัย,ใส่ในแคมเปญอัตโนมัติ ติดตามผลรายเดือน
C12616,0.32549205,เฝ้าระวัง,1,ลูกค้าชั้นยอด (Champions),58.0,43.0,66674.17,1550.5620930232558,4.0,0.4444444444444444,0.03538192262241652,0.0,,ความถี่ 90 วันล่าสุดลดลงชัดเจน,ใส่ในแคมเปญอัตโนมัติ ติดตามผลรายเดือน
C11266,0.32516566,เฝ้าระวัง,0,ลูกค้าคุณค่าสูงที่กำลังห่างหาย (At-Risk High-Value),119.0,5.0,4882.36,976.472,0.0,0.0,0.059367961915110457,0.0,,ไม่ซื้อมา 119 วัน · ความถี่ 90 วันล่าสุดลดลงชัดเจน · ไม่มีการซื้อเลยใน 90 วันล่าสุด,ใส่ในแคมเปญอัตโนมัติ ติดตามผลรายเดือน
C10568,0.3250568,เฝ้าระวัง,2,ลูกค้าห่างหายมูลค่าต่ำ (Dormant / Low-Value),87.0,5.0,2191.0699999999997,438.21399999999994,2.0,0.6666666666666666,0.039918148078364,0.0,,ไม่ซื้อมา 87 วัน,ใส่ในแคมเปญอัตโนมัติ ติดตามผลรายเดือน
C10982,0.32436216,เฝ้าระวัง,0,ลูกค้าคุณค่าสูงที่กำลังห่างหาย (At-Risk High-Value),86.0,15.0,9602.64,640.1759999999999,1.0,0.5,0.02488994948084588,0.0,,ไม่ซื้อมา 86 วัน · ความถี่ 90 วันล่าสุดลดลงชัดเจน,ใส่ในแคมเปญอัตโนมัติ ติดตามผลรายเดือน
C10183,0.3243238,เฝ้าระวัง,0,ลูกค้าคุณค่าสูงที่กำลังห่างหาย (At-Risk High-Value),7.0,18.0,15288.74,849.3744444444444,5.0,5.0,0.08158746482832861,0.0,3.0,ความเสี่ยงมาจากรูปแบบรวมหลายปัจจัย,ใส่ในแคมเปญอัตโนมัติ ติดตามผลรายเดือน
C10867,0.32254604,เฝ้าระวัง,0,ลูกค้าคุณค่าสูงที่กำลังห่างหาย (At-Risk High-Value),27.0,14.0,13367.09,954.7921428571428,2.0,0.3333333333333333,0.027544593913300948,0.0,,ความถี่ 90 วันล่าสุดลดลงชัดเจน,ใส่ในแคมเปญอัตโนมัติ ติดตามผลรายเดือน
C11564,0.32028553,เฝ้าระวัง,2,ลูกค้าห่างหายมูลค่าต่ำ (Dormant / Low-Value),53.0,5.0,2757.18,551.4359999999999,1.0,0.3333333333333333,0.09362025266521365,0.0,,ความถี่ 90 วันล่าสุดลดลงชัดเจน,ใส่ในแคมเปญอัตโนมัติ ติดตามผลรายเดือน
C10597,0.31986156,เฝ้าระวัง,2,ลูกค้าห่างหายมูลค่าต่ำ (Dormant / Low-Value),79.0,9.0,4872.97,541.4411111111111,1.0,0.3333333333333333,0.08011696348005996,0.0,,ไม่ซื้อมา 79 วัน · ความถี่ 90 วันล่าสุดลดลงชัดเจน,ใส่ในแคมเปญอัตโนมัติ ติดตามผลรายเดือน
C10817,0.3189016,เฝ้าระวัง,3,ลูกค้าใหม่กำลังก่อตัว (New / Developing),36.0,7.0,8478.74,1211.2485714285715,4.0,2.0,0.058873543978670555,0.0,,ความเสี่ยงมาจากรูปแบบรวมหลายปัจจัย,ใส่ในแคมเปญอัตโนมัติ ติดตามผลรายเดือน
C11529,0.31886962,เฝ้าระวัง,3,ลูกค้าใหม่กำลังก่อตัว (New / Developing),49.0,4.0,7309.960000000001,1827.4900000000002,3.0,1.5,0.01566461853765474,0.0,,ความเสี่ยงมาจากรูปแบบรวมหลายปัจจัย,ใส่ในแคมเปญอัตโนมัติ ติดตามผลรายเดือน
C11846,0.31747827,เฝ้าระวัง,2,ลูกค้าห่างหายมูลค่าต่ำ (Dormant / Low-Value),1.0,5.0,1919.81,383.962,1.0,0.5,0.04559713253095902,1.0,3.0,ความถี่ 90 วันล่าสุดลดลงชัดเจน · มีเรื่องร้องเรียนค้าง 1 เรื่อง,ใส่ในแคมเปญอัตโนมัติ ติดตามผลรายเดือน
C12635,0.3173241,เฝ้าระวัง,0,ลูกค้าคุณค่าสูงที่กำลังห่างหาย (At-Risk High-Value),23.0,24.0,20721.9,863.4125,6.0,0.8571428571428571,0.062194941476282996,0.0,3.0,ความเสี่ยงมาจากรูปแบบรวมหลายปัจจัย,ใส่ในแคมเปญอัตโนมัติ ติดตามผลรายเดือน
C12138,0.31731462,เฝ้าระวัง,2,ลูกค้าห่างหายมูลค่าต่ำ (Dormant / Low-Value),60.0,6.0,5528.75,921.4583333333334,1.0,0.2,0.04109149500404983,0.0,,ความถี่ 90 วันล่าสุดลดลงชัดเจน,ใส่ในแคมเปญอัตโนมัติ ติดตามผลรายเดือน
C12566,0.31637588,เฝ้าระวัง,3,ลูกค้าใหม่กำลังก่อตัว (New / Developing),17.0,3.0,5800.04,1933.3466666666666,3.0,3.0,0.06197246422986045,0.0,,ความเสี่ยงมาจากรูปแบบรวมหลายปัจจัย,ใส่ในแคมเปญอัตโนมัติ ติดตามผลรายเดือน
C12687,0.31579494,เฝ้าระวัง,2,ลูกค้าห่างหายมูลค่าต่ำ (Dormant / Low-Value),124.0,5.0,3474.22,694.8439999999999,0.0,0.0,0.046709380016188996,0.0,3.0,ไม่ซื้อมา 124 วัน · ความถี่ 90 วันล่าสุดลดลงชัดเจน · ไม่มีการซื้อเลยใน 90 วันล่าสุด,ใส่ในแคมเปญอัตโนมัติ ติดตามผลรายเดือน
C12737,0.31500563,เฝ้าระวัง,1,ลูกค้าชั้นยอด (Champions),29.0,31.0,27290.56,880.3406451612904,3.0,0.6,0.009908332235874251,0.0,3.0,ความเสี่ยงมาจากรูปแบบรวมหลายปัจจัย,ใส่ในแคมเปญอัตโนมัติ ติดตามผลรายเดือน
C10343,0.3145605,เฝ้าระวัง,3,ลูกค้าใหม่กำลังก่อตัว (New / Developing),24.0,4.0,6468.330000000001,1617.0825000000002,3.0,1.5,0.020358184089962518,1.0,3.0,มีเรื่องร้องเรียนค้าง 1 เรื่อง,ใส่ในแคมเปญอัตโนมัติ ติดตามผลรายเดือน
C11123,0.313922,เฝ้าระวัง,1,ลูกค้าชั้นยอด (Champions),17.0,24.0,39212.0,1633.8333333333333,3.0,0.5,0.034539371229361904,0.0,3.0,ความถี่ 90 วันล่าสุดลดลงชัดเจน,ใส่ในแคมเปญอัตโนมัติ ติดตามผลรายเดือน
C10177,0.31206757,เฝ้าระวัง,2,ลูกค้าห่างหายมูลค่าต่ำ (Dormant / Low-Value),75.0,9.0,5296.88,588.5422222222222,1.0,0.5,0.049706311872750694,0.0,,ไม่ซื้อมา 75 วัน · ความถี่ 90 วันล่าสุดลดลงชัดเจน,ใส่ในแคมเปญอัตโนมัติ ติดตามผลรายเดือน
C10642,0.31134984,เฝ้าระวัง,2,ลูกค้าห่างหายมูลค่าต่ำ (Dormant / Low-Value),24.0,6.0,3508.81,584.8016666666666,3.0,1.0,0.10114866561124687,1.0,4.0,มีเรื่องร้องเรียนค้าง 1 เรื่อง · ซื้อเมื่อมีส่วนลดเป็นหลัก (10%),ใส่ในแคมเปญอัตโนมัติ ติดตามผลรายเดือน
C12404,0.31060007,เฝ้าระวัง,2,ลูกค้าห่างหายมูลค่าต่ำ (Dormant / Low-Value),31.0,5.0,5502.63,1100.526,1.0,0.25,0.07855345101000884,0.0,,ความถี่ 90 วันล่าสุดลดลงชัดเจน,ใส่ในแคมเปญอัตโนมัติ ติดตามผลรายเดือน
C11540,0.31053087,เฝ้าระวัง,2,ลูกค้าห่างหายมูลค่าต่ำ (Dormant / Low-Value),48.0,3.0,535.21,178.40333333333334,2.0,1.0,0.11969143721832955,0.0,3.0,ซื้อเมื่อมีส่วนลดเป็นหลัก (12%),ใส่ในแคมเปญอัตโนมัติ ติดตามผลรายเดือน
C10039,0.30958617,เฝ้าระวัง,2,ลูกค้าห่างหายมูลค่าต่ำ (Dormant / Low-Value),69.0,4.0,885.94,221.485,1.0,0.3333333333333333,0.051283424177848216,0.0,,ไม่ซื้อมา 69 วัน · ความถี่ 90 วันล่าสุดลดลงชัดเจน,ใส่ในแคมเปญอัตโนมัติ ติดตามผลรายเดือน
C10854,0.3095439,เฝ้าระวัง,2,ลูกค้าห่างหายมูลค่าต่ำ (Dormant / Low-Value),79.0,6.0,2094.58,349.09666666666664,1.0,0.25,0.0656245957291151,0.0,,ไม่ซื้อมา 79 วัน · ความถี่ 90 วันล่าสุดลดลงชัดเจน,ใส่ในแคมเปญอัตโนมัติ ติดตามผลรายเดือน
C11176,0.3091228,เฝ้าระวัง,0,ลูกค้าคุณค่าสูงที่กำลังห่างหาย (At-Risk High-Value),27.0,31.0,27871.65,899.0854838709678,5.0,0.7142857142857143,0.04623093601399463,0.0,5.0,ความเสี่ยงมาจากรูปแบบรวมหลายปัจจัย,ใส่ในแคมเปญอัตโนมัติ ติดตามผลรายเดือน
C11523,0.30837592,เฝ้าระวัง,0,ลูกค้าคุณค่าสูงที่กำลังห่างหาย (At-Risk High-Value),30.0,14.0,18773.68,1340.9771428571428,5.0,0.8333333333333334,0.047686005960306886,0.0,5.0,ความเสี่ยงมาจากรูปแบบรวมหลายปัจจัย,ใส่ในแคมเปญอัตโนมัติ ติดตามผลรายเดือน
C10623,0.30834517,เฝ้าระวัง,2,ลูกค้าห่างหายมูลค่าต่ำ (Dormant / Low-Value),5.0,5.0,2293.31,458.662,2.0,0.5,0.042595205691050124,0.0,1.0,ความถี่ 90 วันล่าสุดลดลงชัดเจน · คะแนนความพึงพอใจต่ำ (1.0/5),ใส่ในแคมเปญอัตโนมัติ ติดตามผลรายเดือน
C10841,0.3075402,เฝ้าระวัง,2,ลูกค้าห่างหายมูลค่าต่ำ (Dormant / Low-Value),52.0,12.0,7033.06,586.0883333333334,2.0,0.4,0.11707644699428171,0.0,3.0,ความถี่ 90 วันล่าสุดลดลงชัดเจน · ซื้อเมื่อมีส่วนลดเป็นหลัก (12%),ใส่ในแคมเปญอัตโนมัติ ติดตามผลรายเดือน
C12167,0.3069218,เฝ้าระวัง,0,ลูกค้าคุณค่าสูงที่กำลังห่างหาย (At-Risk High-Value),27.0,24.0,23025.13,959.3804166666667,5.0,0.625,0.03207563429690833,0.0,1.0,คะแนนความพึงพอใจต่ำ (1.0/5),ใส่ในแคมเปญอัตโนมัติ ติดตามผลรายเดือน
C11778,0.30652198,เฝ้าระวัง,2,ลูกค้าห่างหายมูลค่าต่ำ (Dormant / Low-Value),82.0,4.0,945.45,236.3625,1.0,0.3333333333333333,0.0,0.0,,ไม่ซื้อมา 82 วัน · ความถี่ 90 วันล่าสุดลดลงชัดเจน,ใส่ในแคมเปญอัตโนมัติ ติดตามผลรายเดือน
C12383,0.30650184,เฝ้าระวัง,0,ลูกค้าคุณค่าสูงที่กำลังห่างหาย (At-Risk High-Value),27.0,12.0,8609.76,717.48,1.0,1.0,0.08263152511166422,0.0,,ความเสี่ยงมาจากรูปแบบรวมหลายปัจจัย,ใส่ในแคมเปญอัตโนมัติ ติดตามผลรายเดือน
C12948,0.3063454,เฝ้าระวัง,2,ลูกค้าห่างหายมูลค่าต่ำ (Dormant / Low-Value),79.0,10.0,3916.34,391.634,1.0,0.3333333333333333,0.030779244241729793,0.0,4.0,ไม่ซื้อมา 79 วัน · ความถี่ 90 วันล่าสุดลดลงชัดเจน,ใส่ในแคมเปญอัตโนมัติ ติดตามผลรายเดือน
C11983,0.30540866,เฝ้าระวัง,2,ลูกค้าห่างหายมูลค่าต่ำ (Dormant / Low-Value),41.0,5.0,1790.79,358.158,1.0,0.2,0.01730212037402871,0.0,3.0,ความถี่ 90 วันล่าสุดลดลงชัดเจน,ใส่ในแคมเปญอัตโนมัติ ติดตามผลรายเดือน
C11273,0.30505583,เฝ้าระวัง,2,ลูกค้าห่างหายมูลค่าต่ำ (Dormant / Low-Value),35.0,8.0,4715.7,589.4625,1.0,0.25,0.01932159189453917,0.0,,ความถี่ 90 วันล่าสุดลดลงชัดเจน,ใส่ในแคมเปญอัตโนมัติ ติดตามผลรายเดือน
C12905,0.3048301,เฝ้าระวัง,2,ลูกค้าห่างหายมูลค่าต่ำ (Dormant / Low-Value),93.0,7.0,4921.610000000001,703.0871428571429,0.0,0.0,0.07330542861608041,0.0,3.0,ไม่ซื้อมา 93 วัน · ความถี่ 90 วันล่าสุดลดลงชัดเจน · ไม่มีการซื้อเลยใน 90 วันล่าสุด,ใส่ในแคมเปญอัตโนมัติ ติดตามผลรายเดือน
C10107,0.3041873,เฝ้าระวัง,3,ลูกค้าใหม่กำลังก่อตัว (New / Developing),59.0,4.0,2764.2400000000002,691.0600000000001,1.0,0.25,0.01209753796339646,0.0,3.0,ความถี่ 90 วันล่าสุดลดลงชัดเจน,ใส่ในแคมเปญอัตโนมัติ ติดตามผลรายเดือน
C11442,0.30331442,เฝ้าระวัง,3,ลูกค้าใหม่กำลังก่อตัว (New / Developing),158.0,4.0,2328.36,582.09,0.0,0.0,0.0312546807129662,0.0,4.0,ไม่ซื้อมา 158 วัน · ความถี่ 90 วันล่าสุดลดลงชัดเจน · ไม่มีการซื้อเลยใน 90 วันล่าสุด,ใส่ในแคมเปญอัตโนมัติ ติดตามผลรายเดือน
C11578,0.30316287,เฝ้าระวัง,2,ลูกค้าห่างหายมูลค่าต่ำ (Dormant / Low-Value),142.0,4.0,2066.37,516.5925,0.0,0.0,0.06239024987862261,0.0,3.0,ไม่ซื้อมา 142 วัน · ความถี่ 90 วันล่าสุดลดลงชัดเจน · ไม่มีการซื้อเลยใน 90 วันล่าสุด,ใส่ในแคมเปญอัตโนมัติ ติดตามผลรายเดือน
C10461,0.3023048,เฝ้าระวัง,2,ลูกค้าห่างหายมูลค่าต่ำ (Dormant / Low-Value),68.0,6.0,3998.77,666.4616666666667,1.0,0.3333333333333333,0.07389788899568073,0.0,2.0,ไม่ซื้อมา 68 วัน · ความถี่ 90 วันล่าสุดลดลงชัดเจน · คะแนนความพึงพอใจต่ำ (2.0/5),ใส่ในแคมเปญอัตโนมัติ ติดตามผลรายเดือน
C12205,0.30229357,เฝ้าระวัง,2,ลูกค้าห่างหายมูลค่าต่ำ (Dormant / Low-Value),64.0,12.0,5809.66,484.1383333333333,1.0,0.3333333333333333,0.07770584555987008,0.0,,ไม่ซื้อมา 64 วัน · ความถี่ 90 วันล่าสุดลดลงชัดเจน,ใส่ในแคมเปญอัตโนมัติ ติดตามผลรายเดือน
C12182,0.3021314,เฝ้าระวัง,1,ลูกค้าชั้นยอด (Champions),71.0,29.0,58080.14,2002.763448275862,2.0,0.6666666666666666,0.019557650732097306,0.0,4.0,ไม่ซื้อมา 71 วัน,ใส่ในแคมเปญอัตโนมัติ ติดตามผลรายเดือน
C10338,0.3020774,เฝ้าระวัง,0,ลูกค้าคุณค่าสูงที่กำลังห่างหาย (At-Risk High-Value),43.0,26.0,24675.21,949.0465384615384,5.0,1.6666666666666667,0.02956431249690289,0.0,,ความเสี่ยงมาจากรูปแบบรวมหลายปัจจัย,ใส่ในแคมเปญอัตโนมัติ ติดตามผลรายเดือน
C12787,0.30114338,เฝ้าระวัง,3,ลูกค้าใหม่กำลังก่อตัว (New / Developing),26.0,3.0,2309.84,769.9466666666667,3.0,3.0,0.04637970753618641,0.0,,ความเสี่ยงมาจากรูปแบบรวมหลายปัจจัย,ใส่ในแคมเปญอัตโนมัติ ติดตามผลรายเดือน
C11583,0.30093697,เฝ้าระวัง,3,ลูกค้าใหม่กำลังก่อตัว (New / Developing),32.0,4.0,3396.36,849.09,4.0,4.0,0.04830009555219923,0.0,,ความเสี่ยงมาจากรูปแบบรวมหลายปัจจัย,ใส่ในแคมเปญอัตโนมัติ ติดตามผลรายเดือน
C10921,0.29959524,เฝ้าระวัง,2,ลูกค้าห่างหายมูลค่าต่ำ (Dormant / Low-Value),27.0,3.0,1014.22,338.0733333333333,1.0,0.3333333333333333,0.043621756185878095,0.0,,ความถี่ 90 วันล่าสุดลดลงชัดเจน,ใส่ในแคมเปญอัตโนมัติ ติดตามผลรายเดือน
C12468,0.2987365,เฝ้าระวัง,2,ลูกค้าห่างหายมูลค่าต่ำ (Dormant / Low-Value),85.0,5.0,1927.44,385.488,1.0,0.5,0.07290935152138989,0.0,,ไม่ซื้อมา 85 วัน · ความถี่ 90 วันล่าสุดลดลงชัดเจน,ใส่ในแคมเปญอัตโนมัติ ติดตามผลรายเดือน
C11546,0.29778388,เฝ้าระวัง,0,ลูกค้าคุณค่าสูงที่กำลังห่างหาย (At-Risk High-Value),15.0,22.0,14782.42,671.9281818181818,4.0,0.5714285714285714,0.03846799299068156,0.0,,ความถี่ 90 วันล่าสุดลดลงชัดเจน,ใส่ในแคมเปญอัตโนมัติ ติดตามผลรายเดือน
C11009,0.29769948,เฝ้าระวัง,0,ลูกค้าคุณค่าสูงที่กำลังห่างหาย (At-Risk High-Value),17.0,13.0,14952.54,1150.1953846153847,2.0,0.6666666666666666,0.028475452867947088,0.0,,ความเสี่ยงมาจากรูปแบบรวมหลายปัจจัย,ใส่ในแคมเปญอัตโนมัติ ติดตามผลรายเดือน
C10375,0.29728606,เฝ้าระวัง,2,ลูกค้าห่างหายมูลค่าต่ำ (Dormant / Low-Value),72.0,3.0,1341.8200000000002,447.27333333333337,1.0,0.5,0.06180867279159849,0.0,,ไม่ซื้อมา 72 วัน · ความถี่ 90 วันล่าสุดลดลงชัดเจน,ใส่ในแคมเปญอัตโนมัติ ติดตามผลรายเดือน
C10551,0.2953394,เฝ้าระวัง,0,ลูกค้าคุณค่าสูงที่กำลังห่างหาย (At-Risk High-Value),6.0,14.0,12488.51,892.0364285714286,5.0,5.0,0.041128884889490167,0.0,3.0,ความเสี่ยงมาจากรูปแบบรวมหลายปัจจัย,ใส่ในแคมเปญอัตโนมัติ ติดตามผลรายเดือน
C10243,0.29515716,เฝ้าระวัง,2,ลูกค้าห่างหายมูลค่าต่ำ (Dormant / Low-Value),134.0,11.0,3366.7599999999998,306.0690909090909,0.0,0.0,0.10106107453154121,0.0,,ไม่ซื้อมา 134 วัน · ความถี่ 90 วันล่าสุดลดลงชัดเจน · ไม่มีการซื้อเลยใน 90 วันล่าสุด · ซื้อเมื่อมีส่วนลดเป็นหลัก (10%),ใส่ในแคมเปญอัตโนมัติ ติดตามผลรายเดือน
C12100,0.2946155,เฝ้าระวัง,2,ลูกค้าห่างหายมูลค่าต่ำ (Dormant / Low-Value),32.0,8.0,4675.78,584.4725,1.0,0.5,0.0840263207900155,0.0,,ความถี่ 90 วันล่าสุดลดลงชัดเจน,ใส่ในแคมเปญอัตโนมัติ ติดตามผลรายเดือน
C11682,0.2936684,เฝ้าระวัง,3,ลูกค้าใหม่กำลังก่อตัว (New / Developing),39.0,4.0,3562.91,890.7275,4.0,4.0,0.012866582625680524,0.0,,ความเสี่ยงมาจากรูปแบบรวมหลายปัจจัย,ใส่ในแคมเปญอัตโนมัติ ติดตามผลรายเดือน
C10850,0.29276794,เฝ้าระวัง,0,ลูกค้าคุณค่าสูงที่กำลังห่างหาย (At-Risk High-Value),68.0,12.0,7294.26,607.855,1.0,0.5,0.0410301918791536,0.0,3.0,ไม่ซื้อมา 68 วัน · ความถี่ 90 วันล่าสุดลดลงชัดเจน,ใส่ในแคมเปญอัตโนมัติ ติดตามผลรายเดือน
C11601,0.29234612,เฝ้าระวัง,1,ลูกค้าชั้นยอด (Champions),48.0,28.0,55823.93,1993.7117857142857,3.0,0.6,0.02495073570689239,0.0,,ความเสี่ยงมาจากรูปแบบรวมหลายปัจจัย,ใส่ในแคมเปญอัตโนมัติ ติดตามผลรายเดือน
C12399,0.29068732,เฝ้าระวัง,2,ลูกค้าห่างหายมูลค่าต่ำ (Dormant / Low-Value),65.0,10.0,6130.36,613.036,1.0,0.3333333333333333,0.030918676246255505,0.0,3.0,ไม่ซื้อมา 65 วัน · ความถี่ 90 วันล่าสุดลดลงชัดเจน,ใส่ในแคมเปญอัตโนมัติ ติดตามผลรายเดือน
C10721,0.290485,เฝ้าระวัง,0,ลูกค้าคุณค่าสูงที่กำลังห่างหาย (At-Risk High-Value),94.0,11.0,6363.14,578.4672727272728,0.0,0.0,0.02781134790998553,0.0,,ไม่ซื้อมา 94 วัน · ความถี่ 90 วันล่าสุดลดลงชัดเจน · ไม่มีการซื้อเลยใน 90 วันล่าสุด,ใส่ในแคมเปญอัตโนมัติ ติดตามผลรายเดือน
C12466,0.29044688,เฝ้าระวัง,2,ลูกค้าห่างหายมูลค่าต่ำ (Dormant / Low-Value),62.0,7.0,4194.86,599.2657142857142,3.0,3.0,0.057663061180936975,0.0,,ไม่ซื้อมา 62 วัน,ใส่ในแคมเปญอัตโนมัติ ติดตามผลรายเดือน
C11708,0.29016224,เฝ้าระวัง,2,ลูกค้าห่างหายมูลค่าต่ำ (Dormant / Low-Value),14.0,4.0,1476.59,369.1475,3.0,1.5,0.09493833819599382,0.0,2.0,คะแนนความพึงพอใจต่ำ (2.0/5),ใส่ในแคมเปญอัตโนมัติ ติดตามผลรายเดือน
C10267,0.29005843,เฝ้าระวัง,2,ลูกค้าห่างหายมูลค่าต่ำ (Dormant / Low-Value),43.0,5.0,2132.9700000000003,426.59400000000005,1.0,0.5,0.07156412957368828,0.0,3.0,ความถี่ 90 วันล่าสุดลดลงชัดเจน,ใส่ในแคมเปญอัตโนมัติ ติดตามผลรายเดือน
C12375,0.28951755,เฝ้าระวัง,0,ลูกค้าคุณค่าสูงที่กำลังห่างหาย (At-Risk High-Value),25.0,22.0,30574.28,1389.74,4.0,0.6666666666666666,0.035366824797666785,0.0,,ความเสี่ยงมาจากรูปแบบรวมหลายปัจจัย,ใส่ในแคมเปญอัตโนมัติ ติดตามผลรายเดือน
C12762,0.28868327,เฝ้าระวัง,3,ลูกค้าใหม่กำลังก่อตัว (New / Developing),17.0,3.0,4750.9400000000005,1583.6466666666668,3.0,3.0,0.03507567571958958,0.0,,ความเสี่ยงมาจากรูปแบบรวมหลายปัจจัย,ใส่ในแคมเปญอัตโนมัติ ติดตามผลรายเดือน
C11531,0.2884613,เฝ้าระวัง,3,ลูกค้าใหม่กำลังก่อตัว (New / Developing),9.0,5.0,2584.05,516.8100000000001,5.0,5.0,0.0587950332729915,0.0,,ความเสี่ยงมาจากรูปแบบรวมหลายปัจจัย,ใส่ในแคมเปญอัตโนมัติ ติดตามผลรายเดือน
C11352,0.28825945,เฝ้าระวัง,1,ลูกค้าชั้นยอด (Champions),31.0,20.0,26897.24,1344.862,8.0,1.6,0.0002375144171994634,0.0,4.0,ความเสี่ยงมาจากรูปแบบรวมหลายปัจจัย,ใส่ในแคมเปญอัตโนมัติ ติดตามผลรายเดือน
C11019,0.28775725,เฝ้าระวัง,2,ลูกค้าห่างหายมูลค่าต่ำ (Dormant / Low-Value),77.0,7.0,3711.7299999999996,530.2471428571428,2.0,0.4,0.030695145549935108,0.0,,ไม่ซื้อมา 77 วัน · ความถี่ 90 วันล่าสุดลดลงชัดเจน,ใส่ในแคมเปญอัตโนมัติ ติดตามผลรายเดือน
C12464,0.28748327,เฝ้าระวัง,3,ลูกค้าใหม่กำลังก่อตัว (New / Developing),18.0,5.0,4592.33,918.466,3.0,1.0,0.05138512194567752,0.0,,ความเสี่ยงมาจากรูปแบบรวมหลายปัจจัย,ใส่ในแคมเปญอัตโนมัติ ติดตามผลรายเดือน
C10419,0.2872392,เฝ้าระวัง,2,ลูกค้าห่างหายมูลค่าต่ำ (Dormant / Low-Value),72.0,7.0,5006.7,715.2428571428571,1.0,0.3333333333333333,0.07318346402470177,0.0,3.0,ไม่ซื้อมา 72 วัน · ความถี่ 90 วันล่าสุดลดลงชัดเจน,ใส่ในแคมเปญอัตโนมัติ ติดตามผลรายเดือน
C11079,0.28718716,เฝ้าระวัง,2,ลูกค้าห่างหายมูลค่าต่ำ (Dormant / Low-Value),35.0,8.0,4864.11,608.01375,1.0,0.3333333333333333,0.01983460082941397,0.0,4.5,ความถี่ 90 วันล่าสุดลดลงชัดเจน,ใส่ในแคมเปญอัตโนมัติ ติดตามผลรายเดือน
C10832,0.2855624,เฝ้าระวัง,3,ลูกค้าใหม่กำลังก่อตัว (New / Developing),18.0,3.0,3961.01,1320.3366666666668,2.0,1.0,0.0,0.0,,ความเสี่ยงมาจากรูปแบบรวมหลายปัจจัย,ใส่ในแคมเปญอัตโนมัติ ติดตามผลรายเดือน
C10218,0.28542292,เฝ้าระวัง,0,ลูกค้าคุณค่าสูงที่กำลังห่างหาย (At-Risk High-Value),18.0,18.0,18211.38,1011.7433333333333,2.0,0.4,0.02373573708799382,0.0,3.0,ความถี่ 90 วันล่าสุดลดลงชัดเจน,ใส่ในแคมเปญอัตโนมัติ ติดตามผลรายเดือน
C10443,0.28461978,เฝ้าระวัง,3,ลูกค้าใหม่กำลังก่อตัว (New / Developing),58.0,4.0,3882.08,970.52,3.0,1.5,0.062437660151523564,0.0,,ความเสี่ยงมาจากรูปแบบรวมหลายปัจจัย,ใส่ในแคมเปญอัตโนมัติ ติดตามผลรายเดือน
C12881,0.28460303,เฝ้าระวัง,2,ลูกค้าห่างหายมูลค่าต่ำ (Dormant / Low-Value),15.0,8.0,2870.87,358.85875,2.0,0.6666666666666666,0.07480228683394673,0.0,,ความเสี่ยงมาจากรูปแบบรวมหลายปัจจัย,ใส่ในแคมเปญอัตโนมัติ ติดตามผลรายเดือน
C10489,0.28379267,เฝ้าระวัง,2,ลูกค้าห่างหายมูลค่าต่ำ (Dormant / Low-Value),11.0,3.0,2509.13,836.3766666666667,1.0,0.5,0.06947601864660093,0.0,,ความถี่ 90 วันล่าสุดลดลงชัดเจน,ใส่ในแคมเปญอัตโนมัติ ติดตามผลรายเดือน
C10491,0.2837681,เฝ้าระวัง,0,ลูกค้าคุณค่าสูงที่กำลังห่างหาย (At-Risk High-Value),33.0,10.0,6829.46,682.946,1.0,0.5,0.002972340879030398,0.0,3.0,ความถี่ 90 วันล่าสุดลดลงชัดเจน,ใส่ในแคมเปญอัตโนมัติ ติดตามผลรายเดือน
C12159,0.28271946,เฝ้าระวัง,3,ลูกค้าใหม่กำลังก่อตัว (New / Developing),14.0,3.0,683.87,227.95666666666668,3.0,3.0,0.09116642523954442,0.0,,ความเสี่ยงมาจากรูปแบบรวมหลายปัจจัย,ใส่ในแคมเปญอัตโนมัติ ติดตามผลรายเดือน
C10522,0.2822622,เฝ้าระวัง,0,ลูกค้าคุณค่าสูงที่กำลังห่างหาย (At-Risk High-Value),30.0,7.0,15148.48,2164.0685714285714,5.0,1.6666666666666667,0.009039253833080609,0.0,,ความเสี่ยงมาจากรูปแบบรวมหลายปัจจัย,ใส่ในแคมเปญอัตโนมัติ ติดตามผลรายเดือน
C10766,0.28209177,เฝ้าระวัง,2,ลูกค้าห่างหายมูลค่าต่ำ (Dormant / Low-Value),33.0,3.0,1452.47,484.1566666666667,2.0,1.0,0.0645279713523888,0.0,3.0,ความเสี่ยงมาจากรูปแบบรวมหลายปัจจัย,ใส่ในแคมเปญอัตโนมัติ ติดตามผลรายเดือน
C12093,0.2810701,เฝ้าระวัง,2,ลูกค้าห่างหายมูลค่าต่ำ (Dormant / Low-Value),71.0,3.0,609.0999999999999,203.0333333333333,2.0,2.0,0.13140819964349376,0.0,,ไม่ซื้อมา 71 วัน · ซื้อเมื่อมีส่วนลดเป็นหลัก (13%),ใส่ในแคมเปญอัตโนมัติ ติดตามผลรายเดือน
C12994,0.28091973,เฝ้าระวัง,3,ลูกค้าใหม่กำลังก่อตัว (New / Developing),21.0,3.0,6701.43,2233.81,2.0,1.0,0.0029978070632202545,0.0,,ความเสี่ยงมาจากรูปแบบรวมหลายปัจจัย,ใส่ในแคมเปญอัตโนมัติ ติดตามผลรายเดือน
C10184,0.2803794,เฝ้าระวัง,0,ลูกค้าคุณค่าสูงที่กำลังห่างหาย (At-Risk High-Value),24.0,16.0,18568.19,1160.511875,3.0,0.5,0.04554926617841179,0.0,,ความถี่ 90 วันล่าสุดลดลงชัดเจน,ใส่ในแคมเปญอัตโนมัติ ติดตามผลรายเดือน
C11235,0.28025794,เฝ้าระวัง,2,ลูกค้าห่างหายมูลค่าต่ำ (Dormant / Low-Value),26.0,11.0,7698.5,699.8636363636364,4.0,1.3333333333333333,0.08353481639149497,0.0,2.0,คะแนนความพึงพอใจต่ำ (2.0/5),ใส่ในแคมเปญอัตโนมัติ ติดตามผลรายเดือน
C10252,0.28005314,เฝ้าระวัง,2,ลูกค้าห่างหายมูลค่าต่ำ (Dormant / Low-Value),71.0,9.0,4091.51,454.6122222222223,2.0,1.0,0.08595957813278407,0.0,,ไม่ซื้อมา 71 วัน,ใส่ในแคมเปญอัตโนมัติ ติดตามผลรายเดือน
C12860,0.2789945,เฝ้าระวัง,2,ลูกค้าห่างหายมูลค่าต่ำ (Dormant / Low-Value),73.0,2.0,1548.3400000000001,774.1700000000001,1.0,0.5,0.13152197081028932,1.0,4.0,ไม่ซื้อมา 73 วัน · ความถี่ 90 วันล่าสุดลดลงชัดเจน · มีเรื่องร้องเรียนค้าง 1 เรื่อง · ซื้อเมื่อมีส่วนลดเป็นหลัก (13%),ใส่ในแคมเปญอัตโนมัติ ติดตามผลรายเดือน
C10554,0.27821356,เฝ้าระวัง,0,ลูกค้าคุณค่าสูงที่กำลังห่างหาย (At-Risk High-Value),40.0,21.0,23493.13,1118.7204761904763,5.0,0.625,0.011465306381784435,0.0,,ความเสี่ยงมาจากรูปแบบรวมหลายปัจจัย,ใส่ในแคมเปญอัตโนมัติ ติดตามผลรายเดือน
C10128,0.27731237,เฝ้าระวัง,0,ลูกค้าคุณค่าสูงที่กำลังห่างหาย (At-Risk High-Value),54.0,13.0,10178.710000000001,782.9776923076923,4.0,0.6666666666666666,0.019561173940139415,0.0,,ความเสี่ยงมาจากรูปแบบรวมหลายปัจจัย,ใส่ในแคมเปญอัตโนมัติ ติดตามผลรายเดือน
C10170,0.27695513,เฝ้าระวัง,0,ลูกค้าคุณค่าสูงที่กำลังห่างหาย (At-Risk High-Value),37.0,12.0,14352.47,1196.0391666666667,4.0,0.8,0.04711171837602667,0.0,,ความเสี่ยงมาจากรูปแบบรวมหลายปัจจัย,ใส่ในแคมเปญอัตโนมัติ ติดตามผลรายเดือน
C12950,0.2764641,เฝ้าระวัง,0,ลูกค้าคุณค่าสูงที่กำลังห่างหาย (At-Risk High-Value),43.0,31.0,35741.72,1152.9587096774194,6.0,0.75,0.05028592351795003,0.0,,ความเสี่ยงมาจากรูปแบบรวมหลายปัจจัย,ใส่ในแคมเปญอัตโนมัติ ติดตามผลรายเดือน
C11196,0.27576822,เฝ้าระวัง,2,ลูกค้าห่างหายมูลค่าต่ำ (Dormant / Low-Value),65.0,10.0,4843.83,484.383,3.0,1.5,0.10397177893001895,1.0,3.5,ไม่ซื้อมา 65 วัน · มีเรื่องร้องเรียนค้าง 1 เรื่อง · ซื้อเมื่อมีส่วนลดเป็นหลัก (10%),ใส่ในแคมเปญอัตโนมัติ ติดตามผลรายเดือน
C11436,0.27539137,เฝ้าระวัง,1,ลูกค้าชั้นยอด (Champions),26.0,21.0,39152.8,1864.4190476190477,4.0,1.0,0.03396356020777057,0.0,,ความเสี่ยงมาจากรูปแบบรวมหลายปัจจัย,ใส่ในแคมเปญอัตโนมัติ ติดตามผลรายเดือน
C10974,0.2748711,เฝ้าระวัง,2,ลูกค้าห่างหายมูลค่าต่ำ (Dormant / Low-Value),27.0,3.0,326.27,108.75666666666666,2.0,1.0,0.015598600048274198,0.0,,ความเสี่ยงมาจากรูปแบบรวมหลายปัจจัย,ใส่ในแคมเปญอัตโนมัติ ติดตามผลรายเดือน
C11057,0.274824,เฝ้าระวัง,2,ลูกค้าห่างหายมูลค่าต่ำ (Dormant / Low-Value),78.0,16.0,4963.139999999999,310.19624999999996,2.0,0.3333333333333333,0.07351903497866336,0.0,,ไม่ซื้อมา 78 วัน · ความถี่ 90 วันล่าสุดลดลงชัดเจน,ใส่ในแคมเปญอัตโนมัติ ติดตามผลรายเดือน
C12348,0.27475142,เฝ้าระวัง,0,ลูกค้าคุณค่าสูงที่กำลังห่างหาย (At-Risk High-Value),8.0,7.0,10374.1,1482.0142857142857,6.0,3.0,0.06994778704573655,0.0,,ความเสี่ยงมาจากรูปแบบรวมหลายปัจจัย,ใส่ในแคมเปญอัตโนมัติ ติดตามผลรายเดือน
C11673,0.27363786,เฝ้าระวัง,0,ลูกค้าคุณค่าสูงที่กำลังห่างหาย (At-Risk High-Value),49.0,9.0,6952.32,772.48,2.0,1.0,0.023948111022196017,0.0,,ความเสี่ยงมาจากรูปแบบรวมหลายปัจจัย,ใส่ในแคมเปญอัตโนมัติ ติดตามผลรายเดือน
C12361,0.27361208,เฝ้าระวัง,2,ลูกค้าห่างหายมูลค่าต่ำ (Dormant / Low-Value),50.0,9.0,3781.78,420.1977777777778,1.0,1.0,0.046406543917777404,0.0,5.0,ความเสี่ยงมาจากรูปแบบรวมหลายปัจจัย,ใส่ในแคมเปญอัตโนมัติ ติดตามผลรายเดือน
C10620,0.27332056,เฝ้าระวัง,0,ลูกค้าคุณค่าสูงที่กำลังห่างหาย (At-Risk High-Value),17.0,18.0,12266.84,681.4911111111111,4.0,1.0,0.01782148410414575,0.0,3.0,ความเสี่ยงมาจากรูปแบบรวมหลายปัจจัย,ใส่ในแคมเปญอัตโนมัติ ติดตามผลรายเดือน
C12960,0.2733164,เฝ้าระวัง,0,ลูกค้าคุณค่าสูงที่กำลังห่างหาย (At-Risk High-Value),49.0,10.0,5982.17,598.217,1.0,0.25,0.01908965842924348,0.0,,ความถี่ 90 วันล่าสุดลดลงชัดเจน,ใส่ในแคมเปญอัตโนมัติ ติดตามผลรายเดือน
C12322,0.27192664,เฝ้าระวัง,0,ลูกค้าคุณค่าสูงที่กำลังห่างหาย (At-Risk High-Value),30.0,15.0,16294.92,1086.328,5.0,0.8333333333333334,0.03076467362275118,0.0,,ความเสี่ยงมาจากรูปแบบรวมหลายปัจจัย,ใส่ในแคมเปญอัตโนมัติ ติดตามผลรายเดือน
C11877,0.2717439,เฝ้าระวัง,1,ลูกค้าชั้นยอด (Champions),33.0,26.0,41495.06,1595.9638461538461,3.0,0.42857142857142855,0.016264156221625328,0.0,,ความถี่ 90 วันล่าสุดลดลงชัดเจน,ใส่ในแคมเปญอัตโนมัติ ติดตามผลรายเดือน
C10323,0.27144694,เฝ้าระวัง,2,ลูกค้าห่างหายมูลค่าต่ำ (Dormant / Low-Value),56.0,6.0,3069.27,511.545,1.0,0.5,0.10193291277021571,0.0,,ความถี่ 90 วันล่าสุดลดลงชัดเจน · ซื้อเมื่อมีส่วนลดเป็นหลัก (10%),ใส่ในแคมเปญอัตโนมัติ ติดตามผลรายเดือน
C10800,0.27106065,เฝ้าระวัง,2,ลูกค้าห่างหายมูลค่าต่ำ (Dormant / Low-Value),31.0,12.0,7529.03,627.4191666666667,3.0,1.5,0.06578444510621402,0.0,,ความเสี่ยงมาจากรูปแบบรวมหลายปัจจัย,ใส่ในแคมเปญอัตโนมัติ ติดตามผลรายเดือน
C12760,0.27048874,เฝ้าระวัง,2,ลูกค้าห่างหายมูลค่าต่ำ (Dormant / Low-Value),45.0,4.0,818.06,204.515,2.0,0.6666666666666666,0.03084942542352802,0.0,,ความเสี่ยงมาจากรูปแบบรวมหลายปัจจัย,ใส่ในแคมเปญอัตโนมัติ ติดตามผลรายเดือน
C10133,0.2697266,เฝ้าระวัง,0,ลูกค้าคุณค่าสูงที่กำลังห่างหาย (At-Risk High-Value),50.0,31.0,38009.65,1226.117741935484,4.0,0.6666666666666666,0.024281270391836435,0.0,,ความเสี่ยงมาจากรูปแบบรวมหลายปัจจัย,ใส่ในแคมเปญอัตโนมัติ ติดตามผลรายเดือน
C12763,0.26946732,เฝ้าระวัง,0,ลูกค้าคุณค่าสูงที่กำลังห่างหาย (At-Risk High-Value),16.0,27.0,21977.68,813.9881481481482,7.0,1.75,0.0364981295656638,0.0,,ความเสี่ยงมาจากรูปแบบรวมหลายปัจจัย,ใส่ในแคมเปญอัตโนมัติ ติดตามผลรายเดือน
C12794,0.26907974,เฝ้าระวัง,3,ลูกค้าใหม่กำลังก่อตัว (New / Developing),7.0,3.0,5158.9,1719.6333333333332,3.0,3.0,0.009332693230916947,1.0,3.0,มีเรื่องร้องเรียนค้าง 1 เรื่อง,ใส่ในแคมเปญอัตโนมัติ ติดตามผลรายเดือน
C12467,0.26730856,เฝ้าระวัง,3,ลูกค้าใหม่กำลังก่อตัว (New / Developing),15.0,3.0,3735.04,1245.0133333333333,2.0,1.0,0.022795950991190868,0.0,,ความเสี่ยงมาจากรูปแบบรวมหลายปัจจัย,ใส่ในแคมเปญอัตโนมัติ ติดตามผลรายเดือน
C11844,0.26714015,เฝ้าระวัง,2,ลูกค้าห่างหายมูลค่าต่ำ (Dormant / Low-Value),20.0,7.0,3793.0,541.8571428571429,2.0,1.0,0.05903308393037888,0.0,2.0,คะแนนความพึงพอใจต่ำ (2.0/5),ใส่ในแคมเปญอัตโนมัติ ติดตามผลรายเดือน
C11484,0.26660088,เฝ้าระวัง,2,ลูกค้าห่างหายมูลค่าต่ำ (Dormant / Low-Value),92.0,7.0,2167.87,309.69571428571425,0.0,0.0,0.07268403064432649,0.0,,ไม่ซื้อมา 92 วัน · ความถี่ 90 วันล่าสุดลดลงชัดเจน · ไม่มีการซื้อเลยใน 90 วันล่าสุด,ใส่ในแคมเปญอัตโนมัติ ติดตามผลรายเดือน
C12893,0.26614556,เฝ้าระวัง,0,ลูกค้าคุณค่าสูงที่กำลังห่างหาย (At-Risk High-Value),77.0,15.0,8581.54,572.1026666666668,1.0,0.25,0.022634813468363196,0.0,,ไม่ซื้อมา 77 วัน · ความถี่ 90 วันล่าสุดลดลงชัดเจน,ใส่ในแคมเปญอัตโนมัติ ติดตามผลรายเดือน
C11998,0.26603612,เฝ้าระวัง,2,ลูกค้าห่างหายมูลค่าต่ำ (Dormant / Low-Value),52.0,11.0,4127.7300000000005,375.2481818181819,1.0,0.25,0.037513320166674045,0.0,3.0,ความถี่ 90 วันล่าสุดลดลงชัดเจน,ใส่ในแคมเปญอัตโนมัติ ติดตามผลรายเดือน
C12867,0.26570636,เฝ้าระวัง,2,ลูกค้าห่างหายมูลค่าต่ำ (Dormant / Low-Value),136.0,6.0,2039.46,339.91,0.0,0.0,0.0756952249737138,0.0,,ไม่ซื้อมา 136 วัน · ความถี่ 90 วันล่าสุดลดลงชัดเจน · ไม่มีการซื้อเลยใน 90 วันล่าสุด,ใส่ในแคมเปญอัตโนมัติ ติดตามผลรายเดือน
C11866,0.26495036,เฝ้าระวัง,2,ลูกค้าห่างหายมูลค่าต่ำ (Dormant / Low-Value),113.0,5.0,1763.15,352.63,0.0,0.0,0.03987213905694386,0.0,,ไม่ซื้อมา 113 วัน · ความถี่ 90 วันล่าสุดลดลงชัดเจน · ไม่มีการซื้อเลยใน 90 วันล่าสุด,ใส่ในแคมเปญอัตโนมัติ ติดตามผลรายเดือน
C10675,0.2649011,เฝ้าระวัง,0,ลูกค้าคุณค่าสูงที่กำลังห่างหาย (At-Risk High-Value),53.0,30.0,44210.07,1473.669,3.0,0.42857142857142855,0.005121556805646381,0.0,,ความถี่ 90 วันล่าสุดลดลงชัดเจน,ใส่ในแคมเปญอัตโนมัติ ติดตามผลรายเดือน
C10501,0.26480255,เฝ้าระวัง,2,ลูกค้าห่างหายมูลค่าต่ำ (Dormant / Low-Value),99.0,5.0,1431.28,286.256,0.0,0.0,0.019120327855370822,1.0,4.0,ไม่ซื้อมา 99 วัน · ความถี่ 90 วันล่าสุดลดลงชัดเจน · ไม่มีการซื้อเลยใน 90 วันล่าสุด · มีเรื่องร้องเรียนค้าง 1 เรื่อง,ใส่ในแคมเปญอัตโนมัติ ติดตามผลรายเดือน
C12321,0.26465324,เฝ้าระวัง,0,ลูกค้าคุณค่าสูงที่กำลังห่างหาย (At-Risk High-Value),50.0,12.0,8986.66,748.8883333333333,2.0,1.0,0.01401302118191254,0.0,,ความเสี่ยงมาจากรูปแบบรวมหลายปัจจัย,ใส่ในแคมเปญอัตโนมัติ ติดตามผลรายเดือน
C12752,0.2645699,เฝ้าระวัง,0,ลูกค้าคุณค่าสูงที่กำลังห่างหาย (At-Risk High-Value),23.0,15.0,10774.15,718.2766666666666,3.0,1.5,0.07901676535427957,0.0,,ความเสี่ยงมาจากรูปแบบรวมหลายปัจจัย,ใส่ในแคมเปญอัตโนมัติ ติดตามผลรายเดือน
C12785,0.26453784,เฝ้าระวัง,1,ลูกค้าชั้นยอด (Champions),20.0,13.0,23373.81,1797.9853846153846,3.0,0.42857142857142855,0.02648836162248816,1.0,3.0,ความถี่ 90 วันล่าสุดลดลงชัดเจน · มีเรื่องร้องเรียนค้าง 1 เรื่อง,ใส่ในแคมเปญอัตโนมัติ ติดตามผลรายเดือน
C10356,0.26395324,เฝ้าระวัง,3,ลูกค้าใหม่กำลังก่อตัว (New / Developing),6.0,8.0,6867.58,858.4475,8.0,8.0,0.028093330257610644,0.0,,ความเสี่ยงมาจากรูปแบบรวมหลายปัจจัย,ใส่ในแคมเปญอัตโนมัติ ติดตามผลรายเดือน
C11038,0.2629313,เฝ้าระวัง,3,ลูกค้าใหม่กำลังก่อตัว (New / Developing),28.0,5.0,8325.640000000001,1665.1280000000002,4.0,2.0,0.05308567977535119,0.0,,ความเสี่ยงมาจากรูปแบบรวมหลายปัจจัย,ใส่ในแคมเปญอัตโนมัติ ติดตามผลรายเดือน
C12273,0.2624706,เฝ้าระวัง,2,ลูกค้าห่างหายมูลค่าต่ำ (Dormant / Low-Value),10.0,4.0,1096.81,274.2025,4.0,4.0,0.0,0.0,,ความเสี่ยงมาจากรูปแบบรวมหลายปัจจัย,ใส่ในแคมเปญอัตโนมัติ ติดตามผลรายเดือน
C10985,0.2610941,เฝ้าระวัง,0,ลูกค้าคุณค่าสูงที่กำลังห่างหาย (At-Risk High-Value),11.0,7.0,7420.92,1060.1314285714286,1.0,1.0,0.0597075064557902,0.0,3.0,ความเสี่ยงมาจากรูปแบบรวมหลายปัจจัย,ใส่ในแคมเปญอัตโนมัติ ติดตามผลรายเดือน
C11889,0.26022044,เฝ้าระวัง,3,ลูกค้าใหม่กำลังก่อตัว (New / Developing),82.0,8.0,5712.71,714.08875,1.0,0.3333333333333333,0.013623154874033302,0.0,,ไม่ซื้อมา 82 วัน · ความถี่ 90 วันล่าสุดลดลงชัดเจน,ใส่ในแคมเปญอัตโนมัติ ติดตามผลรายเดือน
C12584,0.25983188,เฝ้าระวัง,0,ลูกค้าคุณค่าสูงที่กำลังห่างหาย (At-Risk High-Value),2.0,21.0,21653.65,1031.1261904761905,2.0,1.0,0.09969086974327844,0.0,,ความเสี่ยงมาจากรูปแบบรวมหลายปัจจัย,ใส่ในแคมเปญอัตโนมัติ ติดตามผลรายเดือน
C12248,0.25940767,เฝ้าระวัง,2,ลูกค้าห่างหายมูลค่าต่ำ (Dormant / Low-Value),49.0,7.0,2346.3399999999997,335.1914285714285,3.0,1.5,0.03982550764017908,0.0,,ความเสี่ยงมาจากรูปแบบรวมหลายปัจจัย,ใส่ในแคมเปญอัตโนมัติ ติดตามผลรายเดือน
C12534,0.25926238,เฝ้าระวัง,0,ลูกค้าคุณค่าสูงที่กำลังห่างหาย (At-Risk High-Value),24.0,17.0,14669.59,862.9170588235294,2.0,0.5,0.020437176349607532,0.0,,ความถี่ 90 วันล่าสุดลดลงชัดเจน,ใส่ในแคมเปญอัตโนมัติ ติดตามผลรายเดือน
C12663,0.257789,เฝ้าระวัง,0,ลูกค้าคุณค่าสูงที่กำลังห่างหาย (At-Risk High-Value),7.0,34.0,31300.58,920.6052941176471,8.0,1.1428571428571428,0.09061332781707082,0.0,2.0,คะแนนความพึงพอใจต่ำ (2.0/5),ใส่ในแคมเปญอัตโนมัติ ติดตามผลรายเดือน
C10300,0.25729415,เฝ้าระวัง,3,ลูกค้าใหม่กำลังก่อตัว (New / Developing),57.0,4.0,4077.2999999999997,1019.3249999999999,1.0,0.5,0.07306914981892418,0.0,,ความถี่ 90 วันล่าสุดลดลงชัดเจน,ใส่ในแคมเปญอัตโนมัติ ติดตามผลรายเดือน
C12811,0.2572164,เฝ้าระวัง,0,ลูกค้าคุณค่าสูงที่กำลังห่างหาย (At-Risk High-Value),62.0,9.0,9984.25,1109.361111111111,3.0,1.0,0.007463717762514998,0.0,,ไม่ซื้อมา 62 วัน,ใส่ในแคมเปญอัตโนมัติ ติดตามผลรายเดือน
C11798,0.25692704,เฝ้าระวัง,2,ลูกค้าห่างหายมูลค่าต่ำ (Dormant / Low-Value),20.0,9.0,7344.43,816.0477777777778,2.0,0.5,0.08954964849798124,0.0,,ความถี่ 90 วันล่าสุดลดลงชัดเจน,ใส่ในแคมเปญอัตโนมัติ ติดตามผลรายเดือน
C11823,0.256099,เฝ้าระวัง,0,ลูกค้าคุณค่าสูงที่กำลังห่างหาย (At-Risk High-Value),23.0,12.0,9070.15,755.8458333333333,3.0,1.5,0.07215677529174919,0.0,,ความเสี่ยงมาจากรูปแบบรวมหลายปัจจัย,ใส่ในแคมเปญอัตโนมัติ ติดตามผลรายเดือน
C10531,0.25531435,เฝ้าระวัง,1,ลูกค้าชั้นยอด (Champions),48.0,11.0,16797.92,1527.0836363636363,4.0,2.0,0.010695820202325979,0.0,,ความเสี่ยงมาจากรูปแบบรวมหลายปัจจัย,ใส่ในแคมเปญอัตโนมัติ ติดตามผลรายเดือน
C10557,0.25518158,เฝ้าระวัง,2,ลูกค้าห่างหายมูลค่าต่ำ (Dormant / Low-Value),60.0,11.0,6171.8,561.0727272727273,3.0,0.75,0.13748913441462793,0.0,,ซื้อเมื่อมีส่วนลดเป็นหลัก (14%),ใส่ในแคมเปญอัตโนมัติ ติดตามผลรายเดือน
C10649,0.2548445,เฝ้าระวัง,2,ลูกค้าห่างหายมูลค่าต่ำ (Dormant / Low-Value),99.0,4.0,1584.1,396.025,0.0,0.0,0.06309513952140433,0.0,,ไม่ซื้อมา 99 วัน · ความถี่ 90 วันล่าสุดลดลงชัดเจน · ไม่มีการซื้อเลยใน 90 วันล่าสุด,ใส่ในแคมเปญอัตโนมัติ ติดตามผลรายเดือน
C11447,0.25455782,เฝ้าระวัง,1,ลูกค้าชั้นยอด (Champions),11.0,24.0,36230.75,1509.6145833333333,3.0,0.5,0.014139177374268612,0.0,2.0,ความถี่ 90 วันล่าสุดลดลงชัดเจน · คะแนนความพึงพอใจต่ำ (2.0/5),ใส่ในแคมเปญอัตโนมัติ ติดตามผลรายเดือน
C10007,0.2537133,เฝ้าระวัง,3,ลูกค้าใหม่กำลังก่อตัว (New / Developing),9.0,4.0,6800.87,1700.2175,3.0,1.5,0.1051663454010776,0.0,,ซื้อเมื่อมีส่วนลดเป็นหลัก (11%),ใส่ในแคมเปญอัตโนมัติ ติดตามผลรายเดือน
C10521,0.25360763,เฝ้าระวัง,3,ลูกค้าใหม่กำลังก่อตัว (New / Developing),19.0,3.0,1600.25,533.4166666666666,2.0,1.0,0.04235710908840655,0.0,,ความเสี่ยงมาจากรูปแบบรวมหลายปัจจัย,ใส่ในแคมเปญอัตโนมัติ ติดตามผลรายเดือน
C11362,0.25332347,เฝ้าระวัง,2,ลูกค้าห่างหายมูลค่าต่ำ (Dormant / Low-Value),76.0,5.0,2572.54,514.508,2.0,2.0,0.026695925239302337,0.0,,ไม่ซื้อมา 76 วัน,ใส่ในแคมเปญอัตโนมัติ ติดตามผลรายเดือน
C12864,0.25307944,เฝ้าระวัง,2,ลูกค้าห่างหายมูลค่าต่ำ (Dormant / Low-Value),69.0,12.0,5563.62,463.635,1.0,0.3333333333333333,0.0948930521301725,0.0,3.0,ไม่ซื้อมา 69 วัน · ความถี่ 90 วันล่าสุดลดลงชัดเจน,ใส่ในแคมเปญอัตโนมัติ ติดตามผลรายเดือน
C11395,0.2530303,เฝ้าระวัง,3,ลูกค้าใหม่กำลังก่อตัว (New / Developing),22.0,3.0,2043.0800000000002,681.0266666666668,2.0,1.0,0.03609660358842983,0.0,4.0,ความเสี่ยงมาจากรูปแบบรวมหลายปัจจัย,ใส่ในแคมเปญอัตโนมัติ ติดตามผลรายเดือน
C11014,0.25234413,เฝ้าระวัง,1,ลูกค้าชั้นยอด (Champions),40.0,16.0,21285.79,1330.361875,4.0,1.0,0.017223460362355673,0.0,,ความเสี่ยงมาจากรูปแบบรวมหลายปัจจัย,ใส่ในแคมเปญอัตโนมัติ ติดตามผลรายเดือน
C11723,0.25223342,เฝ้าระวัง,3,ลูกค้าใหม่กำลังก่อตัว (New / Developing),33.0,6.0,3815.33,635.8883333333333,2.0,1.0,0.019202936738277086,0.0,3.0,ความเสี่ยงมาจากรูปแบบรวมหลายปัจจัย,ใส่ในแคมเปญอัตโนมัติ ติดตามผลรายเดือน
C11383,0.25217092,เฝ้าระวัง,2,ลูกค้าห่างหายมูลค่าต่ำ (Dormant / Low-Value),38.0,7.0,1681.79,240.25571428571428,2.0,0.6666666666666666,0.10759540688542685,0.0,3.0,ซื้อเมื่อมีส่วนลดเป็นหลัก (11%),ใส่ในแคมเปญอัตโนมัติ ติดตามผลรายเดือน
C11963,0.25186172,เฝ้าระวัง,3,ลูกค้าใหม่กำลังก่อตัว (New / Developing),7.0,3.0,3017.8199999999997,1005.9399999999999,3.0,3.0,0.025226750045220805,0.0,3.0,ความเสี่ยงมาจากรูปแบบรวมหลายปัจจัย,ใส่ในแคมเปญอัตโนมัติ ติดตามผลรายเดือน
C12596,0.25085056,เฝ้าระวัง,2,ลูกค้าห่างหายมูลค่าต่ำ (Dormant / Low-Value),77.0,6.0,4245.5599999999995,707.5933333333332,1.0,0.3333333333333333,0.07811835008207899,0.0,,ไม่ซื้อมา 77 วัน · ความถี่ 90 วันล่าสุดลดลงชัดเจน,ใส่ในแคมเปญอัตโนมัติ ติดตามผลรายเดือน
C10889,0.2494858,เฝ้าระวัง,1,ลูกค้าชั้นยอด (Champions),7.0,19.0,25891.25,1362.6973684210527,3.0,0.6,0.022349691161999672,0.0,2.5,ความเสี่ยงมาจากรูปแบบรวมหลายปัจจัย,ใส่ในแคมเปญอัตโนมัติ ติดตามผลรายเดือน
C12675,0.24880259,เฝ้าระวัง,2,ลูกค้าห่างหายมูลค่าต่ำ (Dormant / Low-Value),47.0,7.0,1942.66,277.52285714285716,1.0,1.0,0.036875818030381154,0.0,,ความเสี่ยงมาจากรูปแบบรวมหลายปัจจัย,ใส่ในแคมเปญอัตโนมัติ ติดตามผลรายเดือน
C11864,0.24786921,เฝ้าระวัง,2,ลูกค้าห่างหายมูลค่าต่ำ (Dormant / Low-Value),202.0,2.0,1035.8700000000001,517.9350000000001,0.0,0.0,0.040230151303171535,0.0,3.0,ไม่ซื้อมา 202 วัน · ความถี่ 90 วันล่าสุดลดลงชัดเจน · ไม่มีการซื้อเลยใน 90 วันล่าสุด,ใส่ในแคมเปญอัตโนมัติ ติดตามผลรายเดือน
C12158,0.24752095,เฝ้าระวัง,1,ลูกค้าชั้นยอด (Champions),21.0,28.0,45284.97,1617.3203571428571,4.0,0.4444444444444444,0.05193796485897974,0.0,,ความถี่ 90 วันล่าสุดลดลงชัดเจน,ใส่ในแคมเปญอัตโนมัติ ติดตามผลรายเดือน
C12561,0.2473563,เฝ้าระวัง,2,ลูกค้าห่างหายมูลค่าต่ำ (Dormant / Low-Value),66.0,11.0,3646.13,331.46636363636367,2.0,0.6666666666666666,0.042070168616962576,0.0,,ไม่ซื้อมา 66 วัน,ใส่ในแคมเปญอัตโนมัติ ติดตามผลรายเดือน
C12011,0.24718434,เฝ้าระวัง,0,ลูกค้าคุณค่าสูงที่กำลังห่างหาย (At-Risk High-Value),19.0,29.0,18852.34,650.0806896551724,4.0,0.8,0.01575844019425525,0.0,,ความเสี่ยงมาจากรูปแบบรวมหลายปัจจัย,ใส่ในแคมเปญอัตโนมัติ ติดตามผลรายเดือน
C10115,0.24716756,เฝ้าระวัง,0,ลูกค้าคุณค่าสูงที่กำลังห่างหาย (At-Risk High-Value),73.0,12.0,5735.93,477.9941666666667,1.0,0.3333333333333333,0.04767336258751766,0.0,,ไม่ซื้อมา 73 วัน · ความถี่ 90 วันล่าสุดลดลงชัดเจน,ใส่ในแคมเปญอัตโนมัติ ติดตามผลรายเดือน
C11025,0.24711934,เฝ้าระวัง,2,ลูกค้าห่างหายมูลค่าต่ำ (Dormant / Low-Value),72.0,6.0,2102.68,350.44666666666666,1.0,1.0,0.00835691378985097,0.0,,ไม่ซื้อมา 72 วัน,ใส่ในแคมเปญอัตโนมัติ ติดตามผลรายเดือน
C10545,0.24705836,เฝ้าระวัง,2,ลูกค้าห่างหายมูลค่าต่ำ (Dormant / Low-Value),198.0,6.0,2737.94,456.3233333333333,0.0,0.0,0.03591964647264916,0.0,,ไม่ซื้อมา 198 วัน · ความถี่ 90 วันล่าสุดลดลงชัดเจน · ไม่มีการซื้อเลยใน 90 วันล่าสุด,ใส่ในแคมเปญอัตโนมัติ ติดตามผลรายเดือน
C11514,0.24692857,เฝ้าระวัง,2,ลูกค้าห่างหายมูลค่าต่ำ (Dormant / Low-Value),54.0,8.0,3885.82,485.7275,1.0,0.25,0.06514009113261383,0.0,,ความถี่ 90 วันล่าสุดลดลงชัดเจน,ใส่ในแคมเปญอัตโนมัติ ติดตามผลรายเดือน
C11966,0.24641873,เฝ้าระวัง,0,ลูกค้าคุณค่าสูงที่กำลังห่างหาย (At-Risk High-Value),17.0,25.0,19303.27,772.1308,3.0,0.5,0.03626283101010505,0.0,3.5,ความถี่ 90 วันล่าสุดลดลงชัดเจน,ใส่ในแคมเปญอัตโนมัติ ติดตามผลรายเดือน
C12658,0.24611405,เฝ้าระวัง,0,ลูกค้าคุณค่าสูงที่กำลังห่างหาย (At-Risk High-Value),44.0,16.0,28133.08,1758.3175,4.0,0.5714285714285714,0.025599711833528445,1.0,3.0,ความถี่ 90 วันล่าสุดลดลงชัดเจน · มีเรื่องร้องเรียนค้าง 1 เรื่อง,ใส่ในแคมเปญอัตโนมัติ ติดตามผลรายเดือน
C11722,0.24513912,เฝ้าระวัง,2,ลูกค้าห่างหายมูลค่าต่ำ (Dormant / Low-Value),93.0,2.0,186.79,93.395,0.0,0.0,0.0,0.0,3.3333333333333335,ไม่ซื้อมา 93 วัน · ความถี่ 90 วันล่าสุดลดลงชัดเจน · ไม่มีการซื้อเลยใน 90 วันล่าสุด,ใส่ในแคมเปญอัตโนมัติ ติดตามผลรายเดือน
C10504,0.24510682,เฝ้าระวัง,2,ลูกค้าห่างหายมูลค่าต่ำ (Dormant / Low-Value),57.0,4.0,1250.18,312.545,2.0,0.6666666666666666,0.018974230201826797,0.0,,ความเสี่ยงมาจากรูปแบบรวมหลายปัจจัย,ใส่ในแคมเปญอัตโนมัติ ติดตามผลรายเดือน
C10799,0.24501173,เฝ้าระวัง,0,ลูกค้าคุณค่าสูงที่กำลังห่างหาย (At-Risk High-Value),10.0,20.0,24385.8,1219.29,1.0,0.14285714285714285,0.014495354115342089,0.0,,ความถี่ 90 วันล่าสุดลดลงชัดเจน,ใส่ในแคมเปญอัตโนมัติ ติดตามผลรายเดือน
C11218,0.2441538,เฝ้าระวัง,0,ลูกค้าคุณค่าสูงที่กำลังห่างหาย (At-Risk High-Value),14.0,12.0,7100.85,591.7375000000001,1.0,0.09090909090909091,0.04521508325803537,0.0,2.5,ความถี่ 90 วันล่าสุดลดลงชัดเจน,ใส่ในแคมเปญอัตโนมัติ ติดตามผลรายเดือน
C11435,0.2438152,เฝ้าระวัง,0,ลูกค้าคุณค่าสูงที่กำลังห่างหาย (At-Risk High-Value),12.0,26.0,30490.309999999998,1172.7042307692307,4.0,2.0,0.006706050528795784,1.0,4.0,มีเรื่องร้องเรียนค้าง 1 เรื่อง,ใส่ในแคมเปญอัตโนมัติ ติดตามผลรายเดือน
C10732,0.24267532,เฝ้าระวัง,2,ลูกค้าห่างหายมูลค่าต่ำ (Dormant / Low-Value),50.0,17.0,8685.1,510.8882352941177,3.0,0.75,0.1102170697024461,0.0,,ซื้อเมื่อมีส่วนลดเป็นหลัก (11%),ใส่ในแคมเปญอัตโนมัติ ติดตามผลรายเดือน
C11326,0.24235365,เฝ้าระวัง,1,ลูกค้าชั้นยอด (Champions),51.0,25.0,46421.01,1856.8404,4.0,0.5,0.005623822524208205,0.0,,ความถี่ 90 วันล่าสุดลดลงชัดเจน,ใส่ในแคมเปญอัตโนมัติ ติดตามผลรายเดือน
C12753,0.24168088,เฝ้าระวัง,1,ลูกค้าชั้นยอด (Champions),30.0,27.0,25879.32,958.4933333333333,5.0,1.25,0.02213479477893922,0.0,,ความเสี่ยงมาจากรูปแบบรวมหลายปัจจัย,ใส่ในแคมเปญอัตโนมัติ ติดตามผลรายเดือน
C10544,0.24111088,เฝ้าระวัง,2,ลูกค้าห่างหายมูลค่าต่ำ (Dormant / Low-Value),95.0,7.0,1982.33,283.19,0.0,0.0,0.05463779865515761,0.0,3.0,ไม่ซื้อมา 95 วัน · ความถี่ 90 วันล่าสุดลดลงชัดเจน · ไม่มีการซื้อเลยใน 90 วันล่าสุด,ใส่ในแคมเปญอัตโนมัติ ติดตามผลรายเดือน
C11340,0.24101833,เฝ้าระวัง,0,ลูกค้าคุณค่าสูงที่กำลังห่างหาย (At-Risk High-Value),24.0,12.0,9058.56,754.88,2.0,2.0,0.058007275086883005,0.0,5.0,ความเสี่ยงมาจากรูปแบบรวมหลายปัจจัย,ใส่ในแคมเปญอัตโนมัติ ติดตามผลรายเดือน
C11244,0.23831901,เฝ้าระวัง,3,ลูกค้าใหม่กำลังก่อตัว (New / Developing),10.0,8.0,6924.58,865.5725,2.0,2.0,0.02474962360798331,1.0,3.0,มีเรื่องร้องเรียนค้าง 1 เรื่อง,ใส่ในแคมเปญอัตโนมัติ ติดตามผลรายเดือน
C12278,0.2381915,เฝ้าระวัง,0,ลูกค้าคุณค่าสูงที่กำลังห่างหาย (At-Risk High-Value),33.0,16.0,16733.92,1045.87,5.0,0.8333333333333334,0.02846516618178715,0.0,,ความเสี่ยงมาจากรูปแบบรวมหลายปัจจัย,ใส่ในแคมเปญอัตโนมัติ ติดตามผลรายเดือน
C11837,0.23812515,เฝ้าระวัง,2,ลูกค้าห่างหายมูลค่าต่ำ (Dormant / Low-Value),51.0,3.0,1330.0,443.3333333333333,2.0,1.0,0.12299211352306595,0.0,,ซื้อเมื่อมีส่วนลดเป็นหลัก (12%),ใส่ในแคมเปญอัตโนมัติ ติดตามผลรายเดือน
C10392,0.23804796,เฝ้าระวัง,0,ลูกค้าคุณค่าสูงที่กำลังห่างหาย (At-Risk High-Value),16.0,24.0,15291.210000000001,637.1337500000001,4.0,0.8,0.04239313884200738,0.0,4.5,ความเสี่ยงมาจากรูปแบบรวมหลายปัจจัย,ใส่ในแคมเปญอัตโนมัติ ติดตามผลรายเดือน
C10104,0.23703928,เฝ้าระวัง,3,ลูกค้าใหม่กำลังก่อตัว (New / Developing),65.0,5.0,3908.73,781.746,1.0,0.3333333333333333,0.037386653006742945,0.0,,ไม่ซื้อมา 65 วัน · ความถี่ 90 วันล่าสุดลดลงชัดเจน,ใส่ในแคมเปญอัตโนมัติ ติดตามผลรายเดือน
C12801,0.23679323,เฝ้าระวัง,2,ลูกค้าห่างหายมูลค่าต่ำ (Dormant / Low-Value),77.0,5.0,1088.77,217.754,1.0,0.25,0.0,0.0,3.5,ไม่ซื้อมา 77 วัน · ความถี่ 90 วันล่าสุดลดลงชัดเจน,ใส่ในแคมเปญอัตโนมัติ ติดตามผลรายเดือน
C11678,0.23596564,เฝ้าระวัง,3,ลูกค้าใหม่กำลังก่อตัว (New / Developing),49.0,8.0,5983.85,747.98125,1.0,0.25,0.046999821626511396,0.0,,ความถี่ 90 วันล่าสุดลดลงชัดเจน,ใส่ในแคมเปญอัตโนมัติ ติดตามผลรายเดือน
C12641,0.23547503,เฝ้าระวัง,0,ลูกค้าคุณค่าสูงที่กำลังห่างหาย (At-Risk High-Value),11.0,18.0,13876.77,770.9316666666667,4.0,1.0,0.016018243353918087,0.0,,ความเสี่ยงมาจากรูปแบบรวมหลายปัจจัย,ใส่ในแคมเปญอัตโนมัติ ติดตามผลรายเดือน
C10984,0.2354651,เฝ้าระวัง,2,ลูกค้าห่างหายมูลค่าต่ำ (Dormant / Low-Value),46.0,11.0,6126.12,556.92,2.0,2.0,0.0594835090434278,0.0,,ความเสี่ยงมาจากรูปแบบรวมหลายปัจจัย,ใส่ในแคมเปญอัตโนมัติ ติดตามผลรายเดือน
C11909,0.23462425,เฝ้าระวัง,0,ลูกค้าคุณค่าสูงที่กำลังห่างหาย (At-Risk High-Value),96.0,8.0,4705.5199999999995,588.1899999999999,0.0,0.0,0.07671901611295552,0.0,,ไม่ซื้อมา 96 วัน · ความถี่ 90 วันล่าสุดลดลงชัดเจน · ไม่มีการซื้อเลยใน 90 วันล่าสุด,ใส่ในแคมเปญอัตโนมัติ ติดตามผลรายเดือน
C10427,0.2341953,เฝ้าระวัง,2,ลูกค้าห่างหายมูลค่าต่ำ (Dormant / Low-Value),61.0,6.0,3972.49,662.0816666666666,1.0,0.3333333333333333,0.13843054073514993,0.0,,ไม่ซื้อมา 61 วัน · ความถี่ 90 วันล่าสุดลดลงชัดเจน · ซื้อเมื่อมีส่วนลดเป็นหลัก (14%),ใส่ในแคมเปญอัตโนมัติ ติดตามผลรายเดือน
C12520,0.23352957,เฝ้าระวัง,1,ลูกค้าชั้นยอด (Champions),14.0,23.0,34424.340000000004,1496.710434782609,5.0,2.5,0.0,0.0,,ความเสี่ยงมาจากรูปแบบรวมหลายปัจจัย,ใส่ในแคมเปญอัตโนมัติ ติดตามผลรายเดือน
C10808,0.23346667,เฝ้าระวัง,0,ลูกค้าคุณค่าสูงที่กำลังห่างหาย (At-Risk High-Value),23.0,15.0,7871.79,524.786,1.0,0.5,0.09948589706043855,0.0,,ความถี่ 90 วันล่าสุดลดลงชัดเจน,ใส่ในแคมเปญอัตโนมัติ ติดตามผลรายเดือน
C12750,0.2331657,เฝ้าระวัง,2,ลูกค้าห่างหายมูลค่าต่ำ (Dormant / Low-Value),15.0,3.0,1485.3400000000001,495.1133333333334,2.0,1.0,0.03180304146323975,0.0,2.0,คะแนนความพึงพอใจต่ำ (2.0/5),ใส่ในแคมเปญอัตโนมัติ ติดตามผลรายเดือน
C11769,0.23295306,เฝ้าระวัง,2,ลูกค้าห่างหายมูลค่าต่ำ (Dormant / Low-Value),87.0,15.0,9564.36,637.624,1.0,0.5,0.09464160459364057,1.0,4.0,ไม่ซื้อมา 87 วัน · ความถี่ 90 วันล่าสุดลดลงชัดเจน · มีเรื่องร้องเรียนค้าง 1 เรื่อง,ใส่ในแคมเปญอัตโนมัติ ติดตามผลรายเดือน
C10855,0.23127165,เฝ้าระวัง,3,ลูกค้าใหม่กำลังก่อตัว (New / Developing),29.0,4.0,2749.2,687.3,3.0,1.5,0.022075510625128948,0.0,,ความเสี่ยงมาจากรูปแบบรวมหลายปัจจัย,ใส่ในแคมเปญอัตโนมัติ ติดตามผลรายเดือน
C10327,0.23082715,เฝ้าระวัง,2,ลูกค้าห่างหายมูลค่าต่ำ (Dormant / Low-Value),25.0,7.0,3452.0,493.14285714285717,1.0,1.0,0.055842589376314554,0.0,,ความเสี่ยงมาจากรูปแบบรวมหลายปัจจัย,ใส่ในแคมเปญอัตโนมัติ ติดตามผลรายเดือน
C11319,0.23066181,เฝ้าระวัง,3,ลูกค้าใหม่กำลังก่อตัว (New / Developing),11.0,12.0,14715.19,1226.2658333333334,3.0,0.42857142857142855,0.017132990909515953,1.0,1.0,ความถี่ 90 วันล่าสุดลดลงชัดเจน · คะแนนความพึงพอใจต่ำ (1.0/5) · มีเรื่องร้องเรียนค้าง 1 เรื่อง,ใส่ในแคมเปญอัตโนมัติ ติดตามผลรายเดือน
C11542,0.23037282,เฝ้าระวัง,1,ลูกค้าชั้นยอด (Champions),41.0,13.0,22111.27,1700.866923076923,2.0,0.25,0.0017710661158890316,0.0,,ความถี่ 90 วันล่าสุดลดลงชัดเจน,ใส่ในแคมเปญอัตโนมัติ ติดตามผลรายเดือน
C10538,0.22903362,เฝ้าระวัง,2,ลูกค้าห่างหายมูลค่าต่ำ (Dormant / Low-Value),77.0,3.0,1085.24,361.74666666666667,1.0,1.0,0.0688391807596935,1.0,4.0,ไม่ซื้อมา 77 วัน · มีเรื่องร้องเรียนค้าง 1 เรื่อง,ใส่ในแคมเปญอัตโนมัติ ติดตามผลรายเดือน
C10408,0.22860917,เฝ้าระวัง,2,ลูกค้าห่างหายมูลค่าต่ำ (Dormant / Low-Value),78.0,7.0,3461.8999999999996,494.5571428571428,1.0,1.0,0.03660827338630008,0.0,,ไม่ซื้อมา 78 วัน,ใส่ในแคมเปญอัตโนมัติ ติดตามผลรายเดือน
C12267,0.22852336,เฝ้าระวัง,2,ลูกค้าห่างหายมูลค่าต่ำ (Dormant / Low-Value),48.0,5.0,1207.73,241.546,1.0,1.0,0.031297373170242636,0.0,,ความเสี่ยงมาจากรูปแบบรวมหลายปัจจัย,ใส่ในแคมเปญอัตโนมัติ ติดตามผลรายเดือน
C12430,0.22844006,เฝ้าระวัง,2,ลูกค้าห่างหายมูลค่าต่ำ (Dormant / Low-Value),39.0,9.0,4506.95,500.7722222222222,5.0,1.25,0.05639104828224418,1.0,3.0,มีเรื่องร้องเรียนค้าง 1 เรื่อง,ใส่ในแคมเปญอัตโนมัติ ติดตามผลรายเดือน
C11098,0.22793515,เฝ้าระวัง,0,ลูกค้าคุณค่าสูงที่กำลังห่างหาย (At-Risk High-Value),16.0,8.0,6135.91,766.98875,3.0,1.5,0.06673916680609,0.0,,ความเสี่ยงมาจากรูปแบบรวมหลายปัจจัย,ใส่ในแคมเปญอัตโนมัติ ติดตามผลรายเดือน
C11910,0.22730337,เฝ้าระวัง,0,ลูกค้าคุณค่าสูงที่กำลังห่างหาย (At-Risk High-Value),11.0,20.0,12052.460000000001,602.623,3.0,0.75,0.05347147996635601,0.0,,ความเสี่ยงมาจากรูปแบบรวมหลายปัจจัย,ใส่ในแคมเปญอัตโนมัติ ติดตามผลรายเดือน
C10361,0.22696789,เฝ้าระวัง,2,ลูกค้าห่างหายมูลค่าต่ำ (Dormant / Low-Value),58.0,4.0,1938.87,484.7175,1.0,0.3333333333333333,0.06420225011945614,0.0,,ความถี่ 90 วันล่าสุดลดลงชัดเจน,ใส่ในแคมเปญอัตโนมัติ ติดตามผลรายเดือน
C10514,0.22636236,เฝ้าระวัง,0,ลูกค้าคุณค่าสูงที่กำลังห่างหาย (At-Risk High-Value),14.0,22.0,19461.59,884.6177272727273,3.0,1.5,0.011746359476583196,0.0,,ความเสี่ยงมาจากรูปแบบรวมหลายปัจจัย,ใส่ในแคมเปญอัตโนมัติ ติดตามผลรายเดือน
C12729,0.22609684,เฝ้าระวัง,2,ลูกค้าห่างหายมูลค่าต่ำ (Dormant / Low-Value),12.0,5.0,3773.32,754.664,5.0,5.0,0.06598215788587782,0.0,,ความเสี่ยงมาจากรูปแบบรวมหลายปัจจัย,ใส่ในแคมเปญอัตโนมัติ ติดตามผลรายเดือน
C11215,0.22520587,เฝ้าระวัง,2,ลูกค้าห่างหายมูลค่าต่ำ (Dormant / Low-Value),63.0,7.0,1902.25,271.75,1.0,0.3333333333333333,0.06332323903784129,0.0,,ไม่ซื้อมา 63 วัน · ความถี่ 90 วันล่าสุดลดลงชัดเจน,ใส่ในแคมเปญอัตโนมัติ ติดตามผลรายเดือน
C10914,0.22517484,เฝ้าระวัง,1,ลูกค้าชั้นยอด (Champions),50.0,27.0,46859.51,1735.5374074074075,3.0,0.6,0.0,0.0,,ความเสี่ยงมาจากรูปแบบรวมหลายปัจจัย,ใส่ในแคมเปญอัตโนมัติ ติดตามผลรายเดือน
C11758,0.2238885,เฝ้าระวัง,2,ลูกค้าห่างหายมูลค่าต่ำ (Dormant / Low-Value),68.0,3.0,617.97,205.99,1.0,0.5,0.09982520029133285,0.0,4.0,ไม่ซื้อมา 68 วัน · ความถี่ 90 วันล่าสุดลดลงชัดเจน,ใส่ในแคมเปญอัตโนมัติ ติดตามผลรายเดือน
C12228,0.22368003,เฝ้าระวัง,3,ลูกค้าใหม่กำลังก่อตัว (New / Developing),30.0,6.0,9959.390000000001,1659.8983333333335,4.0,1.3333333333333333,0.012646042659079305,0.0,,ความเสี่ยงมาจากรูปแบบรวมหลายปัจจัย,ใส่ในแคมเปญอัตโนมัติ ติดตามผลรายเดือน
C11665,0.22321801,เฝ้าระวัง,2,ลูกค้าห่างหายมูลค่าต่ำ (Dormant / Low-Value),17.0,7.0,3342.59,477.5128571428572,3.0,0.6,0.06656073544935129,0.0,2.5,ความเสี่ยงมาจากรูปแบบรวมหลายปัจจัย,ใส่ในแคมเปญอัตโนมัติ ติดตามผลรายเดือน
C12967,0.2232111,เฝ้าระวัง,0,ลูกค้าคุณค่าสูงที่กำลังห่างหาย (At-Risk High-Value),30.0,16.0,16991.1,1061.94375,2.0,0.3333333333333333,0.004242391210707774,0.0,,ความถี่ 90 วันล่าสุดลดลงชัดเจน,ใส่ในแคมเปญอัตโนมัติ ติดตามผลรายเดือน
C10969,0.22320704,เฝ้าระวัง,0,ลูกค้าคุณค่าสูงที่กำลังห่างหาย (At-Risk High-Value),23.0,28.0,24045.55,858.7696428571428,8.0,1.1428571428571428,0.07488472392413806,0.0,,ความเสี่ยงมาจากรูปแบบรวมหลายปัจจัย,ใส่ในแคมเปญอัตโนมัติ ติดตามผลรายเดือน
C11544,0.22308616,เฝ้าระวัง,1,ลูกค้าชั้นยอด (Champions),31.0,28.0,42431.23,1515.4010714285716,4.0,0.8,0.007421084310151919,0.0,,ความเสี่ยงมาจากรูปแบบรวมหลายปัจจัย,ใส่ในแคมเปญอัตโนมัติ ติดตามผลรายเดือน
C11770,0.22300154,เฝ้าระวัง,2,ลูกค้าห่างหายมูลค่าต่ำ (Dormant / Low-Value),49.0,10.0,2901.71,290.171,1.0,0.5,0.012116569638783919,0.0,,ความถี่ 90 วันล่าสุดลดลงชัดเจน,ใส่ในแคมเปญอัตโนมัติ ติดตามผลรายเดือน
C10155,0.22157551,เฝ้าระวัง,2,ลูกค้าห่างหายมูลค่าต่ำ (Dormant / Low-Value),10.0,3.0,2622.84,874.2800000000001,2.0,1.0,0.10479610086419922,0.0,,ซื้อเมื่อมีส่วนลดเป็นหลัก (10%),ใส่ในแคมเปญอัตโนมัติ ติดตามผลรายเดือน
C10650,0.22120363,เฝ้าระวัง,0,ลูกค้าคุณค่าสูงที่กำลังห่างหาย (At-Risk High-Value),12.0,14.0,22738.46,1624.1757142857143,2.0,0.4,0.019348689573081588,0.0,4.0,ความถี่ 90 วันล่าสุดลดลงชัดเจน,ใส่ในแคมเปญอัตโนมัติ ติดตามผลรายเดือน
C11936,0.22098053,เฝ้าระวัง,1,ลูกค้าชั้นยอด (Champions),21.0,18.0,29797.73,1655.4294444444445,1.0,0.16666666666666666,0.030100109105775315,0.0,4.0,ความถี่ 90 วันล่าสุดลดลงชัดเจน,ใส่ในแคมเปญอัตโนมัติ ติดตามผลรายเดือน
C10997,0.22085904,เฝ้าระวัง,0,ลูกค้าคุณค่าสูงที่กำลังห่างหาย (At-Risk High-Value),41.0,14.0,8338.8,595.6285714285714,4.0,1.3333333333333333,0.0867063798468206,0.0,4.0,ความเสี่ยงมาจากรูปแบบรวมหลายปัจจัย,ใส่ในแคมเปญอัตโนมัติ ติดตามผลรายเดือน
C12535,0.21937461,เฝ้าระวัง,1,ลูกค้าชั้นยอด (Champions),28.0,22.0,27053.06,1229.6845454545455,5.0,0.8333333333333334,0.0,0.0,3.0,ความเสี่ยงมาจากรูปแบบรวมหลายปัจจัย,ใส่ในแคมเปญอัตโนมัติ ติดตามผลรายเดือน
C10203,0.21927142,เฝ้าระวัง,2,ลูกค้าห่างหายมูลค่าต่ำ (Dormant / Low-Value),66.0,5.0,2509.5,501.9,3.0,1.0,0.008471160912546325,0.0,,ไม่ซื้อมา 66 วัน,ใส่ในแคมเปญอัตโนมัติ ติดตามผลรายเดือน
C12313,0.21926644,เฝ้าระวัง,2,ลูกค้าห่างหายมูลค่าต่ำ (Dormant / Low-Value),24.0,7.0,5434.1,776.3000000000001,2.0,2.0,0.0923440276868394,0.0,4.0,ความเสี่ยงมาจากรูปแบบรวมหลายปัจจัย,ใส่ในแคมเปญอัตโนมัติ ติดตามผลรายเดือน
C10455,0.21895324,เฝ้าระวัง,2,ลูกค้าห่างหายมูลค่าต่ำ (Dormant / Low-Value),82.0,11.0,5434.04,494.00363636363636,1.0,0.3333333333333333,0.10419397008616751,0.0,,ไม่ซื้อมา 82 วัน · ความถี่ 90 วันล่าสุดลดลงชัดเจน · ซื้อเมื่อมีส่วนลดเป็นหลัก (10%),ใส่ในแคมเปญอัตโนมัติ ติดตามผลรายเดือน
C12628,0.21837372,เฝ้าระวัง,1,ลูกค้าชั้นยอด (Champions),8.0,54.0,92066.72,1704.9392592592592,3.0,0.2727272727272727,0.033743159634948235,0.0,,ความถี่ 90 วันล่าสุดลดลงชัดเจน,ใส่ในแคมเปญอัตโนมัติ ติดตามผลรายเดือน
C11961,0.21817484,เฝ้าระวัง,3,ลูกค้าใหม่กำลังก่อตัว (New / Developing),114.0,2.0,616.7,308.35,0.0,0.0,0.0724781542811593,0.0,2.0,ไม่ซื้อมา 114 วัน · ความถี่ 90 วันล่าสุดลดลงชัดเจน · ไม่มีการซื้อเลยใน 90 วันล่าสุด · คะแนนความพึงพอใจต่ำ (2.0/5),ใส่ในแคมเปญอัตโนมัติ ติดตามผลรายเดือน
C11831,0.21792853,เฝ้าระวัง,3,ลูกค้าใหม่กำลังก่อตัว (New / Developing),4.0,3.0,3374.34,1124.78,3.0,3.0,0.0,0.0,,ความเสี่ยงมาจากรูปแบบรวมหลายปัจจัย,ใส่ในแคมเปญอัตโนมัติ ติดตามผลรายเดือน
C12571,0.21734582,เฝ้าระวัง,2,ลูกค้าห่างหายมูลค่าต่ำ (Dormant / Low-Value),11.0,9.0,7775.96,863.9955555555556,3.0,3.0,0.09009466527808657,0.0,,ความเสี่ยงมาจากรูปแบบรวมหลายปัจจัย,ใส่ในแคมเปญอัตโนมัติ ติดตามผลรายเดือน
C12298,0.21707992,เฝ้าระวัง,0,ลูกค้าคุณค่าสูงที่กำลังห่างหาย (At-Risk High-Value),14.0,23.0,20950.64,910.8973913043478,3.0,0.75,0.028972355061749902,0.0,,ความเสี่ยงมาจากรูปแบบรวมหลายปัจจัย,ใส่ในแคมเปญอัตโนมัติ ติดตามผลรายเดือน
C11067,0.21696511,เฝ้าระวัง,3,ลูกค้าใหม่กำลังก่อตัว (New / Developing),28.0,4.0,3230.13,807.5325,1.0,0.3333333333333333,0.01261841224426165,0.0,,ความถี่ 90 วันล่าสุดลดลงชัดเจน,ใส่ในแคมเปญอัตโนมัติ ติดตามผลรายเดือน
C11854,0.21680884,เฝ้าระวัง,2,ลูกค้าห่างหายมูลค่าต่ำ (Dormant / Low-Value),77.0,9.0,2596.3,288.4777777777778,1.0,0.5,0.17805833971773552,0.0,3.0,ไม่ซื้อมา 77 วัน · ความถี่ 90 วันล่าสุดลดลงชัดเจน · ซื้อเมื่อมีส่วนลดเป็นหลัก (18%),ใส่ในแคมเปญอัตโนมัติ ติดตามผลรายเดือน
C10820,0.21598661,เฝ้าระวัง,0,ลูกค้าคุณค่าสูงที่กำลังห่างหาย (At-Risk High-Value),13.0,12.0,9893.3,824.4416666666666,2.0,0.4,0.06977903103118538,0.0,,ความถี่ 90 วันล่าสุดลดลงชัดเจน,ใส่ในแคมเปญอัตโนมัติ ติดตามผลรายเดือน
C12821,0.21584293,เฝ้าระวัง,2,ลูกค้าห่างหายมูลค่าต่ำ (Dormant / Low-Value),13.0,3.0,1014.29,338.09666666666664,1.0,1.0,0.040506664396325824,1.0,3.0,มีเรื่องร้องเรียนค้าง 1 เรื่อง,ใส่ในแคมเปญอัตโนมัติ ติดตามผลรายเดือน
C11377,0.21559307,เฝ้าระวัง,2,ลูกค้าห่างหายมูลค่าต่ำ (Dormant / Low-Value),49.0,9.0,5397.91,599.7677777777777,2.0,1.0,0.07086854068159246,0.0,,ความเสี่ยงมาจากรูปแบบรวมหลายปัจจัย,ใส่ในแคมเปญอัตโนมัติ ติดตามผลรายเดือน
C10954,0.21538778,เฝ้าระวัง,0,ลูกค้าคุณค่าสูงที่กำลังห่างหาย (At-Risk High-Value),19.0,26.0,17677.29,679.8957692307692,4.0,1.0,0.01444384479348095,0.0,4.0,ความเสี่ยงมาจากรูปแบบรวมหลายปัจจัย,ใส่ในแคมเปญอัตโนมัติ ติดตามผลรายเดือน
C10091,0.21463153,เฝ้าระวัง,0,ลูกค้าคุณค่าสูงที่กำลังห่างหาย (At-Risk High-Value),36.0,12.0,19047.07,1587.2558333333334,2.0,0.2857142857142857,0.003829439825441978,0.0,4.0,ความถี่ 90 วันล่าสุดลดลงชัดเจน,ใส่ในแคมเปญอัตโนมัติ ติดตามผลรายเดือน
C11332,0.21387786,เฝ้าระวัง,0,ลูกค้าคุณค่าสูงที่กำลังห่างหาย (At-Risk High-Value),5.0,26.0,22937.8,882.2230769230769,3.0,1.0,0.025159170566333145,0.0,,ความเสี่ยงมาจากรูปแบบรวมหลายปัจจัย,ใส่ในแคมเปญอัตโนมัติ ติดตามผลรายเดือน
C10916,0.21383741,เฝ้าระวัง,1,ลูกค้าชั้นยอด (Champions),20.0,16.0,30466.15,1904.134375,2.0,0.4,0.0,0.0,,ความถี่ 90 วันล่าสุดลดลงชัดเจน,ใส่ในแคมเปญอัตโนมัติ ติดตามผลรายเดือน
C12707,0.21353973,เฝ้าระวัง,1,ลูกค้าชั้นยอด (Champions),28.0,14.0,26090.78,1863.6271428571429,5.0,1.0,0.035640679148875774,0.0,,ความเสี่ยงมาจากรูปแบบรวมหลายปัจจัย,ใส่ในแคมเปญอัตโนมัติ ติดตามผลรายเดือน
C10842,0.21310364,เฝ้าระวัง,1,ลูกค้าชั้นยอด (Champions),59.0,35.0,47131.25,1346.607142857143,3.0,0.42857142857142855,0.00793212271846753,0.0,,ความถี่ 90 วันล่าสุดลดลงชัดเจน,ใส่ในแคมเปญอัตโนมัติ ติดตามผลรายเดือน
C11588,0.21310307,เฝ้าระวัง,2,ลูกค้าห่างหายมูลค่าต่ำ (Dormant / Low-Value),129.0,3.0,1833.3600000000001,611.12,0.0,0.0,0.15215249934100086,0.0,,ไม่ซื้อมา 129 วัน · ความถี่ 90 วันล่าสุดลดลงชัดเจน · ไม่มีการซื้อเลยใน 90 วันล่าสุด · ซื้อเมื่อมีส่วนลดเป็นหลัก (15%),ใส่ในแคมเปญอัตโนมัติ ติดตามผลรายเดือน
C12713,0.21281938,เฝ้าระวัง,0,ลูกค้าคุณค่าสูงที่กำลังห่างหาย (At-Risk High-Value),107.0,11.0,4296.14,390.5581818181818,0.0,0.0,0.06337083942870972,0.0,,ไม่ซื้อมา 107 วัน · ความถี่ 90 วันล่าสุดลดลงชัดเจน · ไม่มีการซื้อเลยใน 90 วันล่าสุด,ใส่ในแคมเปญอัตโนมัติ ติดตามผลรายเดือน
C11740,0.21267265,เฝ้าระวัง,3,ลูกค้าใหม่กำลังก่อตัว (New / Developing),22.0,3.0,3559.18,1186.3933333333332,3.0,3.0,0.04390199349381214,0.0,,ความเสี่ยงมาจากรูปแบบรวมหลายปัจจัย,ใส่ในแคมเปญอัตโนมัติ ติดตามผลรายเดือน
C11333,0.21250091,เฝ้าระวัง,1,ลูกค้าชั้นยอด (Champions),9.0,26.0,25774.56,991.3292307692308,5.0,0.7142857142857143,0.04073672677035943,0.0,4.0,ความเสี่ยงมาจากรูปแบบรวมหลายปัจจัย,ใส่ในแคมเปญอัตโนมัติ ติดตามผลรายเดือน
C10917,0.21186282,เฝ้าระวัง,0,ลูกค้าคุณค่าสูงที่กำลังห่างหาย (At-Risk High-Value),10.0,33.0,25393.45,769.4984848484848,3.0,0.6,0.006862628534955718,0.0,3.0,ความเสี่ยงมาจากรูปแบบรวมหลายปัจจัย,ใส่ในแคมเปญอัตโนมัติ ติดตามผลรายเดือน
C11122,0.21162012,เฝ้าระวัง,2,ลูกค้าห่างหายมูลค่าต่ำ (Dormant / Low-Value),41.0,6.0,3238.71,539.785,2.0,0.6666666666666666,0.07081009433312677,0.0,,ความเสี่ยงมาจากรูปแบบรวมหลายปัจจัย,ใส่ในแคมเปญอัตโนมัติ ติดตามผลรายเดือน
C11419,0.21152255,เฝ้าระวัง,1,ลูกค้าชั้นยอด (Champions),46.0,17.0,28481.63,1675.39,4.0,0.8,0.0,0.0,,ความเสี่ยงมาจากรูปแบบรวมหลายปัจจัย,ใส่ในแคมเปญอัตโนมัติ ติดตามผลรายเดือน
C12638,0.21124704,เฝ้าระวัง,1,ลูกค้าชั้นยอด (Champions),8.0,19.0,24182.38,1272.756842105263,2.0,0.4,0.03625830836539512,0.0,,ความถี่ 90 วันล่าสุดลดลงชัดเจน,ใส่ในแคมเปญอัตโนมัติ ติดตามผลรายเดือน
C12925,0.21084224,เฝ้าระวัง,2,ลูกค้าห่างหายมูลค่าต่ำ (Dormant / Low-Value),111.0,2.0,531.34,265.67,0.0,0.0,0.07989887095656992,0.0,3.0,ไม่ซื้อมา 111 วัน · ความถี่ 90 วันล่าสุดลดลงชัดเจน · ไม่มีการซื้อเลยใน 90 วันล่าสุด,ใส่ในแคมเปญอัตโนมัติ ติดตามผลรายเดือน
C10471,0.21053486,เฝ้าระวัง,2,ลูกค้าห่างหายมูลค่าต่ำ (Dormant / Low-Value),34.0,10.0,5017.19,501.71899999999994,2.0,0.6666666666666666,0.08588393698176393,0.0,,ความเสี่ยงมาจากรูปแบบรวมหลายปัจจัย,ใส่ในแคมเปญอัตโนมัติ ติดตามผลรายเดือน
C11612,0.21048346,เฝ้าระวัง,0,ลูกค้าคุณค่าสูงที่กำลังห่างหาย (At-Risk High-Value),19.0,34.0,29574.68,869.8435294117647,4.0,0.5714285714285714,0.039084893503786196,0.0,,ความถี่ 90 วันล่าสุดลดลงชัดเจน,ใส่ในแคมเปญอัตโนมัติ ติดตามผลรายเดือน
C10679,0.2098258,เฝ้าระวัง,1,ลูกค้าชั้นยอด (Champions),23.0,22.0,40081.68,1821.8945454545456,3.0,0.3333333333333333,0.011730036082176825,0.0,,ความถี่ 90 วันล่าสุดลดลงชัดเจน,ใส่ในแคมเปญอัตโนมัติ ติดตามผลรายเดือน
C11784,0.20951591,เฝ้าระวัง,3,ลูกค้าใหม่กำลังก่อตัว (New / Developing),11.0,5.0,4978.08,995.616,5.0,5.0,0.05854051539255847,0.0,,ความเสี่ยงมาจากรูปแบบรวมหลายปัจจัย,ใส่ในแคมเปญอัตโนมัติ ติดตามผลรายเดือน
C11331,0.20901175,เฝ้าระวัง,2,ลูกค้าห่างหายมูลค่าต่ำ (Dormant / Low-Value),97.0,7.0,2855.54,407.9342857142857,0.0,0.0,0.10288060672131097,0.0,4.0,ไม่ซื้อมา 97 วัน · ความถี่ 90 วันล่าสุดลดลงชัดเจน · ไม่มีการซื้อเลยใน 90 วันล่าสุด · ซื้อเมื่อมีส่วนลดเป็นหลัก (10%),ใส่ในแคมเปญอัตโนมัติ ติดตามผลรายเดือน
C12453,0.20868324,เฝ้าระวัง,2,ลูกค้าห่างหายมูลค่าต่ำ (Dormant / Low-Value),18.0,4.0,1390.76,347.69,2.0,1.0,0.0777331264340376,0.0,,ความเสี่ยงมาจากรูปแบบรวมหลายปัจจัย,ใส่ในแคมเปญอัตโนมัติ ติดตามผลรายเดือน
C11590,0.20815408,เฝ้าระวัง,2,ลูกค้าห่างหายมูลค่าต่ำ (Dormant / Low-Value),92.0,4.0,1296.1,324.025,0.0,0.0,0.14374805937807608,0.0,4.0,ไม่ซื้อมา 92 วัน · ความถี่ 90 วันล่าสุดลดลงชัดเจน · ไม่มีการซื้อเลยใน 90 วันล่าสุด · ซื้อเมื่อมีส่วนลดเป็นหลัก (14%),ใส่ในแคมเปญอัตโนมัติ ติดตามผลรายเดือน
C12352,0.20794004,เฝ้าระวัง,2,ลูกค้าห่างหายมูลค่าต่ำ (Dormant / Low-Value),57.0,10.0,3869.38,386.938,2.0,0.6666666666666666,0.06125162245108385,1.0,4.0,มีเรื่องร้องเรียนค้าง 1 เรื่อง,ใส่ในแคมเปญอัตโนมัติ ติดตามผลรายเดือน
C11454,0.20736948,เฝ้าระวัง,0,ลูกค้าคุณค่าสูงที่กำลังห่างหาย (At-Risk High-Value),8.0,23.0,31099.2,1352.1391304347826,4.0,0.6666666666666666,0.006441999639626285,0.0,3.0,ความเสี่ยงมาจากรูปแบบรวมหลายปัจจัย,ใส่ในแคมเปญอัตโนมัติ ติดตามผลรายเดือน
C11577,0.20673352,เฝ้าระวัง,2,ลูกค้าห่างหายมูลค่าต่ำ (Dormant / Low-Value),26.0,7.0,2404.7000000000003,343.52857142857147,2.0,0.6666666666666666,0.05368871328896987,0.0,,ความเสี่ยงมาจากรูปแบบรวมหลายปัจจัย,ใส่ในแคมเปญอัตโนมัติ ติดตามผลรายเดือน
C11891,0.20584536,เฝ้าระวัง,2,ลูกค้าห่างหายมูลค่าต่ำ (Dormant / Low-Value),32.0,13.0,5371.81,413.2161538461539,1.0,0.5,0.027999384787978036,0.0,3.0,ความถี่ 90 วันล่าสุดลดลงชัดเจน,ใส่ในแคมเปญอัตโนมัติ ติดตามผลรายเดือน
C10595,0.20573421,เฝ้าระวัง,0,ลูกค้าคุณค่าสูงที่กำลังห่างหาย (At-Risk High-Value),39.0,8.0,5844.42,730.5525,2.0,0.6666666666666666,0.05892866631564202,0.0,,ความเสี่ยงมาจากรูปแบบรวมหลายปัจจัย,ใส่ในแคมเปญอัตโนมัติ ติดตามผลรายเดือน
C12297,0.20330131,เฝ้าระวัง,2,ลูกค้าห่างหายมูลค่าต่ำ (Dormant / Low-Value),38.0,4.0,1489.17,372.2925,1.0,0.25,0.13088873844429919,0.0,,ความถี่ 90 วันล่าสุดลดลงชัดเจน · ซื้อเมื่อมีส่วนลดเป็นหลัก (13%),ใส่ในแคมเปญอัตโนมัติ ติดตามผลรายเดือน
C12487,0.20239565,เฝ้าระวัง,2,ลูกค้าห่างหายมูลค่าต่ำ (Dormant / Low-Value),38.0,5.0,1793.48,358.696,1.0,0.3333333333333333,0.060075152899990034,0.0,,ความถี่ 90 วันล่าสุดลดลงชัดเจน,ใส่ในแคมเปญอัตโนมัติ ติดตามผลรายเดือน
C12285,0.20136395,เฝ้าระวัง,0,ลูกค้าคุณค่าสูงที่กำลังห่างหาย (At-Risk High-Value),26.0,8.0,8287.84,1035.98,2.0,0.6666666666666666,0.04849246058078901,0.0,,ความเสี่ยงมาจากรูปแบบรวมหลายปัจจัย,ใส่ในแคมเปญอัตโนมัติ ติดตามผลรายเดือน
C12070,0.20075898,เฝ้าระวัง,3,ลูกค้าใหม่กำลังก่อตัว (New / Developing),32.0,4.0,1990.12,497.53,3.0,1.5,0.008771099699660811,0.0,,ความเสี่ยงมาจากรูปแบบรวมหลายปัจจัย,ใส่ในแคมเปญอัตโนมัติ ติดตามผลรายเดือน
C12028,0.20042567,เฝ้าระวัง,0,ลูกค้าคุณค่าสูงที่กำลังห่างหาย (At-Risk High-Value),37.0,20.0,11961.31,598.0654999999999,4.0,1.3333333333333333,0.033066943888455956,0.0,,ความเสี่ยงมาจากรูปแบบรวมหลายปัจจัย,ใส่ในแคมเปญอัตโนมัติ ติดตามผลรายเดือน
C10796,0.20039721,เฝ้าระวัง,2,ลูกค้าห่างหายมูลค่าต่ำ (Dormant / Low-Value),73.0,9.0,3146.84,349.6488888888889,1.0,0.5,0.029028794292978537,0.0,4.0,ไม่ซื้อมา 73 วัน · ความถี่ 90 วันล่าสุดลดลงชัดเจน,ใส่ในแคมเปญอัตโนมัติ ติดตามผลรายเดือน
C11869,0.20029372,เฝ้าระวัง,2,ลูกค้าห่างหายมูลค่าต่ำ (Dormant / Low-Value),52.0,4.0,1935.76,483.94,3.0,1.5,0.11359806579236574,0.0,,ซื้อเมื่อมีส่วนลดเป็นหลัก (11%),ใส่ในแคมเปญอัตโนมัติ ติดตามผลรายเดือน
C10178,0.199688,ต่ำ,2,ลูกค้าห่างหายมูลค่าต่ำ (Dormant / Low-Value),22.0,10.0,5088.38,508.838,3.0,1.0,0.06494542247050608,0.0,,ความเสี่ยงมาจากรูปแบบรวมหลายปัจจัย,ไม่ต้องดำเนินการเป็นพิเศษ
C10397,0.19896655,ต่ำ,3,ลูกค้าใหม่กำลังก่อตัว (New / Developing),39.0,5.0,4972.84,994.568,5.0,5.0,0.06677125870766275,0.0,,ความเสี่ยงมาจากรูปแบบรวมหลายปัจจัย,ไม่ต้องดำเนินการเป็นพิเศษ
C11884,0.1987033,ต่ำ,0,ลูกค้าคุณค่าสูงที่กำลังห่างหาย (At-Risk High-Value),28.0,12.0,9625.07,802.0891666666666,3.0,0.6,0.005891277830968662,0.0,3.0,ความเสี่ยงมาจากรูปแบบรวมหลายปัจจัย,ไม่ต้องดำเนินการเป็นพิเศษ
C11257,0.19835499,ต่ำ,1,ลูกค้าชั้นยอด (Champions),26.0,29.0,44605.270000000004,1538.1127586206899,3.0,0.42857142857142855,0.011749486380924679,0.0,,ความถี่ 90 วันล่าสุดลดลงชัดเจน,ไม่ต้องดำเนินการเป็นพิเศษ
C10445,0.19734181,ต่ำ,1,ลูกค้าชั้นยอด (Champions),63.0,33.0,27257.49,825.9845454545455,6.0,2.0,0.0030882969856187914,0.0,4.0,ไม่ซื้อมา 63 วัน,ไม่ต้องดำเนินการเป็นพิเศษ
C12852,0.19680233,ต่ำ,2,ลูกค้าห่างหายมูลค่าต่ำ (Dormant / Low-Value),42.0,12.0,6516.24,543.02,1.0,0.5,0.09896625534433266,0.0,,ความถี่ 90 วันล่าสุดลดลงชัดเจน,ไม่ต้องดำเนินการเป็นพิเศษ
C11956,0.19640338,ต่ำ,2,ลูกค้าห่างหายมูลค่าต่ำ (Dormant / Low-Value),78.0,6.0,2359.12,393.18666666666667,1.0,1.0,0.10725962702833616,0.0,,ไม่ซื้อมา 78 วัน · ซื้อเมื่อมีส่วนลดเป็นหลัก (11%),ไม่ต้องดำเนินการเป็นพิเศษ
C10434,0.19637585,ต่ำ,2,ลูกค้าห่างหายมูลค่าต่ำ (Dormant / Low-Value),1.0,5.0,1147.19,229.43800000000002,5.0,5.0,0.025103464686036726,0.0,5.0,ความเสี่ยงมาจากรูปแบบรวมหลายปัจจัย,ไม่ต้องดำเนินการเป็นพิเศษ
C11286,0.19621278,ต่ำ,3,ลูกค้าใหม่กำลังก่อตัว (New / Developing),15.0,5.0,3179.0299999999997,635.8059999999999,2.0,0.5,0.03022769148170293,1.0,3.0,ความถี่ 90 วันล่าสุดลดลงชัดเจน · มีเรื่องร้องเรียนค้าง 1 เรื่อง,ไม่ต้องดำเนินการเป็นพิเศษ
C12204,0.19592522,ต่ำ,1,ลูกค้าชั้นยอด (Champions),24.0,30.0,55747.86,1858.262,3.0,0.5,0.003630320684284708,0.0,4.0,ความถี่ 90 วันล่าสุดลดลงชัดเจน,ไม่ต้องดำเนินการเป็นพิเศษ
C12540,0.19543076,ต่ำ,1,ลูกค้าชั้นยอด (Champions),40.0,26.0,39071.81,1502.761923076923,4.0,0.4,0.010689978224540436,0.0,3.0,ความถี่ 90 วันล่าสุดลดลงชัดเจน,ไม่ต้องดำเนินการเป็นพิเศษ
C12895,0.1954124,ต่ำ,0,ลูกค้าคุณค่าสูงที่กำลังห่างหาย (At-Risk High-Value),38.0,11.0,4631.0199999999995,421.0018181818181,2.0,1.0,0.04861668929898699,0.0,,ความเสี่ยงมาจากรูปแบบรวมหลายปัจจัย,ไม่ต้องดำเนินการเป็นพิเศษ
C10359,0.1951592,ต่ำ,2,ลูกค้าห่างหายมูลค่าต่ำ (Dormant / Low-Value),65.0,13.0,4503.3,346.40769230769234,1.0,0.25,0.03192312653166516,0.0,,ไม่ซื้อมา 65 วัน · ความถี่ 90 วันล่าสุดลดลงชัดเจน,ไม่ต้องดำเนินการเป็นพิเศษ
C12472,0.19510204,ต่ำ,2,ลูกค้าห่างหายมูลค่าต่ำ (Dormant / Low-Value),54.0,7.0,2072.67,296.0957142857143,1.0,0.25,0.05003139566327349,0.0,,ความถี่ 90 วันล่าสุดลดลงชัดเจน,ไม่ต้องดำเนินการเป็นพิเศษ
C12602,0.19485006,ต่ำ,3,ลูกค้าใหม่กำลังก่อตัว (New / Developing),79.0,5.0,3693.49,738.698,1.0,0.25,0.004772041388230223,0.0,5.0,ไม่ซื้อมา 79 วัน · ความถี่ 90 วันล่าสุดลดลงชัดเจน,ไม่ต้องดำเนินการเป็นพิเศษ
C10532,0.19466504,ต่ำ,1,ลูกค้าชั้นยอด (Champions),17.0,34.0,62889.840000000004,1849.7011764705883,6.0,0.8571428571428571,0.04047514680889661,0.0,,ความเสี่ยงมาจากรูปแบบรวมหลายปัจจัย,ไม่ต้องดำเนินการเป็นพิเศษ
C11230,0.194553,ต่ำ,0,ลูกค้าคุณค่าสูงที่กำลังห่างหาย (At-Risk High-Value),60.0,19.0,30795.32,1620.8063157894737,3.0,0.42857142857142855,0.022579310064646526,0.0,,ความถี่ 90 วันล่าสุดลดลงชัดเจน,ไม่ต้องดำเนินการเป็นพิเศษ
C12808,0.19451454,ต่ำ,1,ลูกค้าชั้นยอด (Champions),7.0,26.0,25534.88,982.1107692307693,4.0,0.5714285714285714,0.030481412758673977,0.0,4.0,ความถี่ 90 วันล่าสุดลดลงชัดเจน,ไม่ต้องดำเนินการเป็นพิเศษ
C11746,0.19430976,ต่ำ,1,ลูกค้าชั้นยอด (Champions),60.0,24.0,44760.25,1865.0104166666667,6.0,0.75,0.03463809590976548,0.0,2.0,คะแนนความพึงพอใจต่ำ (2.0/5),ไม่ต้องดำเนินการเป็นพิเศษ
C10345,0.19376399,ต่ำ,1,ลูกค้าชั้นยอด (Champions),28.0,5.0,7248.55,1449.71,4.0,2.0,0.022865477604314812,0.0,,ความเสี่ยงมาจากรูปแบบรวมหลายปัจจัย,ไม่ต้องดำเนินการเป็นพิเศษ
C11780,0.1932442,ต่ำ,0,ลูกค้าคุณค่าสูงที่กำลังห่างหาย (At-Risk High-Value),28.0,5.0,10829.1,2165.82,1.0,0.3333333333333333,0.0065173474836103034,0.0,,ความถี่ 90 วันล่าสุดลดลงชัดเจน,ไม่ต้องดำเนินการเป็นพิเศษ
C11192,0.19314107,ต่ำ,2,ลูกค้าห่างหายมูลค่าต่ำ (Dormant / Low-Value),59.0,5.0,3733.5099999999998,746.702,2.0,0.6666666666666666,0.06637975873727169,0.0,,ความเสี่ยงมาจากรูปแบบรวมหลายปัจจัย,ไม่ต้องดำเนินการเป็นพิเศษ
C12855,0.19300246,ต่ำ,0,ลูกค้าคุณค่าสูงที่กำลังห่างหาย (At-Risk High-Value),24.0,14.0,12411.710000000001,886.5507142857143,2.0,0.3333333333333333,0.009286361405007165,0.0,5.0,ความถี่ 90 วันล่าสุดลดลงชัดเจน,ไม่ต้องดำเนินการเป็นพิเศษ
C11035,0.19287184,ต่ำ,2,ลูกค้าห่างหายมูลค่าต่ำ (Dormant / Low-Value),33.0,6.0,3344.36,557.3933333333333,2.0,2.0,0.06373686671164576,0.0,,ความเสี่ยงมาจากรูปแบบรวมหลายปัจจัย,ไม่ต้องดำเนินการเป็นพิเศษ
C10506,0.1927836,ต่ำ,1,ลูกค้าชั้นยอด (Champions),37.0,22.0,48991.0,2226.8636363636365,1.0,0.25,0.004557121284284068,0.0,,ความถี่ 90 วันล่าสุดลดลงชัดเจน,ไม่ต้องดำเนินการเป็นพิเศษ
C12727,0.19245192,ต่ำ,2,ลูกค้าห่างหายมูลค่าต่ำ (Dormant / Low-Value),38.0,8.0,5295.66,661.9575,1.0,0.5,0.07543961339162254,0.0,4.0,ความถี่ 90 วันล่าสุดลดลงชัดเจน,ไม่ต้องดำเนินการเป็นพิเศษ
C10258,0.19239393,ต่ำ,2,ลูกค้าห่างหายมูลค่าต่ำ (Dormant / Low-Value),34.0,3.0,1162.43,387.4766666666667,1.0,0.5,0.06493934811287365,0.0,,ความถี่ 90 วันล่าสุดลดลงชัดเจน,ไม่ต้องดำเนินการเป็นพิเศษ
C11987,0.19185922,ต่ำ,2,ลูกค้าห่างหายมูลค่าต่ำ (Dormant / Low-Value),56.0,9.0,3377.17,375.24111111111114,1.0,0.3333333333333333,0.04368202116423092,0.0,3.0,ความถี่ 90 วันล่าสุดลดลงชัดเจน,ไม่ต้องดำเนินการเป็นพิเศษ
C10578,0.191575,ต่ำ,3,ลูกค้าใหม่กำลังก่อตัว (New / Developing),29.0,4.0,4819.88,1204.97,2.0,0.6666666666666666,0.035495451507426064,0.0,,ความเสี่ยงมาจากรูปแบบรวมหลายปัจจัย,ไม่ต้องดำเนินการเป็นพิเศษ
C10480,0.19153427,ต่ำ,0,ลูกค้าคุณค่าสูงที่กำลังห่างหาย (At-Risk High-Value),10.0,15.0,17686.49,1179.0993333333333,3.0,1.5,0.0,0.0,,ความเสี่ยงมาจากรูปแบบรวมหลายปัจจัย,ไม่ต้องดำเนินการเป็นพิเศษ
C11718,0.19116266,ต่ำ,0,ลูกค้าคุณค่าสูงที่กำลังห่างหาย (At-Risk High-Value),10.0,24.0,27407.68,1141.9866666666667,4.0,0.6666666666666666,0.08922193496075448,0.0,3.5,ความเสี่ยงมาจากรูปแบบรวมหลายปัจจัย,ไม่ต้องดำเนินการเป็นพิเศษ
C12440,0.19039878,ต่ำ,3,ลูกค้าใหม่กำลังก่อตัว (New / Developing),33.0,6.0,2148.63,358.105,4.0,1.3333333333333333,0.0,0.0,,ความเสี่ยงมาจากรูปแบบรวมหลายปัจจัย,ไม่ต้องดำเนินการเป็นพิเศษ
C10324,0.19008398,ต่ำ,0,ลูกค้าคุณค่าสูงที่กำลังห่างหาย (At-Risk High-Value),7.0,21.0,24039.36,1144.7314285714285,1.0,0.25,0.018322814597324003,0.0,3.0,ความถี่ 90 วันล่าสุดลดลงชัดเจน,ไม่ต้องดำเนินการเป็นพิเศษ
C12796,0.18947995,ต่ำ,3,ลูกค้าใหม่กำลังก่อตัว (New / Developing),43.0,4.0,3678.68,919.67,2.0,1.0,0.04289524007753249,0.0,5.0,ความเสี่ยงมาจากรูปแบบรวมหลายปัจจัย,ไม่ต้องดำเนินการเป็นพิเศษ
C12230,0.18934996,ต่ำ,2,ลูกค้าห่างหายมูลค่าต่ำ (Dormant / Low-Value),57.0,8.0,4815.98,601.9975,2.0,0.6666666666666666,0.07738786269573979,0.0,,ความเสี่ยงมาจากรูปแบบรวมหลายปัจจัย,ไม่ต้องดำเนินการเป็นพิเศษ
C11659,0.18931052,ต่ำ,1,ลูกค้าชั้นยอด (Champions),31.0,32.0,39501.0,1234.40625,4.0,0.5714285714285714,0.02140783393983867,0.0,,ความถี่ 90 วันล่าสุดลดลงชัดเจน,ไม่ต้องดำเนินการเป็นพิเศษ
C10533,0.18860133,ต่ำ,2,ลูกค้าห่างหายมูลค่าต่ำ (Dormant / Low-Value),115.0,11.0,3794.76,344.97818181818184,0.0,0.0,0.08224965839147731,0.0,,ไม่ซื้อมา 115 วัน · ความถี่ 90 วันล่าสุดลดลงชัดเจน · ไม่มีการซื้อเลยใน 90 วันล่าสุด,ไม่ต้องดำเนินการเป็นพิเศษ
C12578,0.1885017,ต่ำ,0,ลูกค้าคุณค่าสูงที่กำลังห่างหาย (At-Risk High-Value),26.0,13.0,7565.009999999999,581.9238461538461,2.0,0.5,0.022010867106125577,0.0,3.0,ความถี่ 90 วันล่าสุดลดลงชัดเจน,ไม่ต้องดำเนินการเป็นพิเศษ
C12553,0.18786792,ต่ำ,0,ลูกค้าคุณค่าสูงที่กำลังห่างหาย (At-Risk High-Value),21.0,9.0,6541.36,726.8177777777778,1.0,0.25,0.08045343619617414,0.0,,ความถี่ 90 วันล่าสุดลดลงชัดเจน,ไม่ต้องดำเนินการเป็นพิเศษ
C10164,0.18701234,ต่ำ,0,ลูกค้าคุณค่าสูงที่กำลังห่างหาย (At-Risk High-Value),36.0,33.0,35029.7,1061.5060606060606,6.0,1.5,0.035259727490899194,0.0,,ความเสี่ยงมาจากรูปแบบรวมหลายปัจจัย,ไม่ต้องดำเนินการเป็นพิเศษ
C10697,0.18689452,ต่ำ,2,ลูกค้าห่างหายมูลค่าต่ำ (Dormant / Low-Value),65.0,4.0,1592.42,398.105,2.0,0.6666666666666666,0.10359424695319316,0.0,,ไม่ซื้อมา 65 วัน · ซื้อเมื่อมีส่วนลดเป็นหลัก (10%),ไม่ต้องดำเนินการเป็นพิเศษ
C11613,0.18626364,ต่ำ,3,ลูกค้าใหม่กำลังก่อตัว (New / Developing),0.0,3.0,4020.77,1340.2566666666667,3.0,3.0,0.09928583909426118,0.0,,ความเสี่ยงมาจากรูปแบบรวมหลายปัจจัย,ไม่ต้องดำเนินการเป็นพิเศษ
C11828,0.18625304,ต่ำ,0,ลูกค้าคุณค่าสูงที่กำลังห่างหาย (At-Risk High-Value),88.0,9.0,10060.27,1117.8077777777778,1.0,1.0,0.023642550184978864,1.0,3.6666666666666665,ไม่ซื้อมา 88 วัน · มีเรื่องร้องเรียนค้าง 1 เรื่อง,ไม่ต้องดำเนินการเป็นพิเศษ
C10407,0.18620305,ต่ำ,2,ลูกค้าห่างหายมูลค่าต่ำ (Dormant / Low-Value),28.0,5.0,2039.8899999999999,407.97799999999995,1.0,0.5,0.07316906943882812,0.0,,ความถี่ 90 วันล่าสุดลดลงชัดเจน,ไม่ต้องดำเนินการเป็นพิเศษ
C11282,0.18586798,ต่ำ,2,ลูกค้าห่างหายมูลค่าต่ำ (Dormant / Low-Value),5.0,9.0,3457.5499999999997,384.1722222222222,3.0,1.5,0.08843682688327678,0.0,2.0,คะแนนความพึงพอใจต่ำ (2.0/5),ไม่ต้องดำเนินการเป็นพิเศษ
C12944,0.18560705,ต่ำ,0,ลูกค้าคุณค่าสูงที่กำลังห่างหาย (At-Risk High-Value),9.0,11.0,7527.969999999999,684.360909090909,4.0,4.0,0.07235373925001817,0.0,,ความเสี่ยงมาจากรูปแบบรวมหลายปัจจัย,ไม่ต้องดำเนินการเป็นพิเศษ
C10542,0.18530263,ต่ำ,2,ลูกค้าห่างหายมูลค่าต่ำ (Dormant / Low-Value),134.0,4.0,1783.17,445.7925,0.0,0.0,0.12385271515890017,0.0,3.0,ไม่ซื้อมา 134 วัน · ความถี่ 90 วันล่าสุดลดลงชัดเจน · ไม่มีการซื้อเลยใน 90 วันล่าสุด · ซื้อเมื่อมีส่วนลดเป็นหลัก (12%),ไม่ต้องดำเนินการเป็นพิเศษ
C12034,0.184442,ต่ำ,2,ลูกค้าห่างหายมูลค่าต่ำ (Dormant / Low-Value),73.0,4.0,2625.8799999999997,656.4699999999999,1.0,1.0,0.0028897014987715923,0.0,,ไม่ซื้อมา 73 วัน,ไม่ต้องดำเนินการเป็นพิเศษ
C11338,0.18415357,ต่ำ,2,ลูกค้าห่างหายมูลค่าต่ำ (Dormant / Low-Value),14.0,5.0,4142.86,828.5719999999999,2.0,1.0,0.16818391727738177,0.0,3.0,ซื้อเมื่อมีส่วนลดเป็นหลัก (17%),ไม่ต้องดำเนินการเป็นพิเศษ
C12242,0.18377517,ต่ำ,0,ลูกค้าคุณค่าสูงที่กำลังห่างหาย (At-Risk High-Value),45.0,8.0,4538.22,567.2775,3.0,1.5,0.0478366504273827,0.0,,ความเสี่ยงมาจากรูปแบบรวมหลายปัจจัย,ไม่ต้องดำเนินการเป็นพิเศษ
C11960,0.1835325,ต่ำ,2,ลูกค้าห่างหายมูลค่าต่ำ (Dormant / Low-Value),56.0,5.0,2790.35,558.0699999999999,1.0,1.0,0.07969379745248978,0.0,,ความเสี่ยงมาจากรูปแบบรวมหลายปัจจัย,ไม่ต้องดำเนินการเป็นพิเศษ
C10768,0.18264055,ต่ำ,3,ลูกค้าใหม่กำลังก่อตัว (New / Developing),31.0,6.0,5111.68,851.9466666666667,1.0,0.5,0.03236810173643252,0.0,,ความถี่ 90 วันล่าสุดลดลงชัดเจน,ไม่ต้องดำเนินการเป็นพิเศษ
C10821,0.18263847,ต่ำ,0,ลูกค้าคุณค่าสูงที่กำลังห่างหาย (At-Risk High-Value),17.0,11.0,7846.2,713.290909090909,4.0,1.0,0.0864742016458414,0.0,,ความเสี่ยงมาจากรูปแบบรวมหลายปัจจัย,ไม่ต้องดำเนินการเป็นพิเศษ
C11023,0.1822834,ต่ำ,3,ลูกค้าใหม่กำลังก่อตัว (New / Developing),46.0,4.0,1947.86,486.965,2.0,1.0,0.030268935509244973,0.0,,ความเสี่ยงมาจากรูปแบบรวมหลายปัจจัย,ไม่ต้องดำเนินการเป็นพิเศษ
C10893,0.18181401,ต่ำ,2,ลูกค้าห่างหายมูลค่าต่ำ (Dormant / Low-Value),32.0,8.0,1637.26,204.6575,2.0,0.6666666666666666,0.04596361602200287,0.0,,ความเสี่ยงมาจากรูปแบบรวมหลายปัจจัย,ไม่ต้องดำเนินการเป็นพิเศษ
C12659,0.18160781,ต่ำ,2,ลูกค้าห่างหายมูลค่าต่ำ (Dormant / Low-Value),38.0,5.0,1605.98,321.196,2.0,1.0,0.029331947223044885,0.0,,ความเสี่ยงมาจากรูปแบบรวมหลายปัจจัย,ไม่ต้องดำเนินการเป็นพิเศษ
C12444,0.18158501,ต่ำ,1,ลูกค้าชั้นยอด (Champions),15.0,40.0,48627.96,1215.699,3.0,1.0,0.025478894109621484,0.0,,ความเสี่ยงมาจากรูปแบบรวมหลายปัจจัย,ไม่ต้องดำเนินการเป็นพิเศษ
C12776,0.18110384,ต่ำ,1,ลูกค้าชั้นยอด (Champions),12.0,13.0,21023.11,1617.1623076923076,4.0,2.0,0.01258602193970433,0.0,,ความเสี่ยงมาจากรูปแบบรวมหลายปัจจัย,ไม่ต้องดำเนินการเป็นพิเศษ
C10516,0.18045081,ต่ำ,2,ลูกค้าห่างหายมูลค่าต่ำ (Dormant / Low-Value),59.0,6.0,2794.87,465.81166666666667,1.0,0.5,0.05022649498584619,0.0,3.0,ความถี่ 90 วันล่าสุดลดลงชัดเจน,ไม่ต้องดำเนินการเป็นพิเศษ
C10188,0.1803848,ต่ำ,0,ลูกค้าคุณค่าสูงที่กำลังห่างหาย (At-Risk High-Value),5.0,17.0,19898.95,1170.5264705882353,1.0,0.2,0.009445115634717845,0.0,,ความถี่ 90 วันล่าสุดลดลงชัดเจน,ไม่ต้องดำเนินการเป็นพิเศษ
C10616,0.17993997,ต่ำ,0,ลูกค้าคุณค่าสูงที่กำลังห่างหาย (At-Risk High-Value),13.0,15.0,18965.57,1264.3713333333333,4.0,0.8,0.060193386715453545,0.0,,ความเสี่ยงมาจากรูปแบบรวมหลายปัจจัย,ไม่ต้องดำเนินการเป็นพิเศษ
C11287,0.17946754,ต่ำ,2,ลูกค้าห่างหายมูลค่าต่ำ (Dormant / Low-Value),48.0,6.0,4084.78,680.7966666666667,1.0,0.3333333333333333,0.06674982978976178,0.0,,ความถี่ 90 วันล่าสุดลดลงชัดเจน,ไม่ต้องดำเนินการเป็นพิเศษ
C10332,0.1793772,ต่ำ,0,ลูกค้าคุณค่าสูงที่กำลังห่างหาย (At-Risk High-Value),85.0,8.0,3646.1299999999997,455.76624999999996,1.0,0.5,0.029838196829924408,0.0,,ไม่ซื้อมา 85 วัน · ความถี่ 90 วันล่าสุดลดลงชัดเจน,ไม่ต้องดำเนินการเป็นพิเศษ
C10280,0.17935246,ต่ำ,1,ลูกค้าชั้นยอด (Champions),31.0,16.0,30144.9,1884.05625,5.0,0.8333333333333334,0.004716099649561175,0.0,,ความเสี่ยงมาจากรูปแบบรวมหลายปัจจัย,ไม่ต้องดำเนินการเป็นพิเศษ
C12498,0.17874707,ต่ำ,0,ลูกค้าคุณค่าสูงที่กำลังห่างหาย (At-Risk High-Value),8.0,29.0,22840.5,787.6034482758621,5.0,1.0,0.0348147869560863,0.0,4.0,ความเสี่ยงมาจากรูปแบบรวมหลายปัจจัย,ไม่ต้องดำเนินการเป็นพิเศษ
C12154,0.17867616,ต่ำ,0,ลูกค้าคุณค่าสูงที่กำลังห่างหาย (At-Risk High-Value),6.0,20.0,22626.0,1131.3,1.0,0.14285714285714285,0.00812708037519853,0.0,,ความถี่ 90 วันล่าสุดลดลงชัดเจน,ไม่ต้องดำเนินการเป็นพิเศษ
C11948,0.17853044,ต่ำ,2,ลูกค้าห่างหายมูลค่าต่ำ (Dormant / Low-Value),95.0,6.0,1771.29,295.215,0.0,0.0,0.0628442332823652,0.0,,ไม่ซื้อมา 95 วัน · ความถี่ 90 วันล่าสุดลดลงชัดเจน · ไม่มีการซื้อเลยใน 90 วันล่าสุด,ไม่ต้องดำเนินการเป็นพิเศษ
C11308,0.17849977,ต่ำ,3,ลูกค้าใหม่กำลังก่อตัว (New / Developing),10.0,4.0,3751.15,937.7875,4.0,4.0,0.01606083339016572,0.0,2.0,คะแนนความพึงพอใจต่ำ (2.0/5),ไม่ต้องดำเนินการเป็นพิเศษ
C10381,0.17823741,ต่ำ,2,ลูกค้าห่างหายมูลค่าต่ำ (Dormant / Low-Value),20.0,3.0,1298.33,432.77666666666664,1.0,0.3333333333333333,0.0495944600609042,0.0,,ความถี่ 90 วันล่าสุดลดลงชัดเจน,ไม่ต้องดำเนินการเป็นพิเศษ
C12302,0.17821637,ต่ำ,3,ลูกค้าใหม่กำลังก่อตัว (New / Developing),18.0,9.0,8810.19,978.9100000000001,4.0,2.0,0.05065472162477856,0.0,,ความเสี่ยงมาจากรูปแบบรวมหลายปัจจัย,ไม่ต้องดำเนินการเป็นพิเศษ
C12476,0.17807992,ต่ำ,3,ลูกค้าใหม่กำลังก่อตัว (New / Developing),52.0,5.0,3571.29,714.258,2.0,0.5,0.03355099897977685,0.0,,ความถี่ 90 วันล่าสุดลดลงชัดเจน,ไม่ต้องดำเนินการเป็นพิเศษ
C11787,0.17761083,ต่ำ,2,ลูกค้าห่างหายมูลค่าต่ำ (Dormant / Low-Value),66.0,15.0,5108.3,340.55333333333334,1.0,0.16666666666666666,0.0810211795267573,0.0,,ไม่ซื้อมา 66 วัน · ความถี่ 90 วันล่าสุดลดลงชัดเจน,ไม่ต้องดำเนินการเป็นพิเศษ
C11939,0.17721447,ต่ำ,2,ลูกค้าห่างหายมูลค่าต่ำ (Dormant / Low-Value),43.0,9.0,6184.68,687.1866666666667,4.0,1.0,0.08535817068084818,0.0,,ความเสี่ยงมาจากรูปแบบรวมหลายปัจจัย,ไม่ต้องดำเนินการเป็นพิเศษ
C12314,0.1770152,ต่ำ,2,ลูกค้าห่างหายมูลค่าต่ำ (Dormant / Low-Value),36.0,9.0,5026.15,558.4611111111111,2.0,2.0,0.03229191335170114,0.0,,ความเสี่ยงมาจากรูปแบบรวมหลายปัจจัย,ไม่ต้องดำเนินการเป็นพิเศษ
C12299,0.1750939,ต่ำ,3,ลูกค้าใหม่กำลังก่อตัว (New / Developing),14.0,4.0,4253.09,1063.2725,4.0,4.0,0.025767481067807716,0.0,,ความเสี่ยงมาจากรูปแบบรวมหลายปัจจัย,ไม่ต้องดำเนินการเป็นพิเศษ
C12172,0.17407522,ต่ำ,0,ลูกค้าคุณค่าสูงที่กำลังห่างหาย (At-Risk High-Value),8.0,20.0,12299.71,614.9855,5.0,1.25,0.05356997206811379,0.0,,ความเสี่ยงมาจากรูปแบบรวมหลายปัจจัย,ไม่ต้องดำเนินการเป็นพิเศษ
C10065,0.17359278,ต่ำ,0,ลูกค้าคุณค่าสูงที่กำลังห่างหาย (At-Risk High-Value),19.0,15.0,9835.94,655.7293333333333,3.0,0.75,0.08586134116000406,0.0,,ความเสี่ยงมาจากรูปแบบรวมหลายปัจจัย,ไม่ต้องดำเนินการเป็นพิเศษ
C11473,0.17323788,ต่ำ,0,ลูกค้าคุณค่าสูงที่กำลังห่างหาย (At-Risk High-Value),15.0,15.0,10727.0,715.1333333333333,2.0,1.0,0.12304940419353573,0.0,,ซื้อเมื่อมีส่วนลดเป็นหลัก (12%),ไม่ต้องดำเนินการเป็นพิเศษ
C12196,0.17183714,ต่ำ,2,ลูกค้าห่างหายมูลค่าต่ำ (Dormant / Low-Value),53.0,8.0,4207.79,525.97375,2.0,1.0,0.08071658747064285,0.0,,ความเสี่ยงมาจากรูปแบบรวมหลายปัจจัย,ไม่ต้องดำเนินการเป็นพิเศษ
C11820,0.1717326,ต่ำ,0,ลูกค้าคุณค่าสูงที่กำลังห่างหาย (At-Risk High-Value),27.0,16.0,18569.02,1160.56375,4.0,0.8,0.02176979980255249,0.0,,ความเสี่ยงมาจากรูปแบบรวมหลายปัจจัย,ไม่ต้องดำเนินการเป็นพิเศษ
C12511,0.17166059,ต่ำ,2,ลูกค้าห่างหายมูลค่าต่ำ (Dormant / Low-Value),75.0,9.0,5293.91,588.2122222222222,2.0,0.5,0.02420542539210319,0.0,,ไม่ซื้อมา 75 วัน · ความถี่ 90 วันล่าสุดลดลงชัดเจน,ไม่ต้องดำเนินการเป็นพิเศษ
C11002,0.17148738,ต่ำ,1,ลูกค้าชั้นยอด (Champions),32.0,16.0,20018.7,1251.16875,3.0,0.6,0.0,0.0,,ความเสี่ยงมาจากรูปแบบรวมหลายปัจจัย,ไม่ต้องดำเนินการเป็นพิเศษ
C12964,0.17133151,ต่ำ,3,ลูกค้าใหม่กำลังก่อตัว (New / Developing),37.0,2.0,1653.8899999999999,826.9449999999999,2.0,2.0,0.014573837399827212,1.0,3.0,มีเรื่องร้องเรียนค้าง 1 เรื่อง,ไม่ต้องดำเนินการเป็นพิเศษ
C10513,0.17104173,ต่ำ,3,ลูกค้าใหม่กำลังก่อตัว (New / Developing),19.0,3.0,1847.09,615.6966666666666,2.0,1.0,0.06511484304614981,0.0,,ความเสี่ยงมาจากรูปแบบรวมหลายปัจจัย,ไม่ต้องดำเนินการเป็นพิเศษ
C11920,0.17062755,ต่ำ,2,ลูกค้าห่างหายมูลค่าต่ำ (Dormant / Low-Value),66.0,13.0,4816.91,370.53153846153845,2.0,0.5,0.09398675845465146,0.0,5.0,ไม่ซื้อมา 66 วัน · ความถี่ 90 วันล่าสุดลดลงชัดเจน,ไม่ต้องดำเนินการเป็นพิเศษ
C11166,0.17043003,ต่ำ,2,ลูกค้าห่างหายมูลค่าต่ำ (Dormant / Low-Value),29.0,4.0,2372.58,593.145,3.0,1.5,0.10807275023871643,0.0,4.0,ซื้อเมื่อมีส่วนลดเป็นหลัก (11%),ไม่ต้องดำเนินการเป็นพิเศษ
C12840,0.1702027,ต่ำ,2,ลูกค้าห่างหายมูลค่าต่ำ (Dormant / Low-Value),34.0,5.0,1776.54,355.308,1.0,0.3333333333333333,0.05118619083733003,0.0,,ความถี่ 90 วันล่าสุดลดลงชัดเจน,ไม่ต้องดำเนินการเป็นพิเศษ
C10570,0.17001721,ต่ำ,0,ลูกค้าคุณค่าสูงที่กำลังห่างหาย (At-Risk High-Value),13.0,9.0,15977.38,1775.2644444444443,1.0,0.14285714285714285,0.058654055197370394,0.0,,ความถี่ 90 วันล่าสุดลดลงชัดเจน,ไม่ต้องดำเนินการเป็นพิเศษ
C11666,0.16999632,ต่ำ,3,ลูกค้าใหม่กำลังก่อตัว (New / Developing),34.0,6.0,2457.18,409.53,6.0,6.0,0.03725325789692273,0.0,,ความเสี่ยงมาจากรูปแบบรวมหลายปัจจัย,ไม่ต้องดำเนินการเป็นพิเศษ
C12315,0.16964373,ต่ำ,2,ลูกค้าห่างหายมูลค่าต่ำ (Dormant / Low-Value),44.0,7.0,3188.01,455.43,1.0,0.25,0.11192545545712851,0.0,,ความถี่ 90 วันล่าสุดลดลงชัดเจน · ซื้อเมื่อมีส่วนลดเป็นหลัก (11%),ไม่ต้องดำเนินการเป็นพิเศษ
C10615,0.1693221,ต่ำ,3,ลูกค้าใหม่กำลังก่อตัว (New / Developing),51.0,4.0,4330.9400000000005,1082.7350000000001,3.0,1.5,0.0207563637021394,0.0,,ความเสี่ยงมาจากรูปแบบรวมหลายปัจจัย,ไม่ต้องดำเนินการเป็นพิเศษ
C12083,0.16918285,ต่ำ,0,ลูกค้าคุณค่าสูงที่กำลังห่างหาย (At-Risk High-Value),11.0,13.0,15086.65,1160.5115384615385,4.0,1.3333333333333333,0.02876560822172495,0.0,,ความเสี่ยงมาจากรูปแบบรวมหลายปัจจัย,ไม่ต้องดำเนินการเป็นพิเศษ
C11210,0.16915178,ต่ำ,1,ลูกค้าชั้นยอด (Champions),22.0,23.0,24942.19,1084.4430434782607,4.0,0.5714285714285714,0.011843368343651808,0.0,,ความถี่ 90 วันล่าสุดลดลงชัดเจน,ไม่ต้องดำเนินการเป็นพิเศษ
C10746,0.16879638,ต่ำ,1,ลูกค้าชั้นยอด (Champions),42.0,37.0,43578.58,1177.7994594594595,4.0,0.6666666666666666,0.019542297171609088,0.0,,ความเสี่ยงมาจากรูปแบบรวมหลายปัจจัย,ไม่ต้องดำเนินการเป็นพิเศษ
C12270,0.16870245,ต่ำ,0,ลูกค้าคุณค่าสูงที่กำลังห่างหาย (At-Risk High-Value),33.0,14.0,19930.06,1423.5757142857144,3.0,0.5,0.0,0.0,,ความถี่ 90 วันล่าสุดลดลงชัดเจน,ไม่ต้องดำเนินการเป็นพิเศษ
C10205,0.16815093,ต่ำ,3,ลูกค้าใหม่กำลังก่อตัว (New / Developing),18.0,3.0,1853.6499999999999,617.8833333333333,2.0,1.0,0.07635695030619517,0.0,,ความเสี่ยงมาจากรูปแบบรวมหลายปัจจัย,ไม่ต้องดำเนินการเป็นพิเศษ
C12833,0.16721827,ต่ำ,2,ลูกค้าห่างหายมูลค่าต่ำ (Dormant / Low-Value),61.0,13.0,5489.19,422.2453846153846,2.0,1.0,0.12378485025524132,0.0,,ไม่ซื้อมา 61 วัน · ซื้อเมื่อมีส่วนลดเป็นหลัก (12%),ไม่ต้องดำเนินการเป็นพิเศษ
C12709,0.16703255,ต่ำ,1,ลูกค้าชั้นยอด (Champions),20.0,26.0,38064.71,1464.0273076923077,2.0,0.4,0.03970768948604986,0.0,,ความถี่ 90 วันล่าสุดลดลงชัดเจน,ไม่ต้องดำเนินการเป็นพิเศษ
C12296,0.16546105,ต่ำ,3,ลูกค้าใหม่กำลังก่อตัว (New / Developing),43.0,5.0,3711.64,742.328,2.0,0.6666666666666666,0.03154060513708996,0.0,3.5,ความเสี่ยงมาจากรูปแบบรวมหลายปัจจัย,ไม่ต้องดำเนินการเป็นพิเศษ
C12097,0.16525443,ต่ำ,1,ลูกค้าชั้นยอด (Champions),22.0,29.0,33841.38,1166.9441379310344,3.0,0.6,0.02094807938329188,0.0,,ความเสี่ยงมาจากรูปแบบรวมหลายปัจจัย,ไม่ต้องดำเนินการเป็นพิเศษ
C11732,0.16511948,ต่ำ,1,ลูกค้าชั้นยอด (Champions),42.0,17.0,49683.77,2922.5747058823526,4.0,0.8,0.05561632800624523,0.0,3.0,ความเสี่ยงมาจากรูปแบบรวมหลายปัจจัย,ไม่ต้องดำเนินการเป็นพิเศษ
C11875,0.16499266,ต่ำ,3,ลูกค้าใหม่กำลังก่อตัว (New / Developing),4.0,3.0,2924.54,974.8466666666667,2.0,1.0,0.06878391114960389,0.0,3.0,ความเสี่ยงมาจากรูปแบบรวมหลายปัจจัย,ไม่ต้องดำเนินการเป็นพิเศษ
C12728,0.16432998,ต่ำ,0,ลูกค้าคุณค่าสูงที่กำลังห่างหาย (At-Risk High-Value),41.0,17.0,23975.41,1410.3182352941176,3.0,0.42857142857142855,0.01552912095131726,0.0,,ความถี่ 90 วันล่าสุดลดลงชัดเจน,ไม่ต้องดำเนินการเป็นพิเศษ
C12598,0.16430281,ต่ำ,2,ลูกค้าห่างหายมูลค่าต่ำ (Dormant / Low-Value),37.0,4.0,1585.61,396.4025,1.0,0.3333333333333333,0.05967715153240345,0.0,,ความถี่ 90 วันล่าสุดลดลงชัดเจน,ไม่ต้องดำเนินการเป็นพิเศษ
C11263,0.16427754,ต่ำ,2,ลูกค้าห่างหายมูลค่าต่ำ (Dormant / Low-Value),107.0,7.0,3340.92,477.2742857142857,0.0,0.0,0.023816411146466106,0.0,,ไม่ซื้อมา 107 วัน · ความถี่ 90 วันล่าสุดลดลงชัดเจน · ไม่มีการซื้อเลยใน 90 วันล่าสุด,ไม่ต้องดำเนินการเป็นพิเศษ
C11893,0.16407055,ต่ำ,2,ลูกค้าห่างหายมูลค่าต่ำ (Dormant / Low-Value),23.0,10.0,4247.5599999999995,424.756,2.0,0.5,0.06318220214687596,0.0,,ความถี่ 90 วันล่าสุดลดลงชัดเจน,ไม่ต้องดำเนินการเป็นพิเศษ
C10785,0.16390048,ต่ำ,2,ลูกค้าห่างหายมูลค่าต่ำ (Dormant / Low-Value),30.0,5.0,3803.5299999999997,760.7059999999999,3.0,1.0,0.03324581313717965,0.0,4.0,ความเสี่ยงมาจากรูปแบบรวมหลายปัจจัย,ไม่ต้องดำเนินการเป็นพิเศษ
C11198,0.16387701,ต่ำ,2,ลูกค้าห่างหายมูลค่าต่ำ (Dormant / Low-Value),40.0,8.0,4033.9100000000003,504.23875000000004,3.0,3.0,0.05440016127595535,0.0,3.0,ความเสี่ยงมาจากรูปแบบรวมหลายปัจจัย,ไม่ต้องดำเนินการเป็นพิเศษ
C11248,0.16303709,ต่ำ,0,ลูกค้าคุณค่าสูงที่กำลังห่างหาย (At-Risk High-Value),16.0,22.0,20412.59,927.845,3.0,0.5,0.00414148470933988,0.0,,ความถี่ 90 วันล่าสุดลดลงชัดเจน,ไม่ต้องดำเนินการเป็นพิเศษ
C11687,0.16265985,ต่ำ,3,ลูกค้าใหม่กำลังก่อตัว (New / Developing),28.0,6.0,7876.64,1312.7733333333333,3.0,1.0,0.026713770090314514,0.0,,ความเสี่ยงมาจากรูปแบบรวมหลายปัจจัย,ไม่ต้องดำเนินการเป็นพิเศษ
C12749,0.16225843,ต่ำ,0,ลูกค้าคุณค่าสูงที่กำลังห่างหาย (At-Risk High-Value),40.0,25.0,32501.329999999998,1300.0531999999998,3.0,0.5,0.007111843204630763,0.0,,ความถี่ 90 วันล่าสุดลดลงชัดเจน,ไม่ต้องดำเนินการเป็นพิเศษ
C12565,0.16173893,ต่ำ,3,ลูกค้าใหม่กำลังก่อตัว (New / Developing),5.0,5.0,5885.22,1177.044,5.0,5.0,0.020581172229812827,0.0,,ความเสี่ยงมาจากรูปแบบรวมหลายปัจจัย,ไม่ต้องดำเนินการเป็นพิเศษ
C10251,0.1605042,ต่ำ,0,ลูกค้าคุณค่าสูงที่กำลังห่างหาย (At-Risk High-Value),10.0,19.0,21996.6,1157.715789473684,3.0,1.5,0.049955038651211356,0.0,,ความเสี่ยงมาจากรูปแบบรวมหลายปัจจัย,ไม่ต้องดำเนินการเป็นพิเศษ
C10014,0.1604629,ต่ำ,1,ลูกค้าชั้นยอด (Champions),47.0,22.0,28895.31,1313.4231818181818,7.0,0.875,0.044379410541048415,0.0,,ความเสี่ยงมาจากรูปแบบรวมหลายปัจจัย,ไม่ต้องดำเนินการเป็นพิเศษ
C11692,0.16025962,ต่ำ,2,ลูกค้าห่างหายมูลค่าต่ำ (Dormant / Low-Value),27.0,3.0,1417.12,472.3733333333333,2.0,1.0,0.11951686258915922,0.0,,ซื้อเมื่อมีส่วนลดเป็นหลัก (12%),ไม่ต้องดำเนินการเป็นพิเศษ
C12450,0.16015816,ต่ำ,1,ลูกค้าชั้นยอด (Champions),12.0,15.0,21940.16,1462.6773333333333,1.0,0.14285714285714285,0.0,0.0,,ความถี่ 90 วันล่าสุดลดลงชัดเจน,ไม่ต้องดำเนินการเป็นพิเศษ
C10490,0.1599904,ต่ำ,2,ลูกค้าห่างหายมูลค่าต่ำ (Dormant / Low-Value),44.0,8.0,5278.22,659.7775,2.0,1.0,0.04134503964866524,0.0,,ความเสี่ยงมาจากรูปแบบรวมหลายปัจจัย,ไม่ต้องดำเนินการเป็นพิเศษ
C12396,0.15974048,ต่ำ,1,ลูกค้าชั้นยอด (Champions),23.0,30.0,44708.549999999996,1490.2849999999999,4.0,0.5714285714285714,0.026471217148598278,0.0,3.0,ความถี่ 90 วันล่าสุดลดลงชัดเจน,ไม่ต้องดำเนินการเป็นพิเศษ
C10373,0.15965307,ต่ำ,2,ลูกค้าห่างหายมูลค่าต่ำ (Dormant / Low-Value),36.0,4.0,1129.6799999999998,282.41999999999996,2.0,1.0,0.0066214683303875265,0.0,3.0,ความเสี่ยงมาจากรูปแบบรวมหลายปัจจัย,ไม่ต้องดำเนินการเป็นพิเศษ
C11185,0.15920027,ต่ำ,1,ลูกค้าชั้นยอด (Champions),46.0,76.0,191834.78,2524.141842105263,8.0,0.6153846153846154,0.0,0.0,,ความเสี่ยงมาจากรูปแบบรวมหลายปัจจัย,ไม่ต้องดำเนินการเป็นพิเศษ
C10153,0.15901554,ต่ำ,2,ลูกค้าห่างหายมูลค่าต่ำ (Dormant / Low-Value),34.0,12.0,5424.66,452.055,1.0,0.3333333333333333,0.0718969903625218,0.0,5.0,ความถี่ 90 วันล่าสุดลดลงชัดเจน,ไม่ต้องดำเนินการเป็นพิเศษ
C10046,0.15886016,ต่ำ,2,ลูกค้าห่างหายมูลค่าต่ำ (Dormant / Low-Value),92.0,2.0,1540.57,770.285,0.0,0.0,0.11052540415704387,1.0,4.0,ไม่ซื้อมา 92 วัน · ความถี่ 90 วันล่าสุดลดลงชัดเจน · ไม่มีการซื้อเลยใน 90 วันล่าสุด · มีเรื่องร้องเรียนค้าง 1 เรื่อง · ซื้อเมื่อมีส่วนลดเป็นหลัก (11%),ไม่ต้องดำเนินการเป็นพิเศษ
C10222,0.15884535,ต่ำ,0,ลูกค้าคุณค่าสูงที่กำลังห่างหาย (At-Risk High-Value),36.0,18.0,9310.34,517.2411111111111,2.0,0.4,0.036406164291406626,0.0,,ความถี่ 90 วันล่าสุดลดลงชัดเจน,ไม่ต้องดำเนินการเป็นพิเศษ
C12896,0.15880167,ต่ำ,0,ลูกค้าคุณค่าสูงที่กำลังห่างหาย (At-Risk High-Value),36.0,19.0,25165.17,1324.4826315789473,5.0,1.6666666666666667,0.008228123725316712,0.0,,ความเสี่ยงมาจากรูปแบบรวมหลายปัจจัย,ไม่ต้องดำเนินการเป็นพิเศษ
C12056,0.15866135,ต่ำ,0,ลูกค้าคุณค่าสูงที่กำลังห่างหาย (At-Risk High-Value),12.0,29.0,31960.8,1102.096551724138,5.0,0.8333333333333334,0.03101258166531297,0.0,,ความเสี่ยงมาจากรูปแบบรวมหลายปัจจัย,ไม่ต้องดำเนินการเป็นพิเศษ
C12427,0.15799889,ต่ำ,1,ลูกค้าชั้นยอด (Champions),26.0,42.0,55524.15,1322.0035714285714,5.0,1.0,0.028998288632469397,0.0,,ความเสี่ยงมาจากรูปแบบรวมหลายปัจจัย,ไม่ต้องดำเนินการเป็นพิเศษ
C12818,0.15768914,ต่ำ,0,ลูกค้าคุณค่าสูงที่กำลังห่างหาย (At-Risk High-Value),3.0,27.0,23394.89,866.4774074074074,5.0,0.8333333333333334,0.06050202638558029,0.0,4.0,ความเสี่ยงมาจากรูปแบบรวมหลายปัจจัย,ไม่ต้องดำเนินการเป็นพิเศษ
C12333,0.15711728,ต่ำ,3,ลูกค้าใหม่กำลังก่อตัว (New / Developing),61.0,4.0,3865.9399999999996,966.4849999999999,2.0,0.6666666666666666,0.013969408602013412,0.0,,ไม่ซื้อมา 61 วัน,ไม่ต้องดำเนินการเป็นพิเศษ
C11318,0.15692113,ต่ำ,3,ลูกค้าใหม่กำลังก่อตัว (New / Developing),5.0,3.0,5612.4,1870.8,3.0,3.0,0.0031084033464182314,0.0,,ความเสี่ยงมาจากรูปแบบรวมหลายปัจจัย,ไม่ต้องดำเนินการเป็นพิเศษ
C10282,0.15690945,ต่ำ,1,ลูกค้าชั้นยอด (Champions),30.0,18.0,32418.85,1801.0472222222222,3.0,0.6,0.023513320088145957,0.0,,ความเสี่ยงมาจากรูปแบบรวมหลายปัจจัย,ไม่ต้องดำเนินการเป็นพิเศษ
C12400,0.15640393,ต่ำ,2,ลูกค้าห่างหายมูลค่าต่ำ (Dormant / Low-Value),35.0,12.0,4737.0,394.75,2.0,1.0,0.0403685373774125,0.0,,ความเสี่ยงมาจากรูปแบบรวมหลายปัจจัย,ไม่ต้องดำเนินการเป็นพิเศษ
C12446,0.15602203,ต่ำ,0,ลูกค้าคุณค่าสูงที่กำลังห่างหาย (At-Risk High-Value),58.0,18.0,10061.19,558.955,4.0,1.0,0.12308710044607449,0.0,,ซื้อเมื่อมีส่วนลดเป็นหลัก (12%),ไม่ต้องดำเนินการเป็นพิเศษ
C11092,0.15572028,ต่ำ,0,ลูกค้าคุณค่าสูงที่กำลังห่างหาย (At-Risk High-Value),47.0,10.0,5540.9,554.0899999999999,1.0,0.5,0.0196324749728408,0.0,3.0,ความถี่ 90 วันล่าสุดลดลงชัดเจน,ไม่ต้องดำเนินการเป็นพิเศษ
C12708,0.15486225,ต่ำ,0,ลูกค้าคุณค่าสูงที่กำลังห่างหาย (At-Risk High-Value),34.0,17.0,13457.78,791.6341176470588,4.0,0.6666666666666666,0.0,0.0,4.0,ความเสี่ยงมาจากรูปแบบรวมหลายปัจจัย,ไม่ต้องดำเนินการเป็นพิเศษ
C12042,0.15485168,ต่ำ,0,ลูกค้าคุณค่าสูงที่กำลังห่างหาย (At-Risk High-Value),23.0,21.0,28520.7,1358.1285714285714,3.0,0.5,0.01932487745300302,0.0,,ความถี่ 90 วันล่าสุดลดลงชัดเจน,ไม่ต้องดำเนินการเป็นพิเศษ
C12422,0.15479207,ต่ำ,2,ลูกค้าห่างหายมูลค่าต่ำ (Dormant / Low-Value),7.0,6.0,1971.51,328.585,1.0,0.3333333333333333,0.05186692059095106,0.0,,ความถี่ 90 วันล่าสุดลดลงชัดเจน,ไม่ต้องดำเนินการเป็นพิเศษ
C11876,0.15450084,ต่ำ,2,ลูกค้าห่างหายมูลค่าต่ำ (Dormant / Low-Value),4.0,9.0,2411.02,267.8911111111111,2.0,0.6666666666666666,0.04425866244891325,0.0,,ความเสี่ยงมาจากรูปแบบรวมหลายปัจจัย,ไม่ต้องดำเนินการเป็นพิเศษ
C12482,0.15365152,ต่ำ,1,ลูกค้าชั้นยอด (Champions),31.0,16.0,35536.42,2221.02625,2.0,0.18181818181818182,0.015349788309356505,0.0,,ความถี่ 90 วันล่าสุดลดลงชัดเจน,ไม่ต้องดำเนินการเป็นพิเศษ
C10994,0.15356721,ต่ำ,0,ลูกค้าคุณค่าสูงที่กำลังห่างหาย (At-Risk High-Value),53.0,11.0,8000.0199999999995,727.2745454545454,2.0,1.0,0.06151848276072417,0.0,,ความเสี่ยงมาจากรูปแบบรวมหลายปัจจัย,ไม่ต้องดำเนินการเป็นพิเศษ
C11199,0.15346402,ต่ำ,0,ลูกค้าคุณค่าสูงที่กำลังห่างหาย (At-Risk High-Value),87.0,11.0,5044.44,458.5854545454545,1.0,0.25,0.09407084811206393,0.0,,ไม่ซื้อมา 87 วัน · ความถี่ 90 วันล่าสุดลดลงชัดเจน,ไม่ต้องดำเนินการเป็นพิเศษ
C11184,0.15341039,ต่ำ,1,ลูกค้าชั้นยอด (Champions),23.0,65.0,146823.89,2258.829076923077,6.0,0.375,0.02069975891656859,0.0,,ความถี่ 90 วันล่าสุดลดลงชัดเจน,ไม่ต้องดำเนินการเป็นพิเศษ
C11179,0.1519874,ต่ำ,2,ลูกค้าห่างหายมูลค่าต่ำ (Dormant / Low-Value),49.0,14.0,6950.04,496.43142857142857,3.0,1.5,0.08377419580225985,0.0,,ความเสี่ยงมาจากรูปแบบรวมหลายปัจจัย,ไม่ต้องดำเนินการเป็นพิเศษ
C12047,0.15148841,ต่ำ,2,ลูกค้าห่างหายมูลค่าต่ำ (Dormant / Low-Value),44.0,7.0,3146.86,449.5514285714286,2.0,0.6666666666666666,0.057617555985457855,0.0,,ความเสี่ยงมาจากรูปแบบรวมหลายปัจจัย,ไม่ต้องดำเนินการเป็นพิเศษ
C12742,0.15126817,ต่ำ,1,ลูกค้าชั้นยอด (Champions),43.0,33.0,46458.56,1407.8351515151514,5.0,0.7142857142857143,0.01787559865254951,0.0,,ความเสี่ยงมาจากรูปแบบรวมหลายปัจจัย,ไม่ต้องดำเนินการเป็นพิเศษ
C12341,0.15121165,ต่ำ,0,ลูกค้าคุณค่าสูงที่กำลังห่างหาย (At-Risk High-Value),36.0,27.0,27343.21,1012.7114814814814,4.0,0.36363636363636365,0.01754168490145311,0.0,3.0,ความถี่ 90 วันล่าสุดลดลงชัดเจน,ไม่ต้องดำเนินการเป็นพิเศษ
C11806,0.15109682,ต่ำ,2,ลูกค้าห่างหายมูลค่าต่ำ (Dormant / Low-Value),8.0,8.0,5956.700000000001,744.5875000000001,4.0,2.0,0.03846805735583962,1.0,4.0,มีเรื่องร้องเรียนค้าง 1 เรื่อง,ไม่ต้องดำเนินการเป็นพิเศษ
C10340,0.1510448,ต่ำ,1,ลูกค้าชั้นยอด (Champions),14.0,23.0,34227.62,1488.157391304348,5.0,1.25,0.017870941621093338,0.0,,ความเสี่ยงมาจากรูปแบบรวมหลายปัจจัย,ไม่ต้องดำเนินการเป็นพิเศษ
C10968,0.15045522,ต่ำ,2,ลูกค้าห่างหายมูลค่าต่ำ (Dormant / Low-Value),75.0,5.0,2014.54,402.908,1.0,0.3333333333333333,0.040055274945201565,0.0,4.0,ไม่ซื้อมา 75 วัน · ความถี่ 90 วันล่าสุดลดลงชัดเจน,ไม่ต้องดำเนินการเป็นพิเศษ
C10818,0.15035896,ต่ำ,1,ลูกค้าชั้นยอด (Champions),8.0,38.0,65936.07,1735.1597368421055,3.0,0.42857142857142855,0.0201416435941397,0.0,,ความถี่ 90 วันล่าสุดลดลงชัดเจน,ไม่ต้องดำเนินการเป็นพิเศษ
C11303,0.1500025,ต่ำ,2,ลูกค้าห่างหายมูลค่าต่ำ (Dormant / Low-Value),62.0,7.0,3196.85,456.6928571428571,1.0,0.5,0.0981553209075855,0.0,,ไม่ซื้อมา 62 วัน · ความถี่ 90 วันล่าสุดลดลงชัดเจน,ไม่ต้องดำเนินการเป็นพิเศษ
C10250,0.14977086,ต่ำ,2,ลูกค้าห่างหายมูลค่าต่ำ (Dormant / Low-Value),60.0,5.0,3017.0,603.4,2.0,1.0,0.07670650161430997,0.0,5.0,ความเสี่ยงมาจากรูปแบบรวมหลายปัจจัย,ไม่ต้องดำเนินการเป็นพิเศษ
C10379,0.1497017,ต่ำ,2,ลูกค้าห่างหายมูลค่าต่ำ (Dormant / Low-Value),32.0,8.0,3460.2400000000002,432.53000000000003,1.0,0.3333333333333333,0.07903758117747259,0.0,,ความถี่ 90 วันล่าสุดลดลงชัดเจน,ไม่ต้องดำเนินการเป็นพิเศษ
C10351,0.14969364,ต่ำ,2,ลูกค้าห่างหายมูลค่าต่ำ (Dormant / Low-Value),31.0,4.0,1395.29,348.8225,2.0,0.6666666666666666,0.03417413093738319,0.0,,ความเสี่ยงมาจากรูปแบบรวมหลายปัจจัย,ไม่ต้องดำเนินการเป็นพิเศษ
C11327,0.1493635,ต่ำ,3,ลูกค้าใหม่กำลังก่อตัว (New / Developing),209.0,2.0,566.0899999999999,283.04499999999996,0.0,0.0,0.06759672557771812,0.0,,ไม่ซื้อมา 209 วัน · ความถี่ 90 วันล่าสุดลดลงชัดเจน · ไม่มีการซื้อเลยใน 90 วันล่าสุด,ไม่ต้องดำเนินการเป็นพิเศษ
C11275,0.14932859,ต่ำ,3,ลูกค้าใหม่กำลังก่อตัว (New / Developing),181.0,2.0,2584.24,1292.12,0.0,0.0,0.08974864743011725,0.0,3.0,ไม่ซื้อมา 181 วัน · ความถี่ 90 วันล่าสุดลดลงชัดเจน · ไม่มีการซื้อเลยใน 90 วันล่าสุด,ไม่ต้องดำเนินการเป็นพิเศษ
C11106,0.14922532,ต่ำ,0,ลูกค้าคุณค่าสูงที่กำลังห่างหาย (At-Risk High-Value),17.0,8.0,5827.5599999999995,728.4449999999999,3.0,1.5,0.08190533206248178,0.0,,ความเสี่ยงมาจากรูปแบบรวมหลายปัจจัย,ไม่ต้องดำเนินการเป็นพิเศษ
C12128,0.14897417,ต่ำ,3,ลูกค้าใหม่กำลังก่อตัว (New / Developing),7.0,4.0,4367.66,1091.915,4.0,4.0,0.032421283958165806,0.0,,ความเสี่ยงมาจากรูปแบบรวมหลายปัจจัย,ไม่ต้องดำเนินการเป็นพิเศษ
C12127,0.14856982,ต่ำ,3,ลูกค้าใหม่กำลังก่อตัว (New / Developing),17.0,4.0,3363.32,840.83,4.0,4.0,0.10694171908647476,0.0,,ซื้อเมื่อมีส่วนลดเป็นหลัก (11%),ไม่ต้องดำเนินการเป็นพิเศษ
C12023,0.14797401,ต่ำ,1,ลูกค้าชั้นยอด (Champions),52.0,19.0,35634.44,1875.4968421052633,2.0,0.4,0.02259598307653275,0.0,,ความถี่ 90 วันล่าสุดลดลงชัดเจน,ไม่ต้องดำเนินการเป็นพิเศษ
C12857,0.14773251,ต่ำ,2,ลูกค้าห่างหายมูลค่าต่ำ (Dormant / Low-Value),37.0,5.0,2912.09,582.418,1.0,0.3333333333333333,0.017927662085827502,0.0,3.0,ความถี่ 90 วันล่าสุดลดลงชัดเจน,ไม่ต้องดำเนินการเป็นพิเศษ
C10486,0.14724278,ต่ำ,2,ลูกค้าห่างหายมูลค่าต่ำ (Dormant / Low-Value),55.0,15.0,5517.44,367.8293333333333,3.0,1.5,0.07421775373504973,0.0,5.0,ความเสี่ยงมาจากรูปแบบรวมหลายปัจจัย,ไม่ต้องดำเนินการเป็นพิเศษ
C12194,0.14720258,ต่ำ,3,ลูกค้าใหม่กำลังก่อตัว (New / Developing),33.0,8.0,3922.98,490.3725,1.0,0.2,0.03427920132538039,0.0,4.5,ความถี่ 90 วันล่าสุดลดลงชัดเจน,ไม่ต้องดำเนินการเป็นพิเศษ
C10191,0.145981,ต่ำ,3,ลูกค้าใหม่กำลังก่อตัว (New / Developing),30.0,4.0,3757.19,939.2975,3.0,1.5,0.0,0.0,,ความเสี่ยงมาจากรูปแบบรวมหลายปัจจัย,ไม่ต้องดำเนินการเป็นพิเศษ
C12722,0.14585784,ต่ำ,1,ลูกค้าชั้นยอด (Champions),11.0,25.0,40442.62,1617.7048000000002,7.0,1.75,0.013571537284775448,0.0,,ความเสี่ยงมาจากรูปแบบรวมหลายปัจจัย,ไม่ต้องดำเนินการเป็นพิเศษ
C11776,0.14559828,ต่ำ,2,ลูกค้าห่างหายมูลค่าต่ำ (Dormant / Low-Value),43.0,8.0,2380.07,297.50875,2.0,2.0,0.08116048334169787,0.0,,ความเสี่ยงมาจากรูปแบบรวมหลายปัจจัย,ไม่ต้องดำเนินการเป็นพิเศษ
C11716,0.14556408,ต่ำ,0,ลูกค้าคุณค่าสูงที่กำลังห่างหาย (At-Risk High-Value),19.0,19.0,25910.96,1363.7347368421051,4.0,0.8,0.023779562446405934,0.0,,ความเสี่ยงมาจากรูปแบบรวมหลายปัจจัย,ไม่ต้องดำเนินการเป็นพิเศษ
C11845,0.14540344,ต่ำ,0,ลูกค้าคุณค่าสูงที่กำลังห่างหาย (At-Risk High-Value),13.0,17.0,13447.82,791.0482352941176,5.0,2.5,0.0290985541691996,0.0,3.0,ความเสี่ยงมาจากรูปแบบรวมหลายปัจจัย,ไม่ต้องดำเนินการเป็นพิเศษ
C10064,0.1451501,ต่ำ,2,ลูกค้าห่างหายมูลค่าต่ำ (Dormant / Low-Value),57.0,7.0,3986.59,569.5128571428571,3.0,0.75,0.06166751792947778,0.0,,ความเสี่ยงมาจากรูปแบบรวมหลายปัจจัย,ไม่ต้องดำเนินการเป็นพิเศษ
C10737,0.14510721,ต่ำ,3,ลูกค้าใหม่กำลังก่อตัว (New / Developing),140.0,2.0,349.69,174.845,0.0,0.0,0.024139085784450523,0.0,,ไม่ซื้อมา 140 วัน · ความถี่ 90 วันล่าสุดลดลงชัดเจน · ไม่มีการซื้อเลยใน 90 วันล่าสุด,ไม่ต้องดำเนินการเป็นพิเศษ
C10640,0.14394508,ต่ำ,2,ลูกค้าห่างหายมูลค่าต่ำ (Dormant / Low-Value),10.0,8.0,3081.0,385.125,4.0,1.3333333333333333,0.13020156964598273,0.0,2.3333333333333335,ซื้อเมื่อมีส่วนลดเป็นหลัก (13%),ไม่ต้องดำเนินการเป็นพิเศษ
C12822,0.14364707,ต่ำ,2,ลูกค้าห่างหายมูลค่าต่ำ (Dormant / Low-Value),55.0,15.0,6591.87,439.45799999999997,3.0,0.75,0.13300688925891146,0.0,3.0,ซื้อเมื่อมีส่วนลดเป็นหลัก (13%),ไม่ต้องดำเนินการเป็นพิเศษ
C11024,0.14337276,ต่ำ,0,ลูกค้าคุณค่าสูงที่กำลังห่างหาย (At-Risk High-Value),15.0,14.0,9053.89,646.7064285714285,2.0,0.5,0.0931328064745535,0.0,,ความถี่ 90 วันล่าสุดลดลงชัดเจน,ไม่ต้องดำเนินการเป็นพิเศษ
C11312,0.14266321,ต่ำ,1,ลูกค้าชั้นยอด (Champions),8.0,28.0,39724.09,1418.7175,4.0,1.3333333333333333,0.012375854230546714,0.0,4.0,ความเสี่ยงมาจากรูปแบบรวมหลายปัจจัย,ไม่ต้องดำเนินการเป็นพิเศษ
C12589,0.14207141,ต่ำ,3,ลูกค้าใหม่กำลังก่อตัว (New / Developing),102.0,2.0,1077.33,538.665,0.0,0.0,0.0,0.0,,ไม่ซื้อมา 102 วัน · ความถี่ 90 วันล่าสุดลดลงชัดเจน · ไม่มีการซื้อเลยใน 90 วันล่าสุด,ไม่ต้องดำเนินการเป็นพิเศษ
C12376,0.14176226,ต่ำ,3,ลูกค้าใหม่กำลังก่อตัว (New / Developing),38.0,6.0,5829.22,971.5366666666667,5.0,2.5,0.021859253056889093,0.0,,ความเสี่ยงมาจากรูปแบบรวมหลายปัจจัย,ไม่ต้องดำเนินการเป็นพิเศษ
C10904,0.1416527,ต่ำ,2,ลูกค้าห่างหายมูลค่าต่ำ (Dormant / Low-Value),52.0,8.0,3091.17,386.39625,1.0,1.0,0.05838255407681787,0.0,,ความเสี่ยงมาจากรูปแบบรวมหลายปัจจัย,ไม่ต้องดำเนินการเป็นพิเศษ
C12310,0.14142503,ต่ำ,3,ลูกค้าใหม่กำลังก่อตัว (New / Developing),6.0,5.0,5225.04,1045.008,5.0,5.0,0.042278717671426214,0.0,,ความเสี่ยงมาจากรูปแบบรวมหลายปัจจัย,ไม่ต้องดำเนินการเป็นพิเศษ
C10254,0.13987404,ต่ำ,2,ลูกค้าห่างหายมูลค่าต่ำ (Dormant / Low-Value),26.0,6.0,4721.46,786.91,3.0,0.75,0.08417015977452726,0.0,,ความเสี่ยงมาจากรูปแบบรวมหลายปัจจัย,ไม่ต้องดำเนินการเป็นพิเศษ
C11274,0.13942812,ต่ำ,1,ลูกค้าชั้นยอด (Champions),31.0,30.0,45391.38,1513.0459999999998,4.0,0.6666666666666666,0.04034691070444726,0.0,,ความเสี่ยงมาจากรูปแบบรวมหลายปัจจัย,ไม่ต้องดำเนินการเป็นพิเศษ
C12152,0.13902412,ต่ำ,0,ลูกค้าคุณค่าสูงที่กำลังห่างหาย (At-Risk High-Value),8.0,10.0,9416.52,941.652,2.0,0.5,0.09336845662591094,0.0,,ความถี่ 90 วันล่าสุดลดลงชัดเจน,ไม่ต้องดำเนินการเป็นพิเศษ
C10071,0.13846225,ต่ำ,2,ลูกค้าห่างหายมูลค่าต่ำ (Dormant / Low-Value),16.0,5.0,2262.55,452.51000000000005,1.0,1.0,0.05712547351049953,0.0,,ความเสี่ยงมาจากรูปแบบรวมหลายปัจจัย,ไม่ต้องดำเนินการเป็นพิเศษ
C10344,0.13828915,ต่ำ,2,ลูกค้าห่างหายมูลค่าต่ำ (Dormant / Low-Value),18.0,11.0,7218.27,656.2063636363637,3.0,1.5,0.06784053928405392,0.0,,ความเสี่ยงมาจากรูปแบบรวมหลายปัจจัย,ไม่ต้องดำเนินการเป็นพิเศษ
C10482,0.13826522,ต่ำ,2,ลูกค้าห่างหายมูลค่าต่ำ (Dormant / Low-Value),46.0,12.0,4158.36,346.53,1.0,0.25,0.06090491299782071,0.0,,ความถี่ 90 วันล่าสุดลดลงชัดเจน,ไม่ต้องดำเนินการเป็นพิเศษ
C12132,0.13801494,ต่ำ,0,ลูกค้าคุณค่าสูงที่กำลังห่างหาย (At-Risk High-Value),32.0,16.0,13855.9,865.99375,7.0,2.3333333333333335,0.004527650133774747,0.0,,ความเสี่ยงมาจากรูปแบบรวมหลายปัจจัย,ไม่ต้องดำเนินการเป็นพิเศษ
C12455,0.13772526,ต่ำ,3,ลูกค้าใหม่กำลังก่อตัว (New / Developing),2.0,6.0,3834.21,639.035,6.0,6.0,0.005787586249815248,0.0,,ความเสี่ยงมาจากรูปแบบรวมหลายปัจจัย,ไม่ต้องดำเนินการเป็นพิเศษ
C10394,0.13761528,ต่ำ,2,ลูกค้าห่างหายมูลค่าต่ำ (Dormant / Low-Value),14.0,5.0,2719.36,543.8720000000001,2.0,0.5,0.09684018944249968,0.0,,ความถี่ 90 วันล่าสุดลดลงชัดเจน,ไม่ต้องดำเนินการเป็นพิเศษ
C11704,0.13750036,ต่ำ,1,ลูกค้าชั้นยอด (Champions),26.0,32.0,68780.22,2149.381875,12.0,1.0909090909090908,0.0,0.0,,ความเสี่ยงมาจากรูปแบบรวมหลายปัจจัย,ไม่ต้องดำเนินการเป็นพิเศษ
C11947,0.13672747,ต่ำ,1,ลูกค้าชั้นยอด (Champions),16.0,31.0,42139.28,1359.3316129032257,3.0,1.5,0.01618581751826181,0.0,,ความเสี่ยงมาจากรูปแบบรวมหลายปัจจัย,ไม่ต้องดำเนินการเป็นพิเศษ
C11847,0.13668902,ต่ำ,1,ลูกค้าชั้นยอด (Champions),7.0,27.0,42504.0,1574.2222222222222,6.0,1.0,0.013415588934303608,0.0,,ความเสี่ยงมาจากรูปแบบรวมหลายปัจจัย,ไม่ต้องดำเนินการเป็นพิเศษ
C10441,0.13624647,ต่ำ,2,ลูกค้าห่างหายมูลค่าต่ำ (Dormant / Low-Value),8.0,5.0,2125.66,425.13199999999995,2.0,0.6666666666666666,0.061966038268728374,0.0,1.0,คะแนนความพึงพอใจต่ำ (1.0/5),ไม่ต้องดำเนินการเป็นพิเศษ
C10651,0.13612537,ต่ำ,2,ลูกค้าห่างหายมูลค่าต่ำ (Dormant / Low-Value),80.0,10.0,4200.41,420.041,1.0,0.3333333333333333,0.09056838258218727,0.0,4.0,ไม่ซื้อมา 80 วัน · ความถี่ 90 วันล่าสุดลดลงชัดเจน,ไม่ต้องดำเนินการเป็นพิเศษ
C10082,0.1356593,ต่ำ,2,ลูกค้าห่างหายมูลค่าต่ำ (Dormant / Low-Value),7.0,14.0,5752.76,410.9114285714286,5.0,1.6666666666666667,0.02469474876322812,0.0,1.0,คะแนนความพึงพอใจต่ำ (1.0/5),ไม่ต้องดำเนินการเป็นพิเศษ
C11047,0.13544405,ต่ำ,1,ลูกค้าชั้นยอด (Champions),16.0,21.0,25553.82,1216.8485714285714,3.0,0.5,0.05042157952041381,0.0,,ความถี่ 90 วันล่าสุดลดลงชัดเจน,ไม่ต้องดำเนินการเป็นพิเศษ
C12711,0.13497147,ต่ำ,2,ลูกค้าห่างหายมูลค่าต่ำ (Dormant / Low-Value),24.0,8.0,4924.61,615.57625,2.0,0.6666666666666666,0.1235009344130996,0.0,,ซื้อเมื่อมีส่วนลดเป็นหลัก (12%),ไม่ต้องดำเนินการเป็นพิเศษ
C11537,0.13452241,ต่ำ,2,ลูกค้าห่างหายมูลค่าต่ำ (Dormant / Low-Value),21.0,7.0,3998.41,571.2014285714286,2.0,1.0,0.06427697182587694,0.0,,ความเสี่ยงมาจากรูปแบบรวมหลายปัจจัย,ไม่ต้องดำเนินการเป็นพิเศษ
C11335,0.13448048,ต่ำ,1,ลูกค้าชั้นยอด (Champions),20.0,30.0,37525.71,1250.857,2.0,0.2222222222222222,0.022072213877164692,0.0,3.0,ความถี่ 90 วันล่าสุดลดลงชัดเจน,ไม่ต้องดำเนินการเป็นพิเศษ
C11750,0.13428321,ต่ำ,0,ลูกค้าคุณค่าสูงที่กำลังห่างหาย (At-Risk High-Value),41.0,33.0,44058.55,1335.107575757576,3.0,0.5,0.03358755686579016,0.0,,ความถี่ 90 วันล่าสุดลดลงชัดเจน,ไม่ต้องดำเนินการเป็นพิเศษ
C10655,0.13421758,ต่ำ,3,ลูกค้าใหม่กำลังก่อตัว (New / Developing),10.0,3.0,4026.82,1342.2733333333333,3.0,3.0,0.0033166510734563962,0.0,,ความเสี่ยงมาจากรูปแบบรวมหลายปัจจัย,ไม่ต้องดำเนินการเป็นพิเศษ
C10393,0.1339664,ต่ำ,0,ลูกค้าคุณค่าสูงที่กำลังห่างหาย (At-Risk High-Value),44.0,13.0,24733.25,1902.5576923076924,1.0,0.16666666666666666,0.04325334672267393,0.0,,ความถี่ 90 วันล่าสุดลดลงชัดเจน,ไม่ต้องดำเนินการเป็นพิเศษ
C11800,0.13209291,ต่ำ,2,ลูกค้าห่างหายมูลค่าต่ำ (Dormant / Low-Value),18.0,3.0,2117.87,705.9566666666666,2.0,1.0,0.0797351143014813,0.0,5.0,ความเสี่ยงมาจากรูปแบบรวมหลายปัจจัย,ไม่ต้องดำเนินการเป็นพิเศษ
C10638,0.1316355,ต่ำ,3,ลูกค้าใหม่กำลังก่อตัว (New / Developing),191.0,2.0,2947.32,1473.66,0.0,0.0,0.010883463377800152,0.0,,ไม่ซื้อมา 191 วัน · ความถี่ 90 วันล่าสุดลดลงชัดเจน · ไม่มีการซื้อเลยใน 90 วันล่าสุด,ไม่ต้องดำเนินการเป็นพิเศษ
C12980,0.13123742,ต่ำ,0,ลูกค้าคุณค่าสูงที่กำลังห่างหาย (At-Risk High-Value),10.0,35.0,39676.35,1133.61,4.0,0.4444444444444444,0.0394012459395353,0.0,,ความถี่ 90 วันล่าสุดลดลงชัดเจน,ไม่ต้องดำเนินการเป็นพิเศษ
C10852,0.13122188,ต่ำ,1,ลูกค้าชั้นยอด (Champions),33.0,31.0,48522.69,1565.248064516129,5.0,0.8333333333333334,0.011700676780489952,0.0,,ความเสี่ยงมาจากรูปแบบรวมหลายปัจจัย,ไม่ต้องดำเนินการเป็นพิเศษ
C11151,0.129194,ต่ำ,0,ลูกค้าคุณค่าสูงที่กำลังห่างหาย (At-Risk High-Value),26.0,20.0,27094.64,1354.732,3.0,0.5,0.009338194752183178,0.0,,ความถี่ 90 วันล่าสุดลดลงชัดเจน,ไม่ต้องดำเนินการเป็นพิเศษ
C10837,0.12824264,ต่ำ,3,ลูกค้าใหม่กำลังก่อตัว (New / Developing),3.0,6.0,8844.0,1474.0,6.0,6.0,0.04706285463075302,0.0,,ความเสี่ยงมาจากรูปแบบรวมหลายปัจจัย,ไม่ต้องดำเนินการเป็นพิเศษ
C12484,0.12802643,ต่ำ,3,ลูกค้าใหม่กำลังก่อตัว (New / Developing),16.0,7.0,5095.250000000001,727.8928571428572,2.0,0.6666666666666666,0.04406646742199534,0.0,,ความเสี่ยงมาจากรูปแบบรวมหลายปัจจัย,ไม่ต้องดำเนินการเป็นพิเศษ
C12554,0.12790285,ต่ำ,2,ลูกค้าห่างหายมูลค่าต่ำ (Dormant / Low-Value),57.0,5.0,2143.98,428.796,1.0,0.3333333333333333,0.04130391038969749,0.0,,ความถี่ 90 วันล่าสุดลดลงชัดเจน,ไม่ต้องดำเนินการเป็นพิเศษ
C12798,0.12787586,ต่ำ,1,ลูกค้าชั้นยอด (Champions),33.0,35.0,56699.17,1619.9762857142857,3.0,0.5,0.008792852854805782,0.0,,ความถี่ 90 วันล่าสุดลดลงชัดเจน,ไม่ต้องดำเนินการเป็นพิเศษ
C10736,0.1278098,ต่ำ,2,ลูกค้าห่างหายมูลค่าต่ำ (Dormant / Low-Value),16.0,9.0,5167.81,574.2011111111111,2.0,1.0,0.021446411427987134,0.0,,ความเสี่ยงมาจากรูปแบบรวมหลายปัจจัย,ไม่ต้องดำเนินการเป็นพิเศษ
C10213,0.1274487,ต่ำ,1,ลูกค้าชั้นยอด (Champions),21.0,43.0,31718.91,737.6490697674418,7.0,0.875,0.06172616371252101,0.0,,ความเสี่ยงมาจากรูปแบบรวมหลายปัจจัย,ไม่ต้องดำเนินการเป็นพิเศษ
C11270,0.1272306,ต่ำ,2,ลูกค้าห่างหายมูลค่าต่ำ (Dormant / Low-Value),24.0,5.0,1979.46,395.892,5.0,5.0,0.04783756872591888,0.0,,ความเสี่ยงมาจากรูปแบบรวมหลายปัจจัย,ไม่ต้องดำเนินการเป็นพิเศษ
C11445,0.12696593,ต่ำ,2,ลูกค้าห่างหายมูลค่าต่ำ (Dormant / Low-Value),35.0,7.0,3938.71,562.6728571428572,3.0,0.75,0.06816455830965523,0.0,,ความเสี่ยงมาจากรูปแบบรวมหลายปัจจัย,ไม่ต้องดำเนินการเป็นพิเศษ
C11005,0.12696144,ต่ำ,2,ลูกค้าห่างหายมูลค่าต่ำ (Dormant / Low-Value),44.0,6.0,3821.5,636.9166666666666,3.0,1.5,0.07358474099645093,0.0,,ความเสี่ยงมาจากรูปแบบรวมหลายปัจจัย,ไม่ต้องดำเนินการเป็นพิเศษ
C12304,0.12676504,ต่ำ,3,ลูกค้าใหม่กำลังก่อตัว (New / Developing),28.0,4.0,1881.33,470.3325,2.0,0.6666666666666666,0.010039938750059197,0.0,,ความเสี่ยงมาจากรูปแบบรวมหลายปัจจัย,ไม่ต้องดำเนินการเป็นพิเศษ
C12792,0.12656209,ต่ำ,2,ลูกค้าห่างหายมูลค่าต่ำ (Dormant / Low-Value),23.0,9.0,3817.7,424.18888888888887,1.0,0.16666666666666666,0.04599953020905696,0.0,,ความถี่ 90 วันล่าสุดลดลงชัดเจน,ไม่ต้องดำเนินการเป็นพิเศษ
C12805,0.12645486,ต่ำ,2,ลูกค้าห่างหายมูลค่าต่ำ (Dormant / Low-Value),53.0,11.0,3815.3900000000003,346.8536363636364,1.0,0.3333333333333333,0.03867822318526543,0.0,,ความถี่ 90 วันล่าสุดลดลงชัดเจน,ไม่ต้องดำเนินการเป็นพิเศษ
C11117,0.12637551,ต่ำ,2,ลูกค้าห่างหายมูลค่าต่ำ (Dormant / Low-Value),53.0,5.0,3038.28,607.6560000000001,2.0,1.0,0.04719374555079232,0.0,,ความเสี่ยงมาจากรูปแบบรวมหลายปัจจัย,ไม่ต้องดำเนินการเป็นพิเศษ
C10118,0.12623338,ต่ำ,0,ลูกค้าคุณค่าสูงที่กำลังห่างหาย (At-Risk High-Value),45.0,6.0,3278.3,546.3833333333333,1.0,1.0,0.06253395787222117,0.0,5.0,ความเสี่ยงมาจากรูปแบบรวมหลายปัจจัย,ไม่ต้องดำเนินการเป็นพิเศษ
C10887,0.12573245,ต่ำ,2,ลูกค้าห่างหายมูลค่าต่ำ (Dormant / Low-Value),21.0,4.0,1254.68,313.67,1.0,0.5,0.0,0.0,,ความถี่ 90 วันล่าสุดลดลงชัดเจน,ไม่ต้องดำเนินการเป็นพิเศษ
C10312,0.1256216,ต่ำ,2,ลูกค้าห่างหายมูลค่าต่ำ (Dormant / Low-Value),72.0,8.0,4724.67,590.58375,1.0,0.5,0.04248424295239447,0.0,,ไม่ซื้อมา 72 วัน · ความถี่ 90 วันล่าสุดลดลงชัดเจน,ไม่ต้องดำเนินการเป็นพิเศษ
C12092,0.12511288,ต่ำ,3,ลูกค้าใหม่กำลังก่อตัว (New / Developing),3.0,3.0,4738.7699999999995,1579.59,3.0,3.0,0.05563626580575733,0.0,,ความเสี่ยงมาจากรูปแบบรวมหลายปัจจัย,ไม่ต้องดำเนินการเป็นพิเศษ
C12046,0.12458519,ต่ำ,0,ลูกค้าคุณค่าสูงที่กำลังห่างหาย (At-Risk High-Value),10.0,31.0,33199.13,1070.9396774193547,5.0,1.6666666666666667,0.03467497643323992,0.0,,ความเสี่ยงมาจากรูปแบบรวมหลายปัจจัย,ไม่ต้องดำเนินการเป็นพิเศษ
C12265,0.12453185,ต่ำ,1,ลูกค้าชั้นยอด (Champions),10.0,20.0,32080.97,1604.0485,3.0,0.375,0.011329305834244262,0.0,,ความถี่ 90 วันล่าสุดลดลงชัดเจน,ไม่ต้องดำเนินการเป็นพิเศษ
C12191,0.1241325,ต่ำ,2,ลูกค้าห่างหายมูลค่าต่ำ (Dormant / Low-Value),51.0,5.0,3320.02,664.004,2.0,2.0,0.06911760170249513,0.0,,ความเสี่ยงมาจากรูปแบบรวมหลายปัจจัย,ไม่ต้องดำเนินการเป็นพิเศษ
C12543,0.12403829,ต่ำ,2,ลูกค้าห่างหายมูลค่าต่ำ (Dormant / Low-Value),3.0,5.0,1937.07,387.414,1.0,0.5,0.09423454596464977,0.0,,ความถี่ 90 วันล่าสุดลดลงชัดเจน,ไม่ต้องดำเนินการเป็นพิเศษ
C12231,0.12392848,ต่ำ,0,ลูกค้าคุณค่าสูงที่กำลังห่างหาย (At-Risk High-Value),10.0,13.0,9284.22,714.1707692307692,2.0,0.6666666666666666,0.016616707798879367,1.0,4.0,มีเรื่องร้องเรียนค้าง 1 เรื่อง,ไม่ต้องดำเนินการเป็นพิเศษ
C11111,0.123631634,ต่ำ,1,ลูกค้าชั้นยอด (Champions),20.0,15.0,22174.760000000002,1478.3173333333334,7.0,1.4,0.021167725332497583,0.0,2.0,คะแนนความพึงพอใจต่ำ (2.0/5),ไม่ต้องดำเนินการเป็นพิเศษ
C12025,0.1233,ต่ำ,3,ลูกค้าใหม่กำลังก่อตัว (New / Developing),4.0,3.0,4610.889999999999,1536.9633333333331,2.0,1.0,0.006100202837133207,0.0,,ความเสี่ยงมาจากรูปแบบรวมหลายปัจจัย,ไม่ต้องดำเนินการเป็นพิเศษ
C10713,0.12313644,ต่ำ,2,ลูกค้าห่างหายมูลค่าต่ำ (Dormant / Low-Value),37.0,8.0,3169.35,396.16875,2.0,0.6666666666666666,0.08368774231599885,0.0,,ความเสี่ยงมาจากรูปแบบรวมหลายปัจจัย,ไม่ต้องดำเนินการเป็นพิเศษ
C11485,0.12238105,ต่ำ,0,ลูกค้าคุณค่าสูงที่กำลังห่างหาย (At-Risk High-Value),4.0,22.0,29666.36,1348.4709090909091,4.0,1.0,0.013773624798375569,0.0,,ความเสี่ยงมาจากรูปแบบรวมหลายปัจจัย,ไม่ต้องดำเนินการเป็นพิเศษ
C11061,0.122239865,ต่ำ,1,ลูกค้าชั้นยอด (Champions),21.0,30.0,30047.0,1001.5666666666667,3.0,0.375,0.0,0.0,2.0,ความถี่ 90 วันล่าสุดลดลงชัดเจน · คะแนนความพึงพอใจต่ำ (2.0/5),ไม่ต้องดำเนินการเป็นพิเศษ
C12045,0.12204472,ต่ำ,3,ลูกค้าใหม่กำลังก่อตัว (New / Developing),13.0,5.0,2131.9900000000002,426.398,3.0,1.0,0.0,0.0,,ความเสี่ยงมาจากรูปแบบรวมหลายปัจจัย,ไม่ต้องดำเนินการเป็นพิเศษ
C11487,0.12200933,ต่ำ,3,ลูกค้าใหม่กำลังก่อตัว (New / Developing),16.0,4.0,2882.71,720.6775,3.0,1.5,0.048035612267475075,0.0,,ความเสี่ยงมาจากรูปแบบรวมหลายปัจจัย,ไม่ต้องดำเนินการเป็นพิเศษ
C10973,0.12159794,ต่ำ,1,ลูกค้าชั้นยอด (Champions),22.0,20.0,26874.7,1343.7350000000001,4.0,1.0,0.0,0.0,,ความเสี่ยงมาจากรูปแบบรวมหลายปัจจัย,ไม่ต้องดำเนินการเป็นพิเศษ
C11197,0.12143346,ต่ำ,0,ลูกค้าคุณค่าสูงที่กำลังห่างหาย (At-Risk High-Value),52.0,11.0,4522.27,411.1154545454546,1.0,1.0,0.05894654919114189,0.0,,ความเสี่ยงมาจากรูปแบบรวมหลายปัจจัย,ไม่ต้องดำเนินการเป็นพิเศษ
C12639,0.121300906,ต่ำ,1,ลูกค้าชั้นยอด (Champions),15.0,66.0,130533.63,1977.7822727272728,4.0,0.2857142857142857,0.011275373851812681,0.0,,ความถี่ 90 วันล่าสุดลดลงชัดเจน,ไม่ต้องดำเนินการเป็นพิเศษ
C11178,0.12125078,ต่ำ,1,ลูกค้าชั้นยอด (Champions),13.0,24.0,29900.3,1245.8458333333333,3.0,0.3333333333333333,0.014507035986611932,0.0,,ความถี่ 90 วันล่าสุดลดลงชัดเจน,ไม่ต้องดำเนินการเป็นพิเศษ
C10410,0.12029592,ต่ำ,2,ลูกค้าห่างหายมูลค่าต่ำ (Dormant / Low-Value),27.0,5.0,2587.53,517.5060000000001,3.0,3.0,0.12335853965930806,0.0,,ซื้อเมื่อมีส่วนลดเป็นหลัก (12%),ไม่ต้องดำเนินการเป็นพิเศษ
C12921,0.11997668,ต่ำ,2,ลูกค้าห่างหายมูลค่าต่ำ (Dormant / Low-Value),21.0,10.0,4344.21,434.421,4.0,2.0,0.05029644009549044,0.0,3.0,ความเสี่ยงมาจากรูปแบบรวมหลายปัจจัย,ไม่ต้องดำเนินการเป็นพิเศษ
C10433,0.11970286,ต่ำ,3,ลูกค้าใหม่กำลังก่อตัว (New / Developing),51.0,4.0,2433.96,608.49,4.0,4.0,0.03762573543366863,0.0,,ความเสี่ยงมาจากรูปแบบรวมหลายปัจจัย,ไม่ต้องดำเนินการเป็นพิเศษ
C11082,0.11953001,ต่ำ,2,ลูกค้าห่างหายมูลค่าต่ำ (Dormant / Low-Value),55.0,4.0,1840.76,460.19,3.0,1.5,0.05845886294468173,0.0,4.0,ความเสี่ยงมาจากรูปแบบรวมหลายปัจจัย,ไม่ต้องดำเนินการเป็นพิเศษ
C11628,0.11906906,ต่ำ,1,ลูกค้าชั้นยอด (Champions),17.0,38.0,68685.16,1807.5042105263158,3.0,0.75,0.021538357216802008,0.0,,ความเสี่ยงมาจากรูปแบบรวมหลายปัจจัย,ไม่ต้องดำเนินการเป็นพิเศษ
C11810,0.118897706,ต่ำ,0,ลูกค้าคุณค่าสูงที่กำลังห่างหาย (At-Risk High-Value),113.0,9.0,5776.47,641.83,0.0,0.0,0.05933246699952124,0.0,4.0,ไม่ซื้อมา 113 วัน · ความถี่ 90 วันล่าสุดลดลงชัดเจน · ไม่มีการซื้อเลยใน 90 วันล่าสุด,ไม่ต้องดำเนินการเป็นพิเศษ
C10902,0.11859841,ต่ำ,2,ลูกค้าห่างหายมูลค่าต่ำ (Dormant / Low-Value),17.0,4.0,1466.3799999999999,366.59499999999997,3.0,1.5,0.14595891647592588,0.0,,ซื้อเมื่อมีส่วนลดเป็นหลัก (15%),ไม่ต้องดำเนินการเป็นพิเศษ
C11728,0.118401445,ต่ำ,0,ลูกค้าคุณค่าสูงที่กำลังห่างหาย (At-Risk High-Value),1.0,21.0,21050.22,1002.3914285714286,3.0,0.6,0.050310033313241916,0.0,2.0,คะแนนความพึงพอใจต่ำ (2.0/5),ไม่ต้องดำเนินการเป็นพิเศษ
C11381,0.118377335,ต่ำ,0,ลูกค้าคุณค่าสูงที่กำลังห่างหาย (At-Risk High-Value),10.0,16.0,22346.1,1396.63125,7.0,2.3333333333333335,0.004822221766978203,1.0,2.5,มีเรื่องร้องเรียนค้าง 1 เรื่อง,ไม่ต้องดำเนินการเป็นพิเศษ
C12390,0.11825266,ต่ำ,2,ลูกค้าห่างหายมูลค่าต่ำ (Dormant / Low-Value),12.0,3.0,1742.72,580.9066666666666,1.0,0.3333333333333333,0.08465780765796523,0.0,4.0,ความถี่ 90 วันล่าสุดลดลงชัดเจน,ไม่ต้องดำเนินการเป็นพิเศษ
C12149,0.1179921,ต่ำ,1,ลูกค้าชั้นยอด (Champions),17.0,23.0,34926.65,1518.55,6.0,1.5,0.008837319648130459,0.0,,ความเสี่ยงมาจากรูปแบบรวมหลายปัจจัย,ไม่ต้องดำเนินการเป็นพิเศษ
C12203,0.11763683,ต่ำ,0,ลูกค้าคุณค่าสูงที่กำลังห่างหาย (At-Risk High-Value),14.0,9.0,6899.05,766.5611111111111,3.0,3.0,0.04270405352715001,1.0,3.0,มีเรื่องร้องเรียนค้าง 1 เรื่อง,ไม่ต้องดำเนินการเป็นพิเศษ
C11801,0.117435925,ต่ำ,2,ลูกค้าห่างหายมูลค่าต่ำ (Dormant / Low-Value),33.0,6.0,1276.24,212.70666666666668,2.0,1.0,0.07815434399468375,0.0,,ความเสี่ยงมาจากรูปแบบรวมหลายปัจจัย,ไม่ต้องดำเนินการเป็นพิเศษ
C10639,0.117381975,ต่ำ,3,ลูกค้าใหม่กำลังก่อตัว (New / Developing),5.0,4.0,6995.33,1748.8325,4.0,4.0,0.07855916899046726,0.0,,ความเสี่ยงมาจากรูปแบบรวมหลายปัจจัย,ไม่ต้องดำเนินการเป็นพิเศษ
C12688,0.11725313,ต่ำ,0,ลูกค้าคุณค่าสูงที่กำลังห่างหาย (At-Risk High-Value),23.0,28.0,38195.55,1364.126785714286,6.0,1.5,0.019645814773092147,0.0,5.0,ความเสี่ยงมาจากรูปแบบรวมหลายปัจจัย,ไม่ต้องดำเนินการเป็นพิเศษ
C10560,0.11722292,ต่ำ,3,ลูกค้าใหม่กำลังก่อตัว (New / Developing),16.0,5.0,5037.62,1007.524,3.0,1.5,0.05607572949789109,0.0,,ความเสี่ยงมาจากรูปแบบรวมหลายปัจจัย,ไม่ต้องดำเนินการเป็นพิเศษ
C11376,0.11611948,ต่ำ,0,ลูกค้าคุณค่าสูงที่กำลังห่างหาย (At-Risk High-Value),2.0,28.0,38249.979999999996,1366.070714285714,2.0,0.4,0.05125013053068755,0.0,5.0,ความถี่ 90 วันล่าสุดลดลงชัดเจน,ไม่ต้องดำเนินการเป็นพิเศษ
C10179,0.11605866,ต่ำ,0,ลูกค้าคุณค่าสูงที่กำลังห่างหาย (At-Risk High-Value),4.0,23.0,21091.26,917.011304347826,5.0,1.0,0.060515407250481296,0.0,3.0,ความเสี่ยงมาจากรูปแบบรวมหลายปัจจัย,ไม่ต้องดำเนินการเป็นพิเศษ
C10314,0.11601633,ต่ำ,0,ลูกค้าคุณค่าสูงที่กำลังห่างหาย (At-Risk High-Value),8.0,18.0,9490.83,527.2683333333333,5.0,2.5,0.07176243108512143,0.0,,ความเสี่ยงมาจากรูปแบบรวมหลายปัจจัย,ไม่ต้องดำเนินการเป็นพิเศษ
C10877,0.11580294,ต่ำ,2,ลูกค้าห่างหายมูลค่าต่ำ (Dormant / Low-Value),29.0,17.0,5742.33,337.7841176470588,6.0,3.0,0.0316295917799487,0.0,,ความเสี่ยงมาจากรูปแบบรวมหลายปัจจัย,ไม่ต้องดำเนินการเป็นพิเศษ
C11425,0.11557368,ต่ำ,2,ลูกค้าห่างหายมูลค่าต่ำ (Dormant / Low-Value),49.0,12.0,5936.68,494.72333333333336,1.0,0.5,0.03538885494794036,0.0,,ความถี่ 90 วันล่าสุดลดลงชัดเจน,ไม่ต้องดำเนินการเป็นพิเศษ
C11316,0.115455136,ต่ำ,2,ลูกค้าห่างหายมูลค่าต่ำ (Dormant / Low-Value),75.0,10.0,3974.0099999999998,397.40099999999995,1.0,0.25,0.036435450551368966,0.0,5.0,ไม่ซื้อมา 75 วัน · ความถี่ 90 วันล่าสุดลดลงชัดเจน,ไม่ต้องดำเนินการเป็นพิเศษ
C11585,0.11450069,ต่ำ,2,ลูกค้าห่างหายมูลค่าต่ำ (Dormant / Low-Value),47.0,5.0,1555.1200000000001,311.024,3.0,1.5,0.049670007333170375,0.0,,ความเสี่ยงมาจากรูปแบบรวมหลายปัจจัย,ไม่ต้องดำเนินการเป็นพิเศษ
C11074,0.11446489,ต่ำ,2,ลูกค้าห่างหายมูลค่าต่ำ (Dormant / Low-Value),33.0,7.0,2629.67,375.6671428571429,2.0,2.0,0.024910543782561134,0.0,4.0,ความเสี่ยงมาจากรูปแบบรวมหลายปัจจัย,ไม่ต้องดำเนินการเป็นพิเศษ
C12336,0.11442639,ต่ำ,0,ลูกค้าคุณค่าสูงที่กำลังห่างหาย (At-Risk High-Value),7.0,31.0,21523.41,694.3035483870967,6.0,1.5,0.01831250390537521,0.0,,ความเสี่ยงมาจากรูปแบบรวมหลายปัจจัย,ไม่ต้องดำเนินการเป็นพิเศษ
C11046,0.11440652,ต่ำ,1,ลูกค้าชั้นยอด (Champions),13.0,17.0,23560.03,1385.8841176470587,3.0,0.6,0.0,0.0,3.0,ความเสี่ยงมาจากรูปแบบรวมหลายปัจจัย,ไม่ต้องดำเนินการเป็นพิเศษ
C10380,0.11433711,ต่ำ,0,ลูกค้าคุณค่าสูงที่กำลังห่างหาย (At-Risk High-Value),21.0,15.0,7146.09,476.406,1.0,0.14285714285714285,0.024738787230325795,0.0,4.0,ความถี่ 90 วันล่าสุดลดลงชัดเจน,ไม่ต้องดำเนินการเป็นพิเศษ
C10198,0.114085376,ต่ำ,1,ลูกค้าชั้นยอด (Champions),44.0,16.0,33718.12,2107.3825,3.0,0.5,0.012880115041594843,0.0,3.0,ความถี่ 90 วันล่าสุดลดลงชัดเจน,ไม่ต้องดำเนินการเป็นพิเศษ
C12991,0.11402711,ต่ำ,0,ลูกค้าคุณค่าสูงที่กำลังห่างหาย (At-Risk High-Value),18.0,31.0,26387.17,851.1990322580644,3.0,0.5,0.007004772834095564,0.0,,ความถี่ 90 วันล่าสุดลดลงชัดเจน,ไม่ต้องดำเนินการเป็นพิเศษ
C10169,0.1138142,ต่ำ,2,ลูกค้าห่างหายมูลค่าต่ำ (Dormant / Low-Value),26.0,8.0,3840.94,480.1175,1.0,0.25,0.029558380264431156,0.0,3.0,ความถี่ 90 วันล่าสุดลดลงชัดเจน,ไม่ต้องดำเนินการเป็นพิเศษ
C12492,0.11364285,ต่ำ,2,ลูกค้าห่างหายมูลค่าต่ำ (Dormant / Low-Value),22.0,17.0,8959.31,527.0182352941176,2.0,1.0,0.11559544457090737,0.0,4.5,ซื้อเมื่อมีส่วนลดเป็นหลัก (12%),ไม่ต้องดำเนินการเป็นพิเศษ
C12233,0.11358845,ต่ำ,3,ลูกค้าใหม่กำลังก่อตัว (New / Developing),11.0,4.0,2898.65,724.6625,3.0,1.5,0.05214641675277622,1.0,5.0,มีเรื่องร้องเรียนค้าง 1 เรื่อง,ไม่ต้องดำเนินการเป็นพิเศษ
C11781,0.11332655,ต่ำ,0,ลูกค้าคุณค่าสูงที่กำลังห่างหาย (At-Risk High-Value),7.0,16.0,16578.93,1036.183125,3.0,0.6,0.06985148081571099,0.0,,ความเสี่ยงมาจากรูปแบบรวมหลายปัจจัย,ไม่ต้องดำเนินการเป็นพิเศษ
C12499,0.11327948,ต่ำ,0,ลูกค้าคุณค่าสูงที่กำลังห่างหาย (At-Risk High-Value),5.0,19.0,27003.53,1421.2384210526316,5.0,0.7142857142857143,0.03632095453135812,0.0,2.0,คะแนนความพึงพอใจต่ำ (2.0/5),ไม่ต้องดำเนินการเป็นพิเศษ
C12334,0.11292695,ต่ำ,3,ลูกค้าใหม่กำลังก่อตัว (New / Developing),3.0,4.0,3947.05,986.7625,2.0,0.6666666666666666,0.013383026003664459,0.0,,ความเสี่ยงมาจากรูปแบบรวมหลายปัจจัย,ไม่ต้องดำเนินการเป็นพิเศษ
C12725,0.112876505,ต่ำ,0,ลูกค้าคุณค่าสูงที่กำลังห่างหาย (At-Risk High-Value),0.0,20.0,22416.04,1120.8020000000001,5.0,1.0,0.04451097770359092,0.0,,ความเสี่ยงมาจากรูปแบบรวมหลายปัจจัย,ไม่ต้องดำเนินการเป็นพิเศษ
C10845,0.112283446,ต่ำ,2,ลูกค้าห่างหายมูลค่าต่ำ (Dormant / Low-Value),27.0,8.0,3642.4,455.3,1.0,1.0,0.038361010639702195,0.0,,ความเสี่ยงมาจากรูปแบบรวมหลายปัจจัย,ไม่ต้องดำเนินการเป็นพิเศษ
C10225,0.1122619,ต่ำ,2,ลูกค้าห่างหายมูลค่าต่ำ (Dormant / Low-Value),42.0,4.0,2114.9300000000003,528.7325000000001,1.0,0.5,0.033660787718176,0.0,,ความถี่ 90 วันล่าสุดลดลงชัดเจน,ไม่ต้องดำเนินการเป็นพิเศษ
C11080,0.11209588,ต่ำ,2,ลูกค้าห่างหายมูลค่าต่ำ (Dormant / Low-Value),82.0,5.0,3358.6,671.72,2.0,1.0,0.07520658198709705,0.0,,ไม่ซื้อมา 82 วัน,ไม่ต้องดำเนินการเป็นพิเศษ
C12380,0.11146038,ต่ำ,1,ลูกค้าชั้นยอด (Champions),49.0,23.0,25700.63,1117.418695652174,6.0,1.0,0.019316697994341936,0.0,,ความเสี่ยงมาจากรูปแบบรวมหลายปัจจัย,ไม่ต้องดำเนินการเป็นพิเศษ
C11945,0.11129748,ต่ำ,2,ลูกค้าห่างหายมูลค่าต่ำ (Dormant / Low-Value),32.0,4.0,2980.76,745.19,2.0,1.0,0.18256734558438387,0.0,,ซื้อเมื่อมีส่วนลดเป็นหลัก (18%),ไม่ต้องดำเนินการเป็นพิเศษ
C10603,0.11110108,ต่ำ,3,ลูกค้าใหม่กำลังก่อตัว (New / Developing),10.0,3.0,2324.8900000000003,774.9633333333335,2.0,1.0,0.027417661257597998,0.0,,ความเสี่ยงมาจากรูปแบบรวมหลายปัจจัย,ไม่ต้องดำเนินการเป็นพิเศษ
C11729,0.11086916,ต่ำ,1,ลูกค้าชั้นยอด (Champions),8.0,30.0,30423.05,1014.1016666666667,5.0,0.8333333333333334,0.02009979035072208,0.0,5.0,ความเสี่ยงมาจากรูปแบบรวมหลายปัจจัย,ไม่ต้องดำเนินการเป็นพิเศษ
C10309,0.11062602,ต่ำ,0,ลูกค้าคุณค่าสูงที่กำลังห่างหาย (At-Risk High-Value),2.0,9.0,13472.86,1496.9844444444445,1.0,0.3333333333333333,0.02075244323823008,0.0,,ความถี่ 90 วันล่าสุดลดลงชัดเจน,ไม่ต้องดำเนินการเป็นพิเศษ
C11511,0.11037776,ต่ำ,2,ลูกค้าห่างหายมูลค่าต่ำ (Dormant / Low-Value),20.0,8.0,3915.74,489.4675,2.0,1.0,0.09506179686994462,0.0,2.0,คะแนนความพึงพอใจต่ำ (2.0/5),ไม่ต้องดำเนินการเป็นพิเศษ
C12514,0.11027816,ต่ำ,2,ลูกค้าห่างหายมูลค่าต่ำ (Dormant / Low-Value),31.0,7.0,2585.86,369.40857142857146,1.0,0.16666666666666666,0.023027720161250716,0.0,,ความถี่ 90 วันล่าสุดลดลงชัดเจน,ไม่ต้องดำเนินการเป็นพิเศษ
C10466,0.11023079,ต่ำ,3,ลูกค้าใหม่กำลังก่อตัว (New / Developing),26.0,4.0,1944.69,486.1725,3.0,1.5,0.021539622641509434,0.0,,ความเสี่ยงมาจากรูปแบบรวมหลายปัจจัย,ไม่ต้องดำเนินการเป็นพิเศษ
C10847,0.11018242,ต่ำ,0,ลูกค้าคุณค่าสูงที่กำลังห่างหาย (At-Risk High-Value),63.0,12.0,5537.75,461.4791666666667,4.0,1.3333333333333333,0.0576849449100268,0.0,5.0,ไม่ซื้อมา 63 วัน,ไม่ต้องดำเนินการเป็นพิเศษ
C11532,0.10874633,ต่ำ,1,ลูกค้าชั้นยอด (Champions),36.0,98.0,267726.77999999997,2731.9059183673467,8.0,0.4,0.0,0.0,,ความถี่ 90 วันล่าสุดลดลงชัดเจน,ไม่ต้องดำเนินการเป็นพิเศษ
C11064,0.10871026,ต่ำ,0,ลูกค้าคุณค่าสูงที่กำลังห่างหาย (At-Risk High-Value),10.0,31.0,47462.58,1531.0509677419354,5.0,1.0,0.04720399887581805,0.0,3.0,ความเสี่ยงมาจากรูปแบบรวมหลายปัจจัย,ไม่ต้องดำเนินการเป็นพิเศษ
C10475,0.10860915,ต่ำ,2,ลูกค้าห่างหายมูลค่าต่ำ (Dormant / Low-Value),40.0,10.0,2541.68,254.16799999999998,2.0,0.4,0.01083855802423011,0.0,4.0,ความถี่ 90 วันล่าสุดลดลงชัดเจน,ไม่ต้องดำเนินการเป็นพิเศษ
C10755,0.108595915,ต่ำ,3,ลูกค้าใหม่กำลังก่อตัว (New / Developing),13.0,4.0,5919.48,1479.87,2.0,0.6666666666666666,0.015140221746016959,0.0,,ความเสี่ยงมาจากรูปแบบรวมหลายปัจจัย,ไม่ต้องดำเนินการเป็นพิเศษ
C12599,0.10848564,ต่ำ,2,ลูกค้าห่างหายมูลค่าต่ำ (Dormant / Low-Value),7.0,8.0,3618.7,452.3375,1.0,0.3333333333333333,0.052907075650706,0.0,1.0,ความถี่ 90 วันล่าสุดลดลงชัดเจน · คะแนนความพึงพอใจต่ำ (1.0/5),ไม่ต้องดำเนินการเป็นพิเศษ
C10955,0.108445406,ต่ำ,3,ลูกค้าใหม่กำลังก่อตัว (New / Developing),4.0,4.0,4481.9,1120.475,4.0,4.0,0.008481850521211264,0.0,2.0,คะแนนความพึงพอใจต่ำ (2.0/5),ไม่ต้องดำเนินการเป็นพิเศษ
C11206,0.10844078,ต่ำ,0,ลูกค้าคุณค่าสูงที่กำลังห่างหาย (At-Risk High-Value),11.0,19.0,17360.51,913.7110526315788,2.0,0.25,0.06528541877321238,0.0,,ความถี่ 90 วันล่าสุดลดลงชัดเจน,ไม่ต้องดำเนินการเป็นพิเศษ
C10722,0.10836448,ต่ำ,2,ลูกค้าห่างหายมูลค่าต่ำ (Dormant / Low-Value),8.0,7.0,2769.93,395.7042857142857,1.0,0.5,0.04063382111005282,0.0,3.0,ความถี่ 90 วันล่าสุดลดลงชัดเจน,ไม่ต้องดำเนินการเป็นพิเศษ
C10268,0.107796974,ต่ำ,1,ลูกค้าชั้นยอด (Champions),14.0,30.0,43195.44,1439.8480000000002,5.0,0.7142857142857143,0.01180514217553017,0.0,,ความเสี่ยงมาจากรูปแบบรวมหลายปัจจัย,ไม่ต้องดำเนินการเป็นพิเศษ
C12117,0.10764544,ต่ำ,0,ลูกค้าคุณค่าสูงที่กำลังห่างหาย (At-Risk High-Value),17.0,13.0,7179.17,552.2438461538461,2.0,2.0,0.02957174564811285,0.0,,ความเสี่ยงมาจากรูปแบบรวมหลายปัจจัย,ไม่ต้องดำเนินการเป็นพิเศษ
C11881,0.107591026,ต่ำ,3,ลูกค้าใหม่กำลังก่อตัว (New / Developing),7.0,9.0,7710.3,856.7,4.0,0.6666666666666666,0.053273691487284766,0.0,2.0,คะแนนความพึงพอใจต่ำ (2.0/5),ไม่ต้องดำเนินการเป็นพิเศษ
C11833,0.10748417,ต่ำ,0,ลูกค้าคุณค่าสูงที่กำลังห่างหาย (At-Risk High-Value),11.0,14.0,6724.85,480.3464285714286,6.0,2.0,0.07871573533823874,0.0,,ความเสี่ยงมาจากรูปแบบรวมหลายปัจจัย,ไม่ต้องดำเนินการเป็นพิเศษ
C11062,0.10741118,ต่ำ,3,ลูกค้าใหม่กำลังก่อตัว (New / Developing),37.0,4.0,2348.21,587.0525,1.0,0.5,0.07401317086635908,0.0,5.0,ความถี่ 90 วันล่าสุดลดลงชัดเจน,ไม่ต้องดำเนินการเป็นพิเศษ
C10376,0.10656918,ต่ำ,0,ลูกค้าคุณค่าสูงที่กำลังห่างหาย (At-Risk High-Value),28.0,15.0,8140.27,542.6846666666667,1.0,0.5,0.07852641564324987,0.0,4.0,ความถี่ 90 วันล่าสุดลดลงชัดเจน,ไม่ต้องดำเนินการเป็นพิเศษ
C11924,0.1064048,ต่ำ,2,ลูกค้าห่างหายมูลค่าต่ำ (Dormant / Low-Value),40.0,5.0,4200.15,840.03,2.0,0.5,0.07636434805746568,0.0,,ความถี่ 90 วันล่าสุดลดลงชัดเจน,ไม่ต้องดำเนินการเป็นพิเศษ
C12504,0.106009275,ต่ำ,2,ลูกค้าห่างหายมูลค่าต่ำ (Dormant / Low-Value),9.0,9.0,5337.62,593.0688888888889,2.0,0.5,0.1293521220494468,0.0,,ความถี่ 90 วันล่าสุดลดลงชัดเจน · ซื้อเมื่อมีส่วนลดเป็นหลัก (13%),ไม่ต้องดำเนินการเป็นพิเศษ
C10454,0.10549974,ต่ำ,1,ลูกค้าชั้นยอด (Champions),30.0,23.0,40722.32,1770.535652173913,5.0,0.5555555555555556,0.011109810581979232,0.0,,ความถี่ 90 วันล่าสุดลดลงชัดเจน,ไม่ต้องดำเนินการเป็นพิเศษ
C11186,0.10526529,ต่ำ,0,ลูกค้าคุณค่าสูงที่กำลังห่างหาย (At-Risk High-Value),9.0,32.0,33653.44,1051.67,5.0,0.8333333333333334,0.025497502893527733,0.0,4.0,ความเสี่ยงมาจากรูปแบบรวมหลายปัจจัย,ไม่ต้องดำเนินการเป็นพิเศษ
C11972,0.10513057,ต่ำ,2,ลูกค้าห่างหายมูลค่าต่ำ (Dormant / Low-Value),5.0,10.0,1817.75,181.775,1.0,0.5,0.049617023501424724,0.0,,ความถี่ 90 วันล่าสุดลดลงชัดเจน,ไม่ต้องดำเนินการเป็นพิเศษ
C12017,0.10511871,ต่ำ,3,ลูกค้าใหม่กำลังก่อตัว (New / Developing),72.0,3.0,2945.75,981.9166666666666,1.0,0.5,0.01700531582969323,0.0,,ไม่ซื้อมา 72 วัน · ความถี่ 90 วันล่าสุดลดลงชัดเจน,ไม่ต้องดำเนินการเป็นพิเศษ
C10463,0.10491149,ต่ำ,0,ลูกค้าคุณค่าสูงที่กำลังห่างหาย (At-Risk High-Value),7.0,20.0,24720.71,1236.0355,6.0,3.0,0.015558272338459822,0.0,,ความเสี่ยงมาจากรูปแบบรวมหลายปัจจัย,ไม่ต้องดำเนินการเป็นพิเศษ
C10362,0.10487878,ต่ำ,2,ลูกค้าห่างหายมูลค่าต่ำ (Dormant / Low-Value),22.0,9.0,2086.23,231.80333333333334,1.0,0.3333333333333333,0.08188215412645393,0.0,,ความถี่ 90 วันล่าสุดลดลงชัดเจน,ไม่ต้องดำเนินการเป็นพิเศษ
C10235,0.10451326,ต่ำ,0,ลูกค้าคุณค่าสูงที่กำลังห่างหาย (At-Risk High-Value),38.0,15.0,6917.13,461.142,4.0,1.0,0.03979960687633262,0.0,,ความเสี่ยงมาจากรูปแบบรวมหลายปัจจัย,ไม่ต้องดำเนินการเป็นพิเศษ
C10428,0.10446534,ต่ำ,0,ลูกค้าคุณค่าสูงที่กำลังห่างหาย (At-Risk High-Value),33.0,15.0,14361.02,957.4013333333334,6.0,1.2,0.01573343897226841,0.0,,ความเสี่ยงมาจากรูปแบบรวมหลายปัจจัย,ไม่ต้องดำเนินการเป็นพิเศษ
C11979,0.10439782,ต่ำ,2,ลูกค้าห่างหายมูลค่าต่ำ (Dormant / Low-Value),10.0,11.0,6315.4,574.1272727272727,3.0,0.75,0.039354316623365554,0.0,4.5,ความเสี่ยงมาจากรูปแบบรวมหลายปัจจัย,ไม่ต้องดำเนินการเป็นพิเศษ
C12685,0.10315824,ต่ำ,3,ลูกค้าใหม่กำลังก่อตัว (New / Developing),21.0,4.0,10775.44,2693.86,4.0,4.0,0.02105175176884864,0.0,,ความเสี่ยงมาจากรูปแบบรวมหลายปัจจัย,ไม่ต้องดำเนินการเป็นพิเศษ
C12861,0.103024796,ต่ำ,2,ลูกค้าห่างหายมูลค่าต่ำ (Dormant / Low-Value),22.0,14.0,5767.85,411.98928571428576,2.0,1.0,0.04524605251614333,0.0,4.0,ความเสี่ยงมาจากรูปแบบรวมหลายปัจจัย,ไม่ต้องดำเนินการเป็นพิเศษ
C12266,0.10183909,ต่ำ,2,ลูกค้าห่างหายมูลค่าต่ำ (Dormant / Low-Value),39.0,4.0,1307.6799999999998,326.91999999999996,2.0,1.0,0.07353983053249072,0.0,,ความเสี่ยงมาจากรูปแบบรวมหลายปัจจัย,ไม่ต้องดำเนินการเป็นพิเศษ
C12756,0.10157754,ต่ำ,0,ลูกค้าคุณค่าสูงที่กำลังห่างหาย (At-Risk High-Value),22.0,28.0,24692.89,881.8889285714286,5.0,0.7142857142857143,0.031119438122891,0.0,,ความเสี่ยงมาจากรูปแบบรวมหลายปัจจัย,ไม่ต้องดำเนินการเป็นพิเศษ
C12439,0.100038216,ต่ำ,3,ลูกค้าใหม่กำลังก่อตัว (New / Developing),39.0,4.0,1913.3799999999999,478.34499999999997,2.0,0.6666666666666666,0.0821928978812604,0.0,,ความเสี่ยงมาจากรูปแบบรวมหลายปัจจัย,ไม่ต้องดำเนินการเป็นพิเศษ
C10450,0.099801905,ต่ำ,1,ลูกค้าชั้นยอด (Champions),22.0,24.0,35322.37,1471.7654166666669,3.0,0.75,0.002866707016050172,0.0,,ความเสี่ยงมาจากรูปแบบรวมหลายปัจจัย,ไม่ต้องดำเนินการเป็นพิเศษ
C11883,0.09940622,ต่ำ,1,ลูกค้าชั้นยอด (Champions),21.0,18.0,21591.94,1199.552222222222,3.0,0.6,0.01247354750837767,0.0,,ความเสี่ยงมาจากรูปแบบรวมหลายปัจจัย,ไม่ต้องดำเนินการเป็นพิเศษ
C11617,0.099124834,ต่ำ,3,ลูกค้าใหม่กำลังก่อตัว (New / Developing),6.0,4.0,5340.07,1335.0175,4.0,4.0,0.022910079629954914,0.0,3.0,ความเสี่ยงมาจากรูปแบบรวมหลายปัจจัย,ไม่ต้องดำเนินการเป็นพิเศษ
C12022,0.09877439,ต่ำ,0,ลูกค้าคุณค่าสูงที่กำลังห่างหาย (At-Risk High-Value),1.0,16.0,11160.81,697.550625,3.0,1.5,0.024879494861330627,0.0,1.0,คะแนนความพึงพอใจต่ำ (1.0/5),ไม่ต้องดำเนินการเป็นพิเศษ
C10625,0.09857083,ต่ำ,0,ลูกค้าคุณค่าสูงที่กำลังห่างหาย (At-Risk High-Value),8.0,20.0,31863.59,1593.1795,5.0,0.5555555555555556,0.032508720407697284,0.0,,ความถี่ 90 วันล่าสุดลดลงชัดเจน,ไม่ต้องดำเนินการเป็นพิเศษ
C10646,0.09797266,ต่ำ,3,ลูกค้าใหม่กำลังก่อตัว (New / Developing),9.0,3.0,2229.73,743.2433333333333,2.0,1.0,0.06878074857376734,0.0,,ความเสี่ยงมาจากรูปแบบรวมหลายปัจจัย,ไม่ต้องดำเนินการเป็นพิเศษ
C12268,0.0976753,ต่ำ,0,ลูกค้าคุณค่าสูงที่กำลังห่างหาย (At-Risk High-Value),7.0,28.0,24588.33,878.1546428571429,1.0,0.16666666666666666,0.0033836187940811803,0.0,4.0,ความถี่ 90 วันล่าสุดลดลงชัดเจน,ไม่ต้องดำเนินการเป็นพิเศษ
C11115,0.09732352,ต่ำ,1,ลูกค้าชั้นยอด (Champions),10.0,29.0,56979.64,1964.815172413793,3.0,0.75,0.025626293002762396,0.0,,ความเสี่ยงมาจากรูปแบบรวมหลายปัจจัย,ไม่ต้องดำเนินการเป็นพิเศษ
C12654,0.09682978,ต่ำ,2,ลูกค้าห่างหายมูลค่าต่ำ (Dormant / Low-Value),36.0,7.0,2388.97,341.28142857142853,3.0,1.5,0.09176380239816906,0.0,,ความเสี่ยงมาจากรูปแบบรวมหลายปัจจัย,ไม่ต้องดำเนินการเป็นพิเศษ
C12874,0.09678732,ต่ำ,2,ลูกค้าห่างหายมูลค่าต่ำ (Dormant / Low-Value),3.0,9.0,3119.64,346.62666666666667,1.0,0.5,0.05207792089406659,0.0,3.0,ความถี่ 90 วันล่าสุดลดลงชัดเจน,ไม่ต้องดำเนินการเป็นพิเศษ
C10658,0.09672491,ต่ำ,0,ลูกค้าคุณค่าสูงที่กำลังห่างหาย (At-Risk High-Value),8.0,24.0,20965.46,873.5608333333333,5.0,0.7142857142857143,0.006178009925203086,0.0,,ความเสี่ยงมาจากรูปแบบรวมหลายปัจจัย,ไม่ต้องดำเนินการเป็นพิเศษ
C11190,0.09665107,ต่ำ,0,ลูกค้าคุณค่าสูงที่กำลังห่างหาย (At-Risk High-Value),9.0,20.0,22951.49,1147.5745000000002,2.0,0.2857142857142857,0.014496058025453118,0.0,,ความถี่ 90 วันล่าสุดลดลงชัดเจน,ไม่ต้องดำเนินการเป็นพิเศษ
C12406,0.09627011,ต่ำ,2,ลูกค้าห่างหายมูลค่าต่ำ (Dormant / Low-Value),21.0,5.0,3605.62,721.124,2.0,1.0,0.062472048009818294,0.0,3.0,ความเสี่ยงมาจากรูปแบบรวมหลายปัจจัย,ไม่ต้องดำเนินการเป็นพิเศษ
C11027,0.09617589,ต่ำ,3,ลูกค้าใหม่กำลังก่อตัว (New / Developing),5.0,8.0,5809.56,726.195,3.0,1.5,0.05102630865379275,0.0,,ความเสี่ยงมาจากรูปแบบรวมหลายปัจจัย,ไม่ต้องดำเนินการเป็นพิเศษ
C10372,0.0960731,ต่ำ,3,ลูกค้าใหม่กำลังก่อตัว (New / Developing),18.0,8.0,6608.86,826.1075,3.0,0.75,0.07663311141693503,0.0,,ความเสี่ยงมาจากรูปแบบรวมหลายปัจจัย,ไม่ต้องดำเนินการเป็นพิเศษ
C11364,0.09584441,ต่ำ,1,ลูกค้าชั้นยอด (Champions),29.0,30.0,44361.13,1478.7043333333334,7.0,2.3333333333333335,0.0101130575614859,0.0,,ความเสี่ยงมาจากรูปแบบรวมหลายปัจจัย,ไม่ต้องดำเนินการเป็นพิเศษ
C12995,0.09579219,ต่ำ,3,ลูกค้าใหม่กำลังก่อตัว (New / Developing),16.0,4.0,2292.28,573.07,3.0,1.5,0.03347430291735359,0.0,,ความเสี่ยงมาจากรูปแบบรวมหลายปัจจัย,ไม่ต้องดำเนินการเป็นพิเศษ
C12257,0.09565904,ต่ำ,3,ลูกค้าใหม่กำลังก่อตัว (New / Developing),24.0,6.0,2213.93,368.9883333333333,3.0,1.0,0.012097062078320779,0.0,,ความเสี่ยงมาจากรูปแบบรวมหลายปัจจัย,ไม่ต้องดำเนินการเป็นพิเศษ
C10228,0.09562993,ต่ำ,3,ลูกค้าใหม่กำลังก่อตัว (New / Developing),0.0,4.0,5602.4400000000005,1400.6100000000001,3.0,1.5,0.03657693537902785,0.0,,ความเสี่ยงมาจากรูปแบบรวมหลายปัจจัย,ไม่ต้องดำเนินการเป็นพิเศษ
C12026,0.09538904,ต่ำ,2,ลูกค้าห่างหายมูลค่าต่ำ (Dormant / Low-Value),17.0,10.0,6183.93,618.393,4.0,2.0,0.01065984487789894,0.0,,ความเสี่ยงมาจากรูปแบบรวมหลายปัจจัย,ไม่ต้องดำเนินการเป็นพิเศษ
C11213,0.09531044,ต่ำ,0,ลูกค้าคุณค่าสูงที่กำลังห่างหาย (At-Risk High-Value),3.0,8.0,9886.52,1235.815,3.0,1.0,0.015069069057102267,0.0,,ความเสี่ยงมาจากรูปแบบรวมหลายปัจจัย,ไม่ต้องดำเนินการเป็นพิเศษ
C12300,0.09516991,ต่ำ,3,ลูกค้าใหม่กำลังก่อตัว (New / Developing),22.0,5.0,3475.2200000000003,695.0440000000001,2.0,0.6666666666666666,0.030627444198358722,0.0,,ความเสี่ยงมาจากรูปแบบรวมหลายปัจจัย,ไม่ต้องดำเนินการเป็นพิเศษ
C11849,0.09515993,ต่ำ,2,ลูกค้าห่างหายมูลค่าต่ำ (Dormant / Low-Value),24.0,10.0,4602.5599999999995,460.256,2.0,1.0,0.10503913275971026,0.0,4.0,ซื้อเมื่อมีส่วนลดเป็นหลัก (11%),ไม่ต้องดำเนินการเป็นพิเศษ
C12887,0.094473556,ต่ำ,0,ลูกค้าคุณค่าสูงที่กำลังห่างหาย (At-Risk High-Value),17.0,13.0,6959.639999999999,535.3569230769231,1.0,0.25,0.040580313509355516,0.0,4.0,ความถี่ 90 วันล่าสุดลดลงชัดเจน,ไม่ต้องดำเนินการเป็นพิเศษ
C12518,0.0941836,ต่ำ,2,ลูกค้าห่างหายมูลค่าต่ำ (Dormant / Low-Value),59.0,8.0,3671.91,458.98875,1.0,0.5,0.04411695796823017,0.0,,ความถี่ 90 วันล่าสุดลดลงชัดเจน,ไม่ต้องดำเนินการเป็นพิเศษ
C10741,0.09368531,ต่ำ,2,ลูกค้าห่างหายมูลค่าต่ำ (Dormant / Low-Value),34.0,8.0,4267.96,533.495,3.0,0.75,0.10034190700635331,0.0,5.0,ซื้อเมื่อมีส่วนลดเป็นหลัก (10%),ไม่ต้องดำเนินการเป็นพิเศษ
C11208,0.093320854,ต่ำ,2,ลูกค้าห่างหายมูลค่าต่ำ (Dormant / Low-Value),23.0,5.0,3305.22,661.044,2.0,1.0,0.05058698830619332,1.0,5.0,มีเรื่องร้องเรียนค้าง 1 เรื่อง,ไม่ต้องดำเนินการเป็นพิเศษ
C12649,0.09292954,ต่ำ,2,ลูกค้าห่างหายมูลค่าต่ำ (Dormant / Low-Value),17.0,6.0,3326.65,554.4416666666667,3.0,1.0,0.11548319852804322,0.0,,ซื้อเมื่อมีส่วนลดเป็นหลัก (12%),ไม่ต้องดำเนินการเป็นพิเศษ
C11738,0.09260123,ต่ำ,2,ลูกค้าห่างหายมูลค่าต่ำ (Dormant / Low-Value),16.0,8.0,5233.45,654.18125,2.0,0.6666666666666666,0.05513779936268358,0.0,3.0,ความเสี่ยงมาจากรูปแบบรวมหลายปัจจัย,ไม่ต้องดำเนินการเป็นพิเศษ
C10137,0.09119963,ต่ำ,0,ลูกค้าคุณค่าสูงที่กำลังห่างหาย (At-Risk High-Value),34.0,15.0,17569.55,1171.3033333333333,4.0,0.6666666666666666,0.022034020951384323,0.0,,ความเสี่ยงมาจากรูปแบบรวมหลายปัจจัย,ไม่ต้องดำเนินการเป็นพิเศษ
C12576,0.09105589,ต่ำ,0,ลูกค้าคุณค่าสูงที่กำลังห่างหาย (At-Risk High-Value),15.0,16.0,9863.31,616.456875,5.0,0.8333333333333334,0.02607101173654681,0.0,,ความเสี่ยงมาจากรูปแบบรวมหลายปัจจัย,ไม่ต้องดำเนินการเป็นพิเศษ
C11152,0.09105076,ต่ำ,2,ลูกค้าห่างหายมูลค่าต่ำ (Dormant / Low-Value),20.0,5.0,2643.12,528.624,1.0,0.3333333333333333,0.026700986511417234,0.0,,ความถี่ 90 วันล่าสุดลดลงชัดเจน,ไม่ต้องดำเนินการเป็นพิเศษ
C12122,0.09104956,ต่ำ,3,ลูกค้าใหม่กำลังก่อตัว (New / Developing),3.0,3.0,2981.06,993.6866666666666,2.0,1.0,0.008435281830216669,0.0,,ความเสี่ยงมาจากรูปแบบรวมหลายปัจจัย,ไม่ต้องดำเนินการเป็นพิเศษ
C12264,0.090885274,ต่ำ,3,ลูกค้าใหม่กำลังก่อตัว (New / Developing),4.0,3.0,4033.8100000000004,1344.6033333333335,3.0,3.0,0.11327490432194429,1.0,4.5,มีเรื่องร้องเรียนค้าง 1 เรื่อง · ซื้อเมื่อมีส่วนลดเป็นหลัก (11%),ไม่ต้องดำเนินการเป็นพิเศษ
C10550,0.09049217,ต่ำ,2,ลูกค้าห่างหายมูลค่าต่ำ (Dormant / Low-Value),10.0,14.0,8387.35,599.0964285714286,4.0,2.0,0.07932693890902544,0.0,,ความเสี่ยงมาจากรูปแบบรวมหลายปัจจัย,ไม่ต้องดำเนินการเป็นพิเศษ
C10396,0.09047549,ต่ำ,2,ลูกค้าห่างหายมูลค่าต่ำ (Dormant / Low-Value),11.0,8.0,2553.4,319.175,3.0,1.0,0.03958053583988746,0.0,,ความเสี่ยงมาจากรูปแบบรวมหลายปัจจัย,ไม่ต้องดำเนินการเป็นพิเศษ
C10987,0.08980885,ต่ำ,0,ลูกค้าคุณค่าสูงที่กำลังห่างหาย (At-Risk High-Value),2.0,20.0,28171.96,1408.598,3.0,0.5,0.0568397793754551,0.0,,ความถี่ 90 วันล่าสุดลดลงชัดเจน,ไม่ต้องดำเนินการเป็นพิเศษ
C11554,0.08973606,ต่ำ,2,ลูกค้าห่างหายมูลค่าต่ำ (Dormant / Low-Value),13.0,3.0,1119.0900000000001,373.03000000000003,2.0,1.0,0.015674063910072037,0.0,,ความเสี่ยงมาจากรูปแบบรวมหลายปัจจัย,ไม่ต้องดำเนินการเป็นพิเศษ
C12193,0.08947407,ต่ำ,3,ลูกค้าใหม่กำลังก่อตัว (New / Developing),13.0,4.0,3417.53,854.3825,4.0,4.0,0.017149052675171694,0.0,5.0,ความเสี่ยงมาจากรูปแบบรวมหลายปัจจัย,ไม่ต้องดำเนินการเป็นพิเศษ
C10371,0.08939724,ต่ำ,1,ลูกค้าชั้นยอด (Champions),9.0,31.0,43720.08,1410.3251612903227,3.0,0.42857142857142855,0.038066279136285436,0.0,,ความถี่ 90 วันล่าสุดลดลงชัดเจน,ไม่ต้องดำเนินการเป็นพิเศษ
C12668,0.08875355,ต่ำ,2,ลูกค้าห่างหายมูลค่าต่ำ (Dormant / Low-Value),15.0,11.0,5622.59,511.1445454545455,3.0,1.0,0.03349577564052979,0.0,,ความเสี่ยงมาจากรูปแบบรวมหลายปัจจัย,ไม่ต้องดำเนินการเป็นพิเศษ
C11384,0.08844329,ต่ำ,1,ลูกค้าชั้นยอด (Champions),11.0,35.0,52412.32,1497.4948571428572,4.0,1.0,0.024483614339474727,0.0,,ความเสี่ยงมาจากรูปแบบรวมหลายปัจจัย,ไม่ต้องดำเนินการเป็นพิเศษ
C12603,0.08841861,ต่ำ,3,ลูกค้าใหม่กำลังก่อตัว (New / Developing),1.0,7.0,6235.15,890.7357142857143,7.0,7.0,0.02917995316509305,0.0,,ความเสี่ยงมาจากรูปแบบรวมหลายปัจจัย,ไม่ต้องดำเนินการเป็นพิเศษ
C12051,0.088372365,ต่ำ,2,ลูกค้าห่างหายมูลค่าต่ำ (Dormant / Low-Value),26.0,13.0,6223.38,478.72153846153844,2.0,0.5,0.08979382302740983,0.0,,ความถี่ 90 วันล่าสุดลดลงชัดเจน,ไม่ต้องดำเนินการเป็นพิเศษ
C11361,0.08828835,ต่ำ,1,ลูกค้าชั้นยอด (Champions),31.0,21.0,33717.22,1605.5819047619048,5.0,0.625,0.0,0.0,,ความเสี่ยงมาจากรูปแบบรวมหลายปัจจัย,ไม่ต้องดำเนินการเป็นพิเศษ
C11528,0.08792811,ต่ำ,1,ลูกค้าชั้นยอด (Champions),0.0,33.0,49075.6,1487.1393939393938,6.0,1.2,0.044784137479331486,0.0,,ความเสี่ยงมาจากรูปแบบรวมหลายปัจจัย,ไม่ต้องดำเนินการเป็นพิเศษ
C12119,0.087783754,ต่ำ,1,ลูกค้าชั้นยอด (Champions),25.0,11.0,16144.17,1467.6518181818183,5.0,1.25,0.006132805213561614,0.0,,ความเสี่ยงมาจากรูปแบบรวมหลายปัจจัย,ไม่ต้องดำเนินการเป็นพิเศษ
C11675,0.08774038,ต่ำ,0,ลูกค้าคุณค่าสูงที่กำลังห่างหาย (At-Risk High-Value),27.0,11.0,9334.45,848.5863636363637,1.0,0.25,0.022012562142793533,0.0,5.0,ความถี่ 90 วันล่าสุดลดลงชัดเจน,ไม่ต้องดำเนินการเป็นพิเศษ
C11220,0.08743698,ต่ำ,2,ลูกค้าห่างหายมูลค่าต่ำ (Dormant / Low-Value),32.0,7.0,4962.72,708.96,4.0,2.0,0.05916789577653835,0.0,,ความเสี่ยงมาจากรูปแบบรวมหลายปัจจัย,ไม่ต้องดำเนินการเป็นพิเศษ
C10195,0.086144514,ต่ำ,2,ลูกค้าห่างหายมูลค่าต่ำ (Dormant / Low-Value),37.0,7.0,4672.39,667.4842857142858,1.0,0.5,0.05500419670937534,0.0,,ความถี่ 90 วันล่าสุดลดลงชัดเจน,ไม่ต้องดำเนินการเป็นพิเศษ
C12041,0.086128145,ต่ำ,0,ลูกค้าคุณค่าสูงที่กำลังห่างหาย (At-Risk High-Value),0.0,19.0,20462.21,1076.9584210526316,4.0,0.8,0.07345872740667554,0.0,,ความเสี่ยงมาจากรูปแบบรวมหลายปัจจัย,ไม่ต้องดำเนินการเป็นพิเศษ
C12705,0.08611554,ต่ำ,1,ลูกค้าชั้นยอด (Champions),5.0,23.0,29693.18,1291.0078260869566,1.0,0.16666666666666666,0.008124888722462045,0.0,,ความถี่ 90 วันล่าสุดลดลงชัดเจน,ไม่ต้องดำเนินการเป็นพิเศษ
C12746,0.08596705,ต่ำ,2,ลูกค้าห่างหายมูลค่าต่ำ (Dormant / Low-Value),14.0,11.0,5558.06,505.27818181818185,3.0,0.5,0.09803527004285828,0.0,,ความถี่ 90 วันล่าสุดลดลงชัดเจน,ไม่ต้องดำเนินการเป็นพิเศษ
C10349,0.08576148,ต่ำ,1,ลูกค้าชั้นยอด (Champions),26.0,26.0,49828.07,1916.4642307692307,8.0,2.6666666666666665,0.01793970235502569,0.0,,ความเสี่ยงมาจากรูปแบบรวมหลายปัจจัย,ไม่ต้องดำเนินการเป็นพิเศษ
C11661,0.085726134,ต่ำ,0,ลูกค้าคุณค่าสูงที่กำลังห่างหาย (At-Risk High-Value),16.0,29.0,29656.81,1022.6486206896552,4.0,0.5,0.03136702988322242,0.0,2.0,ความถี่ 90 วันล่าสุดลดลงชัดเจน · คะแนนความพึงพอใจต่ำ (2.0/5),ไม่ต้องดำเนินการเป็นพิเศษ
C11605,0.08538793,ต่ำ,1,ลูกค้าชั้นยอด (Champions),29.0,34.0,80039.01,2354.0885294117647,5.0,0.3125,0.02129408678969118,0.0,3.6666666666666665,ความถี่ 90 วันล่าสุดลดลงชัดเจน,ไม่ต้องดำเนินการเป็นพิเศษ
C10470,0.085365795,ต่ำ,0,ลูกค้าคุณค่าสูงที่กำลังห่างหาย (At-Risk High-Value),23.0,18.0,20038.18,1113.2322222222222,6.0,0.8571428571428571,0.024333026746122904,0.0,,ความเสี่ยงมาจากรูปแบบรวมหลายปัจจัย,ไม่ต้องดำเนินการเป็นพิเศษ
C12891,0.085267894,ต่ำ,2,ลูกค้าห่างหายมูลค่าต่ำ (Dormant / Low-Value),34.0,8.0,2907.14,363.3925,2.0,1.0,0.02780666758073632,0.0,,ความเสี่ยงมาจากรูปแบบรวมหลายปัจจัย,ไม่ต้องดำเนินการเป็นพิเศษ
C11841,0.08517474,ต่ำ,0,ลูกค้าคุณค่าสูงที่กำลังห่างหาย (At-Risk High-Value),9.0,32.0,37027.159999999996,1157.0987499999999,6.0,2.0,0.02828885679637193,0.0,,ความเสี่ยงมาจากรูปแบบรวมหลายปัจจัย,ไม่ต้องดำเนินการเป็นพิเศษ
C12817,0.084992245,ต่ำ,0,ลูกค้าคุณค่าสูงที่กำลังห่างหาย (At-Risk High-Value),4.0,12.0,18694.1,1557.8416666666665,6.0,2.0,0.029750894260333043,0.0,2.0,คะแนนความพึงพอใจต่ำ (2.0/5),ไม่ต้องดำเนินการเป็นพิเศษ
C12104,0.084615014,ต่ำ,1,ลูกค้าชั้นยอด (Champions),24.0,21.0,42758.72,2036.1295238095238,2.0,0.2,0.02293587310582474,0.0,,ความถี่ 90 วันล่าสุดลดลงชัดเจน,ไม่ต้องดำเนินการเป็นพิเศษ
C10699,0.084355086,ต่ำ,2,ลูกค้าห่างหายมูลค่าต่ำ (Dormant / Low-Value),14.0,8.0,4171.530000000001,521.4412500000001,3.0,1.5,0.11219675187445063,0.0,2.0,คะแนนความพึงพอใจต่ำ (2.0/5) · ซื้อเมื่อมีส่วนลดเป็นหลัก (11%),ไม่ต้องดำเนินการเป็นพิเศษ
C12169,0.08406813,ต่ำ,0,ลูกค้าคุณค่าสูงที่กำลังห่างหาย (At-Risk High-Value),7.0,24.0,16416.03,684.0012499999999,2.0,0.3333333333333333,0.019420995916650936,0.0,,ความถี่ 90 วันล่าสุดลดลงชัดเจน,ไม่ต้องดำเนินการเป็นพิเศษ
C11919,0.08403687,ต่ำ,2,ลูกค้าห่างหายมูลค่าต่ำ (Dormant / Low-Value),3.0,8.0,4037.12,504.64,2.0,2.0,0.060131628878267736,0.0,3.0,ความเสี่ยงมาจากรูปแบบรวมหลายปัจจัย,ไม่ต้องดำเนินการเป็นพิเศษ
C11261,0.08403421,ต่ำ,1,ลูกค้าชั้นยอด (Champions),10.0,20.0,30901.77,1545.0885,4.0,1.3333333333333333,0.014787228547981578,0.0,3.5,ความเสี่ยงมาจากรูปแบบรวมหลายปัจจัย,ไม่ต้องดำเนินการเป็นพิเศษ
C10113,0.08381088,ต่ำ,0,ลูกค้าคุณค่าสูงที่กำลังห่างหาย (At-Risk High-Value),26.0,19.0,33926.0,1785.578947368421,6.0,0.8571428571428571,0.037988753945051426,1.0,2.0,คะแนนความพึงพอใจต่ำ (2.0/5) · มีเรื่องร้องเรียนค้าง 1 เรื่อง,ไม่ต้องดำเนินการเป็นพิเศษ
C11195,0.08244887,ต่ำ,2,ลูกค้าห่างหายมูลค่าต่ำ (Dormant / Low-Value),19.0,11.0,4963.110000000001,451.19181818181823,4.0,1.0,0.0487862375087683,0.0,4.0,ความเสี่ยงมาจากรูปแบบรวมหลายปัจจัย,ไม่ต้องดำเนินการเป็นพิเศษ
C10266,0.08238302,ต่ำ,0,ลูกค้าคุณค่าสูงที่กำลังห่างหาย (At-Risk High-Value),30.0,9.0,4997.53,555.281111111111,1.0,0.25,0.011155719037339407,0.0,4.0,ความถี่ 90 วันล่าสุดลดลงชัดเจน,ไม่ต้องดำเนินการเป็นพิเศษ
C11216,0.0821695,ต่ำ,0,ลูกค้าคุณค่าสูงที่กำลังห่างหาย (At-Risk High-Value),4.0,21.0,30586.17,1456.4842857142855,3.0,0.5,0.02984419421151411,0.0,3.0,ความถี่ 90 วันล่าสุดลดลงชัดเจน,ไม่ต้องดำเนินการเป็นพิเศษ
C10547,0.08213725,ต่ำ,2,ลูกค้าห่างหายมูลค่าต่ำ (Dormant / Low-Value),25.0,4.0,1567.33,391.8325,2.0,0.6666666666666666,0.08434840013787381,0.0,4.0,ความเสี่ยงมาจากรูปแบบรวมหลายปัจจัย,ไม่ต้องดำเนินการเป็นพิเศษ
C10458,0.08182299,ต่ำ,2,ลูกค้าห่างหายมูลค่าต่ำ (Dormant / Low-Value),59.0,5.0,2354.21,470.842,2.0,0.6666666666666666,0.07706993884271601,0.0,,ความเสี่ยงมาจากรูปแบบรวมหลายปัจจัย,ไม่ต้องดำเนินการเป็นพิเศษ
C11145,0.081630915,ต่ำ,2,ลูกค้าห่างหายมูลค่าต่ำ (Dormant / Low-Value),22.0,4.0,3119.98,779.995,3.0,1.5,0.08741561465292322,0.0,,ความเสี่ยงมาจากรูปแบบรวมหลายปัจจัย,ไม่ต้องดำเนินการเป็นพิเศษ
C11536,0.08163025,ต่ำ,2,ลูกค้าห่างหายมูลค่าต่ำ (Dormant / Low-Value),12.0,8.0,2889.94,361.2425,1.0,0.3333333333333333,0.057026602843335904,0.0,,ความถี่ 90 วันล่าสุดลดลงชัดเจน,ไม่ต้องดำเนินการเป็นพิเศษ
C12633,0.0815837,ต่ำ,2,ลูกค้าห่างหายมูลค่าต่ำ (Dormant / Low-Value),7.0,6.0,2922.7599999999998,487.1266666666666,1.0,0.5,0.07221626151492257,0.0,,ความถี่ 90 วันล่าสุดลดลงชัดเจน,ไม่ต้องดำเนินการเป็นพิเศษ
C12656,0.081453726,ต่ำ,1,ลูกค้าชั้นยอด (Champions),31.0,26.0,45664.59,1756.3303846153844,5.0,1.6666666666666667,0.017531407435201457,0.0,,ความเสี่ยงมาจากรูปแบบรวมหลายปัจจัย,ไม่ต้องดำเนินการเป็นพิเศษ
C12626,0.08112554,ต่ำ,2,ลูกค้าห่างหายมูลค่าต่ำ (Dormant / Low-Value),13.0,9.0,4447.66,494.1844444444444,1.0,0.25,0.06942596265702546,0.0,,ความถี่ 90 วันล่าสุดลดลงชัดเจน,ไม่ต้องดำเนินการเป็นพิเศษ
C12428,0.08099691,ต่ำ,2,ลูกค้าห่างหายมูลค่าต่ำ (Dormant / Low-Value),16.0,9.0,4932.34,548.0377777777778,4.0,1.0,0.0796035775798527,0.0,,ความเสี่ยงมาจากรูปแบบรวมหลายปัจจัย,ไม่ต้องดำเนินการเป็นพิเศษ
C12120,0.08089506,ต่ำ,2,ลูกค้าห่างหายมูลค่าต่ำ (Dormant / Low-Value),20.0,4.0,1255.53,313.8825,2.0,0.6666666666666666,0.0,0.0,5.0,ความเสี่ยงมาจากรูปแบบรวมหลายปัจจัย,ไม่ต้องดำเนินการเป็นพิเศษ
C11016,0.08031469,ต่ำ,0,ลูกค้าคุณค่าสูงที่กำลังห่างหาย (At-Risk High-Value),17.0,29.0,22213.52,765.9834482758621,6.0,1.0,0.014621305914484812,0.0,,ความเสี่ยงมาจากรูปแบบรวมหลายปัจจัย,ไม่ต้องดำเนินการเป็นพิเศษ
C12838,0.080088,ต่ำ,2,ลูกค้าห่างหายมูลค่าต่ำ (Dormant / Low-Value),31.0,8.0,3347.2799999999997,418.40999999999997,1.0,0.3333333333333333,0.05650623634698048,0.0,,ความถี่ 90 วันล่าสุดลดลงชัดเจน,ไม่ต้องดำเนินการเป็นพิเศษ
C11923,0.07995489,ต่ำ,2,ลูกค้าห่างหายมูลค่าต่ำ (Dormant / Low-Value),46.0,7.0,4297.19,613.8842857142856,1.0,1.0,0.05585936727577926,0.0,4.0,ความเสี่ยงมาจากรูปแบบรวมหลายปัจจัย,ไม่ต้องดำเนินการเป็นพิเศษ
C12883,0.07960237,ต่ำ,0,ลูกค้าคุณค่าสูงที่กำลังห่างหาย (At-Risk High-Value),11.0,30.0,18308.54,610.2846666666667,6.0,0.8571428571428571,0.010378075450770626,0.0,,ความเสี่ยงมาจากรูปแบบรวมหลายปัจจัย,ไม่ต้องดำเนินการเป็นพิเศษ
C12412,0.07956663,ต่ำ,1,ลูกค้าชั้นยอด (Champions),18.0,32.0,40864.08,1277.0025,5.0,1.0,0.010423659119902593,0.0,,ความเสี่ยงมาจากรูปแบบรวมหลายปัจจัย,ไม่ต้องดำเนินการเป็นพิเศษ
C10790,0.078564264,ต่ำ,2,ลูกค้าห่างหายมูลค่าต่ำ (Dormant / Low-Value),48.0,4.0,2377.18,594.295,3.0,3.0,0.031954879563455704,0.0,5.0,ความเสี่ยงมาจากรูปแบบรวมหลายปัจจัย,ไม่ต้องดำเนินการเป็นพิเศษ
C10293,0.078043625,ต่ำ,2,ลูกค้าห่างหายมูลค่าต่ำ (Dormant / Low-Value),13.0,6.0,3131.36,521.8933333333333,1.0,0.5,0.0788492086838854,0.0,2.0,ความถี่ 90 วันล่าสุดลดลงชัดเจน · คะแนนความพึงพอใจต่ำ (2.0/5),ไม่ต้องดำเนินการเป็นพิเศษ
C12306,0.077937864,ต่ำ,2,ลูกค้าห่างหายมูลค่าต่ำ (Dormant / Low-Value),14.0,14.0,5029.79,359.2707142857143,1.0,0.16666666666666666,0.04239346896501829,0.0,,ความถี่ 90 วันล่าสุดลดลงชัดเจน,ไม่ต้องดำเนินการเป็นพิเศษ
C10919,0.07720443,ต่ำ,1,ลูกค้าชั้นยอด (Champions),32.0,28.0,28708.87,1025.3167857142857,4.0,0.5,0.021506904595383482,0.0,,ความถี่ 90 วันล่าสุดลดลงชัดเจน,ไม่ต้องดำเนินการเป็นพิเศษ
C12686,0.077160366,ต่ำ,3,ลูกค้าใหม่กำลังก่อตัว (New / Developing),7.0,4.0,2637.7400000000002,659.4350000000001,2.0,0.6666666666666666,0.038023340627279356,0.0,,ความเสี่ยงมาจากรูปแบบรวมหลายปัจจัย,ไม่ต้องดำเนินการเป็นพิเศษ
C11205,0.07706894,ต่ำ,0,ลูกค้าคุณค่าสูงที่กำลังห่างหาย (At-Risk High-Value),8.0,15.0,27730.81,1848.7206666666668,3.0,0.42857142857142855,0.010521068720212577,0.0,5.0,ความถี่ 90 วันล่าสุดลดลงชัดเจน,ไม่ต้องดำเนินการเป็นพิเศษ
C10432,0.07694001,ต่ำ,0,ลูกค้าคุณค่าสูงที่กำลังห่างหาย (At-Risk High-Value),27.0,9.0,8326.99,925.2211111111111,5.0,1.6666666666666667,0.0038031865894305153,0.0,,ความเสี่ยงมาจากรูปแบบรวมหลายปัจจัย,ไม่ต้องดำเนินการเป็นพิเศษ
C12717,0.07687128,ต่ำ,1,ลูกค้าชั้นยอด (Champions),2.0,17.0,32778.03,1928.1194117647058,4.0,1.0,0.04053781117070789,0.0,2.0,คะแนนความพึงพอใจต่ำ (2.0/5),ไม่ต้องดำเนินการเป็นพิเศษ
C12069,0.07674152,ต่ำ,0,ลูกค้าคุณค่าสูงที่กำลังห่างหาย (At-Risk High-Value),4.0,9.0,6800.5,755.6111111111111,1.0,0.5,0.07588216189625908,0.0,4.0,ความถี่ 90 วันล่าสุดลดลงชัดเจน,ไม่ต้องดำเนินการเป็นพิเศษ
C11406,0.076592155,ต่ำ,0,ลูกค้าคุณค่าสูงที่กำลังห่างหาย (At-Risk High-Value),6.0,17.0,8244.880000000001,484.99294117647065,2.0,0.5,0.0680328934354424,0.0,,ความถี่ 90 วันล่าสุดลดลงชัดเจน,ไม่ต้องดำเนินการเป็นพิเศษ
C10511,0.07641869,ต่ำ,2,ลูกค้าห่างหายมูลค่าต่ำ (Dormant / Low-Value),191.0,2.0,2021.8000000000002,1010.9000000000001,0.0,0.0,0.025868590067887585,0.0,3.0,ไม่ซื้อมา 191 วัน · ความถี่ 90 วันล่าสุดลดลงชัดเจน · ไม่มีการซื้อเลยใน 90 วันล่าสุด,ไม่ต้องดำเนินการเป็นพิเศษ
C10730,0.07606752,ต่ำ,3,ลูกค้าใหม่กำลังก่อตัว (New / Developing),15.0,4.0,3049.26,762.315,3.0,1.5,0.08831171160935589,0.0,,ความเสี่ยงมาจากรูปแบบรวมหลายปัจจัย,ไม่ต้องดำเนินการเป็นพิเศษ
C10447,0.07594921,ต่ำ,2,ลูกค้าห่างหายมูลค่าต่ำ (Dormant / Low-Value),55.0,11.0,3706.69,336.9718181818182,4.0,2.0,0.07501328828210586,0.0,4.0,ความเสี่ยงมาจากรูปแบบรวมหลายปัจจัย,ไม่ต้องดำเนินการเป็นพิเศษ
C12706,0.07478186,ต่ำ,1,ลูกค้าชั้นยอด (Champions),19.0,41.0,53556.11,1306.2465853658537,4.0,0.6666666666666666,0.032627530031636966,0.0,,ความเสี่ยงมาจากรูปแบบรวมหลายปัจจัย,ไม่ต้องดำเนินการเป็นพิเศษ
C11890,0.07472565,ต่ำ,2,ลูกค้าห่างหายมูลค่าต่ำ (Dormant / Low-Value),2.0,11.0,4831.14,439.1945454545455,2.0,0.6666666666666666,0.08206807053677798,0.0,3.0,ความเสี่ยงมาจากรูปแบบรวมหลายปัจจัย,ไม่ต้องดำเนินการเป็นพิเศษ
C12032,0.07454138,ต่ำ,0,ลูกค้าคุณค่าสูงที่กำลังห่างหาย (At-Risk High-Value),21.0,15.0,30480.25,2032.0166666666667,3.0,0.375,0.06246174364690778,0.0,3.0,ความถี่ 90 วันล่าสุดลดลงชัดเจน,ไม่ต้องดำเนินการเป็นพิเศษ
C12161,0.0744388,ต่ำ,2,ลูกค้าห่างหายมูลค่าต่ำ (Dormant / Low-Value),10.0,8.0,2886.52,360.815,2.0,0.6666666666666666,0.07856043822742624,0.0,,ความเสี่ยงมาจากรูปแบบรวมหลายปัจจัย,ไม่ต้องดำเนินการเป็นพิเศษ
C10274,0.07409981,ต่ำ,2,ลูกค้าห่างหายมูลค่าต่ำ (Dormant / Low-Value),7.0,3.0,523.6,174.53333333333333,2.0,1.0,0.0304601425793908,0.0,5.0,ความเสี่ยงมาจากรูปแบบรวมหลายปัจจัย,ไม่ต้องดำเนินการเป็นพิเศษ
C10196,0.07374056,ต่ำ,2,ลูกค้าห่างหายมูลค่าต่ำ (Dormant / Low-Value),12.0,4.0,2997.47,749.3675,1.0,0.25,0.0529500230643337,0.0,,ความถี่ 90 วันล่าสุดลดลงชัดเจน,ไม่ต้องดำเนินการเป็นพิเศษ
C10339,0.07353172,ต่ำ,2,ลูกค้าห่างหายมูลค่าต่ำ (Dormant / Low-Value),1.0,12.0,6785.7,565.475,4.0,4.0,0.08980309046034983,0.0,,ความเสี่ยงมาจากรูปแบบรวมหลายปัจจัย,ไม่ต้องดำเนินการเป็นพิเศษ
C12365,0.07319038,ต่ำ,2,ลูกค้าห่างหายมูลค่าต่ำ (Dormant / Low-Value),4.0,6.0,3125.4,520.9,1.0,1.0,0.1270271327139976,0.0,3.5,ซื้อเมื่อมีส่วนลดเป็นหลัก (13%),ไม่ต้องดำเนินการเป็นพิเศษ
C11730,0.073146954,ต่ำ,2,ลูกค้าห่างหายมูลค่าต่ำ (Dormant / Low-Value),17.0,10.0,4667.63,466.76300000000003,3.0,1.0,0.03621301628532669,0.0,,ความเสี่ยงมาจากรูปแบบรวมหลายปัจจัย,ไม่ต้องดำเนินการเป็นพิเศษ
C10009,0.073112905,ต่ำ,2,ลูกค้าห่างหายมูลค่าต่ำ (Dormant / Low-Value),89.0,2.0,771.43,385.715,1.0,0.5,0.0,0.0,,ไม่ซื้อมา 89 วัน · ความถี่ 90 วันล่าสุดลดลงชัดเจน,ไม่ต้องดำเนินการเป็นพิเศษ
C10704,0.07310169,ต่ำ,2,ลูกค้าห่างหายมูลค่าต่ำ (Dormant / Low-Value),32.0,8.0,2382.4700000000003,297.80875000000003,3.0,3.0,0.05725772306572173,0.0,,ความเสี่ยงมาจากรูปแบบรวมหลายปัจจัย,ไม่ต้องดำเนินการเป็นพิเศษ
C12815,0.072923094,ต่ำ,1,ลูกค้าชั้นยอด (Champions),30.0,39.0,37538.57,962.5274358974359,4.0,0.5714285714285714,0.0,0.0,3.0,ความถี่ 90 วันล่าสุดลดลงชัดเจน,ไม่ต้องดำเนินการเป็นพิเศษ
C12957,0.07237077,ต่ำ,1,ลูกค้าชั้นยอด (Champions),5.0,13.0,19800.670000000002,1523.1284615384616,4.0,2.0,0.03386246277690736,0.0,2.0,คะแนนความพึงพอใจต่ำ (2.0/5),ไม่ต้องดำเนินการเป็นพิเศษ
C10583,0.072353706,ต่ำ,2,ลูกค้าห่างหายมูลค่าต่ำ (Dormant / Low-Value),20.0,7.0,2493.9900000000002,356.2842857142858,1.0,0.3333333333333333,0.06693478992854203,0.0,,ความถี่ 90 วันล่าสุดลดลงชัดเจน,ไม่ต้องดำเนินการเป็นพิเศษ
C10436,0.07231318,ต่ำ,3,ลูกค้าใหม่กำลังก่อตัว (New / Developing),4.0,8.0,6011.27,751.40875,4.0,0.8,0.03214967114531594,0.0,,ความเสี่ยงมาจากรูปแบบรวมหลายปัจจัย,ไม่ต้องดำเนินการเป็นพิเศษ
C11701,0.0723105,ต่ำ,2,ลูกค้าห่างหายมูลค่าต่ำ (Dormant / Low-Value),21.0,4.0,2358.13,589.5325,2.0,0.6666666666666666,0.07993367147873585,0.0,,ความเสี่ยงมาจากรูปแบบรวมหลายปัจจัย,ไม่ต้องดำเนินการเป็นพิเศษ
C12147,0.07218813,ต่ำ,0,ลูกค้าคุณค่าสูงที่กำลังห่างหาย (At-Risk High-Value),3.0,22.0,21392.579999999998,972.3899999999999,7.0,1.1666666666666667,0.0290875522159913,0.0,4.0,ความเสี่ยงมาจากรูปแบบรวมหลายปัจจัย,ไม่ต้องดำเนินการเป็นพิเศษ
C10843,0.0721056,ต่ำ,1,ลูกค้าชั้นยอด (Champions),6.0,22.0,26743.9,1215.6318181818183,4.0,1.3333333333333333,0.0,0.0,,ความเสี่ยงมาจากรูปแบบรวมหลายปัจจัย,ไม่ต้องดำเนินการเป็นพิเศษ
C11095,0.07186634,ต่ำ,1,ลูกค้าชั้นยอด (Champions),4.0,23.0,40289.51,1751.7178260869566,2.0,0.4,0.0,0.0,,ความถี่ 90 วันล่าสุดลดลงชัดเจน,ไม่ต้องดำเนินการเป็นพิเศษ
C12987,0.07185949,ต่ำ,1,ลูกค้าชั้นยอด (Champions),9.0,44.0,74055.72,1683.0845454545454,3.0,0.5,0.04492466643297824,0.0,3.0,ความถี่ 90 วันล่าสุดลดลงชัดเจน,ไม่ต้องดำเนินการเป็นพิเศษ
C12395,0.0715764,ต่ำ,2,ลูกค้าห่างหายมูลค่าต่ำ (Dormant / Low-Value),24.0,7.0,2742.7599999999998,391.8228571428571,4.0,4.0,0.022990061625048974,0.0,,ความเสี่ยงมาจากรูปแบบรวมหลายปัจจัย,ไม่ต้องดำเนินการเป็นพิเศษ
C10429,0.07145255,ต่ำ,3,ลูกค้าใหม่กำลังก่อตัว (New / Developing),27.0,7.0,5447.61,778.2299999999999,4.0,4.0,0.04345329652963611,0.0,,ความเสี่ยงมาจากรูปแบบรวมหลายปัจจัย,ไม่ต้องดำเนินการเป็นพิเศษ
C11622,0.07111078,ต่ำ,2,ลูกค้าห่างหายมูลค่าต่ำ (Dormant / Low-Value),37.0,5.0,1548.97,309.794,3.0,3.0,0.018496223450093784,0.0,,ความเสี่ยงมาจากรูปแบบรวมหลายปัจจัย,ไม่ต้องดำเนินการเป็นพิเศษ
C11104,0.07108815,ต่ำ,1,ลูกค้าชั้นยอด (Champions),5.0,25.0,40809.13,1632.3652,3.0,0.5,0.032915463018477135,0.0,,ความถี่ 90 วันล่าสุดลดลงชัดเจน,ไม่ต้องดำเนินการเป็นพิเศษ
C12673,0.07107372,ต่ำ,1,ลูกค้าชั้นยอด (Champions),2.0,27.0,54269.409999999996,2009.978148148148,4.0,0.36363636363636365,0.040934871577185346,0.0,,ความถี่ 90 วันล่าสุดลดลงชัดเจน,ไม่ต้องดำเนินการเป็นพิเศษ
C12963,0.071053535,ต่ำ,3,ลูกค้าใหม่กำลังก่อตัว (New / Developing),7.0,8.0,8027.51,1003.43875,5.0,1.25,0.02171658515838361,0.0,,ความเสี่ยงมาจากรูปแบบรวมหลายปัจจัย,ไม่ต้องดำเนินการเป็นพิเศษ
C10464,0.07060874,ต่ำ,2,ลูกค้าห่างหายมูลค่าต่ำ (Dormant / Low-Value),6.0,8.0,4248.74,531.0925,3.0,1.0,0.04024053057683966,0.0,,ความเสี่ยงมาจากรูปแบบรวมหลายปัจจัย,ไม่ต้องดำเนินการเป็นพิเศษ
C11193,0.07050719,ต่ำ,1,ลูกค้าชั้นยอด (Champions),6.0,56.0,128467.95,2294.0705357142856,9.0,1.0,0.02566271085633988,0.0,3.0,ความเสี่ยงมาจากรูปแบบรวมหลายปัจจัย,ไม่ต้องดำเนินการเป็นพิเศษ
C12965,0.07036844,ต่ำ,2,ลูกค้าห่างหายมูลค่าต่ำ (Dormant / Low-Value),26.0,5.0,3656.2,731.24,1.0,0.25,0.014206406768601926,0.0,,ความถี่ 90 วันล่าสุดลดลงชัดเจน,ไม่ต้องดำเนินการเป็นพิเศษ
C11045,0.07030431,ต่ำ,1,ลูกค้าชั้นยอด (Champions),25.0,20.0,30396.81,1519.8405,6.0,0.75,0.03266929506969172,0.0,,ความเสี่ยงมาจากรูปแบบรวมหลายปัจจัย,ไม่ต้องดำเนินการเป็นพิเศษ
C11428,0.07027222,ต่ำ,3,ลูกค้าใหม่กำลังก่อตัว (New / Developing),15.0,8.0,5267.72,658.465,2.0,1.0,0.04907592272338336,0.0,,ความเสี่ยงมาจากรูปแบบรวมหลายปัจจัย,ไม่ต้องดำเนินการเป็นพิเศษ
C10234,0.07014286,ต่ำ,0,ลูกค้าคุณค่าสูงที่กำลังห่างหาย (At-Risk High-Value),16.0,25.0,13342.95,533.7180000000001,6.0,0.6,0.0015362764788812496,0.0,,ความเสี่ยงมาจากรูปแบบรวมหลายปัจจัย,ไม่ต้องดำเนินการเป็นพิเศษ
C12510,0.069994636,ต่ำ,2,ลูกค้าห่างหายมูลค่าต่ำ (Dormant / Low-Value),2.0,3.0,1126.38,375.46000000000004,1.0,0.5,0.018960937159778774,0.0,,ความถี่ 90 วันล่าสุดลดลงชัดเจน,ไม่ต้องดำเนินการเป็นพิเศษ
C12661,0.06954859,ต่ำ,0,ลูกค้าคุณค่าสูงที่กำลังห่างหาย (At-Risk High-Value),39.0,26.0,21859.33,840.7434615384616,5.0,0.38461538461538464,0.03750541584915231,0.0,5.0,ความถี่ 90 วันล่าสุดลดลงชัดเจน,ไม่ต้องดำเนินการเป็นพิเศษ
C10036,0.06952726,ต่ำ,2,ลูกค้าห่างหายมูลค่าต่ำ (Dormant / Low-Value),4.0,8.0,3415.36,426.92,2.0,1.0,0.03737358933020665,0.0,,ความเสี่ยงมาจากรูปแบบรวมหลายปัจจัย,ไม่ต้องดำเนินการเป็นพิเศษ
C12403,0.06948302,ต่ำ,0,ลูกค้าคุณค่าสูงที่กำลังห่างหาย (At-Risk High-Value),7.0,10.0,8076.1900000000005,807.619,1.0,0.3333333333333333,0.022058859143946254,0.0,,ความถี่ 90 วันล่าสุดลดลงชัดเจน,ไม่ต้องดำเนินการเป็นพิเศษ
C11859,0.06932978,ต่ำ,2,ลูกค้าห่างหายมูลค่าต่ำ (Dormant / Low-Value),3.0,5.0,2018.6399999999999,403.72799999999995,3.0,1.5,0.09704373342160234,0.0,,ความเสี่ยงมาจากรูปแบบรวมหลายปัจจัย,ไม่ต้องดำเนินการเป็นพิเศษ
C11802,0.069245316,ต่ำ,3,ลูกค้าใหม่กำลังก่อตัว (New / Developing),17.0,3.0,1770.58,590.1933333333333,1.0,0.3333333333333333,0.0,0.0,,ความถี่ 90 วันล่าสุดลดลงชัดเจน,ไม่ต้องดำเนินการเป็นพิเศษ
C10606,0.06860563,ต่ำ,2,ลูกค้าห่างหายมูลค่าต่ำ (Dormant / Low-Value),3.0,13.0,4263.69,327.9761538461538,4.0,2.0,0.06405663483701021,0.0,,ความเสี่ยงมาจากรูปแบบรวมหลายปัจจัย,ไม่ต้องดำเนินการเป็นพิเศษ
C12124,0.06843265,ต่ำ,0,ลูกค้าคุณค่าสูงที่กำลังห่างหาย (At-Risk High-Value),16.0,17.0,29265.19,1721.4817647058824,6.0,1.5,0.021768640175315036,0.0,,ความเสี่ยงมาจากรูปแบบรวมหลายปัจจัย,ไม่ต้องดำเนินการเป็นพิเศษ
C11126,0.068382815,ต่ำ,2,ลูกค้าห่างหายมูลค่าต่ำ (Dormant / Low-Value),11.0,7.0,2428.86,346.98,4.0,1.0,0.09550444639744983,0.0,,ความเสี่ยงมาจากรูปแบบรวมหลายปัจจัย,ไม่ต้องดำเนินการเป็นพิเศษ
C10194,0.067650504,ต่ำ,3,ลูกค้าใหม่กำลังก่อตัว (New / Developing),25.0,4.0,3478.45,869.6125,4.0,4.0,0.0,0.0,,ความเสี่ยงมาจากรูปแบบรวมหลายปัจจัย,ไม่ต้องดำเนินการเป็นพิเศษ
C12165,0.06744433,ต่ำ,2,ลูกค้าห่างหายมูลค่าต่ำ (Dormant / Low-Value),14.0,7.0,3988.87,569.8385714285714,2.0,0.6666666666666666,0.0709124873058612,0.0,,ความเสี่ยงมาจากรูปแบบรวมหลายปัจจัย,ไม่ต้องดำเนินการเป็นพิเศษ
C10189,0.06727716,ต่ำ,2,ลูกค้าห่างหายมูลค่าต่ำ (Dormant / Low-Value),16.0,3.0,625.78,208.59333333333333,2.0,1.0,0.0,0.0,,ความเสี่ยงมาจากรูปแบบรวมหลายปัจจัย,ไม่ต้องดำเนินการเป็นพิเศษ
C11249,0.06726214,ต่ำ,0,ลูกค้าคุณค่าสูงที่กำลังห่างหาย (At-Risk High-Value),16.0,14.0,28137.66,2009.8328571428572,2.0,0.5,0.023328221636154996,0.0,,ความถี่ 90 วันล่าสุดลดลงชัดเจน,ไม่ต้องดำเนินการเป็นพิเศษ
C11662,0.06712577,ต่ำ,3,ลูกค้าใหม่กำลังก่อตัว (New / Developing),20.0,3.0,3223.7599999999998,1074.5866666666666,1.0,0.3333333333333333,0.020996689847854473,0.0,3.0,ความถี่ 90 วันล่าสุดลดลงชัดเจน,ไม่ต้องดำเนินการเป็นพิเศษ
C10592,0.067010865,ต่ำ,0,ลูกค้าคุณค่าสูงที่กำลังห่างหาย (At-Risk High-Value),0.0,34.0,23707.15,697.2691176470589,8.0,0.8888888888888888,0.06277846258214029,0.0,4.0,ความเสี่ยงมาจากรูปแบบรวมหลายปัจจัย,ไม่ต้องดำเนินการเป็นพิเศษ
C10611,0.06697421,ต่ำ,0,ลูกค้าคุณค่าสูงที่กำลังห่างหาย (At-Risk High-Value),15.0,25.0,27126.01,1085.0403999999999,3.0,0.5,0.013850297687969497,0.0,,ความถี่ 90 วันล่าสุดลดลงชัดเจน,ไม่ต้องดำเนินการเป็นพิเศษ
C11323,0.06682666,ต่ำ,0,ลูกค้าคุณค่าสูงที่กำลังห่างหาย (At-Risk High-Value),5.0,17.0,11461.91,674.23,5.0,0.8333333333333334,0.04091818872521948,1.0,5.0,มีเรื่องร้องเรียนค้าง 1 เรื่อง,ไม่ต้องดำเนินการเป็นพิเศษ
C10798,0.06665081,ต่ำ,0,ลูกค้าคุณค่าสูงที่กำลังห่างหาย (At-Risk High-Value),2.0,20.0,20908.3,1045.415,6.0,1.0,0.04149591972299685,0.0,,ความเสี่ยงมาจากรูปแบบรวมหลายปัจจัย,ไม่ต้องดำเนินการเป็นพิเศษ
C12103,0.066484764,ต่ำ,3,ลูกค้าใหม่กำลังก่อตัว (New / Developing),0.0,4.0,6174.8,1543.7,4.0,4.0,0.034929645264594134,0.0,,ความเสี่ยงมาจากรูปแบบรวมหลายปัจจัย,ไม่ต้องดำเนินการเป็นพิเศษ
C11715,0.06633654,ต่ำ,1,ลูกค้าชั้นยอด (Champions),0.0,22.0,37804.04,1718.3654545454547,2.0,0.3333333333333333,0.024032062025686383,0.0,2.5,ความถี่ 90 วันล่าสุดลดลงชัดเจน,ไม่ต้องดำเนินการเป็นพิเศษ
C10301,0.06632622,ต่ำ,0,ลูกค้าคุณค่าสูงที่กำลังห่างหาย (At-Risk High-Value),22.0,25.0,33473.25,1338.93,11.0,3.6666666666666665,0.0224399364165783,0.0,,ความเสี่ยงมาจากรูปแบบรวมหลายปัจจัย,ไม่ต้องดำเนินการเป็นพิเศษ
C10112,0.066207856,ต่ำ,3,ลูกค้าใหม่กำลังก่อตัว (New / Developing),4.0,4.0,2973.75,743.4375,4.0,4.0,0.012263051081652921,0.0,,ความเสี่ยงมาจากรูปแบบรวมหลายปัจจัย,ไม่ต้องดำเนินการเป็นพิเศษ
C10245,0.06582259,ต่ำ,0,ลูกค้าคุณค่าสูงที่กำลังห่างหาย (At-Risk High-Value),1.0,26.0,34509.71,1327.2965384615384,3.0,0.375,0.04127630504616275,0.0,,ความถี่ 90 วันล่าสุดลดลงชัดเจน,ไม่ต้องดำเนินการเป็นพิเศษ
C11068,0.06570122,ต่ำ,2,ลูกค้าห่างหายมูลค่าต่ำ (Dormant / Low-Value),15.0,12.0,4815.49,401.2908333333333,3.0,0.75,0.10322563824656085,0.0,,ซื้อเมื่อมีส่วนลดเป็นหลัก (10%),ไม่ต้องดำเนินการเป็นพิเศษ
C12413,0.06567858,ต่ำ,0,ลูกค้าคุณค่าสูงที่กำลังห่างหาย (At-Risk High-Value),20.0,30.0,41443.95,1381.465,3.0,0.375,0.019951451546728182,0.0,3.5,ความถี่ 90 วันล่าสุดลดลงชัดเจน,ไม่ต้องดำเนินการเป็นพิเศษ
C12073,0.065580726,ต่ำ,2,ลูกค้าห่างหายมูลค่าต่ำ (Dormant / Low-Value),19.0,11.0,4285.61,389.60090909090906,2.0,0.5,0.03646305243727784,0.0,,ความถี่ 90 วันล่าสุดลดลงชัดเจน,ไม่ต้องดำเนินการเป็นพิเศษ
C12890,0.06514337,ต่ำ,0,ลูกค้าคุณค่าสูงที่กำลังห่างหาย (At-Risk High-Value),6.0,25.0,35545.61,1421.8244,4.0,0.5714285714285714,0.025465764263542218,0.0,2.0,ความถี่ 90 วันล่าสุดลดลงชัดเจน · คะแนนความพึงพอใจต่ำ (2.0/5),ไม่ต้องดำเนินการเป็นพิเศษ
C11131,0.06506183,ต่ำ,1,ลูกค้าชั้นยอด (Champions),4.0,22.0,22997.22,1045.328181818182,4.0,1.0,0.022705300254849774,0.0,3.0,ความเสี่ยงมาจากรูปแบบรวมหลายปัจจัย,ไม่ต้องดำเนินการเป็นพิเศษ
C11809,0.06501399,ต่ำ,3,ลูกค้าใหม่กำลังก่อตัว (New / Developing),16.0,4.0,2582.3100000000004,645.5775000000001,4.0,4.0,0.0,0.0,,ความเสี่ยงมาจากรูปแบบรวมหลายปัจจัย,ไม่ต้องดำเนินการเป็นพิเศษ
C10761,0.06496567,ต่ำ,2,ลูกค้าห่างหายมูลค่าต่ำ (Dormant / Low-Value),12.0,5.0,2803.88,560.7760000000001,1.0,1.0,0.09282740011453383,0.0,3.0,ความเสี่ยงมาจากรูปแบบรวมหลายปัจจัย,ไม่ต้องดำเนินการเป็นพิเศษ
C12715,0.06452018,ต่ำ,2,ลูกค้าห่างหายมูลค่าต่ำ (Dormant / Low-Value),1.0,10.0,6491.29,649.129,3.0,3.0,0.05084916764755339,0.0,,ความเสี่ยงมาจากรูปแบบรวมหลายปัจจัย,ไม่ต้องดำเนินการเป็นพิเศษ
C12282,0.0645195,ต่ำ,3,ลูกค้าใหม่กำลังก่อตัว (New / Developing),6.0,4.0,4298.75,1074.6875,4.0,4.0,0.00815624927897372,0.0,,ความเสี่ยงมาจากรูปแบบรวมหลายปัจจัย,ไม่ต้องดำเนินการเป็นพิเศษ
C11342,0.06451402,ต่ำ,3,ลูกค้าใหม่กำลังก่อตัว (New / Developing),10.0,5.0,3296.06,659.212,4.0,2.0,0.05971124303568525,0.0,,ความเสี่ยงมาจากรูปแบบรวมหลายปัจจัย,ไม่ต้องดำเนินการเป็นพิเศษ
C11827,0.064467646,ต่ำ,1,ลูกค้าชั้นยอด (Champions),15.0,36.0,58114.57,1614.2936111111112,2.0,0.16666666666666666,0.016202019073447243,0.0,,ความถี่ 90 วันล่าสุดลดลงชัดเจน,ไม่ต้องดำเนินการเป็นพิเศษ
C10283,0.06432155,ต่ำ,2,ลูกค้าห่างหายมูลค่าต่ำ (Dormant / Low-Value),9.0,3.0,2683.27,894.4233333333333,2.0,2.0,0.0977299245774082,0.0,,ความเสี่ยงมาจากรูปแบบรวมหลายปัจจัย,ไม่ต้องดำเนินการเป็นพิเศษ
C12533,0.06406708,ต่ำ,0,ลูกค้าคุณค่าสูงที่กำลังห่างหาย (At-Risk High-Value),1.0,14.0,14290.06,1020.7185714285714,7.0,2.3333333333333335,0.04288064255995199,0.0,4.0,ความเสี่ยงมาจากรูปแบบรวมหลายปัจจัย,ไม่ต้องดำเนินการเป็นพิเศษ
C12388,0.06391234,ต่ำ,0,ลูกค้าคุณค่าสูงที่กำลังห่างหาย (At-Risk High-Value),10.0,21.0,21531.59,1025.3138095238096,4.0,0.8,0.02119971233670062,0.0,,ความเสี่ยงมาจากรูปแบบรวมหลายปัจจัย,ไม่ต้องดำเนินการเป็นพิเศษ
C10077,0.06378076,ต่ำ,1,ลูกค้าชั้นยอด (Champions),11.0,34.0,49539.159999999996,1457.0341176470588,4.0,1.3333333333333333,0.03377457855649248,0.0,3.0,ความเสี่ยงมาจากรูปแบบรวมหลายปัจจัย,ไม่ต้องดำเนินการเป็นพิเศษ
C10789,0.06362559,ต่ำ,1,ลูกค้าชั้นยอด (Champions),8.0,3.0,7315.1,2438.366666666667,2.0,1.0,0.015135603808539053,0.0,3.0,ความเสี่ยงมาจากรูปแบบรวมหลายปัจจัย,ไม่ต้องดำเนินการเป็นพิเศษ
C12003,0.06355957,ต่ำ,3,ลูกค้าใหม่กำลังก่อตัว (New / Developing),0.0,3.0,2464.13,821.3766666666667,2.0,1.0,0.059258976463626475,0.0,,ความเสี่ยงมาจากรูปแบบรวมหลายปัจจัย,ไม่ต้องดำเนินการเป็นพิเศษ
C10085,0.06325613,ต่ำ,3,ลูกค้าใหม่กำลังก่อตัว (New / Developing),20.0,4.0,1611.97,402.9925,1.0,0.3333333333333333,0.009834273148318775,0.0,,ความถี่ 90 วันล่าสุดลดลงชัดเจน,ไม่ต้องดำเนินการเป็นพิเศษ
C10840,0.06321224,ต่ำ,3,ลูกค้าใหม่กำลังก่อตัว (New / Developing),18.0,10.0,7896.23,789.6229999999999,3.0,0.5,0.03621415049316911,0.0,,ความถี่ 90 วันล่าสุดลดลงชัดเจน,ไม่ต้องดำเนินการเป็นพิเศษ
C10062,0.06320969,ต่ำ,2,ลูกค้าห่างหายมูลค่าต่ำ (Dormant / Low-Value),18.0,10.0,4437.77,443.77700000000004,4.0,1.3333333333333333,0.025415614362578238,0.0,,ความเสี่ยงมาจากรูปแบบรวมหลายปัจจัย,ไม่ต้องดำเนินการเป็นพิเศษ
C11942,0.06314034,ต่ำ,1,ลูกค้าชั้นยอด (Champions),8.0,45.0,56779.21,1261.7602222222222,3.0,0.3333333333333333,0.03370556098444275,0.0,3.0,ความถี่ 90 วันล่าสุดลดลงชัดเจน,ไม่ต้องดำเนินการเป็นพิเศษ
C10260,0.06313797,ต่ำ,2,ลูกค้าห่างหายมูลค่าต่ำ (Dormant / Low-Value),49.0,9.0,3651.56,405.7288888888889,2.0,1.0,0.08891622358673928,0.0,,ความเสี่ยงมาจากรูปแบบรวมหลายปัจจัย,ไม่ต้องดำเนินการเป็นพิเศษ
C10906,0.062965155,ต่ำ,1,ลูกค้าชั้นยอด (Champions),16.0,17.0,33306.26,1959.1917647058824,4.0,0.5,0.022948474766006404,0.0,3.5,ความถี่ 90 วันล่าสุดลดลงชัดเจน,ไม่ต้องดำเนินการเป็นพิเศษ
C12605,0.06279528,ต่ำ,0,ลูกค้าคุณค่าสูงที่กำลังห่างหาย (At-Risk High-Value),18.0,6.0,4077.81,679.635,2.0,0.6666666666666666,0.07189401163941925,0.0,,ความเสี่ยงมาจากรูปแบบรวมหลายปัจจัย,ไม่ต้องดำเนินการเป็นพิเศษ
C12591,0.062680244,ต่ำ,3,ลูกค้าใหม่กำลังก่อตัว (New / Developing),39.0,11.0,12888.42,1171.6745454545455,6.0,3.0,0.0006753440494125437,0.0,,ความเสี่ยงมาจากรูปแบบรวมหลายปัจจัย,ไม่ต้องดำเนินการเป็นพิเศษ
C10566,0.062318873,ต่ำ,2,ลูกค้าห่างหายมูลค่าต่ำ (Dormant / Low-Value),6.0,4.0,1309.56,327.39,2.0,0.6666666666666666,0.036358418508134836,0.0,4.5,ความเสี่ยงมาจากรูปแบบรวมหลายปัจจัย,ไม่ต้องดำเนินการเป็นพิเศษ
C12181,0.06160985,ต่ำ,0,ลูกค้าคุณค่าสูงที่กำลังห่างหาย (At-Risk High-Value),10.0,28.0,28084.8,1003.0285714285714,4.0,0.4444444444444444,0.004891426627714778,0.0,3.0,ความถี่ 90 วันล่าสุดลดลงชัดเจน,ไม่ต้องดำเนินการเป็นพิเศษ
C10004,0.061535608,ต่ำ,2,ลูกค้าห่างหายมูลค่าต่ำ (Dormant / Low-Value),1.0,5.0,2206.65,441.33000000000004,3.0,1.5,0.11947088046926438,0.0,,ซื้อเมื่อมีส่วนลดเป็นหลัก (12%),ไม่ต้องดำเนินการเป็นพิเศษ
C10214,0.0614926,ต่ำ,0,ลูกค้าคุณค่าสูงที่กำลังห่างหาย (At-Risk High-Value),29.0,36.0,42099.41,1169.4280555555556,6.0,0.8571428571428571,0.0037024450573245934,0.0,2.0,คะแนนความพึงพอใจต่ำ (2.0/5),ไม่ต้องดำเนินการเป็นพิเศษ
C11852,0.061345726,ต่ำ,0,ลูกค้าคุณค่าสูงที่กำลังห่างหาย (At-Risk High-Value),10.0,15.0,10225.34,681.6893333333334,3.0,0.3,0.051523957847323165,0.0,,ความถี่ 90 วันล่าสุดลดลงชัดเจน,ไม่ต้องดำเนินการเป็นพิเศษ
C12115,0.060967267,ต่ำ,0,ลูกค้าคุณค่าสูงที่กำลังห่างหาย (At-Risk High-Value),18.0,25.0,31342.59,1253.7036,5.0,0.4166666666666667,0.04931967063195606,0.0,,ความถี่ 90 วันล่าสุดลดลงชัดเจน,ไม่ต้องดำเนินการเป็นพิเศษ
C12263,0.060719628,ต่ำ,0,ลูกค้าคุณค่าสูงที่กำลังห่างหาย (At-Risk High-Value),21.0,16.0,26121.47,1632.591875,5.0,1.25,0.017769401628861817,0.0,2.0,คะแนนความพึงพอใจต่ำ (2.0/5),ไม่ต้องดำเนินการเป็นพิเศษ
C12926,0.06071309,ต่ำ,3,ลูกค้าใหม่กำลังก่อตัว (New / Developing),15.0,4.0,2884.0299999999997,721.0074999999999,2.0,0.6666666666666666,0.024970502621801352,0.0,,ความเสี่ยงมาจากรูปแบบรวมหลายปัจจัย,ไม่ต้องดำเนินการเป็นพิเศษ
C11491,0.059576854,ต่ำ,2,ลูกค้าห่างหายมูลค่าต่ำ (Dormant / Low-Value),2.0,4.0,1965.77,491.4425,2.0,0.6666666666666666,0.06884971010648376,0.0,,ความเสี่ยงมาจากรูปแบบรวมหลายปัจจัย,ไม่ต้องดำเนินการเป็นพิเศษ
C11731,0.05939462,ต่ำ,0,ลูกค้าคุณค่าสูงที่กำลังห่างหาย (At-Risk High-Value),10.0,12.0,15004.6,1250.3833333333334,5.0,1.0,0.02553105264935328,0.0,,ความเสี่ยงมาจากรูปแบบรวมหลายปัจจัย,ไม่ต้องดำเนินการเป็นพิเศษ
C10577,0.0593729,ต่ำ,0,ลูกค้าคุณค่าสูงที่กำลังห่างหาย (At-Risk High-Value),11.0,29.0,31619.1,1090.3137931034482,4.0,0.6666666666666666,0.011927518039398403,0.0,,ความเสี่ยงมาจากรูปแบบรวมหลายปัจจัย,ไม่ต้องดำเนินการเป็นพิเศษ
C11253,0.05937017,ต่ำ,0,ลูกค้าคุณค่าสูงที่กำลังห่างหาย (At-Risk High-Value),52.0,19.0,15057.86,792.5189473684211,6.0,0.6,0.030805581962955547,0.0,,ความเสี่ยงมาจากรูปแบบรวมหลายปัจจัย,ไม่ต้องดำเนินการเป็นพิเศษ
C10087,0.059020925,ต่ำ,0,ลูกค้าคุณค่าสูงที่กำลังห่างหาย (At-Risk High-Value),20.0,16.0,28783.239999999998,1798.9524999999999,4.0,0.6666666666666666,0.01671062160943414,0.0,,ความเสี่ยงมาจากรูปแบบรวมหลายปัจจัย,ไม่ต้องดำเนินการเป็นพิเศษ
C10775,0.059015162,ต่ำ,1,ลูกค้าชั้นยอด (Champions),21.0,15.0,27083.59,1805.5726666666667,4.0,2.0,0.006558485884766523,0.0,3.0,ความเสี่ยงมาจากรูปแบบรวมหลายปัจจัย,ไม่ต้องดำเนินการเป็นพิเศษ
C11139,0.058963493,ต่ำ,0,ลูกค้าคุณค่าสูงที่กำลังห่างหาย (At-Risk High-Value),3.0,22.0,36403.65,1654.7113636363638,5.0,1.0,0.016950502749697217,0.0,,ความเสี่ยงมาจากรูปแบบรวมหลายปัจจัย,ไม่ต้องดำเนินการเป็นพิเศษ
C11321,0.0583949,ต่ำ,1,ลูกค้าชั้นยอด (Champions),10.0,32.0,44643.77,1395.1178125,5.0,1.0,0.011551953791299202,0.0,,ความเสี่ยงมาจากรูปแบบรวมหลายปัจจัย,ไม่ต้องดำเนินการเป็นพิเศษ
C12799,0.058350254,ต่ำ,1,ลูกค้าชั้นยอด (Champions),7.0,37.0,50275.59,1358.7997297297297,7.0,1.0,0.07970511370427935,1.0,4.0,มีเรื่องร้องเรียนค้าง 1 เรื่อง,ไม่ต้องดำเนินการเป็นพิเศษ
C12780,0.058339182,ต่ำ,1,ลูกค้าชั้นยอด (Champions),4.0,21.0,33171.5,1579.595238095238,7.0,1.0,0.022446466850439602,0.0,,ความเสี่ยงมาจากรูปแบบรวมหลายปัจจัย,ไม่ต้องดำเนินการเป็นพิเศษ
C12774,0.058094203,ต่ำ,2,ลูกค้าห่างหายมูลค่าต่ำ (Dormant / Low-Value),45.0,8.0,3493.62,436.7025,3.0,1.5,0.05334778485300095,0.0,,ความเสี่ยงมาจากรูปแบบรวมหลายปัจจัย,ไม่ต้องดำเนินการเป็นพิเศษ
C10767,0.057849348,ต่ำ,0,ลูกค้าคุณค่าสูงที่กำลังห่างหาย (At-Risk High-Value),9.0,34.0,25909.49,762.0438235294118,7.0,1.75,0.03028773063400445,0.0,,ความเสี่ยงมาจากรูปแบบรวมหลายปัจจัย,ไม่ต้องดำเนินการเป็นพิเศษ
C11969,0.05765133,ต่ำ,0,ลูกค้าคุณค่าสูงที่กำลังห่างหาย (At-Risk High-Value),17.0,34.0,45608.64,1341.4305882352942,3.0,0.375,0.0242316959363098,0.0,4.0,ความถี่ 90 วันล่าสุดลดลงชัดเจน,ไม่ต้องดำเนินการเป็นพิเศษ
C11887,0.057496853,ต่ำ,1,ลูกค้าชั้นยอด (Champions),19.0,25.0,46972.77,1878.9107999999999,7.0,1.1666666666666667,0.04783297984756091,0.0,4.0,ความเสี่ยงมาจากรูปแบบรวมหลายปัจจัย,ไม่ต้องดำเนินการเป็นพิเศษ
C11697,0.05728222,ต่ำ,0,ลูกค้าคุณค่าสูงที่กำลังห่างหาย (At-Risk High-Value),8.0,16.0,8126.3099999999995,507.89437499999997,3.0,0.6,0.050137634785657935,0.0,,ความเสี่ยงมาจากรูปแบบรวมหลายปัจจัย,ไม่ต้องดำเนินการเป็นพิเศษ
C10358,0.057125002,ต่ำ,1,ลูกค้าชั้นยอด (Champions),16.0,24.0,37033.84,1543.0766666666666,4.0,0.5,0.00020490569613538137,0.0,,ความถี่ 90 วันล่าสุดลดลงชัดเจน,ไม่ต้องดำเนินการเป็นพิเศษ
C10848,0.056980345,ต่ำ,3,ลูกค้าใหม่กำลังก่อตัว (New / Developing),5.0,6.0,5803.58,967.2633333333333,6.0,6.0,0.009795273494750888,0.0,,ความเสี่ยงมาจากรูปแบบรวมหลายปัจจัย,ไม่ต้องดำเนินการเป็นพิเศษ
C11811,0.056948055,ต่ำ,3,ลูกค้าใหม่กำลังก่อตัว (New / Developing),52.0,2.0,1185.14,592.57,2.0,2.0,0.019151190121495014,0.0,,ความเสี่ยงมาจากรูปแบบรวมหลายปัจจัย,ไม่ต้องดำเนินการเป็นพิเศษ
C10081,0.05657456,ต่ำ,1,ลูกค้าชั้นยอด (Champions),16.0,9.0,10962.53,1218.058888888889,3.0,1.0,0.025887117842233683,0.0,,ความเสี่ยงมาจากรูปแบบรวมหลายปัจจัย,ไม่ต้องดำเนินการเป็นพิเศษ
C10558,0.056507852,ต่ำ,2,ลูกค้าห่างหายมูลค่าต่ำ (Dormant / Low-Value),116.0,2.0,811.12,405.56,0.0,0.0,0.049576415171718825,0.0,,ไม่ซื้อมา 116 วัน · ความถี่ 90 วันล่าสุดลดลงชัดเจน · ไม่มีการซื้อเลยใน 90 วันล่าสุด,ไม่ต้องดำเนินการเป็นพิเศษ
C12287,0.05638987,ต่ำ,0,ลูกค้าคุณค่าสูงที่กำลังห่างหาย (At-Risk High-Value),2.0,25.0,14697.63,587.9051999999999,6.0,0.8571428571428571,0.04767264202656838,0.0,,ความเสี่ยงมาจากรูปแบบรวมหลายปัจจัย,ไม่ต้องดำเนินการเป็นพิเศษ
C11238,0.056227893,ต่ำ,1,ลูกค้าชั้นยอด (Champions),3.0,25.0,33391.46,1335.6584,4.0,1.0,0.0010886132371660158,0.0,,ความเสี่ยงมาจากรูปแบบรวมหลายปัจจัย,ไม่ต้องดำเนินการเป็นพิเศษ
C10505,0.056181945,ต่ำ,2,ลูกค้าห่างหายมูลค่าต่ำ (Dormant / Low-Value),39.0,2.0,340.09,170.045,2.0,2.0,0.05422842681943325,0.0,3.0,ความเสี่ยงมาจากรูปแบบรวมหลายปัจจัย,ไม่ต้องดำเนินการเป็นพิเศษ
C10694,0.056174222,ต่ำ,1,ลูกค้าชั้นยอด (Champions),17.0,44.0,49150.75,1117.0625,10.0,2.0,0.03488214549396001,0.0,,ความเสี่ยงมาจากรูปแบบรวมหลายปัจจัย,ไม่ต้องดำเนินการเป็นพิเศษ
C12447,0.056052417,ต่ำ,2,ลูกค้าห่างหายมูลค่าต่ำ (Dormant / Low-Value),16.0,5.0,2204.7200000000003,440.9440000000001,3.0,3.0,0.11260661141723251,0.0,,ซื้อเมื่อมีส่วนลดเป็นหลัก (11%),ไม่ต้องดำเนินการเป็นพิเศษ
C10729,0.055979192,ต่ำ,2,ลูกค้าห่างหายมูลค่าต่ำ (Dormant / Low-Value),6.0,14.0,4179.39,298.52785714285716,5.0,5.0,0.024398271672374072,0.0,,ความเสี่ยงมาจากรูปแบบรวมหลายปัจจัย,ไม่ต้องดำเนินการเป็นพิเศษ
C11900,0.055941507,ต่ำ,2,ลูกค้าห่างหายมูลค่าต่ำ (Dormant / Low-Value),3.0,12.0,7064.83,588.7358333333333,3.0,1.0,0.09373901621175076,0.0,3.0,ความเสี่ยงมาจากรูปแบบรวมหลายปัจจัย,ไม่ต้องดำเนินการเป็นพิเศษ
C10851,0.055770032,ต่ำ,2,ลูกค้าห่างหายมูลค่าต่ำ (Dormant / Low-Value),2.0,6.0,2913.16,485.52666666666664,1.0,1.0,0.0,0.0,,ความเสี่ยงมาจากรูปแบบรวมหลายปัจจัย,ไม่ต้องดำเนินการเป็นพิเศษ
C12660,0.05546924,ต่ำ,2,ลูกค้าห่างหายมูลค่าต่ำ (Dormant / Low-Value),3.0,9.0,4955.73,550.6366666666667,3.0,1.0,0.11520937257856603,0.0,,ซื้อเมื่อมีส่วนลดเป็นหลัก (12%),ไม่ต้องดำเนินการเป็นพิเศษ
C12436,0.05545426,ต่ำ,2,ลูกค้าห่างหายมูลค่าต่ำ (Dormant / Low-Value),0.0,9.0,2507.0099999999998,278.5566666666666,4.0,1.3333333333333333,0.06672846262089298,0.0,2.5,ความเสี่ยงมาจากรูปแบบรวมหลายปัจจัย,ไม่ต้องดำเนินการเป็นพิเศษ
C10102,0.055408128,ต่ำ,0,ลูกค้าคุณค่าสูงที่กำลังห่างหาย (At-Risk High-Value),17.0,23.0,19306.02,839.3921739130435,8.0,1.6,0.0,0.0,4.0,ความเสี่ยงมาจากรูปแบบรวมหลายปัจจัย,ไม่ต้องดำเนินการเป็นพิเศษ
C10986,0.05532286,ต่ำ,0,ลูกค้าคุณค่าสูงที่กำลังห่างหาย (At-Risk High-Value),3.0,22.0,28725.99,1305.7268181818183,2.0,0.4,0.02106053062313612,0.0,,ความถี่ 90 วันล่าสุดลดลงชัดเจน,ไม่ต้องดำเนินการเป็นพิเศษ
C10656,0.055282716,ต่ำ,1,ลูกค้าชั้นยอด (Champions),20.0,14.0,32609.26,2329.232857142857,5.0,1.6666666666666667,0.016782910629840067,0.0,,ความเสี่ยงมาจากรูปแบบรวมหลายปัจจัย,ไม่ต้องดำเนินการเป็นพิเศษ
C10552,0.055027004,ต่ำ,2,ลูกค้าห่างหายมูลค่าต่ำ (Dormant / Low-Value),14.0,12.0,4793.1,399.425,1.0,0.25,0.08827026050236346,0.0,,ความถี่ 90 วันล่าสุดลดลงชัดเจน,ไม่ต้องดำเนินการเป็นพิเศษ
C11456,0.054899205,ต่ำ,2,ลูกค้าห่างหายมูลค่าต่ำ (Dormant / Low-Value),6.0,5.0,1054.24,210.848,2.0,0.6666666666666666,0.12724141927579183,0.0,,ซื้อเมื่อมีส่วนลดเป็นหลัก (13%),ไม่ต้องดำเนินการเป็นพิเศษ
C12301,0.05488848,ต่ำ,0,ลูกค้าคุณค่าสูงที่กำลังห่างหาย (At-Risk High-Value),23.0,25.0,32632.99,1305.3196,5.0,0.7142857142857143,0.016146027574933226,0.0,,ความเสี่ยงมาจากรูปแบบรวมหลายปัจจัย,ไม่ต้องดำเนินการเป็นพิเศษ
C12909,0.054771096,ต่ำ,0,ลูกค้าคุณค่าสูงที่กำลังห่างหาย (At-Risk High-Value),51.0,12.0,6611.68,550.9733333333334,1.0,0.25,0.02463318709007385,0.0,5.0,ความถี่ 90 วันล่าสุดลดลงชัดเจน,ไม่ต้องดำเนินการเป็นพิเศษ
C10226,0.054767866,ต่ำ,1,ลูกค้าชั้นยอด (Champions),12.0,57.0,104971.45,1841.6043859649121,11.0,1.2222222222222223,0.02516763783281703,0.0,,ความเสี่ยงมาจากรูปแบบรวมหลายปัจจัย,ไม่ต้องดำเนินการเป็นพิเศษ
C12281,0.054678697,ต่ำ,2,ลูกค้าห่างหายมูลค่าต่ำ (Dormant / Low-Value),96.0,2.0,169.26,84.63,0.0,0.0,0.0,0.0,,ไม่ซื้อมา 96 วัน · ความถี่ 90 วันล่าสุดลดลงชัดเจน · ไม่มีการซื้อเลยใน 90 วันล่าสุด,ไม่ต้องดำเนินการเป็นพิเศษ
C10437,0.054596335,ต่ำ,0,ลูกค้าคุณค่าสูงที่กำลังห่างหาย (At-Risk High-Value),10.0,28.0,17694.02,631.9292857142857,5.0,1.25,0.011523276997188314,0.0,,ความเสี่ยงมาจากรูปแบบรวมหลายปัจจัย,ไม่ต้องดำเนินการเป็นพิเศษ
C12516,0.054312307,ต่ำ,1,ลูกค้าชั้นยอด (Champions),18.0,29.0,50272.76,1733.5434482758621,4.0,0.5,0.02950981450118829,0.0,,ความถี่ 90 วันล่าสุดลดลงชัดเจน,ไม่ต้องดำเนินการเป็นพิเศษ
C12621,0.054187767,ต่ำ,0,ลูกค้าคุณค่าสูงที่กำลังห่างหาย (At-Risk High-Value),7.0,9.0,12496.82,1388.5355555555554,4.0,1.3333333333333333,0.02083718568710843,0.0,3.0,ความเสี่ยงมาจากรูปแบบรวมหลายปัจจัย,ไม่ต้องดำเนินการเป็นพิเศษ
C10473,0.053931087,ต่ำ,1,ลูกค้าชั้นยอด (Champions),6.0,26.0,44674.84,1718.2630769230768,4.0,0.6666666666666666,0.009040774652292402,0.0,3.0,ความเสี่ยงมาจากรูปแบบรวมหลายปัจจัย,ไม่ต้องดำเนินการเป็นพิเศษ
C10423,0.053513285,ต่ำ,3,ลูกค้าใหม่กำลังก่อตัว (New / Developing),0.0,4.0,1867.56,466.89,4.0,4.0,0.034997338900113154,0.0,,ความเสี่ยงมาจากรูปแบบรวมหลายปัจจัย,ไม่ต้องดำเนินการเป็นพิเศษ
C12052,0.053215478,ต่ำ,0,ลูกค้าคุณค่าสูงที่กำลังห่างหาย (At-Risk High-Value),9.0,12.0,6403.43,533.6191666666667,3.0,1.5,0.04502388398482998,0.0,,ความเสี่ยงมาจากรูปแบบรวมหลายปัจจัย,ไม่ต้องดำเนินการเป็นพิเศษ
C11671,0.052496742,ต่ำ,2,ลูกค้าห่างหายมูลค่าต่ำ (Dormant / Low-Value),66.0,2.0,1265.5700000000002,632.7850000000001,1.0,0.5,0.04628520184779086,0.0,,ไม่ซื้อมา 66 วัน · ความถี่ 90 วันล่าสุดลดลงชัดเจน,ไม่ต้องดำเนินการเป็นพิเศษ
C11324,0.052283294,ต่ำ,2,ลูกค้าห่างหายมูลค่าต่ำ (Dormant / Low-Value),12.0,11.0,5281.21,480.11,3.0,1.0,0.0848376045567418,0.0,,ความเสี่ยงมาจากรูปแบบรวมหลายปัจจัย,ไม่ต้องดำเนินการเป็นพิเศษ
C12671,0.051980216,ต่ำ,3,ลูกค้าใหม่กำลังก่อตัว (New / Developing),0.0,3.0,2238.58,746.1933333333333,1.0,0.5,0.03700421577905876,0.0,4.0,ความถี่ 90 วันล่าสุดลดลงชัดเจน,ไม่ต้องดำเนินการเป็นพิเศษ
C12137,0.05172986,ต่ำ,3,ลูกค้าใหม่กำลังก่อตัว (New / Developing),15.0,5.0,2699.3,539.86,3.0,1.5,0.0212125607368192,0.0,,ความเสี่ยงมาจากรูปแบบรวมหลายปัจจัย,ไม่ต้องดำเนินการเป็นพิเศษ
C10720,0.051679783,ต่ำ,0,ลูกค้าคุณค่าสูงที่กำลังห่างหาย (At-Risk High-Value),20.0,20.0,20420.85,1021.0424999999999,5.0,1.25,0.0015089202809936187,0.0,,ความเสี่ยงมาจากรูปแบบรวมหลายปัจจัย,ไม่ต้องดำเนินการเป็นพิเศษ
C12457,0.051629588,ต่ำ,2,ลูกค้าห่างหายมูลค่าต่ำ (Dormant / Low-Value),17.0,9.0,3870.06,430.00666666666666,2.0,1.0,0.08133064937284579,0.0,4.0,ความเสี่ยงมาจากรูปแบบรวมหลายปัจจัย,ไม่ต้องดำเนินการเป็นพิเศษ
C12625,0.05140925,ต่ำ,2,ลูกค้าห่างหายมูลค่าต่ำ (Dormant / Low-Value),8.0,9.0,3391.38,376.82,4.0,1.3333333333333333,0.09054877394718211,0.0,4.0,ความเสี่ยงมาจากรูปแบบรวมหลายปัจจัย,ไม่ต้องดำเนินการเป็นพิเศษ
C12236,0.051303197,ต่ำ,2,ลูกค้าห่างหายมูลค่าต่ำ (Dormant / Low-Value),3.0,6.0,2924.89,487.4816666666666,1.0,0.3333333333333333,0.06477141194451727,0.0,,ความถี่ 90 วันล่าสุดลดลงชัดเจน,ไม่ต้องดำเนินการเป็นพิเศษ
C12979,0.05119872,ต่ำ,1,ลูกค้าชั้นยอด (Champions),23.0,40.0,31250.52,781.263,7.0,0.6363636363636364,0.0065108223346638985,0.0,,ความเสี่ยงมาจากรูปแบบรวมหลายปัจจัย,ไม่ต้องดำเนินการเป็นพิเศษ
C11971,0.050826944,ต่ำ,2,ลูกค้าห่างหายมูลค่าต่ำ (Dormant / Low-Value),2.0,4.0,1409.06,352.265,3.0,1.5,0.012073365678548392,0.0,,ความเสี่ยงมาจากรูปแบบรวมหลายปัจจัย,ไม่ต้องดำเนินการเป็นพิเศษ
C11825,0.050702117,ต่ำ,0,ลูกค้าคุณค่าสูงที่กำลังห่างหาย (At-Risk High-Value),5.0,18.0,17458.0,969.8888888888889,3.0,0.5,0.024637703021231923,0.0,,ความถี่ 90 วันล่าสุดลดลงชัดเจน,ไม่ต้องดำเนินการเป็นพิเศษ
C12058,0.050334323,ต่ำ,0,ลูกค้าคุณค่าสูงที่กำลังห่างหาย (At-Risk High-Value),16.0,22.0,19025.06,864.7754545454546,7.0,1.1666666666666667,0.020705388445440977,0.0,3.0,ความเสี่ยงมาจากรูปแบบรวมหลายปัจจัย,ไม่ต้องดำเนินการเป็นพิเศษ
C12235,0.050063927,ต่ำ,0,ลูกค้าคุณค่าสูงที่กำลังห่างหาย (At-Risk High-Value),2.0,5.0,6349.28,1269.856,5.0,5.0,0.010650349116418364,0.0,,ความเสี่ยงมาจากรูปแบบรวมหลายปัจจัย,ไม่ต้องดำเนินการเป็นพิเศษ
C10055,0.049944982,ต่ำ,1,ลูกค้าชั้นยอด (Champions),14.0,56.0,125504.82,2241.1575000000003,9.0,0.5625,0.007303120966582281,0.0,,ความถี่ 90 วันล่าสุดลดลงชัดเจน,ไม่ต้องดำเนินการเป็นพิเศษ
C12526,0.049813,ต่ำ,3,ลูกค้าใหม่กำลังก่อตัว (New / Developing),3.0,5.0,10530.470000000001,2106.094,2.0,0.5,0.0059245385968208,0.0,,ความถี่ 90 วันล่าสุดลดลงชัดเจน,ไม่ต้องดำเนินการเป็นพิเศษ
C11860,0.04968019,ต่ำ,1,ลูกค้าชั้นยอด (Champions),24.0,18.0,25799.809999999998,1433.3227777777777,5.0,1.25,0.010744240226809643,0.0,,ความเสี่ยงมาจากรูปแบบรวมหลายปัจจัย,ไม่ต้องดำเนินการเป็นพิเศษ
C10609,0.049574316,ต่ำ,0,ลูกค้าคุณค่าสูงที่กำลังห่างหาย (At-Risk High-Value),5.0,14.0,6362.99,454.4992857142857,1.0,0.16666666666666666,0.04981639909267254,0.0,,ความถี่ 90 วันล่าสุดลดลงชัดเจน,ไม่ต้องดำเนินการเป็นพิเศษ
C10122,0.049348507,ต่ำ,2,ลูกค้าห่างหายมูลค่าต่ำ (Dormant / Low-Value),13.0,10.0,2996.41,299.64099999999996,5.0,2.5,0.08634894499329186,0.0,,ความเสี่ยงมาจากรูปแบบรวมหลายปัจจัย,ไม่ต้องดำเนินการเป็นพิเศษ
C12437,0.049274668,ต่ำ,1,ลูกค้าชั้นยอด (Champions),19.0,72.0,167270.47,2323.2009722222224,7.0,0.4666666666666667,0.009737719467955897,0.0,,ความถี่ 90 วันล่าสุดลดลงชัดเจน,ไม่ต้องดำเนินการเป็นพิเศษ
C12274,0.049254425,ต่ำ,1,ลูกค้าชั้นยอด (Champions),5.0,18.0,23730.95,1318.3861111111112,7.0,0.875,0.04592100317008501,0.0,,ความเสี่ยงมาจากรูปแบบรวมหลายปัจจัย,ไม่ต้องดำเนินการเป็นพิเศษ
C12442,0.049145084,ต่ำ,2,ลูกค้าห่างหายมูลค่าต่ำ (Dormant / Low-Value),8.0,7.0,1370.69,195.81285714285715,2.0,0.6666666666666666,0.025903605895646484,0.0,4.0,ความเสี่ยงมาจากรูปแบบรวมหลายปัจจัย,ไม่ต้องดำเนินการเป็นพิเศษ
C11560,0.049066495,ต่ำ,3,ลูกค้าใหม่กำลังก่อตัว (New / Developing),9.0,6.0,3477.54,579.59,2.0,0.6666666666666666,0.019134761294981078,0.0,,ความเสี่ยงมาจากรูปแบบรวมหลายปัจจัย,ไม่ต้องดำเนินการเป็นพิเศษ
C11089,0.048874322,ต่ำ,1,ลูกค้าชั้นยอด (Champions),25.0,24.0,43634.6,1818.1083333333333,7.0,0.875,0.007980786456670858,0.0,,ความเสี่ยงมาจากรูปแบบรวมหลายปัจจัย,ไม่ต้องดำเนินการเป็นพิเศษ
C10918,0.048619017,ต่ำ,2,ลูกค้าห่างหายมูลค่าต่ำ (Dormant / Low-Value),8.0,10.0,4252.32,425.23199999999997,2.0,0.6666666666666666,0.027716678022837334,0.0,3.0,ความเสี่ยงมาจากรูปแบบรวมหลายปัจจัย,ไม่ต้องดำเนินการเป็นพิเศษ
C11250,0.04790016,ต่ำ,1,ลูกค้าชั้นยอด (Champions),3.0,32.0,50104.75,1565.7734375,3.0,0.5,0.01480503443922946,0.0,,ความถี่ 90 วันล่าสุดลดลงชัดเจน,ไม่ต้องดำเนินการเป็นพิเศษ
C12454,0.047828663,ต่ำ,1,ลูกค้าชั้นยอด (Champions),3.0,12.0,30311.27,2525.9391666666666,5.0,0.8333333333333334,0.0,0.0,,ความเสี่ยงมาจากรูปแบบรวมหลายปัจจัย,ไม่ต้องดำเนินการเป็นพิเศษ
C11917,0.047632165,ต่ำ,2,ลูกค้าห่างหายมูลค่าต่ำ (Dormant / Low-Value),23.0,6.0,2703.29,450.54833333333335,3.0,0.75,0.08365535849875258,0.0,4.0,ความเสี่ยงมาจากรูปแบบรวมหลายปัจจัย,ไม่ต้องดำเนินการเป็นพิเศษ
C10910,0.047495276,ต่ำ,2,ลูกค้าห่างหายมูลค่าต่ำ (Dormant / Low-Value),15.0,6.0,1851.22,308.5366666666667,2.0,0.6666666666666666,0.08503561066985622,0.0,,ความเสี่ยงมาจากรูปแบบรวมหลายปัจจัย,ไม่ต้องดำเนินการเป็นพิเศษ
C10886,0.047338154,ต่ำ,1,ลูกค้าชั้นยอด (Champions),5.0,31.0,38850.82,1253.2522580645161,7.0,2.3333333333333335,0.040148612000186774,0.0,3.0,ความเสี่ยงมาจากรูปแบบรวมหลายปัจจัย,ไม่ต้องดำเนินการเป็นพิเศษ
C11370,0.04731249,ต่ำ,0,ลูกค้าคุณค่าสูงที่กำลังห่างหาย (At-Risk High-Value),1.0,8.0,7187.379999999999,898.4224999999999,2.0,0.4,0.09857462672527859,0.0,,ความถี่ 90 วันล่าสุดลดลงชัดเจน,ไม่ต้องดำเนินการเป็นพิเศษ
C12325,0.04716955,ต่ำ,1,ลูกค้าชั้นยอด (Champions),1.0,36.0,33243.16,923.4211111111113,3.0,0.42857142857142855,0.02583004635951777,0.0,,ความถี่ 90 วันล่าสุดลดลงชัดเจน,ไม่ต้องดำเนินการเป็นพิเศษ
C10681,0.04711098,ต่ำ,2,ลูกค้าห่างหายมูลค่าต่ำ (Dormant / Low-Value),9.0,9.0,3252.44,361.38222222222225,2.0,2.0,0.03456054997669842,0.0,3.0,ความเสี่ยงมาจากรูปแบบรวมหลายปัจจัย,ไม่ต้องดำเนินการเป็นพิเศษ
C10776,0.047079917,ต่ำ,0,ลูกค้าคุณค่าสูงที่กำลังห่างหาย (At-Risk High-Value),18.0,17.0,24679.99,1451.7641176470588,5.0,1.0,0.006475223865215509,0.0,3.0,ความเสี่ยงมาจากรูปแบบรวมหลายปัจจัย,ไม่ต้องดำเนินการเป็นพิเศษ
C12279,0.04698173,ต่ำ,0,ลูกค้าคุณค่าสูงที่กำลังห่างหาย (At-Risk High-Value),1.0,17.0,9851.11,579.4770588235294,4.0,0.8,0.056718804609587815,0.0,,ความเสี่ยงมาจากรูปแบบรวมหลายปัจจัย,ไม่ต้องดำเนินการเป็นพิเศษ
C10056,0.04674569,ต่ำ,2,ลูกค้าห่างหายมูลค่าต่ำ (Dormant / Low-Value),10.0,6.0,1898.94,316.49,1.0,0.2,0.05410548128075873,0.0,,ความถี่ 90 วันล่าสุดลดลงชัดเจน,ไม่ต้องดำเนินการเป็นพิเศษ
C12035,0.046726033,ต่ำ,1,ลูกค้าชั้นยอด (Champions),12.0,20.0,25560.16,1278.008,3.0,0.375,0.011516763116657308,0.0,,ความถี่ 90 วันล่าสุดลดลงชัดเจน,ไม่ต้องดำเนินการเป็นพิเศษ
C10772,0.046647772,ต่ำ,1,ลูกค้าชั้นยอด (Champions),15.0,46.0,58607.81,1274.0828260869564,10.0,1.4285714285714286,0.037596709873253926,0.0,,ความเสี่ยงมาจากรูปแบบรวมหลายปัจจัย,ไม่ต้องดำเนินการเป็นพิเศษ
C11278,0.04659341,ต่ำ,1,ลูกค้าชั้นยอด (Champions),24.0,22.0,33054.25,1502.465909090909,6.0,1.0,0.026053046028914107,0.0,,ความเสี่ยงมาจากรูปแบบรวมหลายปัจจัย,ไม่ต้องดำเนินการเป็นพิเศษ
C11498,0.046505477,ต่ำ,2,ลูกค้าห่างหายมูลค่าต่ำ (Dormant / Low-Value),10.0,14.0,4295.6900000000005,306.83500000000004,1.0,0.25,0.03629629297271103,0.0,3.0,ความถี่ 90 วันล่าสุดลดลงชัดเจน,ไม่ต้องดำเนินการเป็นพิเศษ
C11812,0.04640005,ต่ำ,2,ลูกค้าห่างหายมูลค่าต่ำ (Dormant / Low-Value),15.0,9.0,5574.91,619.4344444444445,5.0,2.5,0.07312535537695727,0.0,,ความเสี่ยงมาจากรูปแบบรวมหลายปัจจัย,ไม่ต้องดำเนินการเป็นพิเศษ
C11753,0.04633809,ต่ำ,3,ลูกค้าใหม่กำลังก่อตัว (New / Developing),1.0,3.0,1603.42,534.4733333333334,2.0,1.0,0.038169221079151786,0.0,4.0,ความเสี่ยงมาจากรูปแบบรวมหลายปัจจัย,ไม่ต้องดำเนินการเป็นพิเศษ
C10307,0.045781158,ต่ำ,1,ลูกค้าชั้นยอด (Champions),12.0,31.0,57108.04,1842.1948387096775,4.0,1.3333333333333333,0.01756825778132084,1.0,3.0,มีเรื่องร้องเรียนค้าง 1 เรื่อง,ไม่ต้องดำเนินการเป็นพิเศษ
C10828,0.045761224,ต่ำ,1,ลูกค้าชั้นยอด (Champions),33.0,35.0,55554.11,1587.2602857142858,7.0,0.7777777777777778,0.02175332856601761,0.0,,ความเสี่ยงมาจากรูปแบบรวมหลายปัจจัย,ไม่ต้องดำเนินการเป็นพิเศษ
C10020,0.045743916,ต่ำ,0,ลูกค้าคุณค่าสูงที่กำลังห่างหาย (At-Risk High-Value),15.0,10.0,6237.1,623.71,2.0,0.6666666666666666,0.016148037611977025,0.0,4.5,ความเสี่ยงมาจากรูปแบบรวมหลายปัจจัย,ไม่ต้องดำเนินการเป็นพิเศษ
C11187,0.045735665,ต่ำ,1,ลูกค้าชั้นยอด (Champions),20.0,36.0,78235.78,2173.216111111111,5.0,0.7142857142857143,0.019571653515678113,0.0,,ความเสี่ยงมาจากรูปแบบรวมหลายปัจจัย,ไม่ต้องดำเนินการเป็นพิเศษ
C10367,0.045332488,ต่ำ,2,ลูกค้าห่างหายมูลค่าต่ำ (Dormant / Low-Value),0.0,14.0,4281.95,305.8535714285714,7.0,3.5,0.03985478811307513,0.0,3.0,ความเสี่ยงมาจากรูปแบบรวมหลายปัจจัย,ไม่ต้องดำเนินการเป็นพิเศษ
C12262,0.0451831,ต่ำ,2,ลูกค้าห่างหายมูลค่าต่ำ (Dormant / Low-Value),9.0,12.0,3491.63,290.9691666666667,5.0,5.0,0.1030935249950552,0.0,,ซื้อเมื่อมีส่วนลดเป็นหลัก (10%),ไม่ต้องดำเนินการเป็นพิเศษ
C12451,0.04507061,ต่ำ,1,ลูกค้าชั้นยอด (Champions),31.0,54.0,155634.0,2882.1111111111113,12.0,0.9230769230769231,0.029850634623325177,1.0,4.0,มีเรื่องร้องเรียนค้าง 1 เรื่อง,ไม่ต้องดำเนินการเป็นพิเศษ
C12933,0.04493819,ต่ำ,0,ลูกค้าคุณค่าสูงที่กำลังห่างหาย (At-Risk High-Value),3.0,14.0,16291.75,1163.6964285714287,5.0,1.25,0.0,0.0,,ความเสี่ยงมาจากรูปแบบรวมหลายปัจจัย,ไม่ต้องดำเนินการเป็นพิเศษ
C12143,0.044485427,ต่ำ,3,ลูกค้าใหม่กำลังก่อตัว (New / Developing),2.0,4.0,11028.97,2757.2425,4.0,4.0,0.013253873317879132,0.0,,ความเสี่ยงมาจากรูปแบบรวมหลายปัจจัย,ไม่ต้องดำเนินการเป็นพิเศษ
C10422,0.044294845,ต่ำ,3,ลูกค้าใหม่กำลังก่อตัว (New / Developing),10.0,4.0,7410.42,1852.605,3.0,1.5,0.00630644523261973,0.0,,ความเสี่ยงมาจากรูปแบบรวมหลายปัจจัย,ไม่ต้องดำเนินการเป็นพิเศษ
C11030,0.044098884,ต่ำ,2,ลูกค้าห่างหายมูลค่าต่ำ (Dormant / Low-Value),10.0,5.0,1638.89,327.778,4.0,2.0,0.12750280825600646,0.0,,ซื้อเมื่อมีส่วนลดเป็นหลัก (13%),ไม่ต้องดำเนินการเป็นพิเศษ
C12827,0.044082012,ต่ำ,2,ลูกค้าห่างหายมูลค่าต่ำ (Dormant / Low-Value),4.0,15.0,6717.35,447.8233333333334,4.0,0.5,0.05978988091572283,0.0,,ความถี่ 90 วันล่าสุดลดลงชัดเจน,ไม่ต้องดำเนินการเป็นพิเศษ
C12425,0.044057254,ต่ำ,2,ลูกค้าห่างหายมูลค่าต่ำ (Dormant / Low-Value),1.0,9.0,5551.58,616.8422222222222,2.0,0.6666666666666666,0.10853221056417865,0.0,,ซื้อเมื่อมีส่วนลดเป็นหลัก (11%),ไม่ต้องดำเนินการเป็นพิเศษ
C11804,0.04404918,ต่ำ,3,ลูกค้าใหม่กำลังก่อตัว (New / Developing),34.0,2.0,1620.28,810.14,2.0,2.0,0.0,0.0,,ความเสี่ยงมาจากรูปแบบรวมหลายปัจจัย,ไม่ต้องดำเนินการเป็นพิเศษ
C10027,0.044032123,ต่ำ,3,ลูกค้าใหม่กำลังก่อตัว (New / Developing),20.0,6.0,4476.42,746.07,2.0,0.6666666666666666,0.01834616936544973,0.0,,ความเสี่ยงมาจากรูปแบบรวมหลายปัจจัย,ไม่ต้องดำเนินการเป็นพิเศษ
C11341,0.044017076,ต่ำ,3,ลูกค้าใหม่กำลังก่อตัว (New / Developing),27.0,1.0,379.26,379.26,1.0,1.0,0.03217903896700436,1.0,4.0,มีเรื่องร้องเรียนค้าง 1 เรื่อง,ไม่ต้องดำเนินการเป็นพิเศษ
C11626,0.044010162,ต่ำ,1,ลูกค้าชั้นยอด (Champions),16.0,96.0,173173.11000000002,1803.8865625,12.0,0.6,0.00047605967576572856,0.0,,ความเสี่ยงมาจากรูปแบบรวมหลายปัจจัย,ไม่ต้องดำเนินการเป็นพิเศษ
C10998,0.04400918,ต่ำ,2,ลูกค้าห่างหายมูลค่าต่ำ (Dormant / Low-Value),16.0,7.0,2477.37,353.90999999999997,2.0,2.0,0.07233368532206969,0.0,4.0,ความเสี่ยงมาจากรูปแบบรวมหลายปัจจัย,ไม่ต้องดำเนินการเป็นพิเศษ
C12696,0.043972712,ต่ำ,2,ลูกค้าห่างหายมูลค่าต่ำ (Dormant / Low-Value),8.0,13.0,4728.07,363.6976923076923,3.0,1.0,0.08045867473652069,0.0,,ความเสี่ยงมาจากรูปแบบรวมหลายปัจจัย,ไม่ต้องดำเนินการเป็นพิเศษ
C11403,0.043857593,ต่ำ,1,ลูกค้าชั้นยอด (Champions),39.0,54.0,138435.0,2563.6111111111113,10.0,0.8333333333333334,0.014114959601039702,0.0,,ความเสี่ยงมาจากรูปแบบรวมหลายปัจจัย,ไม่ต้องดำเนินการเป็นพิเศษ
C11481,0.043244433,ต่ำ,2,ลูกค้าห่างหายมูลค่าต่ำ (Dormant / Low-Value),23.0,5.0,2341.0699999999997,468.21399999999994,3.0,1.5,0.09539596978303291,0.0,,ความเสี่ยงมาจากรูปแบบรวมหลายปัจจัย,ไม่ต้องดำเนินการเป็นพิเศษ
C12847,0.043241147,ต่ำ,3,ลูกค้าใหม่กำลังก่อตัว (New / Developing),37.0,1.0,870.85,870.85,1.0,1.0,0.2757823480003659,0.0,,ซื้อเมื่อมีส่วนลดเป็นหลัก (28%),ไม่ต้องดำเนินการเป็นพิเศษ
C12929,0.043239836,ต่ำ,3,ลูกค้าใหม่กำลังก่อตัว (New / Developing),11.0,3.0,2681.48,893.8266666666667,2.0,1.0,0.034410739492409186,0.0,,ความเสี่ยงมาจากรูปแบบรวมหลายปัจจัย,ไม่ต้องดำเนินการเป็นพิเศษ
C10541,0.043121736,ต่ำ,1,ลูกค้าชั้นยอด (Champions),0.0,42.0,49395.47,1176.0826190476191,10.0,2.0,0.047609801957939055,1.0,3.5,มีเรื่องร้องเรียนค้าง 1 เรื่อง,ไม่ต้องดำเนินการเป็นพิเศษ
C12289,0.042914562,ต่ำ,0,ลูกค้าคุณค่าสูงที่กำลังห่างหาย (At-Risk High-Value),15.0,17.0,19188.05,1128.7088235294118,3.0,0.75,0.028530390242395922,0.0,,ความเสี่ยงมาจากรูปแบบรวมหลายปัจจัย,ไม่ต้องดำเนินการเป็นพิเศษ
C11952,0.042866074,ต่ำ,1,ลูกค้าชั้นยอด (Champions),18.0,18.0,28648.39,1591.5772222222222,5.0,5.0,0.02145407458339439,0.0,,ความเสี่ยงมาจากรูปแบบรวมหลายปัจจัย,ไม่ต้องดำเนินการเป็นพิเศษ
C11482,0.04268737,ต่ำ,1,ลูกค้าชั้นยอด (Champions),11.0,37.0,59321.04,1603.2713513513513,5.0,1.0,0.018180229290288497,0.0,,ความเสี่ยงมาจากรูปแบบรวมหลายปัจจัย,ไม่ต้องดำเนินการเป็นพิเศษ
C11136,0.042544235,ต่ำ,3,ลูกค้าใหม่กำลังก่อตัว (New / Developing),10.0,7.0,4484.68,640.6685714285715,2.0,1.0,0.01192167956658052,0.0,,ความเสี่ยงมาจากรูปแบบรวมหลายปัจจัย,ไม่ต้องดำเนินการเป็นพิเศษ
C12377,0.04249367,ต่ำ,2,ลูกค้าห่างหายมูลค่าต่ำ (Dormant / Low-Value),1.0,11.0,2388.89,217.17181818181817,1.0,0.25,0.068960141552636,0.0,3.0,ความถี่ 90 วันล่าสุดลดลงชัดเจน,ไม่ต้องดำเนินการเป็นพิเศษ
C12190,0.042419735,ต่ำ,2,ลูกค้าห่างหายมูลค่าต่ำ (Dormant / Low-Value),2.0,4.0,2104.45,526.1125,1.0,0.5,0.062401147689250654,0.0,,ความถี่ 90 วันล่าสุดลดลงชัดเจน,ไม่ต้องดำเนินการเป็นพิเศษ
C11647,0.042389918,ต่ำ,1,ลูกค้าชั้นยอด (Champions),20.0,45.0,46193.91,1026.5313333333334,9.0,1.125,0.003217313679020849,0.0,,ความเสี่ยงมาจากรูปแบบรวมหลายปัจจัย,ไม่ต้องดำเนินการเป็นพิเศษ
C10875,0.04238599,ต่ำ,1,ลูกค้าชั้นยอด (Champions),11.0,27.0,45107.26,1670.6392592592592,4.0,0.5714285714285714,0.02112170511816697,0.0,,ความถี่ 90 วันล่าสุดลดลงชัดเจน,ไม่ต้องดำเนินการเป็นพิเศษ
C11474,0.042322833,ต่ำ,3,ลูกค้าใหม่กำลังก่อตัว (New / Developing),22.0,7.0,3384.78,483.54,3.0,1.0,0.025785969830501645,0.0,5.0,ความเสี่ยงมาจากรูปแบบรวมหลายปัจจัย,ไม่ต้องดำเนินการเป็นพิเศษ
C11760,0.042266298,ต่ำ,2,ลูกค้าห่างหายมูลค่าต่ำ (Dormant / Low-Value),20.0,9.0,3198.17,355.3522222222222,2.0,1.0,0.04847520157091429,0.0,,ความเสี่ยงมาจากรูปแบบรวมหลายปัจจัย,ไม่ต้องดำเนินการเป็นพิเศษ
C12106,0.042247705,ต่ำ,2,ลูกค้าห่างหายมูลค่าต่ำ (Dormant / Low-Value),8.0,8.0,1916.6999999999998,239.58749999999998,3.0,1.0,0.07426816133534897,0.0,3.0,ความเสี่ยงมาจากรูปแบบรวมหลายปัจจัย,ไม่ต้องดำเนินการเป็นพิเศษ
C10175,0.042237777,ต่ำ,0,ลูกค้าคุณค่าสูงที่กำลังห่างหาย (At-Risk High-Value),3.0,6.0,6525.219999999999,1087.5366666666666,5.0,2.5,0.046682493882172466,0.0,2.0,คะแนนความพึงพอใจต่ำ (2.0/5),ไม่ต้องดำเนินการเป็นพิเศษ
C10171,0.04187602,ต่ำ,3,ลูกค้าใหม่กำลังก่อตัว (New / Developing),7.0,5.0,5036.54,1007.308,5.0,5.0,0.005622880067600918,0.0,,ความเสี่ยงมาจากรูปแบบรวมหลายปัจจัย,ไม่ต้องดำเนินการเป็นพิเศษ
C12532,0.04183916,ต่ำ,0,ลูกค้าคุณค่าสูงที่กำลังห่างหาย (At-Risk High-Value),5.0,9.0,6590.3099999999995,732.2566666666667,1.0,0.5,0.030417562887483703,0.0,5.0,ความถี่ 90 วันล่าสุดลดลงชัดเจน,ไม่ต้องดำเนินการเป็นพิเศษ
C11226,0.041738946,ต่ำ,1,ลูกค้าชั้นยอด (Champions),17.0,56.0,124288.22,2219.4325,8.0,0.5,0.003681197786503675,0.0,2.0,ความถี่ 90 วันล่าสุดลดลงชัดเจน · คะแนนความพึงพอใจต่ำ (2.0/5),ไม่ต้องดำเนินการเป็นพิเศษ
C12319,0.04165827,ต่ำ,3,ลูกค้าใหม่กำลังก่อตัว (New / Developing),33.0,1.0,1397.24,1397.24,1.0,1.0,0.05297546428087298,0.0,,ความเสี่ยงมาจากรูปแบบรวมหลายปัจจัย,ไม่ต้องดำเนินการเป็นพิเศษ
C11940,0.041520074,ต่ำ,1,ลูกค้าชั้นยอด (Champions),15.0,20.0,28678.91,1433.9455,4.0,0.6666666666666666,0.017982761312802874,0.0,,ความเสี่ยงมาจากรูปแบบรวมหลายปัจจัย,ไม่ต้องดำเนินการเป็นพิเศษ
C12790,0.04149838,ต่ำ,3,ลูกค้าใหม่กำลังก่อตัว (New / Developing),8.0,4.0,2250.2,562.55,4.0,4.0,0.12399950169734343,0.0,,ซื้อเมื่อมีส่วนลดเป็นหลัก (12%),ไม่ต้องดำเนินการเป็นพิเศษ
C12020,0.041463297,ต่ำ,2,ลูกค้าห่างหายมูลค่าต่ำ (Dormant / Low-Value),24.0,10.0,3876.55,387.65500000000003,1.0,0.16666666666666666,0.10437330043365657,0.0,,ความถี่ 90 วันล่าสุดลดลงชัดเจน · ซื้อเมื่อมีส่วนลดเป็นหลัก (10%),ไม่ต้องดำเนินการเป็นพิเศษ
C11453,0.04138189,ต่ำ,1,ลูกค้าชั้นยอด (Champions),24.0,61.0,188547.54,3090.9432786885245,6.0,0.4,0.011460652396246971,0.0,,ความถี่ 90 วันล่าสุดลดลงชัดเจน,ไม่ต้องดำเนินการเป็นพิเศษ
C12292,0.041371517,ต่ำ,3,ลูกค้าใหม่กำลังก่อตัว (New / Developing),9.0,6.0,3560.4700000000003,593.4116666666667,5.0,2.5,0.01919479911298431,0.0,,ความเสี่ยงมาจากรูปแบบรวมหลายปัจจัย,ไม่ต้องดำเนินการเป็นพิเศษ
C11022,0.041350473,ต่ำ,3,ลูกค้าใหม่กำลังก่อตัว (New / Developing),6.0,4.0,3325.46,831.365,4.0,4.0,0.024703125504078084,0.0,,ความเสี่ยงมาจากรูปแบบรวมหลายปัจจัย,ไม่ต้องดำเนินการเป็นพิเศษ
C10161,0.041245364,ต่ำ,1,ลูกค้าชั้นยอด (Champions),15.0,32.0,38102.87,1190.7146875,6.0,0.8571428571428571,0.024226802803664124,0.0,,ความเสี่ยงมาจากรูปแบบรวมหลายปัจจัย,ไม่ต้องดำเนินการเป็นพิเศษ
C12862,0.04109865,ต่ำ,0,ลูกค้าคุณค่าสูงที่กำลังห่างหาย (At-Risk High-Value),3.0,28.0,29888.36,1067.4414285714286,8.0,2.6666666666666665,0.025242357484015415,0.0,,ความเสี่ยงมาจากรูปแบบรวมหลายปัจจัย,ไม่ต้องดำเนินการเป็นพิเศษ
C11243,0.04093408,ต่ำ,0,ลูกค้าคุณค่าสูงที่กำลังห่างหาย (At-Risk High-Value),30.0,30.0,39128.52,1304.2839999999999,6.0,0.8571428571428571,0.03299674350016027,0.0,,ความเสี่ยงมาจากรูปแบบรวมหลายปัจจัย,ไม่ต้องดำเนินการเป็นพิเศษ
C10715,0.04084754,ต่ำ,2,ลูกค้าห่างหายมูลค่าต่ำ (Dormant / Low-Value),7.0,6.0,1674.16,279.0266666666667,2.0,0.6666666666666666,0.04421646371052917,0.0,,ความเสี่ยงมาจากรูปแบบรวมหลายปัจจัย,ไม่ต้องดำเนินการเป็นพิเศษ
C11974,0.040829066,ต่ำ,2,ลูกค้าห่างหายมูลค่าต่ำ (Dormant / Low-Value),6.0,5.0,1414.15,282.83000000000004,3.0,1.0,0.0621227998036901,0.0,,ความเสี่ยงมาจากรูปแบบรวมหลายปัจจัย,ไม่ต้องดำเนินการเป็นพิเศษ
C10246,0.040820878,ต่ำ,2,ลูกค้าห่างหายมูลค่าต่ำ (Dormant / Low-Value),16.0,9.0,3768.37,418.7077777777778,2.0,1.0,0.14023828210557054,0.0,,ซื้อเมื่อมีส่วนลดเป็นหลัก (14%),ไม่ต้องดำเนินการเป็นพิเศษ
C12208,0.040601823,ต่ำ,2,ลูกค้าห่างหายมูลค่าต่ำ (Dormant / Low-Value),6.0,8.0,3878.7299999999996,484.84124999999995,2.0,0.6666666666666666,0.07762167252457707,0.0,,ความเสี่ยงมาจากรูปแบบรวมหลายปัจจัย,ไม่ต้องดำเนินการเป็นพิเศษ
C11003,0.040589083,ต่ำ,2,ลูกค้าห่างหายมูลค่าต่ำ (Dormant / Low-Value),13.0,12.0,3194.0099999999998,266.16749999999996,1.0,0.5,0.05814200366833964,0.0,,ความถี่ 90 วันล่าสุดลดลงชัดเจน,ไม่ต้องดำเนินการเป็นพิเศษ
C11267,0.040167272,ต่ำ,0,ลูกค้าคุณค่าสูงที่กำลังห่างหาย (At-Risk High-Value),0.0,18.0,9668.26,537.1255555555556,5.0,2.5,0.0604436825574525,0.0,4.0,ความเสี่ยงมาจากรูปแบบรวมหลายปัจจัย,ไม่ต้องดำเนินการเป็นพิเศษ
C10610,0.04002979,ต่ำ,0,ลูกค้าคุณค่าสูงที่กำลังห่างหาย (At-Risk High-Value),13.0,9.0,5525.599999999999,613.9555555555555,2.0,1.0,0.08503983163249255,0.0,,ความเสี่ยงมาจากรูปแบบรวมหลายปัจจัย,ไม่ต้องดำเนินการเป็นพิเศษ
C12617,0.039972175,ต่ำ,2,ลูกค้าห่างหายมูลค่าต่ำ (Dormant / Low-Value),15.0,12.0,4379.67,364.9725,3.0,1.0,0.12280810682518731,0.0,5.0,ซื้อเมื่อมีส่วนลดเป็นหลัก (12%),ไม่ต้องดำเนินการเป็นพิเศษ
C10355,0.039645612,ต่ำ,2,ลูกค้าห่างหายมูลค่าต่ำ (Dormant / Low-Value),10.0,8.0,3095.02,386.8775,3.0,1.5,0.08654859264462396,0.0,,ความเสี่ยงมาจากรูปแบบรวมหลายปัจจัย,ไม่ต้องดำเนินการเป็นพิเศษ
C11977,0.039545316,ต่ำ,3,ลูกค้าใหม่กำลังก่อตัว (New / Developing),2.0,5.0,7253.17,1450.634,5.0,5.0,0.10427930319922742,0.0,,ซื้อเมื่อมีส่วนลดเป็นหลัก (10%),ไม่ต้องดำเนินการเป็นพิเศษ
C10827,0.039505593,ต่ำ,0,ลูกค้าคุณค่าสูงที่กำลังห่างหาย (At-Risk High-Value),1.0,16.0,18661.44,1166.34,3.0,0.5,0.03432187821803184,0.0,4.0,ความถี่ 90 วันล่าสุดลดลงชัดเจน,ไม่ต้องดำเนินการเป็นพิเศษ
C12704,0.039427582,ต่ำ,2,ลูกค้าห่างหายมูลค่าต่ำ (Dormant / Low-Value),11.0,5.0,2017.3600000000001,403.47200000000004,3.0,3.0,0.007971203351741027,0.0,5.0,ความเสี่ยงมาจากรูปแบบรวมหลายปัจจัย,ไม่ต้องดำเนินการเป็นพิเศษ
C11170,0.03938743,ต่ำ,0,ลูกค้าคุณค่าสูงที่กำลังห่างหาย (At-Risk High-Value),1.0,20.0,26635.17,1331.7585,5.0,1.0,0.03304155952501533,0.0,,ความเสี่ยงมาจากรูปแบบรวมหลายปัจจัย,ไม่ต้องดำเนินการเป็นพิเศษ
C11012,0.039332934,ต่ำ,1,ลูกค้าชั้นยอด (Champions),8.0,26.0,44152.4,1698.1692307692308,3.0,0.6,0.021430070628296403,0.0,,ความเสี่ยงมาจากรูปแบบรวมหลายปัจจัย,ไม่ต้องดำเนินการเป็นพิเศษ
C10186,0.039215054,ต่ำ,1,ลูกค้าชั้นยอด (Champions),20.0,22.0,24233.64,1101.5290909090909,7.0,1.4,0.012976010733037283,0.0,,ความเสี่ยงมาจากรูปแบบรวมหลายปัจจัย,ไม่ต้องดำเนินการเป็นพิเศษ
C11761,0.038588714,ต่ำ,2,ลูกค้าห่างหายมูลค่าต่ำ (Dormant / Low-Value),15.0,6.0,3932.74,655.4566666666666,2.0,1.0,0.055435866027788785,0.0,4.333333333333333,ความเสี่ยงมาจากรูปแบบรวมหลายปัจจัย,ไม่ต้องดำเนินการเป็นพิเศษ
C11968,0.038553704,ต่ำ,0,ลูกค้าคุณค่าสูงที่กำลังห่างหาย (At-Risk High-Value),16.0,30.0,30533.53,1017.7843333333333,6.0,1.5,0.0,0.0,,ความเสี่ยงมาจากรูปแบบรวมหลายปัจจัย,ไม่ต้องดำเนินการเป็นพิเศษ
C10512,0.03855045,ต่ำ,3,ลูกค้าใหม่กำลังก่อตัว (New / Developing),66.0,2.0,2335.1099999999997,1167.5549999999998,2.0,2.0,0.020055394687145914,0.0,,ไม่ซื้อมา 66 วัน,ไม่ต้องดำเนินการเป็นพิเศษ
C11108,0.038542632,ต่ำ,1,ลูกค้าชั้นยอด (Champions),21.0,26.0,41874.63,1610.5626923076923,2.0,0.3333333333333333,0.010410689691354114,0.0,,ความถี่ 90 วันล่าสุดลดลงชัดเจน,ไม่ต้องดำเนินการเป็นพิเศษ
C10032,0.038524542,ต่ำ,1,ลูกค้าชั้นยอด (Champions),9.0,29.0,48845.34,1684.322068965517,4.0,0.5714285714285714,0.016413863262643963,0.0,,ความถี่ 90 วันล่าสุดลดลงชัดเจน,ไม่ต้องดำเนินการเป็นพิเศษ
C10331,0.03838957,ต่ำ,3,ลูกค้าใหม่กำลังก่อตัว (New / Developing),54.0,2.0,2094.89,1047.445,2.0,2.0,0.0,0.0,,ความเสี่ยงมาจากรูปแบบรวมหลายปัจจัย,ไม่ต้องดำเนินการเป็นพิเศษ
C12303,0.038106967,ต่ำ,2,ลูกค้าห่างหายมูลค่าต่ำ (Dormant / Low-Value),9.0,14.0,3398.14,242.7242857142857,4.0,4.0,0.025879911249218845,0.0,,ความเสี่ยงมาจากรูปแบบรวมหลายปัจจัย,ไม่ต้องดำเนินการเป็นพิเศษ
C12646,0.037915215,ต่ำ,2,ลูกค้าห่างหายมูลค่าต่ำ (Dormant / Low-Value),1.0,5.0,1697.45,339.49,3.0,1.0,0.02829059975842507,0.0,,ความเสี่ยงมาจากรูปแบบรวมหลายปัจจัย,ไม่ต้องดำเนินการเป็นพิเศษ
C12548,0.037817296,ต่ำ,2,ลูกค้าห่างหายมูลค่าต่ำ (Dormant / Low-Value),29.0,10.0,4382.429999999999,438.24299999999994,3.0,0.75,0.11253427403840312,0.0,,ซื้อเมื่อมีส่วนลดเป็นหลัก (11%),ไม่ต้องดำเนินการเป็นพิเศษ
C11039,0.03770416,ต่ำ,2,ลูกค้าห่างหายมูลค่าต่ำ (Dormant / Low-Value),4.0,8.0,4425.1,553.1375,3.0,1.0,0.04768360998306314,0.0,,ความเสี่ยงมาจากรูปแบบรวมหลายปัจจัย,ไม่ต้องดำเนินการเป็นพิเศษ
C10706,0.03767736,ต่ำ,0,ลูกค้าคุณค่าสูงที่กำลังห่างหาย (At-Risk High-Value),2.0,24.0,16207.92,675.33,5.0,1.6666666666666667,0.02815882917984307,0.0,,ความเสี่ยงมาจากรูปแบบรวมหลายปัจจัย,ไม่ต้องดำเนินการเป็นพิเศษ
C11439,0.037536483,ต่ำ,3,ลูกค้าใหม่กำลังก่อตัว (New / Developing),50.0,1.0,163.65,163.65,1.0,1.0,0.0,0.0,,ความเสี่ยงมาจากรูปแบบรวมหลายปัจจัย,ไม่ต้องดำเนินการเป็นพิเศษ
C12358,0.03752124,ต่ำ,2,ลูกค้าห่างหายมูลค่าต่ำ (Dormant / Low-Value),5.0,15.0,4404.52,293.6346666666667,2.0,0.5,0.05842263794382413,0.0,,ความถี่ 90 วันล่าสุดลดลงชัดเจน,ไม่ต้องดำเนินการเป็นพิเศษ
C10618,0.03748063,ต่ำ,3,ลูกค้าใหม่กำลังก่อตัว (New / Developing),3.0,5.0,5339.54,1067.908,5.0,5.0,0.018540882029111774,0.0,,ความเสี่ยงมาจากรูปแบบรวมหลายปัจจัย,ไม่ต้องดำเนินการเป็นพิเศษ
C12683,0.03743935,ต่ำ,2,ลูกค้าห่างหายมูลค่าต่ำ (Dormant / Low-Value),3.0,9.0,9053.85,1005.9833333333333,3.0,0.42857142857142855,0.11440711537840798,0.0,,ความถี่ 90 วันล่าสุดลดลงชัดเจน · ซื้อเมื่อมีส่วนลดเป็นหลัก (11%),ไม่ต้องดำเนินการเป็นพิเศษ
C11615,0.037097614,ต่ำ,1,ลูกค้าชั้นยอด (Champions),16.0,43.0,54016.39,1256.1951162790697,6.0,1.2,0.0027858140955547154,0.0,,ความเสี่ยงมาจากรูปแบบรวมหลายปัจจัย,ไม่ต้องดำเนินการเป็นพิเศษ
C12168,0.037032593,ต่ำ,1,ลูกค้าชั้นยอด (Champions),0.0,26.0,34836.12,1339.8507692307694,2.0,0.25,0.0037603370662164215,0.0,,ความถี่ 90 วันล่าสุดลดลงชัดเจน,ไม่ต้องดำเนินการเป็นพิเศษ
C11819,0.03702291,ต่ำ,2,ลูกค้าห่างหายมูลค่าต่ำ (Dormant / Low-Value),14.0,9.0,1601.0800000000002,177.8977777777778,4.0,1.3333333333333333,0.029018818263965115,0.0,3.0,ความเสี่ยงมาจากรูปแบบรวมหลายปัจจัย,ไม่ต้องดำเนินการเป็นพิเศษ
C11593,0.036916483,ต่ำ,1,ลูกค้าชั้นยอด (Champions),7.0,42.0,41641.65,991.4678571428572,8.0,1.3333333333333333,0.01592070393384527,0.0,3.0,ความเสี่ยงมาจากรูปแบบรวมหลายปัจจัย,ไม่ต้องดำเนินการเป็นพิเศษ
C11851,0.036734212,ต่ำ,0,ลูกค้าคุณค่าสูงที่กำลังห่างหาย (At-Risk High-Value),4.0,16.0,19410.81,1213.175625,3.0,0.42857142857142855,0.0018583891047182206,0.0,,ความถี่ 90 วันล่าสุดลดลงชัดเจน,ไม่ต้องดำเนินการเป็นพิเศษ
C11259,0.036712755,ต่ำ,2,ลูกค้าห่างหายมูลค่าต่ำ (Dormant / Low-Value),16.0,7.0,4594.98,656.4257142857142,2.0,1.0,0.027762320177563745,0.0,3.0,ความเสี่ยงมาจากรูปแบบรวมหลายปัจจัย,ไม่ต้องดำเนินการเป็นพิเศษ
C12337,0.036599964,ต่ำ,3,ลูกค้าใหม่กำลังก่อตัว (New / Developing),115.0,1.0,1493.26,1493.26,0.0,0.0,0.0,0.0,,ไม่ซื้อมา 115 วัน · ความถี่ 90 วันล่าสุดลดลงชัดเจน · ไม่มีการซื้อเลยใน 90 วันล่าสุด,ไม่ต้องดำเนินการเป็นพิเศษ
C12954,0.03652348,ต่ำ,2,ลูกค้าห่างหายมูลค่าต่ำ (Dormant / Low-Value),11.0,18.0,5953.84,330.7688888888889,4.0,1.0,0.09648478520829665,0.0,,ความเสี่ยงมาจากรูปแบบรวมหลายปัจจัย,ไม่ต้องดำเนินการเป็นพิเศษ
C12611,0.036458325,ต่ำ,2,ลูกค้าห่างหายมูลค่าต่ำ (Dormant / Low-Value),7.0,10.0,3947.19,394.719,4.0,0.6666666666666666,0.10715440938630283,0.0,3.0,ซื้อเมื่อมีส่วนลดเป็นหลัก (11%),ไม่ต้องดำเนินการเป็นพิเศษ
C11290,0.03623739,ต่ำ,3,ลูกค้าใหม่กำลังก่อตัว (New / Developing),8.0,6.0,3735.65,622.6083333333333,4.0,1.3333333333333333,0.06827704893500275,0.0,,ความเสี่ยงมาจากรูปแบบรวมหลายปัจจัย,ไม่ต้องดำเนินการเป็นพิเศษ
C11641,0.03617948,ต่ำ,3,ลูกค้าใหม่กำลังก่อตัว (New / Developing),16.0,7.0,4276.8,610.9714285714286,2.0,0.6666666666666666,0.041499606675974965,0.0,,ความเสี่ยงมาจากรูปแบบรวมหลายปัจจัย,ไม่ต้องดำเนินการเป็นพิเศษ
C11066,0.03614722,ต่ำ,3,ลูกค้าใหม่กำลังก่อตัว (New / Developing),2.0,5.0,2217.8599999999997,443.57199999999995,2.0,0.5,0.03693989830346558,0.0,,ความถี่ 90 วันล่าสุดลดลงชัดเจน,ไม่ต้องดำเนินการเป็นพิเศษ
C11078,0.036092628,ต่ำ,0,ลูกค้าคุณค่าสูงที่กำลังห่างหาย (At-Risk High-Value),17.0,26.0,33129.86,1274.2253846153847,5.0,0.625,0.0,0.0,,ความเสี่ยงมาจากรูปแบบรวมหลายปัจจัย,ไม่ต้องดำเนินการเป็นพิเศษ
C11389,0.03606243,ต่ำ,3,ลูกค้าใหม่กำลังก่อตัว (New / Developing),14.0,8.0,7544.66,943.0825,1.0,0.3333333333333333,0.020068396983051417,0.0,,ความถี่ 90 วันล่าสุดลดลงชัดเจน,ไม่ต้องดำเนินการเป็นพิเศษ
C12198,0.035940092,ต่ำ,1,ลูกค้าชั้นยอด (Champions),15.0,31.0,27975.59,902.4383870967742,6.0,1.0,0.011002650704462361,0.0,,ความเสี่ยงมาจากรูปแบบรวมหลายปัจจัย,ไม่ต้องดำเนินการเป็นพิเศษ
C11886,0.035854306,ต่ำ,1,ลูกค้าชั้นยอด (Champions),13.0,20.0,28242.65,1412.1325000000002,5.0,0.7142857142857143,0.02312189111944085,0.0,,ความเสี่ยงมาจากรูปแบบรวมหลายปัจจัย,ไม่ต้องดำเนินการเป็นพิเศษ
C10097,0.035772685,ต่ำ,0,ลูกค้าคุณค่าสูงที่กำลังห่างหาย (At-Risk High-Value),3.0,12.0,10363.1,863.5916666666667,1.0,0.14285714285714285,0.023014512756405543,0.0,,ความถี่ 90 วันล่าสุดลดลงชัดเจน,ไม่ต้องดำเนินการเป็นพิเศษ
C11201,0.03576096,ต่ำ,3,ลูกค้าใหม่กำลังก่อตัว (New / Developing),10.0,5.0,4356.6,871.32,2.0,0.6666666666666666,0.0,0.0,,ความเสี่ยงมาจากรูปแบบรวมหลายปัจจัย,ไม่ต้องดำเนินการเป็นพิเศษ
C11497,0.035738777,ต่ำ,0,ลูกค้าคุณค่าสูงที่กำลังห่างหาย (At-Risk High-Value),16.0,27.0,45627.17,1689.895185185185,6.0,1.2,0.01729203765493202,0.0,,ความเสี่ยงมาจากรูปแบบรวมหลายปัจจัย,ไม่ต้องดำเนินการเป็นพิเศษ
C11165,0.03564632,ต่ำ,1,ลูกค้าชั้นยอด (Champions),28.0,68.0,223976.41,3293.770735294118,6.0,0.5454545454545454,0.0171610348084945,0.0,4.0,ความถี่ 90 วันล่าสุดลดลงชัดเจน,ไม่ต้องดำเนินการเป็นพิเศษ
C10688,0.035583362,ต่ำ,1,ลูกค้าชั้นยอด (Champions),11.0,19.0,31530.7,1659.5105263157895,2.0,0.2857142857142857,0.01271728426566803,0.0,,ความถี่ 90 วันล่าสุดลดลงชัดเจน,ไม่ต้องดำเนินการเป็นพิเศษ
C11534,0.035566505,ต่ำ,1,ลูกค้าชั้นยอด (Champions),3.0,22.0,27121.030000000002,1232.774090909091,7.0,3.5,0.012533647038605482,0.0,3.0,ความเสี่ยงมาจากรูปแบบรวมหลายปัจจัย,ไม่ต้องดำเนินการเป็นพิเศษ
C12113,0.03555696,ต่ำ,2,ลูกค้าห่างหายมูลค่าต่ำ (Dormant / Low-Value),10.0,18.0,7353.18,408.51,2.0,1.0,0.0502908598706371,0.0,,ความเสี่ยงมาจากรูปแบบรวมหลายปัจจัย,ไม่ต้องดำเนินการเป็นพิเศษ
C11773,0.035286717,ต่ำ,0,ลูกค้าคุณค่าสูงที่กำลังห่างหาย (At-Risk High-Value),2.0,8.0,8441.61,1055.20125,2.0,2.0,0.03822661849602318,0.0,3.0,ความเสี่ยงมาจากรูปแบบรวมหลายปัจจัย,ไม่ต้องดำเนินการเป็นพิเศษ
C12851,0.034978896,ต่ำ,2,ลูกค้าห่างหายมูลค่าต่ำ (Dormant / Low-Value),31.0,2.0,1012.68,506.34,1.0,0.5,0.23637597556837459,0.0,,ความถี่ 90 วันล่าสุดลดลงชัดเจน · ซื้อเมื่อมีส่วนลดเป็นหลัก (24%),ไม่ต้องดำเนินการเป็นพิเศษ
C11680,0.03442207,ต่ำ,1,ลูกค้าชั้นยอด (Champions),30.0,18.0,35969.34,1998.2966666666664,6.0,1.5,0.02506129053679533,0.0,,ความเสี่ยงมาจากรูปแบบรวมหลายปัจจัย,ไม่ต้องดำเนินการเป็นพิเศษ
C12332,0.034386344,ต่ำ,3,ลูกค้าใหม่กำลังก่อตัว (New / Developing),68.0,2.0,681.87,340.935,1.0,0.5,0.03617165634806208,0.0,3.0,ไม่ซื้อมา 68 วัน · ความถี่ 90 วันล่าสุดลดลงชัดเจน,ไม่ต้องดำเนินการเป็นพิเศษ
C11081,0.034380782,ต่ำ,3,ลูกค้าใหม่กำลังก่อตัว (New / Developing),15.0,11.0,4541.89,412.89909090909094,2.0,0.6666666666666666,0.0,0.0,,ความเสี่ยงมาจากรูปแบบรวมหลายปัจจัย,ไม่ต้องดำเนินการเป็นพิเศษ
C11643,0.034171432,ต่ำ,2,ลูกค้าห่างหายมูลค่าต่ำ (Dormant / Low-Value),105.0,2.0,3565.96,1782.98,0.0,0.0,0.2094950332410402,0.0,5.0,ไม่ซื้อมา 105 วัน · ความถี่ 90 วันล่าสุดลดลงชัดเจน · ไม่มีการซื้อเลยใน 90 วันล่าสุด · ซื้อเมื่อมีส่วนลดเป็นหลัก (21%),ไม่ต้องดำเนินการเป็นพิเศษ
C12192,0.03394377,ต่ำ,0,ลูกค้าคุณค่าสูงที่กำลังห่างหาย (At-Risk High-Value),5.0,28.0,29304.53,1046.590357142857,7.0,1.0,0.017659944990756366,0.0,1.0,คะแนนความพึงพอใจต่ำ (1.0/5),ไม่ต้องดำเนินการเป็นพิเศษ
C10773,0.033932496,ต่ำ,2,ลูกค้าห่างหายมูลค่าต่ำ (Dormant / Low-Value),21.0,10.0,3388.54,338.854,2.0,2.0,0.03148874871023892,0.0,,ความเสี่ยงมาจากรูปแบบรวมหลายปัจจัย,ไม่ต้องดำเนินการเป็นพิเศษ
C11367,0.03383957,ต่ำ,1,ลูกค้าชั้นยอด (Champions),18.0,21.0,40135.049999999996,1911.1928571428568,7.0,3.5,0.014134447477516228,0.0,,ความเสี่ยงมาจากรูปแบบรวมหลายปัจจัย,ไม่ต้องดำเนินการเป็นพิเศษ
C12258,0.033742577,ต่ำ,1,ลูกค้าชั้นยอด (Champions),10.0,24.0,34099.89,1420.82875,9.0,1.2857142857142858,0.0025500869188263284,0.0,3.0,ความเสี่ยงมาจากรูปแบบรวมหลายปัจจัย,ไม่ต้องดำเนินการเป็นพิเศษ
C11422,0.033603393,ต่ำ,1,ลูกค้าชั้นยอด (Champions),15.0,22.0,34376.46,1562.5663636363636,7.0,1.4,0.0,0.0,,ความเสี่ยงมาจากรูปแบบรวมหลายปัจจัย,ไม่ต้องดำเนินการเป็นพิเศษ
C12060,0.033241026,ต่ำ,1,ลูกค้าชั้นยอด (Champions),4.0,30.0,42190.020000000004,1406.334,4.0,0.6666666666666666,0.019888426697492505,0.0,,ความเสี่ยงมาจากรูปแบบรวมหลายปัจจัย,ไม่ต้องดำเนินการเป็นพิเศษ
C10564,0.033219572,ต่ำ,0,ลูกค้าคุณค่าสูงที่กำลังห่างหาย (At-Risk High-Value),5.0,16.0,8019.77,501.235625,3.0,1.0,0.06992033789997762,0.0,5.0,ความเสี่ยงมาจากรูปแบบรวมหลายปัจจัย,ไม่ต้องดำเนินการเป็นพิเศษ
C10409,0.03316492,ต่ำ,2,ลูกค้าห่างหายมูลค่าต่ำ (Dormant / Low-Value),1.0,14.0,5427.45,387.675,3.0,1.0,0.03927205269316076,0.0,,ความเสี่ยงมาจากรูปแบบรวมหลายปัจจัย,ไม่ต้องดำเนินการเป็นพิเศษ
C10814,0.03300065,ต่ำ,0,ลูกค้าคุณค่าสูงที่กำลังห่างหาย (At-Risk High-Value),37.0,18.0,16286.27,904.7927777777778,5.0,0.4166666666666667,0.015805112579851958,0.0,,ความถี่ 90 วันล่าสุดลดลงชัดเจน,ไม่ต้องดำเนินการเป็นพิเศษ
C11147,0.032992564,ต่ำ,1,ลูกค้าชั้นยอด (Champions),17.0,30.0,55198.11,1839.9370000000001,4.0,1.0,0.023566809687185733,0.0,,ความเสี่ยงมาจากรูปแบบรวมหลายปัจจัย,ไม่ต้องดำเนินการเป็นพิเศษ
C11399,0.03296232,ต่ำ,2,ลูกค้าห่างหายมูลค่าต่ำ (Dormant / Low-Value),7.0,4.0,1424.38,356.095,1.0,0.25,0.042008555056361134,0.0,,ความถี่ 90 วันล่าสุดลดลงชัดเจน,ไม่ต้องดำเนินการเป็นพิเศษ
C12061,0.032948542,ต่ำ,1,ลูกค้าชั้นยอด (Champions),13.0,38.0,51286.11,1349.6344736842104,6.0,1.0,0.06374040074000971,0.0,,ความเสี่ยงมาจากรูปแบบรวมหลายปัจจัย,ไม่ต้องดำเนินการเป็นพิเศษ
C12601,0.03292428,ต่ำ,0,ลูกค้าคุณค่าสูงที่กำลังห่างหาย (At-Risk High-Value),1.0,22.0,25970.66,1180.4845454545455,2.0,0.16666666666666666,0.029181748482597674,0.0,3.3333333333333335,ความถี่ 90 วันล่าสุดลดลงชัดเจน,ไม่ต้องดำเนินการเป็นพิเศษ
C11894,0.032889493,ต่ำ,1,ลูกค้าชั้นยอด (Champions),9.0,70.0,125926.2,1798.9457142857143,7.0,0.4375,0.0007811963770579804,1.0,4.0,ความถี่ 90 วันล่าสุดลดลงชัดเจน · มีเรื่องร้องเรียนค้าง 1 เรื่อง,ไม่ต้องดำเนินการเป็นพิเศษ
C12844,0.032771446,ต่ำ,2,ลูกค้าห่างหายมูลค่าต่ำ (Dormant / Low-Value),2.0,4.0,1047.92,261.98,3.0,1.5,0.08659687780557322,0.0,,ความเสี่ยงมาจากรูปแบบรวมหลายปัจจัย,ไม่ต้องดำเนินการเป็นพิเศษ
C11717,0.03275236,ต่ำ,2,ลูกค้าห่างหายมูลค่าต่ำ (Dormant / Low-Value),65.0,2.0,461.0,230.5,1.0,0.5,0.14548925837364918,0.0,,ไม่ซื้อมา 65 วัน · ความถี่ 90 วันล่าสุดลดลงชัดเจน · ซื้อเมื่อมีส่วนลดเป็นหลัก (15%),ไม่ต้องดำเนินการเป็นพิเศษ
C12819,0.032732088,ต่ำ,2,ลูกค้าห่างหายมูลค่าต่ำ (Dormant / Low-Value),11.0,16.0,5196.47,324.779375,4.0,2.0,0.04057434783973354,0.0,,ความเสี่ยงมาจากรูปแบบรวมหลายปัจจัย,ไม่ต้องดำเนินการเป็นพิเศษ
C11725,0.032728203,ต่ำ,1,ลูกค้าชั้นยอด (Champions),10.0,31.0,64477.47,2079.918387096774,5.0,1.0,0.02751686264147221,0.0,,ความเสี่ยงมาจากรูปแบบรวมหลายปัจจัย,ไม่ต้องดำเนินการเป็นพิเศษ
C12013,0.032551482,ต่ำ,2,ลูกค้าห่างหายมูลค่าต่ำ (Dormant / Low-Value),8.0,7.0,2233.93,319.1328571428571,3.0,1.0,0.050066548452801625,0.0,,ความเสี่ยงมาจากรูปแบบรวมหลายปัจจัย,ไม่ต้องดำเนินการเป็นพิเศษ
C11561,0.032514684,ต่ำ,3,ลูกค้าใหม่กำลังก่อตัว (New / Developing),44.0,1.0,725.64,725.64,1.0,1.0,0.0,0.0,,ความเสี่ยงมาจากรูปแบบรวมหลายปัจจัย,ไม่ต้องดำเนินการเป็นพิเศษ
C12065,0.032497857,ต่ำ,2,ลูกค้าห่างหายมูลค่าต่ำ (Dormant / Low-Value),8.0,9.0,4292.3,476.9222222222222,1.0,0.5,0.041225323105926914,0.0,,ความถี่ 90 วันล่าสุดลดลงชัดเจน,ไม่ต้องดำเนินการเป็นพิเศษ
C10049,0.032413255,ต่ำ,3,ลูกค้าใหม่กำลังก่อตัว (New / Developing),7.0,5.0,4283.83,856.766,4.0,2.0,0.008347434772644673,0.0,,ความเสี่ยงมาจากรูปแบบรวมหลายปัจจัย,ไม่ต้องดำเนินการเป็นพิเศษ
C10060,0.032388598,ต่ำ,1,ลูกค้าชั้นยอด (Champions),9.0,47.0,112441.3,2392.368085106383,8.0,0.6153846153846154,0.0016023546426552026,0.0,,ความเสี่ยงมาจากรูปแบบรวมหลายปัจจัย,ไม่ต้องดำเนินการเป็นพิเศษ
C12234,0.032320768,ต่ำ,0,ลูกค้าคุณค่าสูงที่กำลังห่างหาย (At-Risk High-Value),11.0,6.0,3237.37,539.5616666666666,1.0,0.25,0.04434138824765761,0.0,,ความถี่ 90 วันล่าสุดลดลงชัดเจน,ไม่ต้องดำเนินการเป็นพิเศษ
C11071,0.032292467,ต่ำ,1,ลูกค้าชั้นยอด (Champions),30.0,59.0,175395.8,2972.8101694915254,7.0,0.6363636363636364,0.015646599014040394,0.0,3.5,ความเสี่ยงมาจากรูปแบบรวมหลายปัจจัย,ไม่ต้องดำเนินการเป็นพิเศษ
C11191,0.032275446,ต่ำ,2,ลูกค้าห่างหายมูลค่าต่ำ (Dormant / Low-Value),9.0,6.0,2690.31,448.385,3.0,1.5,0.07952154321473417,0.0,,ความเสี่ยงมาจากรูปแบบรวมหลายปัจจัย,ไม่ต้องดำเนินการเป็นพิเศษ
C11984,0.032215137,ต่ำ,0,ลูกค้าคุณค่าสูงที่กำลังห่างหาย (At-Risk High-Value),2.0,15.0,7120.63,474.70866666666666,2.0,1.0,0.06577932301233272,0.0,4.0,ความเสี่ยงมาจากรูปแบบรวมหลายปัจจัย,ไม่ต้องดำเนินการเป็นพิเศษ
C11549,0.03220595,ต่ำ,0,ลูกค้าคุณค่าสูงที่กำลังห่างหาย (At-Risk High-Value),8.0,27.0,23862.42,883.7933333333333,4.0,0.4444444444444444,0.03469838597388287,0.0,,ความถี่ 90 วันล่าสุดลดลงชัดเจน,ไม่ต้องดำเนินการเป็นพิเศษ
C11727,0.032190833,ต่ำ,1,ลูกค้าชั้นยอด (Champions),10.0,21.0,33313.25,1586.345238095238,8.0,4.0,0.012379186862100261,0.0,,ความเสี่ยงมาจากรูปแบบรวมหลายปัจจัย,ไม่ต้องดำเนินการเป็นพิเศษ
C11168,0.03219049,ต่ำ,3,ลูกค้าใหม่กำลังก่อตัว (New / Developing),4.0,2.0,1084.76,542.38,2.0,2.0,0.0714420229066443,0.0,,ความเสี่ยงมาจากรูปแบบรวมหลายปัจจัย,ไม่ต้องดำเนินการเป็นพิเศษ
C10753,0.03217754,ต่ำ,0,ลูกค้าคุณค่าสูงที่กำลังห่างหาย (At-Risk High-Value),2.0,20.0,27667.37,1383.3685,3.0,0.3333333333333333,0.04072670386009852,0.0,,ความถี่ 90 วันล่าสุดลดลงชัดเจน,ไม่ต้องดำเนินการเป็นพิเศษ
C12016,0.03209666,ต่ำ,1,ลูกค้าชั้นยอด (Champions),16.0,56.0,124302.01000000001,2219.67875,9.0,0.8181818181818182,0.006229155533894953,0.0,,ความเสี่ยงมาจากรูปแบบรวมหลายปัจจัย,ไม่ต้องดำเนินการเป็นพิเศษ
C10144,0.032000035,ต่ำ,0,ลูกค้าคุณค่าสูงที่กำลังห่างหาย (At-Risk High-Value),7.0,20.0,25360.08,1268.0040000000001,4.0,0.8,0.010549938978903243,0.0,,ความเสี่ยงมาจากรูปแบบรวมหลายปัจจัย,ไม่ต้องดำเนินการเป็นพิเศษ
C10493,0.031805877,ต่ำ,0,ลูกค้าคุณค่าสูงที่กำลังห่างหาย (At-Risk High-Value),17.0,25.0,28528.03,1141.1212,7.0,1.0,0.014248939199181767,0.0,,ความเสี่ยงมาจากรูปแบบรวมหลายปัจจัย,ไม่ต้องดำเนินการเป็นพิเศษ
C12163,0.03180422,ต่ำ,2,ลูกค้าห่างหายมูลค่าต่ำ (Dormant / Low-Value),3.0,2.0,1618.8200000000002,809.4100000000001,2.0,2.0,0.07543549031926436,0.0,,ความเสี่ยงมาจากรูปแบบรวมหลายปัจจัย,ไม่ต้องดำเนินการเป็นพิเศษ
C11655,0.031782355,ต่ำ,0,ลูกค้าคุณค่าสูงที่กำลังห่างหาย (At-Risk High-Value),1.0,15.0,8170.61,544.7073333333333,5.0,1.0,0.08062135004669689,0.0,,ความเสี่ยงมาจากรูปแบบรวมหลายปัจจัย,ไม่ต้องดำเนินการเป็นพิเศษ
C11519,0.031682543,ต่ำ,0,ลูกค้าคุณค่าสูงที่กำลังห่างหาย (At-Risk High-Value),15.0,18.0,24280.72,1348.9288888888889,5.0,0.45454545454545453,0.02029004687781184,0.0,3.0,ความถี่ 90 วันล่าสุดลดลงชัดเจน,ไม่ต้องดำเนินการเป็นพิเศษ
C11128,0.031557634,ต่ำ,2,ลูกค้าห่างหายมูลค่าต่ำ (Dormant / Low-Value),15.0,10.0,5383.77,538.3770000000001,4.0,1.0,0.10649050190692101,0.0,,ซื้อเมื่อมีส่วนลดเป็นหลัก (11%),ไม่ต้องดำเนินการเป็นพิเศษ
C11694,0.031480532,ต่ำ,1,ลูกค้าชั้นยอด (Champions),3.0,30.0,41121.01,1370.7003333333334,6.0,1.0,0.016329909869135857,0.0,3.0,ความเสี่ยงมาจากรูปแบบรวมหลายปัจจัย,ไม่ต้องดำเนินการเป็นพิเศษ
C10913,0.031478368,ต่ำ,0,ลูกค้าคุณค่าสูงที่กำลังห่างหาย (At-Risk High-Value),4.0,27.0,46495.62,1722.0600000000002,8.0,2.0,0.04944710431246165,0.0,,ความเสี่ยงมาจากรูปแบบรวมหลายปัจจัย,ไม่ต้องดำเนินการเป็นพิเศษ
C12068,0.031230569,ต่ำ,2,ลูกค้าห่างหายมูลค่าต่ำ (Dormant / Low-Value),8.0,14.0,7612.4,543.7428571428571,5.0,1.6666666666666667,0.06918961880597928,0.0,,ความเสี่ยงมาจากรูปแบบรวมหลายปัจจัย,ไม่ต้องดำเนินการเป็นพิเศษ
C11734,0.031169804,ต่ำ,0,ลูกค้าคุณค่าสูงที่กำลังห่างหาย (At-Risk High-Value),5.0,15.0,13587.62,905.8413333333334,3.0,0.3333333333333333,0.017184561525330554,0.0,2.0,ความถี่ 90 วันล่าสุดลดลงชัดเจน · คะแนนความพึงพอใจต่ำ (2.0/5),ไม่ต้องดำเนินการเป็นพิเศษ
C11246,0.03111941,ต่ำ,1,ลูกค้าชั้นยอด (Champions),16.0,20.0,42094.93,2104.7465,3.0,0.3333333333333333,0.02537005668815587,0.0,,ความถี่ 90 วันล่าสุดลดลงชัดเจน,ไม่ต้องดำเนินการเป็นพิเศษ
C11468,0.03108319,ต่ำ,3,ลูกค้าใหม่กำลังก่อตัว (New / Developing),6.0,6.0,4010.4300000000003,668.4050000000001,5.0,2.5,0.048441248140388506,0.0,4.0,ความเสี่ยงมาจากรูปแบบรวมหลายปัจจัย,ไม่ต้องดำเนินการเป็นพิเศษ
C12373,0.030914316,ต่ำ,1,ลูกค้าชั้นยอด (Champions),4.0,29.0,30831.0,1063.1379310344828,6.0,0.8571428571428571,0.009158319666717766,0.0,,ความเสี่ยงมาจากรูปแบบรวมหลายปัจจัย,ไม่ต้องดำเนินการเป็นพิเศษ
C11088,0.030728452,ต่ำ,3,ลูกค้าใหม่กำลังก่อตัว (New / Developing),1.0,7.0,3885.79,555.1128571428571,3.0,1.5,0.06979321769355619,0.0,,ความเสี่ยงมาจากรูปแบบรวมหลายปัจจัย,ไม่ต้องดำเนินการเป็นพิเศษ
C12714,0.030700048,ต่ำ,1,ลูกค้าชั้นยอด (Champions),14.0,54.0,92222.61,1707.8261111111112,7.0,0.4666666666666667,0.012109404876497889,0.0,,ความถี่ 90 วันล่าสุดลดลงชัดเจน,ไม่ต้องดำเนินการเป็นพิเศษ
C10660,0.030646253,ต่ำ,1,ลูกค้าชั้นยอด (Champions),13.0,31.0,40580.17,1309.0377419354838,6.0,0.5454545454545454,0.005829275289816211,1.0,4.0,ความถี่ 90 วันล่าสุดลดลงชัดเจน · มีเรื่องร้องเรียนค้าง 1 เรื่อง,ไม่ต้องดำเนินการเป็นพิเศษ
C10940,0.030316308,ต่ำ,1,ลูกค้าชั้นยอด (Champions),3.0,51.0,102374.54000000001,2007.3439215686276,8.0,0.6666666666666666,0.00016339283612753315,0.0,,ความเสี่ยงมาจากรูปแบบรวมหลายปัจจัย,ไม่ต้องดำเนินการเป็นพิเศษ
C12539,0.030100504,ต่ำ,2,ลูกค้าห่างหายมูลค่าต่ำ (Dormant / Low-Value),4.0,8.0,1962.53,245.31625,3.0,0.75,0.042261837950740073,0.0,,ความเสี่ยงมาจากรูปแบบรวมหลายปัจจัย,ไม่ต้องดำเนินการเป็นพิเศษ
C10076,0.030058708,ต่ำ,3,ลูกค้าใหม่กำลังก่อตัว (New / Developing),2.0,6.0,10618.16,1769.6933333333334,3.0,0.75,0.04348139420079922,0.0,5.0,ความเสี่ยงมาจากรูปแบบรวมหลายปัจจัย,ไม่ต้องดำเนินการเป็นพิเศษ
C10217,0.02985739,ต่ำ,2,ลูกค้าห่างหายมูลค่าต่ำ (Dormant / Low-Value),5.0,12.0,7412.4400000000005,617.7033333333334,5.0,1.0,0.08886706386033402,0.0,,ความเสี่ยงมาจากรูปแบบรวมหลายปัจจัย,ไม่ต้องดำเนินการเป็นพิเศษ
C11299,0.029739942,ต่ำ,0,ลูกค้าคุณค่าสูงที่กำลังห่างหาย (At-Risk High-Value),4.0,31.0,37057.11,1195.3906451612904,5.0,0.625,0.02826358190153177,0.0,,ความเสี่ยงมาจากรูปแบบรวมหลายปัจจัย,ไม่ต้องดำเนินการเป็นพิเศษ
C12033,0.029738795,ต่ำ,2,ลูกค้าห่างหายมูลค่าต่ำ (Dormant / Low-Value),4.0,6.0,2824.0699999999997,470.6783333333333,3.0,1.5,0.12112271922371913,0.0,,ซื้อเมื่อมีส่วนลดเป็นหลัก (12%),ไม่ต้องดำเนินการเป็นพิเศษ
C12002,0.029550638,ต่ำ,3,ลูกค้าใหม่กำลังก่อตัว (New / Developing),36.0,2.0,2588.93,1294.465,2.0,2.0,0.023516942759723606,0.0,,ความเสี่ยงมาจากรูปแบบรวมหลายปัจจัย,ไม่ต้องดำเนินการเป็นพิเศษ
C12414,0.029316677,ต่ำ,0,ลูกค้าคุณค่าสูงที่กำลังห่างหาย (At-Risk High-Value),1.0,20.0,25475.239999999998,1273.762,5.0,0.8333333333333334,0.0364890179693578,0.0,2.0,คะแนนความพึงพอใจต่ำ (2.0/5),ไม่ต้องดำเนินการเป็นพิเศษ
C10220,0.029252056,ต่ำ,1,ลูกค้าชั้นยอด (Champions),1.0,18.0,14378.98,798.8322222222222,4.0,0.8,0.03107648435057304,0.0,,ความเสี่ยงมาจากรูปแบบรวมหลายปัจจัย,ไม่ต้องดำเนินการเป็นพิเศษ
C12503,0.029209342,ต่ำ,0,ลูกค้าคุณค่าสูงที่กำลังห่างหาย (At-Risk High-Value),10.0,12.0,7759.82,646.6516666666666,4.0,2.0,0.048045380827483664,0.0,4.5,ความเสี่ยงมาจากรูปแบบรวมหลายปัจจัย,ไม่ต้องดำเนินการเป็นพิเศษ
C10590,0.029089827,ต่ำ,0,ลูกค้าคุณค่าสูงที่กำลังห่างหาย (At-Risk High-Value),31.0,13.0,26129.1,2009.930769230769,4.0,0.5,0.008473987768101664,0.0,,ความถี่ 90 วันล่าสุดลดลงชัดเจน,ไม่ต้องดำเนินการเป็นพิเศษ
C10286,0.029087106,ต่ำ,0,ลูกค้าคุณค่าสูงที่กำลังห่างหาย (At-Risk High-Value),4.0,41.0,47985.73,1170.3836585365855,5.0,0.8333333333333334,0.0012793669558267705,0.0,,ความเสี่ยงมาจากรูปแบบรวมหลายปัจจัย,ไม่ต้องดำเนินการเป็นพิเศษ
C10405,0.028931445,ต่ำ,2,ลูกค้าห่างหายมูลค่าต่ำ (Dormant / Low-Value),6.0,6.0,2869.17,478.195,3.0,1.0,0.06384040876655475,0.0,,ความเสี่ยงมาจากรูปแบบรวมหลายปัจจัย,ไม่ต้องดำเนินการเป็นพิเศษ
C12211,0.028693734,ต่ำ,2,ลูกค้าห่างหายมูลค่าต่ำ (Dormant / Low-Value),3.0,7.0,4223.45,603.35,3.0,0.75,0.10729119328690248,0.0,,ซื้อเมื่อมีส่วนลดเป็นหลัก (11%),ไม่ต้องดำเนินการเป็นพิเศษ
C12272,0.028592508,ต่ำ,0,ลูกค้าคุณค่าสูงที่กำลังห่างหาย (At-Risk High-Value),1.0,14.0,8773.37,626.6692857142858,5.0,1.6666666666666667,0.06084600579332846,0.0,,ความเสี่ยงมาจากรูปแบบรวมหลายปัจจัย,ไม่ต้องดำเนินการเป็นพิเศษ
C11747,0.028535552,ต่ำ,1,ลูกค้าชั้นยอด (Champions),10.0,45.0,74932.69,1665.1708888888888,7.0,1.1666666666666667,0.004049318589769575,0.0,,ความเสี่ยงมาจากรูปแบบรวมหลายปัจจัย,ไม่ต้องดำเนินการเป็นพิเศษ
C10844,0.02839002,ต่ำ,0,ลูกค้าคุณค่าสูงที่กำลังห่างหาย (At-Risk High-Value),3.0,34.0,33176.22,975.7711764705882,6.0,1.5,0.00944626574228337,0.0,,ความเสี่ยงมาจากรูปแบบรวมหลายปัจจัย,ไม่ต้องดำเนินการเป็นพิเศษ
C10933,0.028378192,ต่ำ,2,ลูกค้าห่างหายมูลค่าต่ำ (Dormant / Low-Value),0.0,9.0,7181.64,797.96,3.0,1.5,0.09509991318470994,0.0,5.0,ความเสี่ยงมาจากรูปแบบรวมหลายปัจจัย,ไม่ต้องดำเนินการเป็นพิเศษ
C11512,0.028335327,ต่ำ,3,ลูกค้าใหม่กำลังก่อตัว (New / Developing),58.0,1.0,2345.48,2345.48,1.0,1.0,0.0,0.0,,ความเสี่ยงมาจากรูปแบบรวมหลายปัจจัย,ไม่ต้องดำเนินการเป็นพิเศษ
C12889,0.028141012,ต่ำ,2,ลูกค้าห่างหายมูลค่าต่ำ (Dormant / Low-Value),5.0,6.0,2111.37,351.895,4.0,1.3333333333333333,0.11355134497424252,0.0,,ซื้อเมื่อมีส่วนลดเป็นหลัก (11%),ไม่ต้องดำเนินการเป็นพิเศษ
C12085,0.02813465,ต่ำ,1,ลูกค้าชั้นยอด (Champions),1.0,16.0,26147.05,1634.190625,5.0,1.25,0.03287486799934161,0.0,,ความเสี่ยงมาจากรูปแบบรวมหลายปัจจัย,ไม่ต้องดำเนินการเป็นพิเศษ
C12170,0.028074417,ต่ำ,3,ลูกค้าใหม่กำลังก่อตัว (New / Developing),14.0,2.0,2348.8900000000003,1174.4450000000002,2.0,2.0,0.034606200346061995,0.0,,ความเสี่ยงมาจากรูปแบบรวมหลายปัจจัย,ไม่ต้องดำเนินการเป็นพิเศษ
C10739,0.027988445,ต่ำ,1,ลูกค้าชั้นยอด (Champions),1.0,19.0,25985.42,1367.6536842105263,10.0,5.0,0.08823823527038203,0.0,3.0,ความเสี่ยงมาจากรูปแบบรวมหลายปัจจัย,ไม่ต้องดำเนินการเป็นพิเศษ
C11450,0.02785723,ต่ำ,1,ลูกค้าชั้นยอด (Champions),7.0,38.0,53762.340000000004,1414.7984210526317,4.0,0.4444444444444444,0.0037140427954389286,0.0,,ความถี่ 90 วันล่าสุดลดลงชัดเจน,ไม่ต้องดำเนินการเป็นพิเศษ
C10223,0.027821962,ต่ำ,3,ลูกค้าใหม่กำลังก่อตัว (New / Developing),34.0,1.0,845.26,845.26,1.0,1.0,0.049072990729907305,0.0,,ความเสี่ยงมาจากรูปแบบรวมหลายปัจจัย,ไม่ต้องดำเนินการเป็นพิเศษ
C11916,0.027724339,ต่ำ,0,ลูกค้าคุณค่าสูงที่กำลังห่างหาย (At-Risk High-Value),1.0,4.0,8011.52,2002.88,3.0,1.5,0.0,0.0,,ความเสี่ยงมาจากรูปแบบรวมหลายปัจจัย,ไม่ต้องดำเนินการเป็นพิเศษ
C11433,0.027671399,ต่ำ,3,ลูกค้าใหม่กำลังก่อตัว (New / Developing),62.0,2.0,1241.8700000000001,620.9350000000001,1.0,0.5,0.0,0.0,3.0,ไม่ซื้อมา 62 วัน · ความถี่ 90 วันล่าสุดลดลงชัดเจน,ไม่ต้องดำเนินการเป็นพิเศษ
C12552,0.027665202,ต่ำ,3,ลูกค้าใหม่กำลังก่อตัว (New / Developing),6.0,1.0,692.12,692.12,1.0,1.0,0.09999739928740475,0.0,,ความเสี่ยงมาจากรูปแบบรวมหลายปัจจัย,ไม่ต้องดำเนินการเป็นพิเศษ
C10725,0.027623141,ต่ำ,3,ลูกค้าใหม่กำลังก่อตัว (New / Developing),5.0,9.0,6374.35,708.2611111111112,7.0,2.3333333333333335,0.058373501183985245,0.0,,ความเสี่ยงมาจากรูปแบบรวมหลายปัจจัย,ไม่ต้องดำเนินการเป็นพิเศษ
C10033,0.027470788,ต่ำ,1,ลูกค้าชั้นยอด (Champions),7.0,41.0,110051.51,2684.1831707317074,9.0,1.2857142857142858,0.01434954814301256,0.0,,ความเสี่ยงมาจากรูปแบบรวมหลายปัจจัย,ไม่ต้องดำเนินการเป็นพิเศษ
C11424,0.027422909,ต่ำ,0,ลูกค้าคุณค่าสูงที่กำลังห่างหาย (At-Risk High-Value),8.0,21.0,16855.35,802.6357142857142,3.0,0.6,0.010097326173058764,0.0,4.0,ความเสี่ยงมาจากรูปแบบรวมหลายปัจจัย,ไม่ต้องดำเนินการเป็นพิเศษ
C11431,0.027276691,ต่ำ,0,ลูกค้าคุณค่าสูงที่กำลังห่างหาย (At-Risk High-Value),0.0,17.0,8231.460000000001,484.20352941176475,3.0,1.0,0.01914531829225715,0.0,,ความเสี่ยงมาจากรูปแบบรวมหลายปัจจัย,ไม่ต้องดำเนินการเป็นพิเศษ
C11404,0.027202088,ต่ำ,0,ลูกค้าคุณค่าสูงที่กำลังห่างหาย (At-Risk High-Value),12.0,17.0,22523.82,1324.9305882352942,5.0,1.0,0.018717020193923,0.0,,ความเสี่ยงมาจากรูปแบบรวมหลายปัจจัย,ไม่ต้องดำเนินการเป็นพิเศษ
C10539,0.027170625,ต่ำ,3,ลูกค้าใหม่กำลังก่อตัว (New / Developing),21.0,2.0,2038.29,1019.145,2.0,2.0,0.05219178528083774,0.0,,ความเสี่ยงมาจากรูปแบบรวมหลายปัจจัย,ไม่ต้องดำเนินการเป็นพิเศษ
C12778,0.026954595,ต่ำ,2,ลูกค้าห่างหายมูลค่าต่ำ (Dormant / Low-Value),16.0,1.0,1615.62,1615.62,1.0,1.0,0.1817076753208602,0.0,,ซื้อเมื่อมีส่วนลดเป็นหลัก (18%),ไม่ต้องดำเนินการเป็นพิเศษ
C12946,0.026931448,ต่ำ,2,ลูกค้าห่างหายมูลค่าต่ำ (Dormant / Low-Value),0.0,7.0,4782.43,683.2042857142858,1.0,0.3333333333333333,0.13712396908937055,0.0,,ความถี่ 90 วันล่าสุดลดลงชัดเจน · ซื้อเมื่อมีส่วนลดเป็นหลัก (14%),ไม่ต้องดำเนินการเป็นพิเศษ
C10932,0.026892306,ต่ำ,2,ลูกค้าห่างหายมูลค่าต่ำ (Dormant / Low-Value),0.0,5.0,2220.66,444.13199999999995,1.0,0.5,0.08603531300160513,0.0,,ความถี่ 90 วันล่าสุดลดลงชัดเจน,ไม่ต้องดำเนินการเป็นพิเศษ
C10628,0.026866969,ต่ำ,1,ลูกค้าชั้นยอด (Champions),9.0,14.0,16682.06,1191.5757142857144,3.0,1.0,0.004046011213248134,0.0,,ความเสี่ยงมาจากรูปแบบรวมหลายปัจจัย,ไม่ต้องดำเนินการเป็นพิเศษ
C12185,0.026658019,ต่ำ,1,ลูกค้าชั้นยอด (Champions),3.0,18.0,24752.64,1375.1466666666665,8.0,1.1428571428571428,0.015495834897765673,0.0,,ความเสี่ยงมาจากรูปแบบรวมหลายปัจจัย,ไม่ต้องดำเนินการเป็นพิเศษ
C12275,0.026648244,ต่ำ,2,ลูกค้าห่างหายมูลค่าต่ำ (Dormant / Low-Value),10.0,5.0,2788.1800000000003,557.6360000000001,2.0,1.0,0.13759004766456026,0.0,,ซื้อเมื่อมีส่วนลดเป็นหลัก (14%),ไม่ต้องดำเนินการเป็นพิเศษ
C10240,0.026632363,ต่ำ,3,ลูกค้าใหม่กำลังก่อตัว (New / Developing),37.0,1.0,79.01,79.01,1.0,1.0,0.0,0.0,4.0,ความเสี่ยงมาจากรูปแบบรวมหลายปัจจัย,ไม่ต้องดำเนินการเป็นพิเศษ
C10751,0.026624292,ต่ำ,2,ลูกค้าห่างหายมูลค่าต่ำ (Dormant / Low-Value),2.0,13.0,6709.61,516.1238461538461,3.0,0.75,0.05739545050968228,0.0,,ความเสี่ยงมาจากรูปแบบรวมหลายปัจจัย,ไม่ต้องดำเนินการเป็นพิเศษ
C11946,0.026545715,ต่ำ,2,ลูกค้าห่างหายมูลค่าต่ำ (Dormant / Low-Value),7.0,17.0,6164.17,362.59823529411767,3.0,0.5,0.0431130567068722,0.0,,ความถี่ 90 วันล่าสุดลดลงชัดเจน,ไม่ต้องดำเนินการเป็นพิเศษ
C11144,0.026497634,ต่ำ,1,ลูกค้าชั้นยอด (Champions),8.0,19.0,34524.8,1817.0947368421055,3.0,0.75,0.03721677207379829,0.0,,ความเสี่ยงมาจากรูปแบบรวมหลายปัจจัย,ไม่ต้องดำเนินการเป็นพิเศษ
C12558,0.026491662,ต่ำ,1,ลูกค้าชั้นยอด (Champions),18.0,23.0,45870.93,1994.3882608695653,5.0,0.8333333333333334,0.01835722512526552,0.0,3.0,ความเสี่ยงมาจากรูปแบบรวมหลายปัจจัย,ไม่ต้องดำเนินการเป็นพิเศษ
C10924,0.026424017,ต่ำ,0,ลูกค้าคุณค่าสูงที่กำลังห่างหาย (At-Risk High-Value),10.0,18.0,19078.05,1059.8916666666667,6.0,0.5454545454545454,0.025887092450619223,0.0,,ความถี่ 90 วันล่าสุดลดลงชัดเจน,ไม่ต้องดำเนินการเป็นพิเศษ
C10388,0.026222222,ต่ำ,0,ลูกค้าคุณค่าสูงที่กำลังห่างหาย (At-Risk High-Value),1.0,15.0,16925.94,1128.396,5.0,1.0,0.02124687091064379,0.0,3.0,ความเสี่ยงมาจากรูปแบบรวมหลายปัจจัย,ไม่ต้องดำเนินการเป็นพิเศษ
C12615,0.0261349,ต่ำ,3,ลูกค้าใหม่กำลังก่อตัว (New / Developing),11.0,6.0,2253.88,375.6466666666667,3.0,1.0,0.03729300056808717,0.0,5.0,ความเสี่ยงมาจากรูปแบบรวมหลายปัจจัย,ไม่ต้องดำเนินการเป็นพิเศษ
C10717,0.026078004,ต่ำ,1,ลูกค้าชั้นยอด (Champions),2.0,18.0,22025.690000000002,1223.6494444444445,4.0,0.8,0.027768532733489358,0.0,,ความเสี่ยงมาจากรูปแบบรวมหลายปัจจัย,ไม่ต้องดำเนินการเป็นพิเศษ
C10795,0.026020456,ต่ำ,0,ลูกค้าคุณค่าสูงที่กำลังห่างหาย (At-Risk High-Value),21.0,25.0,34184.01,1367.3604,8.0,1.3333333333333333,0.01859033508136591,1.0,3.5,มีเรื่องร้องเรียนค้าง 1 เรื่อง,ไม่ต้องดำเนินการเป็นพิเศษ
C12463,0.026007902,ต่ำ,2,ลูกค้าห่างหายมูลค่าต่ำ (Dormant / Low-Value),7.0,14.0,6629.21,473.515,3.0,1.5,0.07571274803966403,0.0,,ความเสี่ยงมาจากรูปแบบรวมหลายปัจจัย,ไม่ต้องดำเนินการเป็นพิเศษ
C10797,0.025982186,ต่ำ,3,ลูกค้าใหม่กำลังก่อตัว (New / Developing),17.0,2.0,3459.05,1729.525,2.0,2.0,0.08629005843010049,0.0,,ความเสี่ยงมาจากรูปแบบรวมหลายปัจจัย,ไม่ต้องดำเนินการเป็นพิเศษ
C11664,0.025692822,ต่ำ,2,ลูกค้าห่างหายมูลค่าต่ำ (Dormant / Low-Value),55.0,2.0,1558.39,779.195,2.0,2.0,0.1267420162840348,0.0,,ซื้อเมื่อมีส่วนลดเป็นหลัก (13%),ไม่ต้องดำเนินการเป็นพิเศษ
C12795,0.025692744,ต่ำ,1,ลูกค้าชั้นยอด (Champions),24.0,24.0,42458.18,1769.0908333333334,5.0,1.25,0.0,0.0,,ความเสี่ยงมาจากรูปแบบรวมหลายปัจจัย,ไม่ต้องดำเนินการเป็นพิเศษ
C12940,0.025606709,ต่ำ,2,ลูกค้าห่างหายมูลค่าต่ำ (Dormant / Low-Value),10.0,10.0,5483.780000000001,548.378,3.0,0.6,0.07079932425219558,0.0,5.0,ความเสี่ยงมาจากรูปแบบรวมหลายปัจจัย,ไม่ต้องดำเนินการเป็นพิเศษ
C12955,0.025556982,ต่ำ,0,ลูกค้าคุณค่าสูงที่กำลังห่างหาย (At-Risk High-Value),7.0,23.0,25256.82,1098.1226086956522,7.0,1.0,0.022400151109672955,1.0,2.5,มีเรื่องร้องเรียนค้าง 1 เรื่อง,ไม่ต้องดำเนินการเป็นพิเศษ
C10350,0.025404494,ต่ำ,1,ลูกค้าชั้นยอด (Champions),7.0,28.0,29266.36,1045.2271428571428,7.0,1.0,0.0073590737545589325,0.0,,ความเสี่ยงมาจากรูปแบบรวมหลายปัจจัย,ไม่ต้องดำเนินการเป็นพิเศษ
C11640,0.025163181,ต่ำ,3,ลูกค้าใหม่กำลังก่อตัว (New / Developing),1.0,5.0,4061.8199999999997,812.3639999999999,1.0,0.5,0.02282344846500461,0.0,3.5,ความถี่ 90 วันล่าสุดลดลงชัดเจน,ไม่ต้องดำเนินการเป็นพิเศษ
C11598,0.025125774,ต่ำ,3,ลูกค้าใหม่กำลังก่อตัว (New / Developing),3.0,7.0,9113.48,1301.9257142857143,6.0,3.0,0.13390050216489713,0.0,,ซื้อเมื่อมีส่วนลดเป็นหลัก (13%),ไม่ต้องดำเนินการเป็นพิเศษ
C11295,0.025072398,ต่ำ,0,ลูกค้าคุณค่าสูงที่กำลังห่างหาย (At-Risk High-Value),8.0,18.0,12871.54,715.0855555555556,7.0,1.0,0.021484474481437418,0.0,5.0,ความเสี่ยงมาจากรูปแบบรวมหลายปัจจัย,ไม่ต้องดำเนินการเป็นพิเศษ
C11525,0.024991727,ต่ำ,3,ลูกค้าใหม่กำลังก่อตัว (New / Developing),16.0,2.0,1657.21,828.605,2.0,2.0,0.0,0.0,3.0,ความเสี่ยงมาจากรูปแบบรวมหลายปัจจัย,ไม่ต้องดำเนินการเป็นพิเศษ
C10809,0.024965893,ต่ำ,2,ลูกค้าห่างหายมูลค่าต่ำ (Dormant / Low-Value),0.0,6.0,3850.49,641.7483333333333,1.0,0.3333333333333333,0.06383583958376388,0.0,4.0,ความถี่ 90 วันล่าสุดลดลงชัดเจน,ไม่ต้องดำเนินการเป็นพิเศษ
C10093,0.02495498,ต่ำ,1,ลูกค้าชั้นยอด (Champions),8.0,22.0,38731.34,1760.5154545454543,6.0,0.8571428571428571,0.04466887933398977,1.0,3.0,มีเรื่องร้องเรียนค้าง 1 เรื่อง,ไม่ต้องดำเนินการเป็นพิเศษ
C12260,0.024901507,ต่ำ,0,ลูกค้าคุณค่าสูงที่กำลังห่างหาย (At-Risk High-Value),4.0,30.0,17785.28,592.8426666666667,9.0,1.5,0.10494499411190404,0.0,4.0,ซื้อเมื่อมีส่วนลดเป็นหลัก (10%),ไม่ต้องดำเนินการเป็นพิเศษ
C12806,0.024900377,ต่ำ,2,ลูกค้าห่างหายมูลค่าต่ำ (Dormant / Low-Value),22.0,1.0,472.6,472.6,1.0,1.0,0.05899687394221771,0.0,3.0,ความเสี่ยงมาจากรูปแบบรวมหลายปัจจัย,ไม่ต้องดำเนินการเป็นพิเศษ
C12188,0.024790216,ต่ำ,0,ลูกค้าคุณค่าสูงที่กำลังห่างหาย (At-Risk High-Value),2.0,16.0,25848.23,1615.514375,3.0,0.75,0.0014166560427121603,0.0,3.0,ความเสี่ยงมาจากรูปแบบรวมหลายปัจจัย,ไม่ต้องดำเนินการเป็นพิเศษ
C10712,0.024760768,ต่ำ,0,ลูกค้าคุณค่าสูงที่กำลังห่างหาย (At-Risk High-Value),18.0,31.0,31514.96,1016.6116129032258,6.0,0.75,0.055733516064535596,0.0,,ความเสี่ยงมาจากรูปแบบรวมหลายปัจจัย,ไม่ต้องดำเนินการเป็นพิเศษ
C11388,0.024524702,ต่ำ,0,ลูกค้าคุณค่าสูงที่กำลังห่างหาย (At-Risk High-Value),1.0,13.0,6812.55,524.0423076923078,4.0,1.3333333333333333,0.034807593405145484,0.0,,ความเสี่ยงมาจากรูปแบบรวมหลายปัจจัย,ไม่ต้องดำเนินการเป็นพิเศษ
C12691,0.02450615,ต่ำ,3,ลูกค้าใหม่กำลังก่อตัว (New / Developing),4.0,4.0,3996.05,999.0125,4.0,4.0,0.022956326987681974,0.0,,ความเสี่ยงมาจากรูปแบบรวมหลายปัจจัย,ไม่ต้องดำเนินการเป็นพิเศษ
C11954,0.02444365,ต่ำ,1,ลูกค้าชั้นยอด (Champions),15.0,18.0,32963.4,1831.3000000000002,4.0,0.8,0.008241039963823788,0.0,,ความเสี่ยงมาจากรูปแบบรวมหลายปัจจัย,ไม่ต้องดำเนินการเป็นพิเศษ
C12465,0.02417306,ต่ำ,0,ลูกค้าคุณค่าสูงที่กำลังห่างหาย (At-Risk High-Value),25.0,11.0,8459.01,769.0009090909091,4.0,1.3333333333333333,0.030304801928612457,0.0,,ความเสี่ยงมาจากรูปแบบรวมหลายปัจจัย,ไม่ต้องดำเนินการเป็นพิเศษ
C12930,0.02409255,ต่ำ,3,ลูกค้าใหม่กำลังก่อตัว (New / Developing),,,,,,,,,,ไม่มีประวัติการซื้อก่อนวันตัด (ลูกค้าใหม่),ไม่ต้องดำเนินการเป็นพิเศษ
C12473,0.02409255,ต่ำ,3,ลูกค้าใหม่กำลังก่อตัว (New / Developing),,,,,,,,,,ไม่มีประวัติการซื้อก่อนวันตัด (ลูกค้าใหม่),ไม่ต้องดำเนินการเป็นพิเศษ
C10414,0.02409255,ต่ำ,3,ลูกค้าใหม่กำลังก่อตัว (New / Developing),,,,,,,,,,ไม่มีประวัติการซื้อก่อนวันตัด (ลูกค้าใหม่),ไม่ต้องดำเนินการเป็นพิเศษ
C12316,0.02409255,ต่ำ,3,ลูกค้าใหม่กำลังก่อตัว (New / Developing),,,,,,,,,,ไม่มีประวัติการซื้อก่อนวันตัด (ลูกค้าใหม่),ไม่ต้องดำเนินการเป็นพิเศษ
C10110,0.02409255,ต่ำ,3,ลูกค้าใหม่กำลังก่อตัว (New / Developing),,,,,,,,,,ไม่มีประวัติการซื้อก่อนวันตัด (ลูกค้าใหม่),ไม่ต้องดำเนินการเป็นพิเศษ
C12433,0.02409255,ต่ำ,3,ลูกค้าใหม่กำลังก่อตัว (New / Developing),,,,,,,,,,ไม่มีประวัติการซื้อก่อนวันตัด (ลูกค้าใหม่),ไม่ต้องดำเนินการเป็นพิเศษ
C10553,0.02409255,ต่ำ,3,ลูกค้าใหม่กำลังก่อตัว (New / Developing),,,,,,,,,,ไม่มีประวัติการซื้อก่อนวันตัด (ลูกค้าใหม่),ไม่ต้องดำเนินการเป็นพิเศษ
C12538,0.02409255,ต่ำ,3,ลูกค้าใหม่กำลังก่อตัว (New / Developing),,,,,,,,,,ไม่มีประวัติการซื้อก่อนวันตัด (ลูกค้าใหม่),ไม่ต้องดำเนินการเป็นพิเศษ
C10008,0.02409255,ต่ำ,3,ลูกค้าใหม่กำลังก่อตัว (New / Developing),,,,,,,,,,ไม่มีประวัติการซื้อก่อนวันตัด (ลูกค้าใหม่),ไม่ต้องดำเนินการเป็นพิเศษ
C12480,0.02409255,ต่ำ,3,ลูกค้าใหม่กำลังก่อตัว (New / Developing),,,,,,,,,,ไม่มีประวัติการซื้อก่อนวันตัด (ลูกค้าใหม่),ไม่ต้องดำเนินการเป็นพิเศษ
C12592,0.02409255,ต่ำ,3,ลูกค้าใหม่กำลังก่อตัว (New / Developing),,,,,,,,,,ไม่มีประวัติการซื้อก่อนวันตัด (ลูกค้าใหม่),ไม่ต้องดำเนินการเป็นพิเศษ
C12429,0.02409255,ต่ำ,3,ลูกค้าใหม่กำลังก่อตัว (New / Developing),,,,,,,,,,ไม่มีประวัติการซื้อก่อนวันตัด (ลูกค้าใหม่),ไม่ต้องดำเนินการเป็นพิเศษ
C12906,0.02409255,ต่ำ,3,ลูกค้าใหม่กำลังก่อตัว (New / Developing),,,,,,,,,,ไม่มีประวัติการซื้อก่อนวันตัด (ลูกค้าใหม่),ไม่ต้องดำเนินการเป็นพิเศษ
C10135,0.02409255,ต่ำ,3,ลูกค้าใหม่กำลังก่อตัว (New / Developing),,,,,,,,,,ไม่มีประวัติการซื้อก่อนวันตัด (ลูกค้าใหม่),ไม่ต้องดำเนินการเป็นพิเศษ
C12449,0.02409255,ต่ำ,2,ลูกค้าห่างหายมูลค่าต่ำ (Dormant / Low-Value),,,,,,,,,,ไม่มีประวัติการซื้อก่อนวันตัด (ลูกค้าใหม่),ไม่ต้องดำเนินการเป็นพิเศษ
C12924,0.02409255,ต่ำ,2,ลูกค้าห่างหายมูลค่าต่ำ (Dormant / Low-Value),,,,,,,,,,ไม่มีประวัติการซื้อก่อนวันตัด (ลูกค้าใหม่),ไม่ต้องดำเนินการเป็นพิเศษ
C10306,0.02409255,ต่ำ,3,ลูกค้าใหม่กำลังก่อตัว (New / Developing),,,,,,,,,,ไม่มีประวัติการซื้อก่อนวันตัด (ลูกค้าใหม่),ไม่ต้องดำเนินการเป็นพิเศษ
C12389,0.02409255,ต่ำ,3,ลูกค้าใหม่กำลังก่อตัว (New / Developing),,,,,,,,,,ไม่มีประวัติการซื้อก่อนวันตัด (ลูกค้าใหม่),ไม่ต้องดำเนินการเป็นพิเศษ
C12250,0.02409255,ต่ำ,3,ลูกค้าใหม่กำลังก่อตัว (New / Developing),,,,,,,,,,ไม่มีประวัติการซื้อก่อนวันตัด (ลูกค้าใหม่),ไม่ต้องดำเนินการเป็นพิเศษ
C10476,0.02409255,ต่ำ,3,ลูกค้าใหม่กำลังก่อตัว (New / Developing),,,,,,,,,,ไม่มีประวัติการซื้อก่อนวันตัด (ลูกค้าใหม่),ไม่ต้องดำเนินการเป็นพิเศษ
C12391,0.02409255,ต่ำ,3,ลูกค้าใหม่กำลังก่อตัว (New / Developing),,,,,,,,,,ไม่มีประวัติการซื้อก่อนวันตัด (ลูกค้าใหม่),ไม่ต้องดำเนินการเป็นพิเศษ
C12245,0.02409255,ต่ำ,3,ลูกค้าใหม่กำลังก่อตัว (New / Developing),,,,,,,,,,ไม่มีประวัติการซื้อก่อนวันตัด (ลูกค้าใหม่),ไม่ต้องดำเนินการเป็นพิเศษ
C10035,0.02409255,ต่ำ,3,ลูกค้าใหม่กำลังก่อตัว (New / Developing),,,,,,,,,,ไม่มีประวัติการซื้อก่อนวันตัด (ลูกค้าใหม่),ไม่ต้องดำเนินการเป็นพิเศษ
C12945,0.02409255,ต่ำ,3,ลูกค้าใหม่กำลังก่อตัว (New / Developing),,,,,,,,,,ไม่มีประวัติการซื้อก่อนวันตัด (ลูกค้าใหม่),ไม่ต้องดำเนินการเป็นพิเศษ
C12917,0.02409255,ต่ำ,3,ลูกค้าใหม่กำลังก่อตัว (New / Developing),,,,,,,,,,ไม่มีประวัติการซื้อก่อนวันตัด (ลูกค้าใหม่),ไม่ต้องดำเนินการเป็นพิเศษ
C12574,0.02409255,ต่ำ,3,ลูกค้าใหม่กำลังก่อตัว (New / Developing),,,,,,,,,,ไม่มีประวัติการซื้อก่อนวันตัด (ลูกค้าใหม่),ไม่ต้องดำเนินการเป็นพิเศษ
C10500,0.02409255,ต่ำ,3,ลูกค้าใหม่กำลังก่อตัว (New / Developing),,,,,,,,,,ไม่มีประวัติการซื้อก่อนวันตัด (ลูกค้าใหม่),ไม่ต้องดำเนินการเป็นพิเศษ
C12366,0.02409255,ต่ำ,3,ลูกค้าใหม่กำลังก่อตัว (New / Developing),,,,,,,,,,ไม่มีประวัติการซื้อก่อนวันตัด (ลูกค้าใหม่),ไม่ต้องดำเนินการเป็นพิเศษ
C12362,0.02409255,ต่ำ,3,ลูกค้าใหม่กำลังก่อตัว (New / Developing),,,,,,,,,,ไม่มีประวัติการซื้อก่อนวันตัด (ลูกค้าใหม่),ไม่ต้องดำเนินการเป็นพิเศษ
C12237,0.02409255,ต่ำ,2,ลูกค้าห่างหายมูลค่าต่ำ (Dormant / Low-Value),,,,,,,,,,ไม่มีประวัติการซื้อก่อนวันตัด (ลูกค้าใหม่),ไม่ต้องดำเนินการเป็นพิเศษ
C10248,0.02409255,ต่ำ,3,ลูกค้าใหม่กำลังก่อตัว (New / Developing),,,,,,,,,,ไม่มีประวัติการซื้อก่อนวันตัด (ลูกค้าใหม่),ไม่ต้องดำเนินการเป็นพิเศษ
C10139,0.02409255,ต่ำ,2,ลูกค้าห่างหายมูลค่าต่ำ (Dormant / Low-Value),,,,,,,,,,ไม่มีประวัติการซื้อก่อนวันตัด (ลูกค้าใหม่),ไม่ต้องดำเนินการเป็นพิเศษ
C12456,0.02409255,ต่ำ,3,ลูกค้าใหม่กำลังก่อตัว (New / Developing),,,,,,,,,,ไม่มีประวัติการซื้อก่อนวันตัด (ลูกค้าใหม่),ไม่ต้องดำเนินการเป็นพิเศษ
C12990,0.02409255,ต่ำ,2,ลูกค้าห่างหายมูลค่าต่ำ (Dormant / Low-Value),,,,,,,,,,ไม่มีประวัติการซื้อก่อนวันตัด (ลูกค้าใหม่),ไม่ต้องดำเนินการเป็นพิเศษ
C10449,0.02409255,ต่ำ,3,ลูกค้าใหม่กำลังก่อตัว (New / Developing),,,,,,,,,,ไม่มีประวัติการซื้อก่อนวันตัด (ลูกค้าใหม่),ไม่ต้องดำเนินการเป็นพิเศษ
C10168,0.02409255,ต่ำ,2,ลูกค้าห่างหายมูลค่าต่ำ (Dormant / Low-Value),,,,,,,,,,ไม่มีประวัติการซื้อก่อนวันตัด (ลูกค้าใหม่),ไม่ต้องดำเนินการเป็นพิเศษ
C10165,0.02409255,ต่ำ,3,ลูกค้าใหม่กำลังก่อตัว (New / Developing),,,,,,,,,,ไม่มีประวัติการซื้อก่อนวันตัด (ลูกค้าใหม่),ไม่ต้องดำเนินการเป็นพิเศษ
C10352,0.02409255,ต่ำ,3,ลูกค้าใหม่กำลังก่อตัว (New / Developing),,,,,,,,,,ไม่มีประวัติการซื้อก่อนวันตัด (ลูกค้าใหม่),ไม่ต้องดำเนินการเป็นพิเศษ
C10031,0.02409255,ต่ำ,3,ลูกค้าใหม่กำลังก่อตัว (New / Developing),,,,,,,,,,ไม่มีประวัติการซื้อก่อนวันตัด (ลูกค้าใหม่),ไม่ต้องดำเนินการเป็นพิเศษ
C10241,0.02409255,ต่ำ,3,ลูกค้าใหม่กำลังก่อตัว (New / Developing),,,,,,,,,,ไม่มีประวัติการซื้อก่อนวันตัด (ลูกค้าใหม่),ไม่ต้องดำเนินการเป็นพิเศษ
C12385,0.02409255,ต่ำ,3,ลูกค้าใหม่กำลังก่อตัว (New / Developing),,,,,,,,,,ไม่มีประวัติการซื้อก่อนวันตัด (ลูกค้าใหม่),ไม่ต้องดำเนินการเป็นพิเศษ
C12996,0.02409255,ต่ำ,2,ลูกค้าห่างหายมูลค่าต่ำ (Dormant / Low-Value),,,,,,,,,,ไม่มีประวัติการซื้อก่อนวันตัด (ลูกค้าใหม่),ไม่ต้องดำเนินการเป็นพิเศษ
C10146,0.02409255,ต่ำ,3,ลูกค้าใหม่กำลังก่อตัว (New / Developing),,,,,,,,,,ไม่มีประวัติการซื้อก่อนวันตัด (ลูกค้าใหม่),ไม่ต้องดำเนินการเป็นพิเศษ
C10090,0.02409255,ต่ำ,3,ลูกค้าใหม่กำลังก่อตัว (New / Developing),,,,,,,,,,ไม่มีประวัติการซื้อก่อนวันตัด (ลูกค้าใหม่),ไม่ต้องดำเนินการเป็นพิเศษ
C12555,0.02409255,ต่ำ,3,ลูกค้าใหม่กำลังก่อตัว (New / Developing),,,,,,,,,,ไม่มีประวัติการซื้อก่อนวันตัด (ลูกค้าใหม่),ไม่ต้องดำเนินการเป็นพิเศษ
C10404,0.02409255,ต่ำ,3,ลูกค้าใหม่กำลังก่อตัว (New / Developing),,,,,,,,,,ไม่มีประวัติการซื้อก่อนวันตัด (ลูกค้าใหม่),ไม่ต้องดำเนินการเป็นพิเศษ
C12718,0.02409255,ต่ำ,3,ลูกค้าใหม่กำลังก่อตัว (New / Developing),,,,,,,,,,ไม่มีประวัติการซื้อก่อนวันตัด (ลูกค้าใหม่),ไม่ต้องดำเนินการเป็นพิเศษ
C11755,0.02409255,ต่ำ,3,ลูกค้าใหม่กำลังก่อตัว (New / Developing),,,,,,,,,,ไม่มีประวัติการซื้อก่อนวันตัด (ลูกค้าใหม่),ไม่ต้องดำเนินการเป็นพิเศษ
C12094,0.02409255,ต่ำ,3,ลูกค้าใหม่กำลังก่อตัว (New / Developing),,,,,,,,,,ไม่มีประวัติการซื้อก่อนวันตัด (ลูกค้าใหม่),ไม่ต้องดำเนินการเป็นพิเศษ
C11313,0.02409255,ต่ำ,3,ลูกค้าใหม่กำลังก่อตัว (New / Developing),,,,,,,,,,ไม่มีประวัติการซื้อก่อนวันตัด (ลูกค้าใหม่),ไม่ต้องดำเนินการเป็นพิเศษ
C12835,0.02409255,ต่ำ,3,ลูกค้าใหม่กำลังก่อตัว (New / Developing),,,,,,,,,,ไม่มีประวัติการซื้อก่อนวันตัด (ลูกค้าใหม่),ไม่ต้องดำเนินการเป็นพิเศษ
C11990,0.02409255,ต่ำ,3,ลูกค้าใหม่กำลังก่อตัว (New / Developing),,,,,,,,,,ไม่มีประวัติการซื้อก่อนวันตัด (ลูกค้าใหม่),ไม่ต้องดำเนินการเป็นพิเศษ
C10922,0.02409255,ต่ำ,3,ลูกค้าใหม่กำลังก่อตัว (New / Developing),,,,,,,,,,ไม่มีประวัติการซื้อก่อนวันตัด (ลูกค้าใหม่),ไม่ต้องดำเนินการเป็นพิเศษ
C12733,0.02409255,ต่ำ,3,ลูกค้าใหม่กำลังก่อตัว (New / Developing),,,,,,,,,,ไม่มีประวัติการซื้อก่อนวันตัด (ลูกค้าใหม่),ไม่ต้องดำเนินการเป็นพิเศษ
C12731,0.02409255,ต่ำ,3,ลูกค้าใหม่กำลังก่อตัว (New / Developing),,,,,,,,,,ไม่มีประวัติการซื้อก่อนวันตัด (ลูกค้าใหม่),ไม่ต้องดำเนินการเป็นพิเศษ
C10735,0.02409255,ต่ำ,3,ลูกค้าใหม่กำลังก่อตัว (New / Developing),,,,,,,,,,ไม่มีประวัติการซื้อก่อนวันตัด (ลูกค้าใหม่),ไม่ต้องดำเนินการเป็นพิเศษ
C12730,0.02409255,ต่ำ,3,ลูกค้าใหม่กำลังก่อตัว (New / Developing),,,,,,,,,,ไม่มีประวัติการซื้อก่อนวันตัด (ลูกค้าใหม่),ไม่ต้องดำเนินการเป็นพิเศษ
C11857,0.02409255,ต่ำ,3,ลูกค้าใหม่กำลังก่อตัว (New / Developing),,,,,,,,,,ไม่มีประวัติการซื้อก่อนวันตัด (ลูกค้าใหม่),ไม่ต้องดำเนินการเป็นพิเศษ
C11496,0.02409255,ต่ำ,3,ลูกค้าใหม่กำลังก่อตัว (New / Developing),,,,,,,,,,ไม่มีประวัติการซื้อก่อนวันตัด (ลูกค้าใหม่),ไม่ต้องดำเนินการเป็นพิเศษ
C11978,0.02409255,ต่ำ,3,ลูกค้าใหม่กำลังก่อตัว (New / Developing),,,,,,,,,,ไม่มีประวัติการซื้อก่อนวันตัด (ลูกค้าใหม่),ไม่ต้องดำเนินการเป็นพิเศษ
C10926,0.02409255,ต่ำ,3,ลูกค้าใหม่กำลังก่อตัว (New / Developing),,,,,,,,,,ไม่มีประวัติการซื้อก่อนวันตัด (ลูกค้าใหม่),ไม่ต้องดำเนินการเป็นพิเศษ
C11862,0.02409255,ต่ำ,3,ลูกค้าใหม่กำลังก่อตัว (New / Developing),,,,,,,,,,ไม่มีประวัติการซื้อก่อนวันตัด (ลูกค้าใหม่),ไม่ต้องดำเนินการเป็นพิเศษ
C10723,0.02409255,ต่ำ,2,ลูกค้าห่างหายมูลค่าต่ำ (Dormant / Low-Value),,,,,,,,,,ไม่มีประวัติการซื้อก่อนวันตัด (ลูกค้าใหม่),ไม่ต้องดำเนินการเป็นพิเศษ
C11114,0.02409255,ต่ำ,3,ลูกค้าใหม่กำลังก่อตัว (New / Developing),,,,,,,,,,ไม่มีประวัติการซื้อก่อนวันตัด (ลูกค้าใหม่),ไม่ต้องดำเนินการเป็นพิเศษ
C11970,0.02409255,ต่ำ,3,ลูกค้าใหม่กำลังก่อตัว (New / Developing),,,,,,,,,,ไม่มีประวัติการซื้อก่อนวันตัด (ลูกค้าใหม่),ไม่ต้องดำเนินการเป็นพิเศษ
C11495,0.02409255,ต่ำ,2,ลูกค้าห่างหายมูลค่าต่ำ (Dormant / Low-Value),,,,,,,,,,ไม่มีประวัติการซื้อก่อนวันตัด (ลูกค้าใหม่),ไม่ต้องดำเนินการเป็นพิเศษ
C11653,0.02409255,ต่ำ,3,ลูกค้าใหม่กำลังก่อตัว (New / Developing),,,,,,,,,,ไม่มีประวัติการซื้อก่อนวันตัด (ลูกค้าใหม่),ไม่ต้องดำเนินการเป็นพิเศษ
C10757,0.02409255,ต่ำ,3,ลูกค้าใหม่กำลังก่อตัว (New / Developing),,,,,,,,,,ไม่มีประวัติการซื้อก่อนวันตัด (ลูกค้าใหม่),ไม่ต้องดำเนินการเป็นพิเศษ
C10758,0.02409255,ต่ำ,3,ลูกค้าใหม่กำลังก่อตัว (New / Developing),,,,,,,,,,ไม่มีประวัติการซื้อก่อนวันตัด (ลูกค้าใหม่),ไม่ต้องดำเนินการเป็นพิเศษ
C12075,0.02409255,ต่ำ,3,ลูกค้าใหม่กำลังก่อตัว (New / Developing),,,,,,,,,,ไม่มีประวัติการซื้อก่อนวันตัด (ลูกค้าใหม่),ไม่ต้องดำเนินการเป็นพิเศษ
C11635,0.02409255,ต่ำ,3,ลูกค้าใหม่กำลังก่อตัว (New / Developing),,,,,,,,,,ไม่มีประวัติการซื้อก่อนวันตัด (ลูกค้าใหม่),ไม่ต้องดำเนินการเป็นพิเศษ
C10866,0.02409255,ต่ำ,3,ลูกค้าใหม่กำลังก่อตัว (New / Developing),,,,,,,,,,ไม่มีประวัติการซื้อก่อนวันตัด (ลูกค้าใหม่),ไม่ต้องดำเนินการเป็นพิเศษ
C12024,0.02409255,ต่ำ,3,ลูกค้าใหม่กำลังก่อตัว (New / Developing),,,,,,,,,,ไม่มีประวัติการซื้อก่อนวันตัด (ลูกค้าใหม่),ไม่ต้องดำเนินการเป็นพิเศษ
C12640,0.02409255,ต่ำ,3,ลูกค้าใหม่กำลังก่อตัว (New / Developing),,,,,,,,,,ไม่มีประวัติการซื้อก่อนวันตัด (ลูกค้าใหม่),ไม่ต้องดำเนินการเป็นพิเศษ
C11446,0.02409255,ต่ำ,3,ลูกค้าใหม่กำลังก่อตัว (New / Developing),,,,,,,,,,ไม่มีประวัติการซื้อก่อนวันตัด (ลูกค้าใหม่),ไม่ต้องดำเนินการเป็นพิเศษ
C12031,0.02409255,ต่ำ,3,ลูกค้าใหม่กำลังก่อตัว (New / Developing),,,,,,,,,,ไม่มีประวัติการซื้อก่อนวันตัด (ลูกค้าใหม่),ไม่ต้องดำเนินการเป็นพิเศษ
C11306,0.02409255,ต่ำ,3,ลูกค้าใหม่กำลังก่อตัว (New / Developing),,,,,,,,,,ไม่มีประวัติการซื้อก่อนวันตัด (ลูกค้าใหม่),ไม่ต้องดำเนินการเป็นพิเศษ
C10895,0.02409255,ต่ำ,3,ลูกค้าใหม่กำลังก่อตัว (New / Developing),,,,,,,,,,ไม่มีประวัติการซื้อก่อนวันตัด (ลูกค้าใหม่),ไม่ต้องดำเนินการเป็นพิเศษ
C12850,0.02409255,ต่ำ,3,ลูกค้าใหม่กำลังก่อตัว (New / Developing),,,,,,,,,,ไม่มีประวัติการซื้อก่อนวันตัด (ลูกค้าใหม่),ไม่ต้องดำเนินการเป็นพิเศษ
C12765,0.02409255,ต่ำ,3,ลูกค้าใหม่กำลังก่อตัว (New / Developing),,,,,,,,,,ไม่มีประวัติการซื้อก่อนวันตัด (ลูกค้าใหม่),ไม่ต้องดำเนินการเป็นพิเศษ
C11452,0.02409255,ต่ำ,3,ลูกค้าใหม่กำลังก่อตัว (New / Developing),,,,,,,,,,ไม่มีประวัติการซื้อก่อนวันตัด (ลูกค้าใหม่),ไม่ต้องดำเนินการเป็นพิเศษ
C11460,0.02409255,ต่ำ,3,ลูกค้าใหม่กำลังก่อตัว (New / Developing),,,,,,,,,,ไม่มีประวัติการซื้อก่อนวันตัด (ลูกค้าใหม่),ไม่ต้องดำเนินการเป็นพิเศษ
C10807,0.02409255,ต่ำ,3,ลูกค้าใหม่กำลังก่อตัว (New / Developing),,,,,,,,,,ไม่มีประวัติการซื้อก่อนวันตัด (ลูกค้าใหม่),ไม่ต้องดำเนินการเป็นพิเศษ
C11696,0.02409255,ต่ำ,3,ลูกค้าใหม่กำลังก่อตัว (New / Developing),,,,,,,,,,ไม่มีประวัติการซื้อก่อนวันตัด (ลูกค้าใหม่),ไม่ต้องดำเนินการเป็นพิเศษ
C11848,0.02409255,ต่ำ,3,ลูกค้าใหม่กำลังก่อตัว (New / Developing),,,,,,,,,,ไม่มีประวัติการซื้อก่อนวันตัด (ลูกค้าใหม่),ไม่ต้องดำเนินการเป็นพิเศษ
C11309,0.02409255,ต่ำ,3,ลูกค้าใหม่กำลังก่อตัว (New / Developing),,,,,,,,,,ไม่มีประวัติการซื้อก่อนวันตัด (ลูกค้าใหม่),ไม่ต้องดำเนินการเป็นพิเศษ
C10781,0.02409255,ต่ำ,3,ลูกค้าใหม่กำลังก่อตัว (New / Developing),,,,,,,,,,ไม่มีประวัติการซื้อก่อนวันตัด (ลูกค้าใหม่),ไม่ต้องดำเนินการเป็นพิเศษ
C12837,0.02409255,ต่ำ,3,ลูกค้าใหม่กำลังก่อตัว (New / Developing),,,,,,,,,,ไม่มีประวัติการซื้อก่อนวันตัด (ลูกค้าใหม่),ไม่ต้องดำเนินการเป็นพิเศษ
C10711,0.02409255,ต่ำ,3,ลูกค้าใหม่กำลังก่อตัว (New / Developing),,,,,,,,,,ไม่มีประวัติการซื้อก่อนวันตัด (ลูกค้าใหม่),ไม่ต้องดำเนินการเป็นพิเศษ
C11651,0.02409255,ต่ำ,3,ลูกค้าใหม่กำลังก่อตัว (New / Developing),,,,,,,,,,ไม่มีประวัติการซื้อก่อนวันตัด (ลูกค้าใหม่),ไม่ต้องดำเนินการเป็นพิเศษ
C11874,0.02409255,ต่ำ,3,ลูกค้าใหม่กำลังก่อตัว (New / Developing),,,,,,,,,,ไม่มีประวัติการซื้อก่อนวันตัด (ลูกค้าใหม่),ไม่ต้องดำเนินการเป็นพิเศษ
C11815,0.02409255,ต่ำ,3,ลูกค้าใหม่กำลังก่อตัว (New / Developing),,,,,,,,,,ไม่มีประวัติการซื้อก่อนวันตัด (ลูกค้าใหม่),ไม่ต้องดำเนินการเป็นพิเศษ
C11010,0.02409255,ต่ำ,3,ลูกค้าใหม่กำลังก่อตัว (New / Developing),,,,,,,,,,ไม่มีประวัติการซื้อก่อนวันตัด (ลูกค้าใหม่),ไม่ต้องดำเนินการเป็นพิเศษ
C11085,0.02409255,ต่ำ,3,ลูกค้าใหม่กำลังก่อตัว (New / Developing),,,,,,,,,,ไม่มีประวัติการซื้อก่อนวันตัด (ลูกค้าใหม่),ไม่ต้องดำเนินการเป็นพิเศษ
C11805,0.02409255,ต่ำ,3,ลูกค้าใหม่กำลังก่อตัว (New / Developing),,,,,,,,,,ไม่มีประวัติการซื้อก่อนวันตัด (ลูกค้าใหม่),ไม่ต้องดำเนินการเป็นพิเศษ
C11799,0.02409255,ต่ำ,3,ลูกค้าใหม่กำลังก่อตัว (New / Developing),,,,,,,,,,ไม่มีประวัติการซื้อก่อนวันตัด (ลูกค้าใหม่),ไม่ต้องดำเนินการเป็นพิเศษ
C11712,0.02409255,ต่ำ,3,ลูกค้าใหม่กำลังก่อตัว (New / Developing),,,,,,,,,,ไม่มีประวัติการซื้อก่อนวันตัด (ลูกค้าใหม่),ไม่ต้องดำเนินการเป็นพิเศษ
C11391,0.02409255,ต่ำ,3,ลูกค้าใหม่กำลังก่อตัว (New / Developing),,,,,,,,,,ไม่มีประวัติการซื้อก่อนวันตัด (ลูกค้าใหม่),ไม่ต้องดำเนินการเป็นพิเศษ
C11796,0.02409255,ต่ำ,3,ลูกค้าใหม่กำลังก่อตัว (New / Developing),,,,,,,,,,ไม่มีประวัติการซื้อก่อนวันตัด (ลูกค้าใหม่),ไม่ต้องดำเนินการเป็นพิเศษ
C10622,0.02409255,ต่ำ,3,ลูกค้าใหม่กำลังก่อตัว (New / Developing),,,,,,,,,,ไม่มีประวัติการซื้อก่อนวันตัด (ลูกค้าใหม่),ไม่ต้องดำเนินการเป็นพิเศษ
C11550,0.02409255,ต่ำ,2,ลูกค้าห่างหายมูลค่าต่ำ (Dormant / Low-Value),,,,,,,,,,ไม่มีประวัติการซื้อก่อนวันตัด (ลูกค้าใหม่),ไม่ต้องดำเนินการเป็นพิเศษ
C12662,0.02409255,ต่ำ,3,ลูกค้าใหม่กำลังก่อตัว (New / Developing),,,,,,,,,,ไม่มีประวัติการซื้อก่อนวันตัด (ลูกค้าใหม่),ไม่ต้องดำเนินการเป็นพิเศษ
C11576,0.02409255,ต่ำ,3,ลูกค้าใหม่กำลังก่อตัว (New / Developing),,,,,,,,,,ไม่มีประวัติการซื้อก่อนวันตัด (ลูกค้าใหม่),ไม่ต้องดำเนินการเป็นพิเศษ
C12690,0.02409255,ต่ำ,3,ลูกค้าใหม่กำลังก่อตัว (New / Developing),,,,,,,,,,ไม่มีประวัติการซื้อก่อนวันตัด (ลูกค้าใหม่),ไม่ต้องดำเนินการเป็นพิเศษ
C11789,0.02409255,ต่ำ,3,ลูกค้าใหม่กำลังก่อตัว (New / Developing),,,,,,,,,,ไม่มีประวัติการซื้อก่อนวันตัด (ลูกค้าใหม่),ไม่ต้องดำเนินการเป็นพิเศษ
C11055,0.02409255,ต่ำ,3,ลูกค้าใหม่กำลังก่อตัว (New / Developing),,,,,,,,,,ไม่มีประวัติการซื้อก่อนวันตัด (ลูกค้าใหม่),ไม่ต้องดำเนินการเป็นพิเศษ
C11903,0.02409255,ต่ำ,3,ลูกค้าใหม่กำลังก่อตัว (New / Developing),,,,,,,,,,ไม่มีประวัติการซื้อก่อนวันตัด (ลูกค้าใหม่),ไม่ต้องดำเนินการเป็นพิเศษ
C11083,0.02409255,ต่ำ,3,ลูกค้าใหม่กำลังก่อตัว (New / Developing),,,,,,,,,,ไม่มีประวัติการซื้อก่อนวันตัด (ลูกค้าใหม่),ไม่ต้องดำเนินการเป็นพิเศษ
C11902,0.02409255,ต่ำ,3,ลูกค้าใหม่กำลังก่อตัว (New / Developing),,,,,,,,,,ไม่มีประวัติการซื้อก่อนวันตัด (ลูกค้าใหม่),ไม่ต้องดำเนินการเป็นพิเศษ
C11941,0.02409255,ต่ำ,3,ลูกค้าใหม่กำลังก่อตัว (New / Developing),,,,,,,,,,ไม่มีประวัติการซื้อก่อนวันตัด (ลูกค้าใหม่),ไม่ต้องดำเนินการเป็นพิเศษ
C10996,0.02409255,ต่ำ,2,ลูกค้าห่างหายมูลค่าต่ำ (Dormant / Low-Value),,,,,,,,,,ไม่มีประวัติการซื้อก่อนวันตัด (ลูกค้าใหม่),ไม่ต้องดำเนินการเป็นพิเศษ
C12622,0.02409255,ต่ำ,3,ลูกค้าใหม่กำลังก่อตัว (New / Developing),,,,,,,,,,ไม่มีประวัติการซื้อก่อนวันตัด (ลูกค้าใหม่),ไม่ต้องดำเนินการเป็นพิเศษ
C11102,0.02409255,ต่ำ,3,ลูกค้าใหม่กำลังก่อตัว (New / Developing),,,,,,,,,,ไม่มีประวัติการซื้อก่อนวันตัด (ลูกค้าใหม่),ไม่ต้องดำเนินการเป็นพิเศษ
C10992,0.02409255,ต่ำ,3,ลูกค้าใหม่กำลังก่อตัว (New / Developing),,,,,,,,,,ไม่มีประวัติการซื้อก่อนวันตัด (ลูกค้าใหม่),ไม่ต้องดำเนินการเป็นพิเศษ
C11247,0.02409255,ต่ำ,3,ลูกค้าใหม่กำลังก่อตัว (New / Developing),,,,,,,,,,ไม่มีประวัติการซื้อก่อนวันตัด (ลูกค้าใหม่),ไม่ต้องดำเนินการเป็นพิเศษ
C10945,0.02409255,ต่ำ,3,ลูกค้าใหม่กำลังก่อตัว (New / Developing),,,,,,,,,,ไม่มีประวัติการซื้อก่อนวันตัด (ลูกค้าใหม่),ไม่ต้องดำเนินการเป็นพิเศษ
C11161,0.02409255,ต่ำ,3,ลูกค้าใหม่กำลังก่อตัว (New / Developing),,,,,,,,,,ไม่มีประวัติการซื้อก่อนวันตัด (ลูกค้าใหม่),ไม่ต้องดำเนินการเป็นพิเศษ
C11882,0.02409255,ต่ำ,3,ลูกค้าใหม่กำลังก่อตัว (New / Developing),,,,,,,,,,ไม่มีประวัติการซื้อก่อนวันตัด (ลูกค้าใหม่),ไม่ต้องดำเนินการเป็นพิเศษ
C11878,0.02409255,ต่ำ,3,ลูกค้าใหม่กำลังก่อตัว (New / Developing),,,,,,,,,,ไม่มีประวัติการซื้อก่อนวันตัด (ลูกค้าใหม่),ไม่ต้องดำเนินการเป็นพิเศษ
C10683,0.02409255,ต่ำ,3,ลูกค้าใหม่กำลังก่อตัว (New / Developing),,,,,,,,,,ไม่มีประวัติการซื้อก่อนวันตัด (ลูกค้าใหม่),ไม่ต้องดำเนินการเป็นพิเศษ
C11600,0.02409255,ต่ำ,3,ลูกค้าใหม่กำลังก่อตัว (New / Developing),,,,,,,,,,ไม่มีประวัติการซื้อก่อนวันตัด (ลูกค้าใหม่),ไม่ต้องดำเนินการเป็นพิเศษ
C11505,0.02409255,ต่ำ,3,ลูกค้าใหม่กำลังก่อตัว (New / Developing),,,,,,,,,,ไม่มีประวัติการซื้อก่อนวันตัด (ลูกค้าใหม่),ไม่ต้องดำเนินการเป็นพิเศษ
C10993,0.02409255,ต่ำ,3,ลูกค้าใหม่กำลังก่อตัว (New / Developing),,,,,,,,,,ไม่มีประวัติการซื้อก่อนวันตัด (ลูกค้าใหม่),ไม่ต้องดำเนินการเป็นพิเศษ
C11756,0.02409255,ต่ำ,3,ลูกค้าใหม่กำลังก่อตัว (New / Developing),,,,,,,,,,ไม่มีประวัติการซื้อก่อนวันตัด (ลูกค้าใหม่),ไม่ต้องดำเนินการเป็นพิเศษ
C10403,0.024030125,ต่ำ,0,ลูกค้าคุณค่าสูงที่กำลังห่างหาย (At-Risk High-Value),0.0,27.0,30607.670000000002,1133.6174074074074,4.0,1.3333333333333333,0.0037473797961123335,0.0,,ความเสี่ยงมาจากรูปแบบรวมหลายปัจจัย,ไม่ต้องดำเนินการเป็นพิเศษ
C11268,0.023963537,ต่ำ,0,ลูกค้าคุณค่าสูงที่กำลังห่างหาย (At-Risk High-Value),5.0,20.0,24912.68,1245.634,6.0,1.0,0.03173590182679459,0.0,4.0,ความเสี่ยงมาจากรูปแบบรวมหลายปัจจัย,ไม่ต้องดำเนินการเป็นพิเศษ
C10089,0.023807548,ต่ำ,0,ลูกค้าคุณค่าสูงที่กำลังห่างหาย (At-Risk High-Value),6.0,6.0,8286.02,1381.0033333333333,5.0,2.5,0.020144577401414558,0.0,,ความเสี่ยงมาจากรูปแบบรวมหลายปัจจัย,ไม่ต้องดำเนินการเป็นพิเศษ
C10520,0.023684228,ต่ำ,3,ลูกค้าใหม่กำลังก่อตัว (New / Developing),29.0,2.0,1198.85,599.425,2.0,2.0,0.060094080752646016,0.0,,ความเสี่ยงมาจากรูปแบบรวมหลายปัจจัย,ไม่ต้องดำเนินการเป็นพิเศษ
C10264,0.02367908,ต่ำ,2,ลูกค้าห่างหายมูลค่าต่ำ (Dormant / Low-Value),0.0,17.0,5107.05,300.41470588235296,4.0,1.0,0.06033519964231633,0.0,4.0,ความเสี่ยงมาจากรูปแบบรวมหลายปัจจัย,ไม่ต้องดำเนินการเป็นพิเศษ
C12846,0.023280758,ต่ำ,0,ลูกค้าคุณค่าสูงที่กำลังห่างหาย (At-Risk High-Value),3.0,30.0,29792.78,993.0926666666667,6.0,0.5454545454545454,0.027928699236119174,0.0,,ความถี่ 90 วันล่าสุดลดลงชัดเจน,ไม่ต้องดำเนินการเป็นพิเศษ
C12342,0.023148865,ต่ำ,2,ลูกค้าห่างหายมูลค่าต่ำ (Dormant / Low-Value),2.0,6.0,2502.16,417.02666666666664,1.0,0.3333333333333333,0.04325349484567618,0.0,,ความถี่ 90 วันล่าสุดลดลงชัดเจน,ไม่ต้องดำเนินการเป็นพิเศษ
C11552,0.023074346,ต่ำ,0,ลูกค้าคุณค่าสูงที่กำลังห่างหาย (At-Risk High-Value),3.0,10.0,12480.93,1248.093,4.0,0.8,0.0,0.0,,ความเสี่ยงมาจากรูปแบบรวมหลายปัจจัย,ไม่ต้องดำเนินการเป็นพิเศษ
C12101,0.023065995,ต่ำ,2,ลูกค้าห่างหายมูลค่าต่ำ (Dormant / Low-Value),11.0,7.0,1721.23,245.89000000000001,2.0,1.0,0.013723512760861345,0.0,,ความเสี่ยงมาจากรูปแบบรวมหลายปัจจัย,ไม่ต้องดำเนินการเป็นพิเศษ
C10291,0.023057986,ต่ำ,1,ลูกค้าชั้นยอด (Champions),7.0,27.0,28210.43,1044.8307407407408,5.0,0.7142857142857143,0.02249881669065626,0.0,,ความเสี่ยงมาจากรูปแบบรวมหลายปัจจัย,ไม่ต้องดำเนินการเป็นพิเศษ
C10509,0.023045197,ต่ำ,0,ลูกค้าคุณค่าสูงที่กำลังห่างหาย (At-Risk High-Value),2.0,16.0,8825.2,551.575,1.0,0.25,0.08529709291719872,0.0,,ความถี่ 90 วันล่าสุดลดลงชัดเจน,ไม่ต้องดำเนินการเป็นพิเศษ
C10961,0.023017906,ต่ำ,1,ลูกค้าชั้นยอด (Champions),1.0,21.0,30974.53,1474.977619047619,6.0,0.75,0.023604694964434715,0.0,,ความเสี่ยงมาจากรูปแบบรวมหลายปัจจัย,ไม่ต้องดำเนินการเป็นพิเศษ
C11390,0.022987343,ต่ำ,1,ลูกค้าชั้นยอด (Champions),1.0,24.0,34383.28,1432.6366666666665,7.0,1.4,0.02488407068377239,0.0,,ความเสี่ยงมาจากรูปแบบรวมหลายปัจจัย,ไม่ต้องดำเนินการเป็นพิเศษ
C12252,0.022980599,ต่ำ,3,ลูกค้าใหม่กำลังก่อตัว (New / Developing),17.0,6.0,7734.630000000001,1289.1050000000002,5.0,2.5,0.00898300263685914,0.0,5.0,ความเสี่ยงมาจากรูปแบบรวมหลายปัจจัย,ไม่ต้องดำเนินการเป็นพิเศษ
C10690,0.022910653,ต่ำ,0,ลูกค้าคุณค่าสูงที่กำลังห่างหาย (At-Risk High-Value),8.0,18.0,13708.6,761.588888888889,3.0,0.5,0.02864479630634754,0.0,,ความถี่ 90 วันล่าสุดลดลงชัดเจน,ไม่ต้องดำเนินการเป็นพิเศษ
C12081,0.02286199,ต่ำ,1,ลูกค้าชั้นยอด (Champions),1.0,40.0,41881.07,1047.02675,3.0,0.42857142857142855,0.054237463433933576,0.0,,ความถี่ 90 วันล่าสุดลดลงชัดเจน,ไม่ต้องดำเนินการเป็นพิเศษ
C11962,0.022800284,ต่ำ,0,ลูกค้าคุณค่าสูงที่กำลังห่างหาย (At-Risk High-Value),0.0,16.0,9728.3,608.01875,4.0,2.0,0.040731183262221964,0.0,5.0,ความเสี่ยงมาจากรูปแบบรวมหลายปัจจัย,ไม่ต้องดำเนินการเป็นพิเศษ
C10176,0.02260707,ต่ำ,1,ลูกค้าชั้นยอด (Champions),22.0,25.0,37644.32,1505.7728,4.0,0.8,0.02249331676644452,0.0,,ความเสี่ยงมาจากรูปแบบรวมหลายปัจจัย,ไม่ต้องดำเนินการเป็นพิเศษ
C11225,0.02259496,ต่ำ,3,ลูกค้าใหม่กำลังก่อตัว (New / Developing),27.0,2.0,636.71,318.355,2.0,2.0,0.0,0.0,,ความเสี่ยงมาจากรูปแบบรวมหลายปัจจัย,ไม่ต้องดำเนินการเป็นพิเศษ
C10057,0.022458931,ต่ำ,3,ลูกค้าใหม่กำลังก่อตัว (New / Developing),40.0,2.0,2368.84,1184.42,2.0,2.0,0.0,0.0,,ความเสี่ยงมาจากรูปแบบรวมหลายปัจจัย,ไม่ต้องดำเนินการเป็นพิเศษ
C10682,0.022137575,ต่ำ,3,ลูกค้าใหม่กำลังก่อตัว (New / Developing),5.0,6.0,4905.82,817.6366666666667,1.0,0.3333333333333333,0.03516297218469067,0.0,,ความถี่ 90 วันล่าสุดลดลงชัดเจน,ไม่ต้องดำเนินการเป็นพิเศษ
C12471,0.022076493,ต่ำ,1,ลูกค้าชั้นยอด (Champions),0.0,12.0,21280.51,1773.3758333333333,5.0,1.6666666666666667,0.04088966168734474,0.0,,ความเสี่ยงมาจากรูปแบบรวมหลายปัจจัย,ไม่ต้องดำเนินการเป็นพิเศษ
C11336,0.022068176,ต่ำ,1,ลูกค้าชั้นยอด (Champions),14.0,22.0,35207.25,1600.3295454545455,6.0,2.0,0.002597810983046238,0.0,4.0,ความเสี่ยงมาจากรูปแบบรวมหลายปัจจัย,ไม่ต้องดำเนินการเป็นพิเศษ
C12221,0.021700136,ต่ำ,1,ลูกค้าชั้นยอด (Champions),14.0,39.0,42634.38,1093.1892307692308,4.0,1.3333333333333333,0.029562193824525178,0.0,,ความเสี่ยงมาจากรูปแบบรวมหลายปัจจัย,ไม่ต้องดำเนินการเป็นพิเศษ
C10786,0.021609515,ต่ำ,1,ลูกค้าชั้นยอด (Champions),7.0,30.0,46382.36,1546.0786666666668,6.0,1.2,0.022480539121550194,1.0,2.0,คะแนนความพึงพอใจต่ำ (2.0/5) · มีเรื่องร้องเรียนค้าง 1 เรื่อง,ไม่ต้องดำเนินการเป็นพิเศษ
C10584,0.021581726,ต่ำ,1,ลูกค้าชั้นยอด (Champions),8.0,33.0,30996.84,939.2981818181818,7.0,0.875,0.0309187201820808,0.0,,ความเสี่ยงมาจากรูปแบบรวมหลายปัจจัย,ไม่ต้องดำเนินการเป็นพิเศษ
C11000,0.021526558,ต่ำ,3,ลูกค้าใหม่กำลังก่อตัว (New / Developing),5.0,9.0,5946.73,660.7477777777777,6.0,1.5,0.027282154961462465,0.0,,ความเสี่ยงมาจากรูปแบบรวมหลายปัจจัย,ไม่ต้องดำเนินการเป็นพิเศษ
C10874,0.021488667,ต่ำ,0,ลูกค้าคุณค่าสูงที่กำลังห่างหาย (At-Risk High-Value),4.0,31.0,29621.19,955.5222580645161,5.0,0.8333333333333334,0.009597027171794241,0.0,3.0,ความเสี่ยงมาจากรูปแบบรวมหลายปัจจัย,ไม่ต้องดำเนินการเป็นพิเศษ
C12680,0.021452377,ต่ำ,0,ลูกค้าคุณค่าสูงที่กำลังห่างหาย (At-Risk High-Value),4.0,31.0,29723.13,958.8106451612904,3.0,0.5,0.018987782535266676,0.0,,ความถี่ 90 วันล่าสุดลดลงชัดเจน,ไม่ต้องดำเนินการเป็นพิเศษ
C11099,0.021408502,ต่ำ,1,ลูกค้าชั้นยอด (Champions),3.0,22.0,36337.64,1651.7109090909091,6.0,0.8571428571428571,0.0,0.0,3.0,ความเสี่ยงมาจากรูปแบบรวมหลายปัจจัย,ไม่ต้องดำเนินการเป็นพิเศษ
C10537,0.021402078,ต่ำ,0,ลูกค้าคุณค่าสูงที่กำลังห่างหาย (At-Risk High-Value),7.0,13.0,18056.06,1388.9276923076925,4.0,0.6666666666666666,0.016919640961255134,0.0,,ความเสี่ยงมาจากรูปแบบรวมหลายปัจจัย,ไม่ต้องดำเนินการเป็นพิเศษ
C11353,0.021353157,ต่ำ,0,ลูกค้าคุณค่าสูงที่กำลังห่างหาย (At-Risk High-Value),1.0,16.0,17005.48,1062.8425,4.0,0.8,0.015896825148812105,0.0,4.0,ความเสี่ยงมาจากรูปแบบรวมหลายปัจจัย,ไม่ต้องดำเนินการเป็นพิเศษ
C11836,0.021332625,ต่ำ,0,ลูกค้าคุณค่าสูงที่กำลังห่างหาย (At-Risk High-Value),20.0,12.0,20132.77,1677.7308333333333,3.0,0.75,0.01039118332180669,0.0,3.0,ความเสี่ยงมาจากรูปแบบรวมหลายปัจจัย,ไม่ต้องดำเนินการเป็นพิเศษ
C12849,0.021260872,ต่ำ,3,ลูกค้าใหม่กำลังก่อตัว (New / Developing),13.0,1.0,614.82,614.82,1.0,1.0,0.021906170954039992,0.0,2.0,คะแนนความพึงพอใจต่ำ (2.0/5),ไม่ต้องดำเนินการเป็นพิเศษ
C11623,0.021235036,ต่ำ,3,ลูกค้าใหม่กำลังก่อตัว (New / Developing),35.0,2.0,2210.43,1105.215,2.0,2.0,0.0,0.0,,ความเสี่ยงมาจากรูปแบบรวมหลายปัจจัย,ไม่ต้องดำเนินการเป็นพิเศษ
C12550,0.021217698,ต่ำ,0,ลูกค้าคุณค่าสูงที่กำลังห่างหาย (At-Risk High-Value),3.0,24.0,35279.93,1469.9970833333334,5.0,0.5,0.017536506889789544,0.0,,ความถี่ 90 วันล่าสุดลดลงชัดเจน,ไม่ต้องดำเนินการเป็นพิเศษ
C12485,0.021072317,ต่ำ,3,ลูกค้าใหม่กำลังก่อตัว (New / Developing),21.0,1.0,1663.66,1663.66,1.0,1.0,0.07108438443971703,0.0,,ความเสี่ยงมาจากรูปแบบรวมหลายปัจจัย,ไม่ต้องดำเนินการเป็นพิเศษ
C10894,0.021067172,ต่ำ,1,ลูกค้าชั้นยอด (Champions),8.0,29.0,35662.31,1229.7348275862068,5.0,1.25,0.010716909153854348,0.0,,ความเสี่ยงมาจากรูปแบบรวมหลายปัจจัย,ไม่ต้องดำเนินการเป็นพิเศษ
C12894,0.020939117,ต่ำ,1,ลูกค้าชั้นยอด (Champions),18.0,40.0,50317.5,1257.9375,7.0,1.1666666666666667,0.023301587116723397,0.0,,ความเสี่ยงมาจากรูปแบบรวมหลายปัจจัย,ไม่ต้องดำเนินการเป็นพิเศษ
C12015,0.020906352,ต่ำ,1,ลูกค้าชั้นยอด (Champions),0.0,44.0,79498.79,1806.7906818181816,9.0,1.125,0.037493061066849236,0.0,4.0,ความเสี่ยงมาจากรูปแบบรวมหลายปัจจัย,ไม่ต้องดำเนินการเป็นพิเศษ
C10257,0.020830574,ต่ำ,3,ลูกค้าใหม่กำลังก่อตัว (New / Developing),37.0,1.0,331.18,331.18,1.0,1.0,0.0,0.0,,ความเสี่ยงมาจากรูปแบบรวมหลายปัจจัย,ไม่ต้องดำเนินการเป็นพิเศษ
C12405,0.02066158,ต่ำ,0,ลูกค้าคุณค่าสูงที่กำลังห่างหาย (At-Risk High-Value),6.0,15.0,10533.08,702.2053333333333,7.0,3.5,0.04951627938035393,0.0,4.0,ความเสี่ยงมาจากรูปแบบรวมหลายปัจจัย,ไม่ต้องดำเนินการเป็นพิเศษ
C10923,0.020641979,ต่ำ,0,ลูกค้าคุณค่าสูงที่กำลังห่างหาย (At-Risk High-Value),6.0,41.0,41185.63,1004.5275609756097,6.0,0.8571428571428571,0.023264379090469925,0.0,,ความเสี่ยงมาจากรูปแบบรวมหลายปัจจัย,ไม่ต้องดำเนินการเป็นพิเศษ
C11861,0.020640641,ต่ำ,0,ลูกค้าคุณค่าสูงที่กำลังห่างหาย (At-Risk High-Value),0.0,26.0,28645.29,1101.741923076923,6.0,2.0,0.0,0.0,4.0,ความเสี่ยงมาจากรูปแบบรวมหลายปัจจัย,ไม่ต้องดำเนินการเป็นพิเศษ
C12870,0.020450665,ต่ำ,1,ลูกค้าชั้นยอด (Champions),29.0,26.0,48207.0,1854.1153846153845,4.0,0.5714285714285714,0.01657162592797576,0.0,5.0,ความถี่ 90 วันล่าสุดลดลงชัดเจน,ไม่ต้องดำเนินการเป็นพิเศษ
C12573,0.020341778,ต่ำ,3,ลูกค้าใหม่กำลังก่อตัว (New / Developing),2.0,5.0,4811.88,962.376,4.0,2.0,0.061190008408919305,0.0,,ความเสี่ยงมาจากรูปแบบรวมหลายปัจจัย,ไม่ต้องดำเนินการเป็นพิเศษ
C12364,0.020193841,ต่ำ,0,ลูกค้าคุณค่าสูงที่กำลังห่างหาย (At-Risk High-Value),5.0,15.0,25194.29,1679.6193333333333,4.0,1.0,0.02155133242871046,0.0,,ความเสี่ยงมาจากรูปแบบรวมหลายปัจจัย,ไม่ต้องดำเนินการเป็นพิเศษ
C10963,0.020054463,ต่ำ,1,ลูกค้าชั้นยอด (Champions),15.0,34.0,50593.11,1488.0326470588236,6.0,1.0,0.03327902908124543,0.0,,ความเสี่ยงมาจากรูปแบบรวมหลายปัจจัย,ไม่ต้องดำเนินการเป็นพิเศษ
C11587,0.01983018,ต่ำ,3,ลูกค้าใหม่กำลังก่อตัว (New / Developing),0.0,10.0,5199.18,519.918,3.0,0.5,0.005832096801333925,0.0,,ความถี่ 90 วันล่าสุดลดลงชัดเจน,ไม่ต้องดำเนินการเป็นพิเศษ
C10586,0.019819228,ต่ำ,3,ลูกค้าใหม่กำลังก่อตัว (New / Developing),13.0,1.0,861.32,861.32,1.0,1.0,0.05413893830576969,0.0,,ความเสี่ยงมาจากรูปแบบรวมหลายปัจจัย,ไม่ต้องดำเนินการเป็นพิเศษ
C12623,0.019815978,ต่ำ,3,ลูกค้าใหม่กำลังก่อตัว (New / Developing),24.0,2.0,1746.71,873.355,1.0,0.5,0.07065671371793712,0.0,,ความถี่ 90 วันล่าสุดลดลงชัดเจน,ไม่ต้องดำเนินการเป็นพิเศษ
C12679,0.0198078,ต่ำ,0,ลูกค้าคุณค่าสูงที่กำลังห่างหาย (At-Risk High-Value),5.0,19.0,22576.9,1188.2578947368422,4.0,0.6666666666666666,0.015526124843892809,0.0,4.0,ความเสี่ยงมาจากรูปแบบรวมหลายปัจจัย,ไม่ต้องดำเนินการเป็นพิเศษ
C11245,0.01975365,ต่ำ,1,ลูกค้าชั้นยอด (Champions),7.0,30.0,47172.87,1572.429,6.0,1.5,0.026069482834512495,0.0,2.0,คะแนนความพึงพอใจต่ำ (2.0/5),ไม่ต้องดำเนินการเป็นพิเศษ
C12502,0.019493977,ต่ำ,1,ลูกค้าชั้นยอด (Champions),9.0,29.0,30254.18,1043.2475862068966,4.0,0.5714285714285714,0.005462134874232175,0.0,4.0,ความถี่ 90 วันล่าสุดลดลงชัดเจน,ไม่ต้องดำเนินการเป็นพิเศษ
C10160,0.019484445,ต่ำ,1,ลูกค้าชั้นยอด (Champions),23.0,59.0,129058.24,2187.4277966101695,11.0,1.0,0.0,0.0,,ความเสี่ยงมาจากรูปแบบรวมหลายปัจจัย,ไม่ต้องดำเนินการเป็นพิเศษ
C12781,0.019404177,ต่ำ,1,ลูกค้าชั้นยอด (Champions),12.0,33.0,93894.17,2845.2778787878788,2.0,0.15384615384615385,0.014990798666514763,0.0,,ความถี่ 90 วันล่าสุดลดลงชัดเจน,ไม่ต้องดำเนินการเป็นพิเศษ
C12777,0.019352153,ต่ำ,3,ลูกค้าใหม่กำลังก่อตัว (New / Developing),23.0,2.0,6482.74,3241.37,1.0,0.5,0.05939826932787008,0.0,,ความถี่ 90 วันล่าสุดลดลงชัดเจน,ไม่ต้องดำเนินการเป็นพิเศษ
C12863,0.019350922,ต่ำ,2,ลูกค้าห่างหายมูลค่าต่ำ (Dormant / Low-Value),2.0,4.0,2480.1400000000003,620.0350000000001,3.0,3.0,0.057178156659253764,0.0,,ความเสี่ยงมาจากรูปแบบรวมหลายปัจจัย,ไม่ต้องดำเนินการเป็นพิเศษ
C12972,0.019294439,ต่ำ,1,ลูกค้าชั้นยอด (Champions),3.0,49.0,129973.61,2652.5226530612244,7.0,0.5,0.0,0.0,,ความถี่ 90 วันล่าสุดลดลงชัดเจน,ไม่ต้องดำเนินการเป็นพิเศษ
C11568,0.019170694,ต่ำ,3,ลูกค้าใหม่กำลังก่อตัว (New / Developing),5.0,2.0,2232.2,1116.1,2.0,2.0,0.01631397572734243,0.0,,ความเสี่ยงมาจากรูปแบบรวมหลายปัจจัย,ไม่ต้องดำเนินการเป็นพิเศษ
C10285,0.019146658,ต่ำ,3,ลูกค้าใหม่กำลังก่อตัว (New / Developing),14.0,1.0,649.06,649.06,1.0,1.0,0.0,0.0,3.0,ความเสี่ยงมาจากรูปแบบรวมหลายปัจจัย,ไม่ต้องดำเนินการเป็นพิเศษ
C10017,0.019083604,ต่ำ,3,ลูกค้าใหม่กำลังก่อตัว (New / Developing),14.0,2.0,3648.05,1824.025,2.0,2.0,0.026025689288298317,0.0,,ความเสี่ยงมาจากรูปแบบรวมหลายปัจจัย,ไม่ต้องดำเนินการเป็นพิเศษ
C12410,0.018991586,ต่ำ,3,ลูกค้าใหม่กำลังก่อตัว (New / Developing),37.0,2.0,1620.42,810.21,2.0,2.0,0.0,0.0,,ความเสี่ยงมาจากรูปแบบรวมหลายปัจจัย,ไม่ต้องดำเนินการเป็นพิเศษ
C11283,0.018951852,ต่ำ,1,ลูกค้าชั้นยอด (Champions),12.0,20.0,37663.58,1883.179,5.0,1.25,0.016258145266525345,0.0,,ความเสี่ยงมาจากรูปแบบรวมหลายปัจจัย,ไม่ต้องดำเนินการเป็นพิเศษ
C10002,0.018802887,ต่ำ,2,ลูกค้าห่างหายมูลค่าต่ำ (Dormant / Low-Value),1.0,7.0,3045.75,435.10714285714283,5.0,2.5,0.0949382510608456,0.0,4.0,ความเสี่ยงมาจากรูปแบบรวมหลายปัจจัย,ไม่ต้องดำเนินการเป็นพิเศษ
C11182,0.018779127,ต่ำ,0,ลูกค้าคุณค่าสูงที่กำลังห่างหาย (At-Risk High-Value),13.0,13.0,21980.76,1690.8276923076921,6.0,2.0,0.0,0.0,,ความเสี่ยงมาจากรูปแบบรวมหลายปัจจัย,ไม่ต้องดำเนินการเป็นพิเศษ
C11499,0.018778618,ต่ำ,1,ลูกค้าชั้นยอด (Champions),1.0,21.0,28137.19,1339.8661904761905,9.0,1.5,0.011628401203727805,0.0,,ความเสี่ยงมาจากรูปแบบรวมหลายปัจจัย,ไม่ต้องดำเนินการเป็นพิเศษ
C11541,0.018749192,ต่ำ,1,ลูกค้าชั้นยอด (Champions),0.0,27.0,33614.19,1244.97,8.0,1.6,0.03260778847919344,0.0,3.0,ความเสี่ยงมาจากรูปแบบรวมหลายปัจจัย,ไม่ต้องดำเนินการเป็นพิเศษ
C12670,0.01872862,ต่ำ,3,ลูกค้าใหม่กำลังก่อตัว (New / Developing),29.0,1.0,1497.49,1497.49,1.0,1.0,0.0,0.0,5.0,ความเสี่ยงมาจากรูปแบบรวมหลายปัจจัย,ไม่ต้องดำเนินการเป็นพิเศษ
C11426,0.01850642,ต่ำ,2,ลูกค้าห่างหายมูลค่าต่ำ (Dormant / Low-Value),15.0,2.0,1501.42,750.71,2.0,2.0,0.0,0.0,,ความเสี่ยงมาจากรูปแบบรวมหลายปัจจัย,ไม่ต้องดำเนินการเป็นพิเศษ
C11774,0.018446144,ต่ำ,2,ลูกค้าห่างหายมูลค่าต่ำ (Dormant / Low-Value),2.0,7.0,3659.16,522.7371428571429,3.0,1.0,0.08550949564017783,0.0,,ความเสี่ยงมาจากรูปแบบรวมหลายปัจจัย,ไม่ต้องดำเนินการเป็นพิเศษ
C10635,0.018444914,ต่ำ,3,ลูกค้าใหม่กำลังก่อตัว (New / Developing),3.0,1.0,1238.91,1238.91,1.0,1.0,0.054425974263864085,0.0,,ความเสี่ยงมาจากรูปแบบรวมหลายปัจจัย,ไม่ต้องดำเนินการเป็นพิเศษ
C11096,0.018425567,ต่ำ,3,ลูกค้าใหม่กำลังก่อตัว (New / Developing),15.0,1.0,1475.01,1475.01,1.0,1.0,0.14824481876505,0.0,,ซื้อเมื่อมีส่วนลดเป็นหลัก (15%),ไม่ต้องดำเนินการเป็นพิเศษ
C10412,0.018374944,ต่ำ,0,ลูกค้าคุณค่าสูงที่กำลังห่างหาย (At-Risk High-Value),16.0,36.0,44725.48,1242.3744444444446,4.0,0.36363636363636365,0.030723303458909935,0.0,,ความถี่ 90 วันล่าสุดลดลงชัดเจน,ไม่ต้องดำเนินการเป็นพิเศษ
C11586,0.018202463,ต่ำ,3,ลูกค้าใหม่กำลังก่อตัว (New / Developing),16.0,2.0,1882.2,941.1,2.0,2.0,0.06825933498012464,0.0,,ความเสี่ยงมาจากรูปแบบรวมหลายปัจจัย,ไม่ต้องดำเนินการเป็นพิเศษ
C12876,0.018144108,ต่ำ,3,ลูกค้าใหม่กำลังก่อตัว (New / Developing),6.0,9.0,10879.45,1208.8277777777778,7.0,2.3333333333333335,0.040165121119111115,0.0,5.0,ความเสี่ยงมาจากรูปแบบรวมหลายปัจจัย,ไม่ต้องดำเนินการเป็นพิเศษ
C11768,0.018068215,ต่ำ,0,ลูกค้าคุณค่าสูงที่กำลังห่างหาย (At-Risk High-Value),2.0,32.0,37689.34,1177.791875,7.0,0.7,0.01025554971695019,0.0,4.0,ความเสี่ยงมาจากรูปแบบรวมหลายปัจจัย,ไม่ต้องดำเนินการเป็นพิเศษ
C10882,0.01798579,ต่ำ,1,ลูกค้าชั้นยอด (Champions),4.0,81.0,161111.15,1989.0265432098765,13.0,0.7647058823529411,0.013325431500923956,0.0,1.0,คะแนนความพึงพอใจต่ำ (1.0/5),ไม่ต้องดำเนินการเป็นพิเศษ
C11850,0.017878411,ต่ำ,1,ลูกค้าชั้นยอด (Champions),1.0,22.0,22032.97,1001.4986363636364,5.0,1.25,0.015048548029468563,0.0,,ความเสี่ยงมาจากรูปแบบรวมหลายปัจจัย,ไม่ต้องดำเนินการเป็นพิเศษ
C11584,0.017834468,ต่ำ,1,ลูกค้าชั้นยอด (Champions),17.0,39.0,75293.83,1930.6110256410257,4.0,0.8,0.025359682104007953,0.0,3.0,ความเสี่ยงมาจากรูปแบบรวมหลายปัจจัย,ไม่ต้องดำเนินการเป็นพิเศษ
C12875,0.01780585,ต่ำ,3,ลูกค้าใหม่กำลังก่อตัว (New / Developing),27.0,1.0,1407.02,1407.02,1.0,1.0,0.029494130143883898,0.0,,ความเสี่ยงมาจากรูปแบบรวมหลายปัจจัย,ไม่ต้องดำเนินการเป็นพิเศษ
C12116,0.017772056,ต่ำ,1,ลูกค้าชั้นยอด (Champions),16.0,30.0,38075.94,1269.198,6.0,1.2,0.005969777528083434,0.0,,ความเสี่ยงมาจากรูปแบบรวมหลายปัจจัย,ไม่ต้องดำเนินการเป็นพิเศษ
C11858,0.017731499,ต่ำ,1,ลูกค้าชั้นยอด (Champions),11.0,21.0,33965.25,1617.392857142857,7.0,1.75,0.013042619159007502,0.0,,ความเสี่ยงมาจากรูปแบบรวมหลายปัจจัย,ไม่ต้องดำเนินการเป็นพิเศษ
C10648,0.0176796,ต่ำ,0,ลูกค้าคุณค่าสูงที่กำลังห่างหาย (At-Risk High-Value),6.0,28.0,34779.89,1242.1389285714286,5.0,1.0,0.03222279759730045,0.0,,ความเสี่ยงมาจากรูปแบบรวมหลายปัจจัย,ไม่ต้องดำเนินการเป็นพิเศษ
C10400,0.017665088,ต่ำ,1,ลูกค้าชั้นยอด (Champions),8.0,42.0,107762.11,2565.764523809524,7.0,0.6363636363636364,0.001715189436026445,0.0,2.0,คะแนนความพึงพอใจต่ำ (2.0/5),ไม่ต้องดำเนินการเป็นพิเศษ
C10047,0.017662177,ต่ำ,3,ลูกค้าใหม่กำลังก่อตัว (New / Developing),2.0,16.0,8028.17,501.760625,2.0,0.4,0.018172234479182463,0.0,3.5,ความถี่ 90 วันล่าสุดลดลงชัดเจน,ไม่ต้องดำเนินการเป็นพิเศษ
C11788,0.01752139,ต่ำ,3,ลูกค้าใหม่กำลังก่อตัว (New / Developing),17.0,1.0,3145.19,3145.19,1.0,1.0,0.013994476194656142,1.0,5.0,มีเรื่องร้องเรียนค้าง 1 เรื่อง,ไม่ต้องดำเนินการเป็นพิเศษ
C12619,0.017495675,ต่ำ,3,ลูกค้าใหม่กำลังก่อตัว (New / Developing),5.0,4.0,4077.91,1019.4775,3.0,1.5,0.05572459338297952,0.0,,ความเสี่ยงมาจากรูปแบบรวมหลายปัจจัย,ไม่ต้องดำเนินการเป็นพิเศษ
C11624,0.017335435,ต่ำ,3,ลูกค้าใหม่กำลังก่อตัว (New / Developing),3.0,6.0,7464.1900000000005,1244.0316666666668,5.0,2.5,0.077034269052995,0.0,,ความเสี่ยงมาจากรูปแบบรวมหลายปัจจัย,ไม่ต้องดำเนินการเป็นพิเศษ
C12885,0.01726638,ต่ำ,0,ลูกค้าคุณค่าสูงที่กำลังห่างหาย (At-Risk High-Value),7.0,20.0,25617.55,1280.8775,6.0,1.0,0.0,0.0,,ความเสี่ยงมาจากรูปแบบรวมหลายปัจจัย,ไม่ต้องดำเนินการเป็นพิเศษ
C12745,0.017238019,ต่ำ,1,ลูกค้าชั้นยอด (Champions),23.0,12.0,20765.89,1730.4908333333333,2.0,0.3333333333333333,0.026151392382030555,0.0,,ความถี่ 90 วันล่าสุดลดลงชัดเจน,ไม่ต้องดำเนินการเป็นพิเศษ
C10316,0.017211735,ต่ำ,3,ลูกค้าใหม่กำลังก่อตัว (New / Developing),12.0,1.0,1528.45,1528.45,1.0,1.0,0.06286979074059314,0.0,,ความเสี่ยงมาจากรูปแบบรวมหลายปัจจัย,ไม่ต้องดำเนินการเป็นพิเศษ
C10263,0.017202092,ต่ำ,1,ลูกค้าชั้นยอด (Champions),3.0,50.0,111793.66,2235.8732,8.0,0.7272727272727273,0.013426456566945898,0.0,,ความเสี่ยงมาจากรูปแบบรวมหลายปัจจัย,ไม่ต้องดำเนินการเป็นพิเศษ
C12202,0.017168926,ต่ำ,3,ลูกค้าใหม่กำลังก่อตัว (New / Developing),48.0,1.0,273.45,273.45,1.0,1.0,0.0,0.0,,ความเสี่ยงมาจากรูปแบบรวมหลายปัจจัย,ไม่ต้องดำเนินการเป็นพิเศษ
C10114,0.017076135,ต่ำ,3,ลูกค้าใหม่กำลังก่อตัว (New / Developing),8.0,1.0,1848.11,1848.11,1.0,1.0,0.09307677963273758,0.0,,ความเสี่ยงมาจากรูปแบบรวมหลายปัจจัย,ไม่ต้องดำเนินการเป็นพิเศษ
C12317,0.017032484,ต่ำ,3,ลูกค้าใหม่กำลังก่อตัว (New / Developing),19.0,2.0,1184.75,592.375,2.0,2.0,0.010622395550619222,0.0,,ความเสี่ยงมาจากรูปแบบรวมหลายปัจจัย,ไม่ต้องดำเนินการเป็นพิเศษ
C10448,0.017007338,ต่ำ,0,ลูกค้าคุณค่าสูงที่กำลังห่างหาย (At-Risk High-Value),9.0,19.0,24629.42,1296.2852631578946,6.0,1.2,0.02221098269911854,0.0,,ความเสี่ยงมาจากรูปแบบรวมหลายปัจจัย,ไม่ต้องดำเนินการเป็นพิเศษ
C12367,0.01694925,ต่ำ,0,ลูกค้าคุณค่าสูงที่กำลังห่างหาย (At-Risk High-Value),1.0,11.0,5895.17,535.9245454545454,1.0,0.5,0.022615964639447705,0.0,4.0,ความถี่ 90 วันล่าสุดลดลงชัดเจน,ไม่ต้องดำเนินการเป็นพิเศษ
C11181,0.016938575,ต่ำ,0,ลูกค้าคุณค่าสูงที่กำลังห่างหาย (At-Risk High-Value),3.0,18.0,20568.36,1142.6866666666667,5.0,0.625,0.035339770854995366,0.0,,ความเสี่ยงมาจากรูปแบบรวมหลายปัจจัย,ไม่ต้องดำเนินการเป็นพิเศษ
C12723,0.016556019,ต่ำ,3,ลูกค้าใหม่กำลังก่อตัว (New / Developing),8.0,4.0,4843.5,1210.875,4.0,4.0,0.0,0.0,,ความเสี่ยงมาจากรูปแบบรวมหลายปัจจัย,ไม่ต้องดำเนินการเป็นพิเศษ
C10822,0.016522303,ต่ำ,0,ลูกค้าคุณค่าสูงที่กำลังห่างหาย (At-Risk High-Value),1.0,17.0,23039.03,1355.2370588235294,2.0,0.3333333333333333,0.011892528495062686,0.0,4.0,ความถี่ 90 วันล่าสุดลดลงชัดเจน,ไม่ต้องดำเนินการเป็นพิเศษ
C12653,0.016490009,ต่ำ,1,ลูกค้าชั้นยอด (Champions),2.0,35.0,56324.49,1609.2711428571429,3.0,0.75,0.014186910803979203,0.0,,ความเสี่ยงมาจากรูปแบบรวมหลายปัจจัย,ไม่ต้องดำเนินการเป็นพิเศษ
C12988,0.016302953,ต่ำ,0,ลูกค้าคุณค่าสูงที่กำลังห่างหาย (At-Risk High-Value),1.0,18.0,7280.51,404.47277777777776,1.0,0.25,0.027219901045264512,0.0,,ความถี่ 90 วันล่าสุดลดลงชัดเจน,ไม่ต้องดำเนินการเป็นพิเศษ
C11556,0.016173998,ต่ำ,1,ลูกค้าชั้นยอด (Champions),0.0,34.0,38965.15,1146.0338235294118,8.0,0.8,0.044076572692219845,0.0,3.0,ความเสี่ยงมาจากรูปแบบรวมหลายปัจจัย,ไม่ต้องดำเนินการเป็นพิเศษ
C12677,0.016145395,ต่ำ,1,ลูกค้าชั้นยอด (Champions),6.0,39.0,44613.38,1143.9328205128204,3.0,0.42857142857142855,0.015388873170242939,0.0,,ความถี่ 90 วันล่าสุดลดลงชัดเจน,ไม่ต้องดำเนินการเป็นพิเศษ
C11423,0.016086716,ต่ำ,3,ลูกค้าใหม่กำลังก่อตัว (New / Developing),41.0,2.0,2026.38,1013.19,2.0,2.0,0.0,0.0,,ความเสี่ยงมาจากรูปแบบรวมหลายปัจจัย,ไม่ต้องดำเนินการเป็นพิเศษ
C12764,0.016052185,ต่ำ,1,ลูกค้าชั้นยอด (Champions),16.0,50.0,134942.98,2698.8596000000002,9.0,0.5,0.0,2.0,3.0,ความถี่ 90 วันล่าสุดลดลงชัดเจน · มีเรื่องร้องเรียนค้าง 2 เรื่อง,ไม่ต้องดำเนินการเป็นพิเศษ
C12343,0.01602405,ต่ำ,1,ลูกค้าชั้นยอด (Champions),13.0,24.0,35130.45,1463.76875,3.0,0.5,0.009877424226154289,0.0,3.0,ความถี่ 90 วันล่าสุดลดลงชัดเจน,ไม่ต้องดำเนินการเป็นพิเศษ
C12912,0.015990634,ต่ำ,1,ลูกค้าชั้นยอด (Champions),3.0,42.0,95463.14,2272.9319047619047,12.0,1.5,0.04613951004797922,1.0,2.0,คะแนนความพึงพอใจต่ำ (2.0/5) · มีเรื่องร้องเรียนค้าง 1 เรื่อง,ไม่ต้องดำเนินการเป็นพิเศษ
C12308,0.015920416,ต่ำ,0,ลูกค้าคุณค่าสูงที่กำลังห่างหาย (At-Risk High-Value),6.0,30.0,33079.67,1102.6556666666665,5.0,1.25,0.011218655273847042,0.0,,ความเสี่ยงมาจากรูปแบบรวมหลายปัจจัย,ไม่ต้องดำเนินการเป็นพิเศษ
C10406,0.015878337,ต่ำ,1,ลูกค้าชั้นยอด (Champions),5.0,33.0,24901.21,754.5821212121211,7.0,1.1666666666666667,0.016848968491737986,0.0,,ความเสี่ยงมาจากรูปแบบรวมหลายปัจจัย,ไม่ต้องดำเนินการเป็นพิเศษ
C11813,0.015826596,ต่ำ,3,ลูกค้าใหม่กำลังก่อตัว (New / Developing),15.0,2.0,562.6,281.3,2.0,2.0,0.08067388924293674,0.0,,ความเสี่ยงมาจากรูปแบบรวมหลายปัจจัย,ไม่ต้องดำเนินการเป็นพิเศษ
C10329,0.015816292,ต่ำ,1,ลูกค้าชั้นยอด (Champions),11.0,34.0,42605.3,1253.0970588235296,5.0,1.25,0.028925087699264967,0.0,,ความเสี่ยงมาจากรูปแบบรวมหลายปัจจัย,ไม่ต้องดำเนินการเป็นพิเศษ
C10465,0.015767569,ต่ำ,3,ลูกค้าใหม่กำลังก่อตัว (New / Developing),35.0,2.0,1785.02,892.51,2.0,2.0,0.0,0.0,,ความเสี่ยงมาจากรูปแบบรวมหลายปัจจัย,ไม่ต้องดำเนินการเป็นพิเศษ
C10833,0.015728766,ต่ำ,1,ลูกค้าชั้นยอด (Champions),1.0,29.0,41864.44,1443.601379310345,5.0,0.7142857142857143,0.0074610340561708935,0.0,,ความเสี่ยงมาจากรูปแบบรวมหลายปัจจัย,ไม่ต้องดำเนินการเป็นพิเศษ
C10006,0.015643694,ต่ำ,2,ลูกค้าห่างหายมูลค่าต่ำ (Dormant / Low-Value),1.0,11.0,6745.38,613.2163636363637,4.0,2.0,0.07364549744288375,0.0,,ความเสี่ยงมาจากรูปแบบรวมหลายปัจจัย,ไม่ต้องดำเนินการเป็นพิเศษ
C11562,0.01556738,ต่ำ,3,ลูกค้าใหม่กำลังก่อตัว (New / Developing),5.0,6.0,14768.64,2461.44,5.0,2.5,0.006343971208906993,0.0,,ความเสี่ยงมาจากรูปแบบรวมหลายปัจจัย,ไม่ต้องดำเนินการเป็นพิเศษ
C11204,0.015511759,ต่ำ,1,ลูกค้าชั้นยอด (Champions),5.0,38.0,38357.74,1009.4142105263157,7.0,1.4,0.019463868719028915,0.0,,ความเสี่ยงมาจากรูปแบบรวมหลายปัจจัย,ไม่ต้องดำเนินการเป็นพิเศษ
C11315,0.0154425725,ต่ำ,1,ลูกค้าชั้นยอด (Champions),8.0,20.0,40269.78,2013.489,5.0,1.25,0.006185768512328225,0.0,,ความเสี่ยงมาจากรูปแบบรวมหลายปัจจัย,ไม่ต้องดำเนินการเป็นพิเศษ
C12719,0.015357646,ต่ำ,1,ลูกค้าชั้นยอด (Champions),9.0,56.0,115744.33,2066.8630357142856,6.0,0.46153846153846156,0.0,0.0,5.0,ความถี่ 90 วันล่าสุดลดลงชัดเจน,ไม่ต้องดำเนินการเป็นพิเศษ
C11873,0.015338334,ต่ำ,1,ลูกค้าชั้นยอด (Champions),17.0,33.0,32062.62,971.5945454545454,5.0,0.7142857142857143,0.01304697001551723,0.0,,ความเสี่ยงมาจากรูปแบบรวมหลายปัจจัย,ไม่ต้องดำเนินการเป็นพิเศษ
C10587,0.015290207,ต่ำ,3,ลูกค้าใหม่กำลังก่อตัว (New / Developing),18.0,2.0,2662.07,1331.035,2.0,2.0,0.07480919744762488,0.0,,ความเสี่ยงมาจากรูปแบบรวมหลายปัจจัย,ไม่ต้องดำเนินการเป็นพิเศษ
C12911,0.015053901,ต่ำ,1,ลูกค้าชั้นยอด (Champions),6.0,35.0,59941.15,1712.6042857142857,5.0,0.625,0.021895958096046213,0.0,,ความเสี่ยงมาจากรูปแบบรวมหลายปัจจัย,ไม่ต้องดำเนินการเป็นพิเศษ
C11885,0.015048282,ต่ำ,0,ลูกค้าคุณค่าสูงที่กำลังห่างหาย (At-Risk High-Value),17.0,22.0,30741.13,1397.324090909091,6.0,1.0,0.018219753561138006,1.0,5.0,มีเรื่องร้องเรียนค้าง 1 เรื่อง,ไม่ต้องดำเนินการเป็นพิเศษ
C12397,0.015036971,ต่ำ,1,ลูกค้าชั้นยอด (Champions),24.0,23.0,44737.93,1945.1273913043478,6.0,1.2,0.018438586933746802,0.0,,ความเสี่ยงมาจากรูปแบบรวมหลายปัจจัย,ไม่ต้องดำเนินการเป็นพิเศษ
C11209,0.014951551,ต่ำ,1,ลูกค้าชั้นยอด (Champions),6.0,25.0,46561.92,1862.4768,4.0,0.6666666666666666,0.023345608131067657,0.0,,ความเสี่ยงมาจากรูปแบบรวมหลายปัจจัย,ไม่ต้องดำเนินการเป็นพิเศษ
C12824,0.014932153,ต่ำ,3,ลูกค้าใหม่กำลังก่อตัว (New / Developing),16.0,2.0,4185.53,2092.765,2.0,2.0,0.01127966966512964,0.0,,ความเสี่ยงมาจากรูปแบบรวมหลายปัจจัย,ไม่ต้องดำเนินการเป็นพิเศษ
C12384,0.014906706,ต่ำ,1,ลูกค้าชั้นยอด (Champions),11.0,24.0,65661.52,2735.896666666667,4.0,0.5,0.0034948202963039406,0.0,,ความถี่ 90 วันล่าสุดลดลงชัดเจน,ไม่ต้องดำเนินการเป็นพิเศษ
C12186,0.014716288,ต่ำ,3,ลูกค้าใหม่กำลังก่อตัว (New / Developing),4.0,7.0,5487.75,783.9642857142857,4.0,2.0,0.01080093084123605,0.0,,ความเสี่ยงมาจากรูปแบบรวมหลายปัจจัย,ไม่ต้องดำเนินการเป็นพิเศษ
C11676,0.0146110775,ต่ำ,3,ลูกค้าใหม่กำลังก่อตัว (New / Developing),4.0,5.0,4681.5,936.3,4.0,2.0,0.02147262986938337,0.0,,ความเสี่ยงมาจากรูปแบบรวมหลายปัจจัย,ไม่ต้องดำเนินการเป็นพิเศษ
C11656,0.014594156,ต่ำ,3,ลูกค้าใหม่กำลังก่อตัว (New / Developing),24.0,1.0,1618.12,1618.12,1.0,1.0,0.0,0.0,,ความเสี่ยงมาจากรูปแบบรวมหลายปัจจัย,ไม่ต้องดำเนินการเป็นพิเศษ
C11113,0.014492052,ต่ำ,1,ลูกค้าชั้นยอด (Champions),7.0,26.0,42181.8,1622.3769230769233,3.0,0.5,0.018930484492297256,0.0,,ความถี่ 90 วันล่าสุดลดลงชัดเจน,ไม่ต้องดำเนินการเป็นพิเศษ
C11417,0.014323258,ต่ำ,3,ลูกค้าใหม่กำลังก่อตัว (New / Developing),12.0,1.0,1222.68,1222.68,1.0,1.0,0.0,0.0,,ความเสี่ยงมาจากรูปแบบรวมหลายปัจจัย,ไม่ต้องดำเนินการเป็นพิเศษ
C11380,0.014320834,ต่ำ,3,ลูกค้าใหม่กำลังก่อตัว (New / Developing),36.0,1.0,2959.69,2959.69,1.0,1.0,0.0,0.0,,ความเสี่ยงมาจากรูปแบบรวมหลายปัจจัย,ไม่ต้องดำเนินการเป็นพิเศษ
C10965,0.014286694,ต่ำ,0,ลูกค้าคุณค่าสูงที่กำลังห่างหาย (At-Risk High-Value),13.0,21.0,18845.2,897.3904761904762,6.0,0.75,0.013350645542978608,0.0,,ความเสี่ยงมาจากรูปแบบรวมหลายปัจจัย,ไม่ต้องดำเนินการเป็นพิเศษ
C12577,0.014266515,ต่ำ,3,ลูกค้าใหม่กำลังก่อตัว (New / Developing),3.0,2.0,3260.3999999999996,1630.1999999999998,2.0,2.0,0.0,0.0,,ความเสี่ยงมาจากรูปแบบรวมหลายปัจจัย,ไม่ต้องดำเนินการเป็นพิเศษ
C11668,0.014209242,ต่ำ,1,ลูกค้าชั้นยอด (Champions),5.0,34.0,59244.55,1742.4867647058825,4.0,0.5714285714285714,0.036089524851735305,0.0,3.0,ความถี่ 90 วันล่าสุดลดลงชัดเจน,ไม่ต้องดำเนินการเป็นพิเศษ
C10347,0.014144001,ต่ำ,1,ลูกค้าชั้นยอด (Champions),0.0,86.0,218499.56,2540.692558139535,13.0,0.8125,0.005624807239866944,1.0,2.0,คะแนนความพึงพอใจต่ำ (2.0/5) · มีเรื่องร้องเรียนค้าง 1 เรื่อง,ไม่ต้องดำเนินการเป็นพิเศษ
C11657,0.013846775,ต่ำ,3,ลูกค้าใหม่กำลังก่อตัว (New / Developing),34.0,2.0,3972.51,1986.255,2.0,2.0,0.02177815535773649,0.0,,ความเสี่ยงมาจากรูปแบบรวมหลายปัจจัย,ไม่ต้องดำเนินการเป็นพิเศษ
C12748,0.013843564,ต่ำ,1,ลูกค้าชั้นยอด (Champions),5.0,29.0,38790.05,1337.5879310344828,3.0,0.42857142857142855,0.02266438126470946,0.0,5.0,ความถี่ 90 วันล่าสุดลดลงชัดเจน,ไม่ต้องดำเนินการเป็นพิเศษ
C11169,0.013765347,ต่ำ,1,ลูกค้าชั้นยอด (Champions),11.0,83.0,194517.95,2343.5897590361446,12.0,0.75,0.027100138169041384,0.0,1.0,คะแนนความพึงพอใจต่ำ (1.0/5),ไม่ต้องดำเนินการเป็นพิเศษ
C10094,0.01375315,ต่ำ,2,ลูกค้าห่างหายมูลค่าต่ำ (Dormant / Low-Value),22.0,1.0,544.85,544.85,1.0,1.0,0.0,0.0,4.0,ความเสี่ยงมาจากรูปแบบรวมหลายปัจจัย,ไม่ต้องดำเนินการเป็นพิเศษ
C10209,0.013719042,ต่ำ,1,ลูกค้าชั้นยอด (Champions),29.0,73.0,235397.61,3224.6247945205478,7.0,0.6363636363636364,0.0,0.0,,ความเสี่ยงมาจากรูปแบบรวมหลายปัจจัย,ไม่ต้องดำเนินการเป็นพิเศษ
C11830,0.013655319,ต่ำ,3,ลูกค้าใหม่กำลังก่อตัว (New / Developing),3.0,2.0,2046.34,1023.17,2.0,2.0,0.12066691016909094,0.0,,ซื้อเมื่อมีส่วนลดเป็นหลัก (12%),ไม่ต้องดำเนินการเป็นพิเศษ
C12527,0.013633051,ต่ำ,1,ลูกค้าชั้นยอด (Champions),16.0,38.0,69339.46,1824.7226315789476,6.0,1.2,0.00874027978216133,0.0,,ความเสี่ยงมาจากรูปแบบรวมหลายปัจจัย,ไม่ต้องดำเนินการเป็นพิเศษ
C11297,0.013536554,ต่ำ,1,ลูกค้าชั้นยอด (Champions),10.0,35.0,53254.23,1521.5494285714287,7.0,0.7,0.03226895007613122,1.0,4.0,มีเรื่องร้องเรียนค้าง 1 เรื่อง,ไม่ต้องดำเนินการเป็นพิเศษ
C12387,0.01332723,ต่ำ,2,ลูกค้าห่างหายมูลค่าต่ำ (Dormant / Low-Value),0.0,10.0,3709.08,370.908,4.0,2.0,0.033837112983136144,0.0,,ความเสี่ยงมาจากรูปแบบรวมหลายปัจจัย,ไม่ต้องดำเนินการเป็นพิเศษ
C11272,0.01313613,ต่ำ,1,ลูกค้าชั้นยอด (Champions),2.0,50.0,90006.31,1800.1262,10.0,0.8333333333333334,0.010191671742744417,0.0,,ความเสี่ยงมาจากรูปแบบรวมหลายปัจจัย,ไม่ต้องดำเนินการเป็นพิเศษ
C11951,0.013105388,ต่ำ,1,ลูกค้าชั้นยอด (Champions),15.0,21.0,33711.39,1605.3042857142857,6.0,2.0,0.029375511960992348,0.0,,ความเสี่ยงมาจากรูปแบบรวมหลายปัจจัย,ไม่ต้องดำเนินการเป็นพิเศษ
C12201,0.012887244,ต่ำ,1,ลูกค้าชั้นยอด (Champions),7.0,84.0,176405.73,2100.0682142857145,9.0,0.47368421052631576,0.0,0.0,3.0,ความถี่ 90 วันล่าสุดลดลงชัดเจน,ไม่ต้องดำเนินการเป็นพิเศษ
C12148,0.012860054,ต่ำ,1,ลูกค้าชั้นยอด (Champions),4.0,68.0,169493.36,2492.549411764706,17.0,0.9444444444444444,0.0024352128386379572,0.0,,ความเสี่ยงมาจากรูปแบบรวมหลายปัจจัย,ไม่ต้องดำเนินการเป็นพิเศษ
C10446,0.012733201,ต่ำ,3,ลูกค้าใหม่กำลังก่อตัว (New / Developing),21.0,2.0,4182.860000000001,2091.4300000000003,2.0,2.0,0.034467635232146396,0.0,,ความเสี่ยงมาจากรูปแบบรวมหลายปัจจัย,ไม่ต้องดำเนินการเป็นพิเศษ
C10129,0.012601687,ต่ำ,0,ลูกค้าคุณค่าสูงที่กำลังห่างหาย (At-Risk High-Value),16.0,18.0,15653.49,869.6383333333333,7.0,0.875,0.06170674952975915,0.0,,ความเสี่ยงมาจากรูปแบบรวมหลายปัจจัย,ไม่ต้องดำเนินการเป็นพิเศษ
C12928,0.012529967,ต่ำ,3,ลูกค้าใหม่กำลังก่อตัว (New / Developing),9.0,1.0,714.14,714.14,1.0,1.0,0.0,0.0,,ความเสี่ยงมาจากรูปแบบรวมหลายปัจจัย,ไม่ต้องดำเนินการเป็นพิเศษ
C12645,0.0124973245,ต่ำ,1,ลูกค้าชั้นยอด (Champions),6.0,52.0,103567.12,1991.6753846153845,11.0,1.2222222222222223,0.004093647610128506,0.0,,ความเสี่ยงมาจากรูปแบบรวมหลายปัจจัย,ไม่ต้องดำเนินการเป็นพิเศษ
C10277,0.012487047,ต่ำ,1,ลูกค้าชั้นยอด (Champions),9.0,53.0,127534.68,2406.314716981132,8.0,0.5333333333333333,0.0,0.0,,ความถี่ 90 วันล่าสุดลดลงชัดเจน,ไม่ต้องดำเนินการเป็นพิเศษ
C10733,0.012469091,ต่ำ,1,ลูกค้าชั้นยอด (Champions),16.0,34.0,46625.06,1371.325294117647,6.0,0.75,0.0,0.0,,ความเสี่ยงมาจากรูปแบบรวมหลายปัจจัย,ไม่ต้องดำเนินการเป็นพิเศษ
C12956,0.01242935,ต่ำ,1,ลูกค้าชั้นยอด (Champions),17.0,26.0,45820.29,1762.3188461538462,4.0,0.5714285714285714,0.013778600939078291,0.0,,ความถี่ 90 วันล่าสุดลดลงชัดเจน,ไม่ต้องดำเนินการเป็นพิเศษ
C10743,0.012328265,ต่ำ,3,ลูกค้าใหม่กำลังก่อตัว (New / Developing),9.0,2.0,1696.9099999999999,848.4549999999999,2.0,2.0,0.0,0.0,,ความเสี่ยงมาจากรูปแบบรวมหลายปัจจัย,ไม่ต้องดำเนินการเป็นพิเศษ
C10701,0.012271963,ต่ำ,0,ลูกค้าคุณค่าสูงที่กำลังห่างหาย (At-Risk High-Value),3.0,17.0,20905.61,1229.7417647058824,3.0,0.42857142857142855,0.032903453227292746,0.0,,ความถี่ 90 วันล่าสุดลดลงชัดเจน,ไม่ต้องดำเนินการเป็นพิเศษ
C12276,0.0122179985,ต่ำ,2,ลูกค้าห่างหายมูลค่าต่ำ (Dormant / Low-Value),6.0,13.0,5260.18,404.6292307692308,4.0,0.5714285714285714,0.06042879419271983,0.0,,ความถี่ 90 วันล่าสุดลดลงชัดเจน,ไม่ต้องดำเนินการเป็นพิเศษ
C11638,0.0121302,ต่ำ,1,ลูกค้าชั้นยอด (Champions),2.0,104.0,283376.33,2724.772403846154,23.0,2.5555555555555554,0.00033308551235003967,0.0,,ความเสี่ยงมาจากรูปแบบรวมหลายปัจจัย,ไม่ต้องดำเนินการเป็นพิเศษ
C11630,0.012101349,ต่ำ,1,ลูกค้าชั้นยอด (Champions),7.0,49.0,119144.96,2431.5297959183677,9.0,0.8181818181818182,0.01983779212886992,0.0,,ความเสี่ยงมาจากรูปแบบรวมหลายปัจจัย,ไม่ต้องดำเนินการเป็นพิเศษ
C12241,0.012032793,ต่ำ,1,ลูกค้าชั้นยอด (Champions),3.0,86.0,206338.91,2399.289651162791,4.0,0.25,0.007666602303000893,0.0,2.0,ความถี่ 90 วันล่าสุดลดลงชัดเจน · คะแนนความพึงพอใจต่ำ (2.0/5),ไม่ต้องดำเนินการเป็นพิเศษ
C11203,0.011968386,ต่ำ,1,ลูกค้าชั้นยอด (Champions),6.0,80.0,237055.52,2963.194,17.0,1.2142857142857142,0.0,0.0,2.0,คะแนนความพึงพอใจต่ำ (2.0/5),ไม่ต้องดำเนินการเป็นพิเศษ
C11950,0.011924137,ต่ำ,1,ลูกค้าชั้นยอด (Champions),13.0,30.0,61331.92,2044.3973333333333,10.0,5.0,0.031043092981720262,0.0,,ความเสี่ยงมาจากรูปแบบรวมหลายปัจจัย,ไม่ต้องดำเนินการเป็นพิเศษ
C10559,0.011908377,ต่ำ,1,ลูกค้าชั้นยอด (Champions),8.0,70.0,176130.86,2516.1551428571424,8.0,0.8888888888888888,0.03628382175589183,0.0,,ความเสี่ยงมาจากรูปแบบรวมหลายปัจจัย,ไม่ต้องดำเนินการเป็นพิเศษ
C10158,0.011873345,ต่ำ,1,ลูกค้าชั้นยอด (Champions),4.0,28.0,47470.62,1695.3792857142857,2.0,0.4,0.006569280894883764,0.0,3.0,ความถี่ 90 วันล่าสุดลดลงชัดเจน,ไม่ต้องดำเนินการเป็นพิเศษ
C10181,0.011820765,ต่ำ,3,ลูกค้าใหม่กำลังก่อตัว (New / Developing),8.0,2.0,1418.81,709.405,2.0,2.0,0.025006871907641563,0.0,,ความเสี่ยงมาจากรูปแบบรวมหลายปัจจัย,ไม่ต้องดำเนินการเป็นพิเศษ
C12243,0.011682093,ต่ำ,0,ลูกค้าคุณค่าสูงที่กำลังห่างหาย (At-Risk High-Value),2.0,12.0,13981.68,1165.14,4.0,1.3333333333333333,0.022249883740039233,0.0,3.0,ความเสี่ยงมาจากรูปแบบรวมหลายปัจจัย,ไม่ต้องดำเนินการเป็นพิเศษ
C12931,0.011628499,ต่ำ,1,ลูกค้าชั้นยอด (Champions),21.0,63.0,141220.62,2241.597142857143,11.0,0.6470588235294118,0.010595590534940214,0.0,,ความเสี่ยงมาจากรูปแบบรวมหลายปัจจัย,ไม่ต้องดำเนินการเป็นพิเศษ
C11430,0.011617209,ต่ำ,1,ลูกค้าชั้นยอด (Champions),14.0,27.0,42760.33,1583.715925925926,4.0,1.0,0.0,0.0,,ความเสี่ยงมาจากรูปแบบรวมหลายปัจจัย,ไม่ต้องดำเนินการเป็นพิเศษ
C12665,0.011577608,ต่ำ,1,ลูกค้าชั้นยอด (Champions),8.0,37.0,47932.19,1295.4645945945947,10.0,1.6666666666666667,0.009549465815520124,0.0,4.0,ความเสี่ยงมาจากรูปแบบรวมหลายปัจจัย,ไม่ต้องดำเนินการเป็นพิเศษ
C10278,0.011553842,ต่ำ,1,ลูกค้าชั้นยอด (Champions),17.0,63.0,126787.46,2012.4993650793651,11.0,0.9166666666666666,0.017862951218671434,0.0,,ความเสี่ยงมาจากรูปแบบรวมหลายปัจจัย,ไม่ต้องดำเนินการเป็นพิเศษ
C11448,0.0115445005,ต่ำ,1,ลูกค้าชั้นยอด (Champions),15.0,32.0,61026.51,1907.0784375,5.0,1.6666666666666667,0.02637163332746751,0.0,,ความเสี่ยงมาจากรูปแบบรวมหลายปัจจัย,ไม่ต้องดำเนินการเป็นพิเศษ
C11645,0.011485113,ต่ำ,1,ลูกค้าชั้นยอด (Champions),1.0,23.0,26465.39,1150.6691304347826,6.0,0.8571428571428571,0.0,0.0,,ความเสี่ยงมาจากรูปแบบรวมหลายปัจจัย,ไม่ต้องดำเนินการเป็นพิเศษ
C11867,0.011444505,ต่ำ,3,ลูกค้าใหม่กำลังก่อตัว (New / Developing),7.0,4.0,3739.32,934.83,3.0,1.5,0.025365945202051793,0.0,4.0,ความเสี่ยงมาจากรูปแบบรวมหลายปัจจัย,ไม่ต้องดำเนินการเป็นพิเศษ
C11372,0.011239001,ต่ำ,1,ลูกค้าชั้นยอด (Champions),7.0,20.0,29633.71,1481.6855,6.0,1.2,0.024659562241178764,0.0,,ความเสี่ยงมาจากรูปแบบรวมหลายปัจจัย,ไม่ต้องดำเนินการเป็นพิเศษ
C10929,0.011215085,ต่ำ,0,ลูกค้าคุณค่าสูงที่กำลังห่างหาย (At-Risk High-Value),2.0,42.0,40683.41,968.6526190476192,3.0,0.6,0.027762602777765828,0.0,2.0,คะแนนความพึงพอใจต่ำ (2.0/5),ไม่ต้องดำเนินการเป็นพิเศษ
C11397,0.011141381,ต่ำ,3,ลูกค้าใหม่กำลังก่อตัว (New / Developing),28.0,1.0,2080.34,2080.34,1.0,1.0,0.04003506990909511,0.0,,ความเสี่ยงมาจากรูปแบบรวมหลายปัจจัย,ไม่ต้องดำเนินการเป็นพิเศษ
C12910,0.011074233,ต่ำ,3,ลูกค้าใหม่กำลังก่อตัว (New / Developing),20.0,2.0,3500.79,1750.395,2.0,2.0,0.00559581194663243,0.0,,ความเสี่ยงมาจากรูปแบบรวมหลายปัจจัย,ไม่ต้องดำเนินการเป็นพิเศษ
C11843,0.011030874,ต่ำ,0,ลูกค้าคุณค่าสูงที่กำลังห่างหาย (At-Risk High-Value),5.0,32.0,34875.78,1089.868125,10.0,2.5,0.024071251419087593,0.0,2.5,ความเสี่ยงมาจากรูปแบบรวมหลายปัจจัย,ไม่ต้องดำเนินการเป็นพิเศษ
C12379,0.01098298,ต่ำ,1,ลูกค้าชั้นยอด (Champions),27.0,59.0,199816.68,3386.7233898305085,10.0,0.7142857142857143,0.0,0.0,4.0,ความเสี่ยงมาจากรูปแบบรวมหลายปัจจัย,ไม่ต้องดำเนินการเป็นพิเศษ
C10909,0.0109820105,ต่ำ,0,ลูกค้าคุณค่าสูงที่กำลังห่างหาย (At-Risk High-Value),9.0,20.0,28458.75,1422.9375,6.0,1.2,0.012014651709452892,0.0,,ความเสี่ยงมาจากรูปแบบรวมหลายปัจจัย,ไม่ต้องดำเนินการเป็นพิเศษ
C11982,0.010936068,ต่ำ,1,ลูกค้าชั้นยอด (Champions),3.0,99.0,215703.64,2178.824646464647,14.0,0.8235294117647058,0.013585176900246701,0.0,,ความเสี่ยงมาจากรูปแบบรวมหลายปัจจัย,ไม่ต้องดำเนินการเป็นพิเศษ
C12522,0.0107545145,ต่ำ,3,ลูกค้าใหม่กำลังก่อตัว (New / Developing),25.0,1.0,789.19,789.19,1.0,1.0,0.06664380159424747,0.0,,ความเสี่ยงมาจากรูปแบบรวมหลายปัจจัย,ไม่ต้องดำเนินการเป็นพิเศษ
C12854,0.010751719,ต่ำ,1,ลูกค้าชั้นยอด (Champions),16.0,82.0,166017.96,2024.6092682926828,6.0,0.5454545454545454,0.0,0.0,,ความถี่ 90 วันล่าสุดลดลงชัดเจน,ไม่ต้องดำเนินการเป็นพิเศษ
C11054,0.010747226,ต่ำ,1,ลูกค้าชั้นยอด (Champions),26.0,11.0,23466.78,2133.343636363636,3.0,0.6,0.008496747490692026,0.0,,ความเสี่ยงมาจากรูปแบบรวมหลายปัจจัย,ไม่ต้องดำเนินการเป็นพิเศษ
C11264,0.010626842,ต่ำ,1,ลูกค้าชั้นยอด (Champions),22.0,65.0,108858.5,1674.746153846154,10.0,0.8333333333333334,0.0,0.0,,ความเสี่ยงมาจากรูปแบบรวมหลายปัจจัย,ไม่ต้องดำเนินการเป็นพิเศษ
C12215,0.010601929,ต่ำ,1,ลูกค้าชั้นยอด (Champions),5.0,19.0,19823.67,1043.3510526315788,8.0,1.0,0.0,0.0,,ความเสี่ยงมาจากรูปแบบรวมหลายปัจจัย,ไม่ต้องดำเนินการเป็นพิเศษ
C11414,0.010560394,ต่ำ,3,ลูกค้าใหม่กำลังก่อตัว (New / Developing),6.0,2.0,1492.42,746.21,2.0,2.0,0.028245865347050394,0.0,,ความเสี่ยงมาจากรูปแบบรวมหลายปัจจัย,ไม่ต้องดำเนินการเป็นพิเศษ
C10271,0.010475322,ต่ำ,1,ลูกค้าชั้นยอด (Champions),14.0,54.0,146320.58,2709.64037037037,7.0,0.5833333333333334,0.008367240980511635,0.0,4.0,ความถี่ 90 วันล่าสุดลดลงชัดเจน,ไม่ต้องดำเนินการเป็นพิเศษ
C12939,0.010436061,ต่ำ,3,ลูกค้าใหม่กำลังก่อตัว (New / Developing),2.0,7.0,15355.76,2193.68,5.0,1.6666666666666667,0.031855454441139346,0.0,,ความเสี่ยงมาจากรูปแบบรวมหลายปัจจัย,ไม่ต้องดำเนินการเป็นพิเศษ
C12107,0.010313959,ต่ำ,1,ลูกค้าชั้นยอด (Champions),10.0,16.0,36798.46,2299.90375,5.0,0.7142857142857143,0.03131204271671483,0.0,,ความเสี่ยงมาจากรูปแบบรวมหลายปัจจัย,ไม่ต้องดำเนินการเป็นพิเศษ
C11614,0.010294644,ต่ำ,1,ลูกค้าชั้นยอด (Champions),7.0,29.0,47506.89,1638.1686206896552,5.0,0.5555555555555556,0.003489378947182948,0.0,5.0,ความถี่ 90 วันล่าสุดลดลงชัดเจน,ไม่ต้องดำเนินการเป็นพิเศษ
C12164,0.010263743,ต่ำ,1,ลูกค้าชั้นยอด (Champions),1.0,31.0,31882.65,1028.4725806451613,3.0,0.6,0.02471803907533335,0.0,,ความเสี่ยงมาจากรูปแบบรวมหลายปัจจัย,ไม่ต้องดำเนินการเป็นพิเศษ
C10862,0.01025949,ต่ำ,3,ลูกค้าใหม่กำลังก่อตัว (New / Developing),0.0,2.0,2532.85,1266.425,1.0,0.5,0.05456452521994901,0.0,,ความถี่ 90 วันล่าสุดลดลงชัดเจน,ไม่ต้องดำเนินการเป็นพิเศษ
C11720,0.0102551,ต่ำ,2,ลูกค้าห่างหายมูลค่าต่ำ (Dormant / Low-Value),7.0,2.0,405.81,202.905,1.0,1.0,0.09938081182449676,0.0,,ความเสี่ยงมาจากรูปแบบรวมหลายปัจจัย,ไม่ต้องดำเนินการเป็นพิเศษ
C12078,0.010251548,ต่ำ,3,ลูกค้าใหม่กำลังก่อตัว (New / Developing),17.0,1.0,228.86,228.86,1.0,1.0,0.05710283454185893,0.0,,ความเสี่ยงมาจากรูปแบบรวมหลายปัจจัย,ไม่ต้องดำเนินการเป็นพิเศษ
C11632,0.010245831,ต่ำ,1,ลูกค้าชั้นยอด (Champions),4.0,61.0,143279.23,2348.8398360655738,9.0,0.5625,0.016792975274694547,0.0,4.0,ความถี่ 90 วันล่าสุดลดลงชัดเจน,ไม่ต้องดำเนินการเป็นพิเศษ
C12872,0.0101420665,ต่ำ,1,ลูกค้าชั้นยอด (Champions),15.0,38.0,65838.66,1732.5963157894737,4.0,0.5,0.011565252208372413,0.0,,ความถี่ 90 วันล่าสุดลดลงชัดเจน,ไม่ต้องดำเนินการเป็นพิเศษ
C10605,0.010140324,ต่ำ,3,ลูกค้าใหม่กำลังก่อตัว (New / Developing),41.0,1.0,1540.14,1540.14,1.0,1.0,0.0,0.0,5.0,ความเสี่ยงมาจากรูปแบบรวมหลายปัจจัย,ไม่ต้องดำเนินการเป็นพิเศษ
C11368,0.010090178,ต่ำ,3,ลูกค้าใหม่กำลังก่อตัว (New / Developing),64.0,2.0,905.62,452.81,1.0,1.0,0.006330988928998562,0.0,,ไม่ซื้อมา 64 วัน,ไม่ต้องดำเนินการเป็นพิเศษ
C12779,0.010076413,ต่ำ,2,ลูกค้าห่างหายมูลค่าต่ำ (Dormant / Low-Value),18.0,1.0,565.42,565.42,1.0,1.0,0.10811407659789261,0.0,,ซื้อเมื่อมีส่วนลดเป็นหลัก (11%),ไม่ต้องดำเนินการเป็นพิเศษ
C12613,0.01003055,ต่ำ,0,ลูกค้าคุณค่าสูงที่กำลังห่างหาย (At-Risk High-Value),0.0,12.0,11967.460000000001,997.2883333333334,6.0,1.5,0.011790022328211497,0.0,,ความเสี่ยงมาจากรูปแบบรวมหลายปัจจัย,ไม่ต้องดำเนินการเป็นพิเศษ
C12171,0.010026962,ต่ำ,3,ลูกค้าใหม่กำลังก่อตัว (New / Developing),3.0,1.0,2540.01,2540.01,1.0,1.0,0.0,0.0,,ความเสี่ยงมาจากรูปแบบรวมหลายปัจจัย,ไม่ต้องดำเนินการเป็นพิเศษ
C11211,0.0100207105,ต่ำ,1,ลูกค้าชั้นยอด (Champions),18.0,28.0,53501.94,1910.7835714285716,8.0,0.8888888888888888,0.03892758986150281,0.0,,ความเสี่ยงมาจากรูปแบบรวมหลายปัจจัย,ไม่ต้องดำเนินการเป็นพิเศษ
C11914,0.009960494,ต่ำ,1,ลูกค้าชั้นยอด (Champions),14.0,74.0,183011.51,2473.1285135135136,14.0,0.875,0.004430549417503382,0.0,4.0,ความเสี่ยงมาจากรูปแบบรวมหลายปัจจัย,ไม่ต้องดำเนินการเป็นพิเศษ
C11652,0.009947153,ต่ำ,0,ลูกค้าคุณค่าสูงที่กำลังห่างหาย (At-Risk High-Value),6.0,34.0,25864.63,760.7244117647059,10.0,1.25,0.01427182553066777,0.0,3.0,ความเสี่ยงมาจากรูปแบบรวมหลายปัจจัย,ไม่ต้องดำเนินการเป็นพิเศษ
C12253,0.009921115,ต่ำ,3,ลูกค้าใหม่กำลังก่อตัว (New / Developing),5.0,2.0,2652.42,1326.21,2.0,2.0,0.0,0.0,,ความเสี่ยงมาจากรูปแบบรวมหลายปัจจัย,ไม่ต้องดำเนินการเป็นพิเศษ
C12129,0.009848563,ต่ำ,0,ลูกค้าคุณค่าสูงที่กำลังห่างหาย (At-Risk High-Value),11.0,22.0,24162.19,1098.2813636363635,6.0,1.5,0.007683594751056294,0.0,,ความเสี่ยงมาจากรูปแบบรวมหลายปัจจัย,ไม่ต้องดำเนินการเป็นพิเศษ
C10621,0.009836072,ต่ำ,1,ลูกค้าชั้นยอด (Champions),3.0,29.0,40545.1,1398.106896551724,7.0,1.75,0.036828480824869024,0.0,,ความเสี่ยงมาจากรูปแบบรวมหลายปัจจัย,ไม่ต้องดำเนินการเป็นพิเศษ
C12943,0.009826023,ต่ำ,0,ลูกค้าคุณค่าสูงที่กำลังห่างหาย (At-Risk High-Value),1.0,41.0,41003.12,1000.0760975609757,5.0,0.5,0.025530581989658102,0.0,4.0,ความถี่ 90 วันล่าสุดลดลงชัดเจน,ไม่ต้องดำเนินการเป็นพิเศษ
C11153,0.009808599,ต่ำ,1,ลูกค้าชั้นยอด (Champions),4.0,97.0,182871.04,1885.2684536082475,12.0,0.75,0.0,0.0,,ความเสี่ยงมาจากรูปแบบรวมหลายปัจจัย,ไม่ต้องดำเนินการเป็นพิเศษ
C12320,0.009803173,ต่ำ,0,ลูกค้าคุณค่าสูงที่กำลังห่างหาย (At-Risk High-Value),1.0,27.0,27483.05,1017.8907407407407,5.0,0.7142857142857143,0.02196247713539405,0.0,,ความเสี่ยงมาจากรูปแบบรวมหลายปัจจัย,ไม่ต้องดำเนินการเป็นพิเศษ
C12009,0.009769317,ต่ำ,1,ลูกค้าชั้นยอด (Champions),24.0,31.0,55202.51,1780.726129032258,7.0,1.75,0.032322974868536886,0.0,,ความเสี่ยงมาจากรูปแบบรวมหลายปัจจัย,ไม่ต้องดำเนินการเป็นพิเศษ
C10384,0.009767536,ต่ำ,3,ลูกค้าใหม่กำลังก่อตัว (New / Developing),7.0,1.0,965.22,965.22,1.0,1.0,0.0,0.0,4.0,ความเสี่ยงมาจากรูปแบบรวมหลายปัจจัย,ไม่ต้องดำเนินการเป็นพิเศษ
C12630,0.009754718,ต่ำ,1,ลูกค้าชั้นยอด (Champions),14.0,79.0,191129.46,2419.360253164557,18.0,2.0,0.03625701801558542,0.0,,ความเสี่ยงมาจากรูปแบบรวมหลายปัจจัย,ไม่ต้องดำเนินการเป็นพิเศษ
C11478,0.009754216,ต่ำ,1,ลูกค้าชั้นยอด (Champions),4.0,37.0,35929.47,971.0667567567568,5.0,0.7142857142857143,0.012936410519016844,0.0,,ความเสี่ยงมาจากรูปแบบรวมหลายปัจจัย,ไม่ต้องดำเนินการเป็นพิเศษ
C10728,0.009747941,ต่ำ,1,ลูกค้าชั้นยอด (Champions),4.0,22.0,39453.3,1793.3318181818183,9.0,1.2857142857142858,0.02099583567207667,0.0,,ความเสี่ยงมาจากรูปแบบรวมหลายปัจจัย,ไม่ต้องดำเนินการเป็นพิเศษ
C11461,0.009699211,ต่ำ,1,ลูกค้าชั้นยอด (Champions),7.0,36.0,54884.5,1524.5694444444443,7.0,1.75,0.02410761531940074,0.0,,ความเสี่ยงมาจากรูปแบบรวมหลายปัจจัย,ไม่ต้องดำเนินการเป็นพิเศษ
C11407,0.009650655,ต่ำ,0,ลูกค้าคุณค่าสูงที่กำลังห่างหาย (At-Risk High-Value),16.0,17.0,7065.36,415.60941176470584,6.0,6.0,0.050112259851306115,0.0,,ความเสี่ยงมาจากรูปแบบรวมหลายปัจจัย,ไม่ต้องดำเนินการเป็นพิเศษ
C12721,0.009626894,ต่ำ,1,ลูกค้าชั้นยอด (Champions),6.0,65.0,143871.11,2213.401692307692,7.0,0.875,0.0,0.0,,ความเสี่ยงมาจากรูปแบบรวมหลายปัจจัย,ไม่ต้องดำเนินการเป็นพิเศษ
C10172,0.009616371,ต่ำ,1,ลูกค้าชั้นยอด (Champions),3.0,90.0,198154.66,2201.7184444444447,20.0,1.1764705882352942,0.0340464419938665,0.0,,ความเสี่ยงมาจากรูปแบบรวมหลายปัจจัย,ไม่ต้องดำเนินการเป็นพิเศษ
C12112,0.009545017,ต่ำ,1,ลูกค้าชั้นยอด (Champions),1.0,35.0,37997.65,1085.6471428571429,9.0,1.2857142857142858,0.030198921055096528,0.0,,ความเสี่ยงมาจากรูปแบบรวมหลายปัจจัย,ไม่ต้องดำเนินการเป็นพิเศษ
C11792,0.009509308,ต่ำ,1,ลูกค้าชั้นยอด (Champions),17.0,92.0,197697.26,2148.883260869565,10.0,0.5882352941176471,0.0,0.0,,ความถี่ 90 วันล่าสุดลดลงชัดเจน,ไม่ต้องดำเนินการเป็นพิเศษ
C11311,0.009469101,ต่ำ,1,ลูกค้าชั้นยอด (Champions),14.0,46.0,97362.25,2116.570652173913,12.0,0.8571428571428571,0.013886399016339977,1.0,2.0,คะแนนความพึงพอใจต่ำ (2.0/5) · มีเรื่องร้องเรียนค้าง 1 เรื่อง,ไม่ต้องดำเนินการเป็นพิเศษ
C12771,0.009466852,ต่ำ,1,ลูกค้าชั้นยอด (Champions),16.0,82.0,169500.56,2067.08,12.0,1.0,0.0,0.0,,ความเสี่ยงมาจากรูปแบบรวมหลายปัจจัย,ไม่ต้องดำเนินการเป็นพิเศษ
C12419,0.009455287,ต่ำ,3,ลูกค้าใหม่กำลังก่อตัว (New / Developing),16.0,1.0,1531.69,1531.69,1.0,1.0,0.02043935663351773,0.0,,ความเสี่ยงมาจากรูปแบบรวมหลายปัจจัย,ไม่ต้องดำเนินการเป็นพิเศษ
C10288,0.00944548,ต่ำ,1,ลูกค้าชั้นยอด (Champions),10.0,71.0,146766.62,2067.1354929577465,13.0,1.0833333333333333,0.03029997502520604,0.0,2.0,คะแนนความพึงพอใจต่ำ (2.0/5),ไม่ต้องดำเนินการเป็นพิเศษ
C11928,0.009403857,ต่ำ,1,ลูกค้าชั้นยอด (Champions),4.0,24.0,33563.19,1398.4662500000002,5.0,1.6666666666666667,0.022073514084911264,0.0,,ความเสี่ยงมาจากรูปแบบรวมหลายปัจจัย,ไม่ต้องดำเนินการเป็นพิเศษ
C12134,0.009355532,ต่ำ,1,ลูกค้าชั้นยอด (Champions),26.0,27.0,46595.5,1725.7592592592594,4.0,1.0,0.008883263037368498,0.0,,ความเสี่ยงมาจากรูปแบบรวมหลายปัจจัย,ไม่ต้องดำเนินการเป็นพิเศษ
C12187,0.009345166,ต่ำ,1,ลูกค้าชั้นยอด (Champions),7.0,21.0,43690.05,2080.4785714285717,6.0,0.6666666666666666,0.020978684070474218,0.0,,ความเสี่ยงมาจากรูปแบบรวมหลายปัจจัย,ไม่ต้องดำเนินการเป็นพิเศษ
C11449,0.009101296,ต่ำ,1,ลูกค้าชั้นยอด (Champions),6.0,56.0,119643.93000000001,2136.49875,12.0,0.75,0.017760997181204583,0.0,,ความเสี่ยงมาจากรูปแบบรวมหลายปัจจัย,ไม่ต้องดำเนินการเป็นพิเศษ
C11745,0.009093781,ต่ำ,3,ลูกค้าใหม่กำลังก่อตัว (New / Developing),4.0,1.0,461.51,461.51,1.0,1.0,0.0,0.0,,ความเสี่ยงมาจากรูปแบบรวมหลายปัจจัย,ไม่ต้องดำเนินการเป็นพิเศษ
C11538,0.009070226,ต่ำ,0,ลูกค้าคุณค่าสูงที่กำลังห่างหาย (At-Risk High-Value),20.0,25.0,38269.67,1530.7867999999999,6.0,1.5,0.018105550843174174,0.0,,ความเสี่ยงมาจากรูปแบบรวมหลายปัจจัย,ไม่ต้องดำเนินการเป็นพิเศษ
C11401,0.009026441,ต่ำ,3,ลูกค้าใหม่กำลังก่อตัว (New / Developing),44.0,1.0,584.56,584.56,1.0,1.0,0.0,0.0,,ความเสี่ยงมาจากรูปแบบรวมหลายปัจจัย,ไม่ต้องดำเนินการเป็นพิเศษ
C10389,0.009019397,ต่ำ,3,ลูกค้าใหม่กำลังก่อตัว (New / Developing),28.0,1.0,1575.11,1575.11,1.0,1.0,0.0,0.0,,ความเสี่ยงมาจากรูปแบบรวมหลายปัจจัย,ไม่ต้องดำเนินการเป็นพิเศษ
C10601,0.008992149,ต่ำ,1,ลูกค้าชั้นยอด (Champions),5.0,29.0,53041.43,1829.0148275862068,9.0,0.8181818181818182,0.032049184590945044,0.0,,ความเสี่ยงมาจากรูปแบบรวมหลายปัจจัย,ไม่ต้องดำเนินการเป็นพิเศษ
C12676,0.008988397,ต่ำ,2,ลูกค้าห่างหายมูลค่าต่ำ (Dormant / Low-Value),17.0,1.0,62.41,62.41,1.0,1.0,0.0,0.0,,ความเสี่ยงมาจากรูปแบบรวมหลายปัจจัย,ไม่ต้องดำเนินการเป็นพิเศษ
C12349,0.008950711,ต่ำ,2,ลูกค้าห่างหายมูลค่าต่ำ (Dormant / Low-Value),8.0,7.0,2536.42,362.3457142857143,4.0,1.3333333333333333,0.019202808884489265,0.0,,ความเสี่ยงมาจากรูปแบบรวมหลายปัจจัย,ไม่ต้องดำเนินการเป็นพิเศษ
C12703,0.008943055,ต่ำ,1,ลูกค้าชั้นยอด (Champions),4.0,67.0,139866.23,2087.5556716417914,11.0,0.8461538461538461,0.0,0.0,,ความเสี่ยงมาจากรูปแบบรวมหลายปัจจัย,ไม่ต้องดำเนินการเป็นพิเศษ
C10042,0.008922699,ต่ำ,3,ลูกค้าใหม่กำลังก่อตัว (New / Developing),2.0,11.0,11031.01,1002.819090909091,2.0,0.4,0.04308748224929323,0.0,,ความถี่ 90 วันล่าสุดลดลงชัดเจน,ไม่ต้องดำเนินการเป็นพิเศษ
C12915,0.008905166,ต่ำ,1,ลูกค้าชั้นยอด (Champions),16.0,32.0,56531.22,1766.600625,4.0,1.3333333333333333,0.012211410503008209,0.0,4.0,ความเสี่ยงมาจากรูปแบบรวมหลายปัจจัย,ไม่ต้องดำเนินการเป็นพิเศษ
C11121,0.008872701,ต่ำ,1,ลูกค้าชั้นยอด (Champions),3.0,25.0,45254.76,1810.1904000000002,5.0,0.8333333333333334,0.02482859259533803,0.0,,ความเสี่ยงมาจากรูปแบบรวมหลายปัจจัย,ไม่ต้องดำเนินการเป็นพิเศษ
C11575,0.008870408,ต่ำ,3,ลูกค้าใหม่กำลังก่อตัว (New / Developing),18.0,2.0,1053.71,526.855,1.0,1.0,0.050095557478724934,0.0,,ความเสี่ยงมาจากรูปแบบรวมหลายปัจจัย,ไม่ต้องดำเนินการเป็นพิเศษ
C12350,0.008863975,ต่ำ,1,ลูกค้าชั้นยอด (Champions),6.0,61.0,157906.94,2588.638360655738,7.0,0.35,0.029600731743529892,1.0,2.0,ความถี่ 90 วันล่าสุดลดลงชัดเจน · คะแนนความพึงพอใจต่ำ (2.0/5) · มีเรื่องร้องเรียนค้าง 1 เรื่อง,ไม่ต้องดำเนินการเป็นพิเศษ
C10941,0.008823732,ต่ำ,3,ลูกค้าใหม่กำลังก่อตัว (New / Developing),8.0,1.0,875.2,875.2,1.0,1.0,0.046893036830527306,0.0,,ความเสี่ยงมาจากรูปแบบรวมหลายปัจจัย,ไม่ต้องดำเนินการเป็นพิเศษ
C12667,0.00877849,ต่ำ,3,ลูกค้าใหม่กำลังก่อตัว (New / Developing),3.0,2.0,2130.33,1065.165,2.0,2.0,0.021172481287992612,0.0,,ความเสี่ยงมาจากรูปแบบรวมหลายปัจจัย,ไม่ต้องดำเนินการเป็นพิเศษ
C12564,0.008699151,ต่ำ,1,ลูกค้าชั้นยอด (Champions),8.0,18.0,26584.8,1476.9333333333334,8.0,1.3333333333333333,0.021357645026795526,0.0,,ความเสี่ยงมาจากรูปแบบรวมหลายปัจจัย,ไม่ต้องดำเนินการเป็นพิเศษ
C10667,0.008683605,ต่ำ,0,ลูกค้าคุณค่าสูงที่กำลังห่างหาย (At-Risk High-Value),3.0,11.0,21506.02,1955.0927272727274,5.0,1.25,0.03643280641708451,0.0,,ความเสี่ยงมาจากรูปแบบรวมหลายปัจจัย,ไม่ต้องดำเนินการเป็นพิเศษ
C10474,0.008672156,ต่ำ,1,ลูกค้าชั้นยอด (Champions),11.0,41.0,99161.69,2418.577804878049,8.0,1.3333333333333333,0.026391737313264014,1.0,1.0,คะแนนความพึงพอใจต่ำ (1.0/5) · มีเรื่องร้องเรียนค้าง 1 เรื่อง,ไม่ต้องดำเนินการเป็นพิเศษ
C11175,0.008627685,ต่ำ,1,ลูกค้าชั้นยอด (Champions),10.0,35.0,39277.03,1122.200857142857,7.0,1.0,0.01036698810334888,0.0,,ความเสี่ยงมาจากรูปแบบรวมหลายปัจจัย,ไม่ต้องดำเนินการเป็นพิเศษ
C10438,0.008525681,ต่ำ,1,ลูกค้าชั้นยอด (Champions),9.0,23.0,41278.34,1794.7104347826084,6.0,3.0,0.0015077162513331304,0.0,4.0,ความเสี่ยงมาจากรูปแบบรวมหลายปัจจัย,ไม่ต้องดำเนินการเป็นพิเศษ
C11677,0.008485833,ต่ำ,1,ลูกค้าชั้นยอด (Champions),3.0,64.0,122610.66,1915.7915625,21.0,2.3333333333333335,0.019335879372483916,0.0,,ความเสี่ยงมาจากรูปแบบรวมหลายปัจจัย,ไม่ต้องดำเนินการเป็นพิเศษ
C12879,0.008479224,ต่ำ,3,ลูกค้าใหม่กำลังก่อตัว (New / Developing),8.0,1.0,559.72,559.72,1.0,1.0,0.0,0.0,,ความเสี่ยงมาจากรูปแบบรวมหลายปัจจัย,ไม่ต้องดำเนินการเป็นพิเศษ
C11620,0.008409577,ต่ำ,0,ลูกค้าคุณค่าสูงที่กำลังห่างหาย (At-Risk High-Value),13.0,19.0,17093.2,899.642105263158,4.0,0.4,0.006468660216025002,0.0,,ความถี่ 90 วันล่าสุดลดลงชัดเจน,ไม่ต้องดำเนินการเป็นพิเศษ
C12479,0.008402709,ต่ำ,1,ลูกค้าชั้นยอด (Champions),8.0,23.0,32117.2,1396.4,9.0,1.8,0.006760309007354078,0.0,,ความเสี่ยงมาจากรูปแบบรวมหลายปัจจัย,ไม่ต้องดำเนินการเป็นพิเศษ
C11918,0.008366952,ต่ำ,3,ลูกค้าใหม่กำลังก่อตัว (New / Developing),13.0,1.0,2556.05,2556.05,1.0,1.0,0.012223304272553021,0.0,,ความเสี่ยงมาจากรูปแบบรวมหลายปัจจัย,ไม่ต้องดำเนินการเป็นพิเศษ
C12614,0.00835325,ต่ำ,1,ลูกค้าชั้นยอด (Champions),9.0,30.0,38098.04,1269.9346666666668,5.0,0.8333333333333334,0.022244190779468022,0.0,,ความเสี่ยงมาจากรูปแบบรวมหลายปัจจัย,ไม่ต้องดำเนินการเป็นพิเศษ
C12438,0.008244796,ต่ำ,3,ลูกค้าใหม่กำลังก่อตัว (New / Developing),4.0,1.0,1015.27,1015.27,1.0,1.0,0.05443691092649853,0.0,,ความเสี่ยงมาจากรูปแบบรวมหลายปัจจัย,ไม่ต้องดำเนินการเป็นพิเศษ
C11437,0.008226257,ต่ำ,3,ลูกค้าใหม่กำลังก่อตัว (New / Developing),20.0,2.0,3156.67,1578.335,2.0,2.0,0.014332239420215638,0.0,,ความเสี่ยงมาจากรูปแบบรวมหลายปัจจัย,ไม่ต้องดำเนินการเป็นพิเศษ
C12600,0.008210178,ต่ำ,3,ลูกค้าใหม่กำลังก่อตัว (New / Developing),37.0,1.0,496.23,496.23,1.0,1.0,0.15523816008988459,0.0,,ซื้อเมื่อมีส่วนลดเป็นหลัก (16%),ไม่ต้องดำเนินการเป็นพิเศษ
C12942,0.008202533,ต่ำ,3,ลูกค้าใหม่กำลังก่อตัว (New / Developing),17.0,1.0,925.16,925.16,1.0,1.0,0.0,0.0,,ความเสี่ยงมาจากรูปแบบรวมหลายปัจจัย,ไม่ต้องดำเนินการเป็นพิเศษ
C11159,0.008189359,ต่ำ,1,ลูกค้าชั้นยอด (Champions),1.0,23.0,37281.18,1620.9208695652173,4.0,0.5714285714285714,0.007530602389624551,0.0,,ความถี่ 90 วันล่าสุดลดลงชัดเจน,ไม่ต้องดำเนินการเป็นพิเศษ
C11516,0.0081309285,ต่ำ,1,ลูกค้าชั้นยอด (Champions),6.0,90.0,199965.7,2221.8411111111113,15.0,1.0,0.0035548299304541363,0.0,,ความเสี่ยงมาจากรูปแบบรวมหลายปัจจัย,ไม่ต้องดำเนินการเป็นพิเศษ
C13000,0.008129079,ต่ำ,1,ลูกค้าชั้นยอด (Champions),1.0,26.0,39313.29,1512.0496153846154,4.0,0.6666666666666666,0.011489001441028348,0.0,,ความเสี่ยงมาจากรูปแบบรวมหลายปัจจัย,ไม่ต้องดำเนินการเป็นพิเศษ
C12636,0.008040133,ต่ำ,3,ลูกค้าใหม่กำลังก่อตัว (New / Developing),3.0,1.0,444.41,444.41,1.0,1.0,0.0,0.0,,ความเสี่ยงมาจากรูปแบบรวมหลายปัจจัย,ไม่ต้องดำเนินการเป็นพิเศษ
C10644,0.007988044,ต่ำ,1,ลูกค้าชั้นยอด (Champions),9.0,45.0,68568.89,1523.7531111111111,4.0,0.5,0.010857375643991753,0.0,,ความถี่ 90 วันล่าสุดลดลงชัดเจน,ไม่ต้องดำเนินการเป็นพิเศษ
C12251,0.00797672,ต่ำ,1,ลูกค้าชั้นยอด (Champions),16.0,60.0,131302.93,2188.3821666666668,4.0,0.36363636363636365,0.018185299967233694,0.0,3.0,ความถี่ 90 วันล่าสุดลดลงชัดเจน,ไม่ต้องดำเนินการเป็นพิเศษ
C10369,0.00795561,ต่ำ,1,ลูกค้าชั้นยอด (Champions),9.0,30.0,42576.07,1419.2023333333334,6.0,1.2,0.0,0.0,5.0,ความเสี่ยงมาจากรูปแบบรวมหลายปัจจัย,ไม่ต้องดำเนินการเป็นพิเศษ
C12557,0.007954763,ต่ำ,3,ลูกค้าใหม่กำลังก่อตัว (New / Developing),1.0,2.0,3750.16,1875.08,2.0,2.0,0.05037363038066998,0.0,,ความเสี่ยงมาจากรูปแบบรวมหลายปัจจัย,ไม่ต้องดำเนินการเป็นพิเศษ
C12834,0.007918274,ต่ำ,1,ลูกค้าชั้นยอด (Champions),9.0,75.0,153803.75,2050.7166666666667,10.0,1.0,0.008390373136570458,0.0,,ความเสี่ยงมาจากรูปแบบรวมหลายปัจจัย,ไม่ต้องดำเนินการเป็นพิเศษ
C10672,0.007897724,ต่ำ,1,ลูกค้าชั้นยอด (Champions),10.0,81.0,163318.97,2016.2835802469135,12.0,1.0,0.013646872240736425,0.0,4.0,ความเสี่ยงมาจากรูปแบบรวมหลายปัจจัย,ไม่ต้องดำเนินการเป็นพิเศษ
C10898,0.007889457,ต่ำ,1,ลูกค้าชั้นยอด (Champions),10.0,56.0,126990.82,2267.6932142857145,7.0,0.6363636363636364,0.0,0.0,,ความเสี่ยงมาจากรูปแบบรวมหลายปัจจัย,ไม่ต้องดำเนินการเป็นพิเศษ
C10549,0.007840562,ต่ำ,1,ลูกค้าชั้นยอด (Champions),2.0,17.0,33962.76,1997.809411764706,6.0,1.2,0.05390730159296138,0.0,,ความเสี่ยงมาจากรูปแบบรวมหลายปัจจัย,ไม่ต้องดำเนินการเป็นพิเศษ
C12530,0.007829323,ต่ำ,1,ลูกค้าชั้นยอด (Champions),1.0,27.0,29939.42,1108.8674074074074,4.0,0.5,0.021204700008467366,0.0,,ความถี่ 90 วันล่าสุดลดลงชัดเจน,ไม่ต้องดำเนินการเป็นพิเศษ
C11443,0.007821401,ต่ำ,3,ลูกค้าใหม่กำลังก่อตัว (New / Developing),8.0,2.0,4974.85,2487.425,2.0,2.0,0.010450750787187784,0.0,,ความเสี่ยงมาจากรูปแบบรวมหลายปัจจัย,ไม่ต้องดำเนินการเป็นพิเศษ
C11224,0.0077029658,ต่ำ,0,ลูกค้าคุณค่าสูงที่กำลังห่างหาย (At-Risk High-Value),3.0,18.0,19529.3,1084.961111111111,7.0,1.4,0.02131926682008066,0.0,,ความเสี่ยงมาจากรูปแบบรวมหลายปัจจัย,ไม่ต้องดำเนินการเป็นพิเศษ
C10630,0.0076541165,ต่ำ,3,ลูกค้าใหม่กำลังก่อตัว (New / Developing),5.0,7.0,8577.56,1225.3657142857141,2.0,0.5,0.02419168597792317,0.0,,ความถี่ 90 วันล่าสุดลดลงชัดเจน,ไม่ต้องดำเนินการเป็นพิเศษ
C12294,0.0076524434,ต่ำ,3,ลูกค้าใหม่กำลังก่อตัว (New / Developing),2.0,1.0,1490.72,1490.72,1.0,1.0,0.0,0.0,,ความเสี่ยงมาจากรูปแบบรวมหลายปัจจัย,ไม่ต้องดำเนินการเป็นพิเศษ
C10607,0.0076097795,ต่ำ,1,ลูกค้าชั้นยอด (Champions),5.0,47.0,119783.17,2548.578085106383,11.0,0.8461538461538461,0.0,0.0,,ความเสี่ยงมาจากรูปแบบรวมหลายปัจจัย,ไม่ต้องดำเนินการเป็นพิเศษ
C12378,0.0076079103,ต่ำ,1,ลูกค้าชั้นยอด (Champions),3.0,56.0,171450.09,3061.60875,13.0,1.0,0.0012305625268078722,0.0,,ความเสี่ยงมาจากรูปแบบรวมหลายปัจจัย,ไม่ต้องดำเนินการเป็นพิเศษ
C11476,0.0075829946,ต่ำ,1,ลูกค้าชั้นยอด (Champions),7.0,91.0,231871.64,2548.04,20.0,2.0,0.008575481368965986,0.0,,ความเสี่ยงมาจากรูปแบบรวมหลายปัจจัย,ไม่ต้องดำเนินการเป็นพิเศษ
C11472,0.0075659542,ต่ำ,1,ลูกค้าชั้นยอด (Champions),2.0,62.0,147670.78,2381.7867741935484,11.0,0.7857142857142857,0.0,0.0,,ความเสี่ยงมาจากรูปแบบรวมหลายปัจจัย,ไม่ต้องดำเนินการเป็นพิเศษ
C10588,0.0075647263,ต่ำ,0,ลูกค้าคุณค่าสูงที่กำลังห่างหาย (At-Risk High-Value),7.0,11.0,20900.48,1900.0436363636363,3.0,1.0,0.0,0.0,,ความเสี่ยงมาจากรูปแบบรวมหลายปัจจัย,ไม่ต้องดำเนินการเป็นพิเศษ
C11949,0.007531335,ต่ำ,1,ลูกค้าชั้นยอด (Champions),2.0,56.0,77225.92,1379.0342857142857,5.0,0.5555555555555556,0.009602858363033137,0.0,,ความถี่ 90 วันล่าสุดลดลงชัดเจน,ไม่ต้องดำเนินการเป็นพิเศษ
C11105,0.0074861096,ต่ำ,1,ลูกค้าชั้นยอด (Champions),26.0,73.0,163135.21,2234.7289041095887,11.0,1.0,0.022368194115890826,0.0,,ความเสี่ยงมาจากรูปแบบรวมหลายปัจจัย,ไม่ต้องดำเนินการเป็นพิเศษ
C10731,0.007453003,ต่ำ,3,ลูกค้าใหม่กำลังก่อตัว (New / Developing),4.0,1.0,705.76,705.76,1.0,1.0,0.0,0.0,,ความเสี่ยงมาจากรูปแบบรวมหลายปัจจัย,ไม่ต้องดำเนินการเป็นพิเศษ
C11291,0.007405499,ต่ำ,0,ลูกค้าคุณค่าสูงที่กำลังห่างหาย (At-Risk High-Value),2.0,13.0,15901.52,1223.1938461538462,4.0,0.6666666666666666,0.02349828084575388,0.0,4.0,ความเสี่ยงมาจากรูปแบบรวมหลายปัจจัย,ไม่ต้องดำเนินการเป็นพิเศษ
C12859,0.007399133,ต่ำ,1,ลูกค้าชั้นยอด (Champions),6.0,28.0,40584.8,1449.457142857143,6.0,0.8571428571428571,0.00511479171288528,0.0,,ความเสี่ยงมาจากรูปแบบรวมหลายปัจจัย,ไม่ต้องดำเนินการเป็นพิเศษ
C10295,0.007377221,ต่ำ,3,ลูกค้าใหม่กำลังก่อตัว (New / Developing),20.0,2.0,1778.27,889.135,2.0,2.0,0.0,0.0,5.0,ความเสี่ยงมาจากรูปแบบรวมหลายปัจจัย,ไม่ต้องดำเนินการเป็นพิเศษ
C11188,0.0073712906,ต่ำ,1,ลูกค้าชั้นยอด (Champions),5.0,30.0,54157.85,1805.2616666666665,9.0,3.0,0.013670925266579856,0.0,,ความเสี่ยงมาจากรูปแบบรวมหลายปัจจัย,ไม่ต้องดำเนินการเป็นพิเศษ
C12162,0.007368437,ต่ำ,3,ลูกค้าใหม่กำลังก่อตัว (New / Developing),31.0,1.0,696.47,696.47,1.0,1.0,0.026583180757243287,0.0,,ความเสี่ยงมาจากรูปแบบรวมหลายปัจจัย,ไม่ต้องดำเนินการเป็นพิเศษ
C11034,0.0073440634,ต่ำ,0,ลูกค้าคุณค่าสูงที่กำลังห่างหาย (At-Risk High-Value),20.0,25.0,29314.54,1172.5816,6.0,0.8571428571428571,0.005810916954148901,0.0,4.0,ความเสี่ยงมาจากรูปแบบรวมหลายปัจจัย,ไม่ต้องดำเนินการเป็นพิเศษ
C10662,0.0073326286,ต่ำ,1,ลูกค้าชั้นยอด (Champions),8.0,72.0,170484.29,2367.837361111111,9.0,0.6,0.029384905812054978,0.0,,ความเสี่ยงมาจากรูปแบบรวมหลายปัจจัย,ไม่ต้องดำเนินการเป็นพิเศษ
C10826,0.007311214,ต่ำ,1,ลูกค้าชั้นยอด (Champions),5.0,47.0,92561.57,1969.3951063829788,13.0,0.8125,0.016448284557001733,0.0,3.0,ความเสี่ยงมาจากรูปแบบรวมหลายปัจจัย,ไม่ต้องดำเนินการเป็นพิเศษ
C11868,0.0073088123,ต่ำ,1,ลูกค้าชั้นยอด (Champions),0.0,44.0,102568.31999999999,2331.0981818181817,12.0,0.8,0.01406335686309944,0.0,3.75,ความเสี่ยงมาจากรูปแบบรวมหลายปัจจัย,ไม่ต้องดำเนินการเป็นพิเศษ
C12664,0.007236212,ต่ำ,3,ลูกค้าใหม่กำลังก่อตัว (New / Developing),5.0,1.0,357.62,357.62,1.0,1.0,0.0,0.0,,ความเสี่ยงมาจากรูปแบบรวมหลายปัจจัย,ไม่ต้องดำเนินการเป็นพิเศษ
C10752,0.0071863676,ต่ำ,3,ลูกค้าใหม่กำลังก่อตัว (New / Developing),24.0,1.0,528.94,528.94,1.0,1.0,0.0,0.0,,ความเสี่ยงมาจากรูปแบบรวมหลายปัจจัย,ไม่ต้องดำเนินการเป็นพิเศษ
C12324,0.007185204,ต่ำ,1,ลูกค้าชั้นยอด (Champions),15.0,73.0,175308.46,2401.4857534246576,14.0,0.9333333333333333,0.018899460907632584,0.0,5.0,ความเสี่ยงมาจากรูปแบบรวมหลายปัจจัย,ไม่ต้องดำเนินการเป็นพิเศษ
C11385,0.0071751084,ต่ำ,1,ลูกค้าชั้นยอด (Champions),13.0,38.0,75273.36,1980.877894736842,8.0,1.3333333333333333,0.004172973267596955,0.0,,ความเสี่ยงมาจากรูปแบบรวมหลายปัจจัย,ไม่ต้องดำเนินการเป็นพิเศษ
C11028,0.00716881,ต่ำ,1,ลูกค้าชั้นยอด (Champions),3.0,48.0,130679.68,2722.4933333333333,7.0,0.875,0.002037016361348405,0.0,,ความเสี่ยงมาจากรูปแบบรวมหลายปัจจัย,ไม่ต้องดำเนินการเป็นพิเศษ
C11543,0.0071515557,ต่ำ,0,ลูกค้าคุณค่าสูงที่กำลังห่างหาย (At-Risk High-Value),6.0,12.0,21101.55,1758.4624999999999,4.0,0.8,0.030788352125931305,0.0,5.0,ความเสี่ยงมาจากรูปแบบรวมหลายปัจจัย,ไม่ต้องดำเนินการเป็นพิเศษ
C12059,0.007103787,ต่ำ,1,ลูกค้าชั้นยอด (Champions),10.0,64.0,146707.63,2292.30671875,13.0,0.8666666666666667,0.0025628789528529127,0.0,,ความเสี่ยงมาจากรูปแบบรวมหลายปัจจัย,ไม่ต้องดำเนินการเป็นพิเศษ
C11580,0.0070957933,ต่ำ,1,ลูกค้าชั้นยอด (Champions),20.0,70.0,189452.95,2706.4707142857146,11.0,1.1,0.0,0.0,,ความเสี่ยงมาจากรูปแบบรวมหลายปัจจัย,ไม่ต้องดำเนินการเป็นพิเศษ
C11271,0.007058657,ต่ำ,1,ลูกค้าชั้นยอด (Champions),11.0,55.0,147117.08,2674.8559999999998,8.0,0.5714285714285714,0.009325267892195321,0.0,,ความถี่ 90 วันล่าสุดลดลงชัดเจน,ไม่ต้องดำเนินการเป็นพิเศษ
C11356,0.007020735,ต่ำ,3,ลูกค้าใหม่กำลังก่อตัว (New / Developing),20.0,1.0,1360.04,1360.04,1.0,1.0,0.06618878910219439,0.0,,ความเสี่ยงมาจากรูปแบบรวมหลายปัจจัย,ไม่ต้องดำเนินการเป็นพิเศษ
C10152,0.007005464,ต่ำ,3,ลูกค้าใหม่กำลังก่อตัว (New / Developing),7.0,2.0,1068.24,534.12,1.0,1.0,0.017258509659613615,0.0,,ความเสี่ยงมาจากรูปแบบรวมหลายปัจจัย,ไม่ต้องดำเนินการเป็นพิเศษ
C12997,0.006998524,ต่ำ,1,ลูกค้าชั้นยอด (Champions),6.0,82.0,174255.08,2125.061951219512,11.0,1.1,0.0,0.0,2.0,คะแนนความพึงพอใจต่ำ (2.0/5),ไม่ต้องดำเนินการเป็นพิเศษ
C12222,0.006936099,ต่ำ,1,ลูกค้าชั้นยอด (Champions),5.0,16.0,26855.61,1678.475625,5.0,0.7142857142857143,0.015200514262308248,0.0,,ความเสี่ยงมาจากรูปแบบรวมหลายปัจจัย,ไม่ต้องดำเนินการเป็นพิเศษ
C11834,0.006912828,ต่ำ,1,ลูกค้าชั้นยอด (Champions),9.0,67.0,105813.59,1579.3073134328358,12.0,0.8571428571428571,0.04499068534237244,1.0,5.0,มีเรื่องร้องเรียนค้าง 1 เรื่อง,ไม่ต้องดำเนินการเป็นพิเศษ
C10440,0.006904636,ต่ำ,1,ลูกค้าชั้นยอด (Champions),3.0,19.0,45906.35,2416.1236842105263,6.0,1.5,0.002478465533010245,0.0,,ความเสี่ยงมาจากรูปแบบรวมหลายปัจจัย,ไม่ต้องดำเนินการเป็นพิเศษ
C12353,0.0068243584,ต่ำ,3,ลูกค้าใหม่กำลังก่อตัว (New / Developing),3.0,1.0,3753.82,3753.82,1.0,1.0,0.03265774181494891,0.0,,ความเสี่ยงมาจากรูปแบบรวมหลายปัจจัย,ไม่ต้องดำเนินการเป็นพิเศษ
C11895,0.006742067,ต่ำ,0,ลูกค้าคุณค่าสูงที่กำลังห่างหาย (At-Risk High-Value),1.0,15.0,22628.18,1508.5453333333332,5.0,5.0,0.02737244788308618,0.0,,ความเสี่ยงมาจากรูปแบบรวมหลายปัจจัย,ไม่ต้องดำเนินการเป็นพิเศษ
C10304,0.006737486,ต่ำ,3,ลูกค้าใหม่กำลังก่อตัว (New / Developing),8.0,2.0,1243.94,621.97,2.0,2.0,0.03510704312752094,0.0,,ความเสี่ยงมาจากรูปแบบรวมหลายปัจจัย,ไม่ต้องดำเนินการเป็นพิเศษ
C11329,0.0067342957,ต่ำ,1,ลูกค้าชั้นยอด (Champions),7.0,53.0,113388.76,2139.410566037736,7.0,0.5,0.0,0.0,,ความถี่ 90 วันล่าสุดลดลงชัดเจน,ไม่ต้องดำเนินการเป็นพิเศษ
C12593,0.0067264033,ต่ำ,1,ลูกค้าชั้นยอด (Champions),6.0,64.0,150345.31,2349.14546875,13.0,0.7647058823529411,0.0,0.0,,ความเสี่ยงมาจากรูปแบบรวมหลายปัจจัย,ไม่ต้องดำเนินการเป็นพิเศษ
C11912,0.006711987,ต่ำ,1,ลูกค้าชั้นยอด (Champions),8.0,38.0,58266.36,1533.3252631578948,4.0,0.4444444444444444,0.021185838478014366,0.0,,ความถี่ 90 วันล่าสุดลดลงชัดเจน,ไม่ต้องดำเนินการเป็นพิเศษ
C10336,0.0066412007,ต่ำ,1,ลูกค้าชั้นยอด (Champions),1.0,38.0,50250.94,1322.393157894737,5.0,0.5555555555555556,0.028190458730003098,0.0,,ความถี่ 90 วันล่าสุดลดลงชัดเจน,ไม่ต้องดำเนินการเป็นพิเศษ
C12180,0.0066242637,ต่ำ,0,ลูกค้าคุณค่าสูงที่กำลังห่างหาย (At-Risk High-Value),1.0,27.0,31202.059999999998,1155.6318518518517,7.0,1.75,0.03055959117171509,0.0,,ความเสี่ยงมาจากรูปแบบรวมหลายปัจจัย,ไม่ต้องดำเนินการเป็นพิเศษ
C12214,0.0066018477,ต่ำ,2,ลูกค้าห่างหายมูลค่าต่ำ (Dormant / Low-Value),4.0,2.0,383.67,191.835,1.0,0.5,0.0,0.0,,ความถี่ 90 วันล่าสุดลดลงชัดเจน,ไม่ต้องดำเนินการเป็นพิเศษ
C10719,0.0065595773,ต่ำ,1,ลูกค้าชั้นยอด (Champions),9.0,25.0,44678.39,1787.1356,6.0,2.0,0.0,0.0,,ความเสี่ยงมาจากรูปแบบรวมหลายปัจจัย,ไม่ต้องดำเนินการเป็นพิเศษ
C10860,0.0065241433,ต่ำ,1,ลูกค้าชั้นยอด (Champions),1.0,79.0,169938.04,2151.114430379747,14.0,1.0,0.0,0.0,2.0,คะแนนความพึงพอใจต่ำ (2.0/5),ไม่ต้องดำเนินการเป็นพิเศษ
C10634,0.00651423,ต่ำ,1,ลูกค้าชั้นยอด (Champions),3.0,53.0,128185.81,2418.600188679245,11.0,0.8461538461538461,0.009419898598807664,0.0,,ความเสี่ยงมาจากรูปแบบรวมหลายปัจจัย,ไม่ต้องดำเนินการเป็นพิเศษ
C10398,0.006483031,ต่ำ,3,ลูกค้าใหม่กำลังก่อตัว (New / Developing),19.0,2.0,2655.39,1327.695,2.0,2.0,0.05973272711821194,0.0,,ความเสี่ยงมาจากรูปแบบรวมหลายปัจจัย,ไม่ต้องดำเนินการเป็นพิเศษ
C12284,0.0064752162,ต่ำ,1,ลูกค้าชั้นยอด (Champions),10.0,67.0,121469.43000000001,1812.9765671641792,12.0,1.3333333333333333,0.013624422276942624,0.0,,ความเสี่ยงมาจากรูปแบบรวมหลายปัจจัย,ไม่ต้องดำเนินการเป็นพิเศษ
C11202,0.006421151,ต่ำ,1,ลูกค้าชั้นยอด (Champions),0.0,27.0,34165.18,1265.377037037037,6.0,3.0,0.005995128485326687,0.0,4.0,ความเสี่ยงมาจากรูปแบบรวมหลายปัจจัย,ไม่ต้องดำเนินการเป็นพิเศษ
C11180,0.0064190854,ต่ำ,1,ลูกค้าชั้นยอด (Champions),22.0,55.0,118214.27,2149.350363636364,12.0,1.3333333333333333,0.007036923267919077,0.0,,ความเสี่ยงมาจากรูปแบบรวมหลายปัจจัย,ไม่ต้องดำเนินการเป็นพิเศษ
C10050,0.0063959467,ต่ำ,1,ลูกค้าชั้นยอด (Champions),10.0,56.0,115175.66,2056.7082142857143,9.0,0.8181818181818182,0.0,0.0,,ความเสี่ยงมาจากรูปแบบรวมหลายปัจจัย,ไม่ต้องดำเนินการเป็นพิเศษ
C11440,0.0063699237,ต่ำ,1,ลูกค้าชั้นยอด (Champions),2.0,70.0,134025.56,1914.6508571428571,10.0,0.5882352941176471,0.07491465471942024,0.0,,ความถี่ 90 วันล่าสุดลดลงชัดเจน,ไม่ต้องดำเนินการเป็นพิเศษ
C10927,0.0063217888,ต่ำ,1,ลูกค้าชั้นยอด (Champions),1.0,29.0,40595.71,1399.8520689655172,7.0,1.1666666666666667,0.009957804137252885,0.0,3.0,ความเสี่ยงมาจากรูปแบบรวมหลายปัจจัย,ไม่ต้องดำเนินการเป็นพิเศษ
C12751,0.0062940014,ต่ำ,1,ลูกค้าชั้นยอด (Champions),8.0,29.0,53084.6,1830.503448275862,5.0,1.25,0.01173362236565033,0.0,,ความเสี่ยงมาจากรูปแบบรวมหลายปัจจัย,ไม่ต้องดำเนินการเป็นพิเศษ
C10242,0.0062850607,ต่ำ,3,ลูกค้าใหม่กำลังก่อตัว (New / Developing),5.0,1.0,572.95,572.95,1.0,1.0,0.11165033490449021,0.0,,ซื้อเมื่อมีส่วนลดเป็นหลัก (11%),ไม่ต้องดำเนินการเป็นพิเศษ
C10979,0.006255622,ต่ำ,1,ลูกค้าชั้นยอด (Champions),7.0,50.0,174476.13,3489.5226000000002,6.0,0.35294117647058826,0.0,0.0,4.0,ความถี่ 90 วันล่าสุดลดลงชัดเจน,ไม่ต้องดำเนินการเป็นพิเศษ
C12856,0.0062421937,ต่ำ,3,ลูกค้าใหม่กำลังก่อตัว (New / Developing),12.0,1.0,572.93,572.93,1.0,1.0,0.0,0.0,,ความเสี่ยงมาจากรูปแบบรวมหลายปัจจัย,ไม่ต้องดำเนินการเป็นพิเศษ
C10891,0.006232818,ต่ำ,3,ลูกค้าใหม่กำลังก่อตัว (New / Developing),6.0,2.0,3405.5499999999997,1702.7749999999999,2.0,2.0,0.0,0.0,,ความเสี่ยงมาจากรูปแบบรวมหลายปัจจัย,ไม่ต้องดำเนินการเป็นพิเศษ
C12050,0.0062302407,ต่ำ,3,ลูกค้าใหม่กำลังก่อตัว (New / Developing),2.0,2.0,1162.25,581.125,2.0,2.0,0.06388685293620174,0.0,4.0,ความเสี่ยงมาจากรูปแบบรวมหลายปัจจัย,ไม่ต้องดำเนินการเป็นพิเศษ
C12712,0.0062272623,ต่ำ,1,ลูกค้าชั้นยอด (Champions),4.0,87.0,191946.73,2206.284252873563,19.0,1.0555555555555556,0.009740001118478902,0.0,,ความเสี่ยงมาจากรูปแบบรวมหลายปัจจัย,ไม่ต้องดำเนินการเป็นพิเศษ
C12483,0.006224309,ต่ำ,1,ลูกค้าชั้นยอด (Champions),4.0,87.0,126169.89,1450.2286206896551,14.0,0.7368421052631579,0.027050217577887333,0.0,,ความเสี่ยงมาจากรูปแบบรวมหลายปัจจัย,ไม่ต้องดำเนินการเป็นพิเศษ
C12114,0.0062143477,ต่ำ,1,ลูกค้าชั้นยอด (Champions),3.0,47.0,98830.08,2102.7676595744683,9.0,0.6428571428571429,0.016674140520862798,0.0,3.0,ความเสี่ยงมาจากรูปแบบรวมหลายปัจจัย,ไม่ต้องดำเนินการเป็นพิเศษ
C11130,0.006195588,ต่ำ,1,ลูกค้าชั้นยอด (Champions),2.0,29.0,38701.27,1334.5265517241378,10.0,5.0,0.030081036952198596,0.0,,ความเสี่ยงมาจากรูปแบบรวมหลายปัจจัย,ไม่ต้องดำเนินการเป็นพิเศษ
C10556,0.006136112,ต่ำ,1,ลูกค้าชั้นยอด (Champions),6.0,66.0,157272.96,2382.9236363636364,8.0,0.5333333333333333,0.00038046734305022945,0.0,,ความถี่ 90 วันล่าสุดลดลงชัดเจน,ไม่ต้องดำเนินการเป็นพิเศษ
C12280,0.006102069,ต่ำ,1,ลูกค้าชั้นยอด (Champions),1.0,61.0,135077.4,2214.383606557377,7.0,0.7777777777777778,0.00881880597790331,0.0,1.0,คะแนนความพึงพอใจต่ำ (1.0/5),ไม่ต้องดำเนินการเป็นพิเศษ
C10452,0.0059994967,ต่ำ,3,ลูกค้าใหม่กำลังก่อตัว (New / Developing),5.0,1.0,414.66,414.66,1.0,1.0,0.10071567989590109,0.0,,ซื้อเมื่อมีส่วนลดเป็นหลัก (10%),ไม่ต้องดำเนินการเป็นพิเศษ
C12346,0.0059762634,ต่ำ,1,ลูกค้าชั้นยอด (Champions),8.0,85.0,230289.06,2709.2830588235292,10.0,0.625,0.0027904141738490386,0.0,,ความเสี่ยงมาจากรูปแบบรวมหลายปัจจัย,ไม่ต้องดำเนินการเป็นพิเศษ
C12812,0.005971396,ต่ำ,1,ลูกค้าชั้นยอด (Champions),6.0,68.0,112691.59,1657.2292647058823,9.0,0.75,0.030770391205790972,0.0,,ความเสี่ยงมาจากรูปแบบรวมหลายปัจจัย,ไม่ต้องดำเนินการเป็นพิเศษ
C12973,0.0059664873,ต่ำ,3,ลูกค้าใหม่กำลังก่อตัว (New / Developing),16.0,1.0,1442.74,1442.74,1.0,1.0,0.023731061503170232,0.0,,ความเสี่ยงมาจากรูปแบบรวมหลายปัจจัย,ไม่ต้องดำเนินการเป็นพิเศษ
C10021,0.005955666,ต่ำ,1,ลูกค้าชั้นยอด (Champions),4.0,37.0,44732.44,1208.984864864865,10.0,5.0,0.0,0.0,,ความเสี่ยงมาจากรูปแบบรวมหลายปัจจัย,ไม่ต้องดำเนินการเป็นพิเศษ
C11706,0.0059149284,ต่ำ,1,ลูกค้าชั้นยอด (Champions),2.0,71.0,118768.06,1672.7895774647886,11.0,0.6470588235294118,0.0,0.0,,ความเสี่ยงมาจากรูปแบบรวมหลายปัจจัย,ไม่ต้องดำเนินการเป็นพิเศษ
C11822,0.005858972,ต่ำ,3,ลูกค้าใหม่กำลังก่อตัว (New / Developing),1.0,2.0,6703.11,3351.555,2.0,2.0,0.04828899281862558,0.0,,ความเสี่ยงมาจากรูปแบบรวมหลายปัจจัย,ไม่ต้องดำเนินการเป็นพิเศษ
C11242,0.005833854,ต่ำ,3,ลูกค้าใหม่กำลังก่อตัว (New / Developing),6.0,2.0,891.13,445.565,1.0,0.5,0.022787336469607747,0.0,,ความถี่ 90 วันล่าสุดลดลงชัดเจน,ไม่ต้องดำเนินการเป็นพิเศษ
C11075,0.0058078878,ต่ำ,1,ลูกค้าชั้นยอด (Champions),6.0,72.0,173495.6,2409.661111111111,13.0,1.1818181818181819,0.010789340565758462,0.0,,ความเสี่ยงมาจากรูปแบบรวมหลายปัจจัย,ไม่ต้องดำเนินการเป็นพิเศษ
C12651,0.0056948317,ต่ำ,0,ลูกค้าคุณค่าสูงที่กำลังห่างหาย (At-Risk High-Value),3.0,18.0,32620.35,1812.2416666666666,4.0,2.0,0.004095012346402691,0.0,,ความเสี่ยงมาจากรูปแบบรวมหลายปัจจัย,ไม่ต้องดำเนินการเป็นพิเศษ
C10763,0.00567399,ต่ำ,3,ลูกค้าใหม่กำลังก่อตัว (New / Developing),15.0,1.0,553.28,553.28,1.0,1.0,0.0,0.0,,ความเสี่ยงมาจากรูปแบบรวมหลายปัจจัย,ไม่ต้องดำเนินการเป็นพิเศษ
C12976,0.0056560533,ต่ำ,1,ลูกค้าชั้นยอด (Champions),3.0,45.0,110753.85,2461.1966666666667,13.0,1.0,0.0,0.0,,ความเสี่ยงมาจากรูปแบบรวมหลายปัจจัย,ไม่ต้องดำเนินการเป็นพิเศษ
C11705,0.0056193965,ต่ำ,0,ลูกค้าคุณค่าสูงที่กำลังห่างหาย (At-Risk High-Value),2.0,17.0,19089.96,1122.9388235294118,3.0,0.5,0.013686994539358828,0.0,,ความถี่ 90 วันล่าสุดลดลงชัดเจน,ไม่ต้องดำเนินการเป็นพิเศษ
C11533,0.0056172954,ต่ำ,0,ลูกค้าคุณค่าสูงที่กำลังห่างหาย (At-Risk High-Value),12.0,20.0,20051.920000000002,1002.5960000000001,8.0,2.0,0.0,0.0,,ความเสี่ยงมาจากรูปแบบรวมหลายปัจจัย,ไม่ต้องดำเนินการเป็นพิเศษ
C12672,0.0056122313,ต่ำ,3,ลูกค้าใหม่กำลังก่อตัว (New / Developing),4.0,1.0,345.94,345.94,1.0,1.0,0.0,0.0,,ความเสี่ยงมาจากรูปแบบรวมหลายปัจจัย,ไม่ต้องดำเนินการเป็นพิเศษ
C12666,0.0055956,ต่ำ,1,ลูกค้าชั้นยอด (Champions),15.0,69.0,235298.48,3410.1228985507246,7.0,0.5833333333333334,0.043601447085475475,0.0,,ความถี่ 90 วันล่าสุดลดลงชัดเจน,ไม่ต้องดำเนินการเป็นพิเศษ
C11648,0.005581394,ต่ำ,1,ลูกค้าชั้นยอด (Champions),9.0,27.0,51371.380000000005,1902.643703703704,5.0,1.6666666666666667,0.00772014326150556,0.0,,ความเสี่ยงมาจากรูปแบบรวมหลายปัจจัย,ไม่ต้องดำเนินการเป็นพิเศษ
C10302,0.0055618696,ต่ำ,1,ลูกค้าชั้นยอด (Champions),3.0,81.0,180108.57,2223.562592592593,15.0,1.5,0.013292038566009568,0.0,,ความเสี่ยงมาจากรูปแบบรวมหลายปัจจัย,ไม่ต้องดำเนินการเป็นพิเศษ
C12650,0.005561791,ต่ำ,3,ลูกค้าใหม่กำลังก่อตัว (New / Developing),4.0,2.0,2017.1599999999999,1008.5799999999999,2.0,2.0,0.00889808231831649,0.0,,ความเสี่ยงมาจากรูปแบบรวมหลายปัจจัย,ไม่ต้องดำเนินการเป็นพิเศษ
C11458,0.0054987557,ต่ำ,1,ลูกค้าชั้นยอด (Champions),3.0,67.0,126442.02,1887.194328358209,12.0,1.7142857142857142,0.007497263478814087,1.0,4.0,มีเรื่องร้องเรียนค้าง 1 เรื่อง,ไม่ต้องดำเนินการเป็นพิเศษ
C11396,0.0054746903,ต่ำ,1,ลูกค้าชั้นยอด (Champions),5.0,53.0,139816.35,2638.0443396226415,10.0,1.1111111111111112,0.006506973640482423,0.0,,ความเสี่ยงมาจากรูปแบบรวมหลายปัจจัย,ไม่ต้องดำเนินการเป็นพิเศษ
C11637,0.0054566525,ต่ำ,1,ลูกค้าชั้นยอด (Champions),1.0,25.0,38357.36,1534.2944,5.0,0.7142857142857143,0.027062757503052048,0.0,,ความเสี่ยงมาจากรูปแบบรวมหลายปัจจัย,ไม่ต้องดำเนินการเป็นพิเศษ
C10864,0.0054125674,ต่ำ,3,ลูกค้าใหม่กำลังก่อตัว (New / Developing),8.0,2.0,2636.36,1318.18,2.0,2.0,0.039335935080220534,0.0,,ความเสี่ยงมาจากรูปแบบรวมหลายปัจจัย,ไม่ต้องดำเนินการเป็นพิเศษ
C11710,0.005344455,ต่ำ,3,ลูกค้าใหม่กำลังก่อตัว (New / Developing),7.0,2.0,1429.06,714.53,2.0,2.0,0.02930308382013314,0.0,,ความเสี่ยงมาจากรูปแบบรวมหลายปัจจัย,ไม่ต้องดำเนินการเป็นพิเศษ
C12694,0.0053211926,ต่ำ,1,ลูกค้าชั้นยอด (Champions),18.0,56.0,128697.06,2298.1617857142855,7.0,0.7,0.01424460573823851,0.0,,ความเสี่ยงมาจากรูปแบบรวมหลายปัจจัย,ไม่ต้องดำเนินการเป็นพิเศษ
C10643,0.0052844733,ต่ำ,3,ลูกค้าใหม่กำลังก่อตัว (New / Developing),5.0,1.0,3436.49,3436.49,1.0,1.0,0.0016066147204257966,0.0,,ความเสี่ยงมาจากรูปแบบรวมหลายปัจจัย,ไม่ต้องดำเนินการเป็นพิเศษ
C12469,0.005256831,ต่ำ,1,ลูกค้าชั้นยอด (Champions),5.0,62.0,163868.91,2643.046935483871,8.0,0.6666666666666666,0.006215455038333765,0.0,,ความเสี่ยงมาจากรูปแบบรวมหลายปัจจัย,ไม่ต้องดำเนินการเป็นพิเศษ
C11093,0.00523408,ต่ำ,1,ลูกค้าชั้นยอด (Champions),14.0,27.0,36482.73,1351.2122222222224,7.0,1.4,0.0267913781448852,0.0,,ความเสี่ยงมาจากรูปแบบรวมหลายปัจจัย,ไม่ต้องดำเนินการเป็นพิเศษ
C12177,0.005180317,ต่ำ,1,ลูกค้าชั้นยอด (Champions),22.0,81.0,258231.78,3188.0466666666666,10.0,0.625,0.010747317537808686,0.0,,ความเสี่ยงมาจากรูปแบบรวมหลายปัจจัย,ไม่ต้องดำเนินการเป็นพิเศษ
C11937,0.0051622894,ต่ำ,1,ลูกค้าชั้นยอด (Champions),0.0,26.0,45109.22,1734.97,6.0,2.0,0.03232676558370197,0.0,4.0,ความเสี่ยงมาจากรูปแบบรวมหลายปัจจัย,ไม่ต้องดำเนินการเป็นพิเศษ
C11997,0.005135122,ต่ำ,3,ลูกค้าใหม่กำลังก่อตัว (New / Developing),1.0,1.0,381.01,381.01,1.0,1.0,0.08659171001845947,0.0,,ความเสี่ยงมาจากรูปแบบรวมหลายปัจจัย,ไม่ต้องดำเนินการเป็นพิเศษ
C10206,0.0051341183,ต่ำ,1,ลูกค้าชั้นยอด (Champions),11.0,50.0,142699.25,2853.985,11.0,1.0,0.0,0.0,3.0,ความเสี่ยงมาจากรูปแบบรวมหลายปัจจัย,ไม่ต้องดำเนินการเป็นพิเศษ
C10383,0.005133578,ต่ำ,3,ลูกค้าใหม่กำลังก่อตัว (New / Developing),11.0,1.0,393.74,393.74,1.0,1.0,0.01849636055439226,0.0,,ความเสี่ยงมาจากรูปแบบรวมหลายปัจจัย,ไม่ต้องดำเนินการเป็นพิเศษ
C12309,0.0050989278,ต่ำ,2,ลูกค้าห่างหายมูลค่าต่ำ (Dormant / Low-Value),4.0,2.0,828.1700000000001,414.08500000000004,2.0,2.0,0.0,0.0,,ความเสี่ยงมาจากรูปแบบรวมหลายปัจจัย,ไม่ต้องดำเนินการเป็นพิเศษ
C11795,0.005071948,ต่ำ,3,ลูกค้าใหม่กำลังก่อตัว (New / Developing),5.0,1.0,730.76,730.76,1.0,1.0,0.0,0.0,,ความเสี่ยงมาจากรูปแบบรวมหลายปัจจัย,ไม่ต้องดำเนินการเป็นพิเศษ
C12648,0.0050684432,ต่ำ,1,ลูกค้าชั้นยอด (Champions),3.0,23.0,47107.46,2048.1504347826085,5.0,0.7142857142857143,0.0008589979290726471,0.0,3.0,ความเสี่ยงมาจากรูปแบบรวมหลายปัจจัย,ไม่ต้องดำเนินการเป็นพิเศษ
C10360,0.005068275,ต่ำ,1,ลูกค้าชั้นยอด (Champions),0.0,65.0,159102.08,2447.7243076923073,20.0,2.5,0.046147797436575204,0.0,,ความเสี่ยงมาจากรูปแบบรวมหลายปัจจัย,ไม่ต้องดำเนินการเป็นพิเศษ
C12629,0.0050635883,ต่ำ,1,ลูกค้าชั้นยอด (Champions),20.0,15.0,18988.52,1265.9013333333335,8.0,2.0,0.021423174958849156,0.0,,ความเสี่ยงมาจากรูปแบบรวมหลายปัจจัย,ไม่ต้องดำเนินการเป็นพิเศษ
C10308,0.0050136754,ต่ำ,1,ลูกค้าชั้นยอด (Champions),5.0,72.0,159429.07,2214.292638888889,9.0,1.0,0.022235726891912538,0.0,,ความเสี่ยงมาจากรูปแบบรวมหลายปัจจัย,ไม่ต้องดำเนินการเป็นพิเศษ
C10219,0.0049757618,ต่ำ,1,ลูกค้าชั้นยอด (Champions),7.0,47.0,90487.12,1925.2578723404254,14.0,1.0769230769230769,0.0010549478112151242,0.0,,ความเสี่ยงมาจากรูปแบบรวมหลายปัจจัย,ไม่ต้องดำเนินการเป็นพิเศษ
C10942,0.00496192,ต่ำ,3,ลูกค้าใหม่กำลังก่อตัว (New / Developing),1.0,2.0,1508.8600000000001,754.4300000000001,2.0,2.0,0.030607131384516543,0.0,,ความเสี่ยงมาจากรูปแบบรวมหลายปัจจัย,ไม่ต้องดำเนินการเป็นพิเศษ
C10907,0.004955939,ต่ำ,0,ลูกค้าคุณค่าสูงที่กำลังห่างหาย (At-Risk High-Value),3.0,12.0,23007.19,1917.2658333333331,5.0,0.7142857142857143,0.020389958813884144,0.0,,ความเสี่ยงมาจากรูปแบบรวมหลายปัจจัย,ไม่ต้องดำเนินการเป็นพิเศษ
C12062,0.00495009,ต่ำ,3,ลูกค้าใหม่กำลังก่อตัว (New / Developing),5.0,10.0,5929.360000000001,592.936,5.0,1.6666666666666667,0.023578272024556448,0.0,,ความเสี่ยงมาจากรูปแบบรวมหลายปัจจัย,ไม่ต้องดำเนินการเป็นพิเศษ
C12547,0.0049428586,ต่ำ,1,ลูกค้าชั้นยอด (Champions),3.0,29.0,40256.37,1388.1506896551725,9.0,1.5,0.02495384098920159,1.0,3.0,มีเรื่องร้องเรียนค้าง 1 เรื่อง,ไม่ต้องดำเนินการเป็นพิเศษ
C11724,0.0048971404,ต่ำ,3,ลูกค้าใหม่กำลังก่อตัว (New / Developing),29.0,2.0,1239.44,619.72,1.0,1.0,0.0495747992853254,0.0,,ความเสี่ยงมาจากรูปแบบรวมหลายปัจจัย,ไม่ต้องดำเนินการเป็นพิเศษ
C11929,0.004878144,ต่ำ,1,ลูกค้าชั้นยอด (Champions),13.0,58.0,123322.79,2126.255,10.0,1.0,0.016999419554955996,0.0,,ความเสี่ยงมาจากรูปแบบรวมหลายปัจจัย,ไม่ต้องดำเนินการเป็นพิเศษ
C12091,0.0048767757,ต่ำ,1,ลูกค้าชั้นยอด (Champions),3.0,80.0,158869.06,1985.8632499999999,11.0,0.7333333333333333,0.029140857602409226,0.0,4.0,ความเสี่ยงมาจากรูปแบบรวมหลายปัจจัย,ไม่ต้องดำเนินการเป็นพิเศษ
C10162,0.0048264614,ต่ำ,3,ลูกค้าใหม่กำลังก่อตัว (New / Developing),15.0,1.0,1429.3,1429.3,1.0,1.0,0.0,0.0,,ความเสี่ยงมาจากรูปแบบรวมหลายปัจจัย,ไม่ต้องดำเนินการเป็นพิเศษ
C12914,0.0047648973,ต่ำ,1,ลูกค้าชั้นยอด (Champions),2.0,19.0,33650.07,1771.0563157894737,5.0,0.8333333333333334,0.014585856041981775,0.0,,ความเสี่ยงมาจากรูปแบบรวมหลายปัจจัย,ไม่ต้องดำเนินการเป็นพิเศษ
C12338,0.004721846,ต่ำ,0,ลูกค้าคุณค่าสูงที่กำลังห่างหาย (At-Risk High-Value),2.0,24.0,24034.420000000002,1001.4341666666668,5.0,0.5555555555555556,0.028120683352581336,0.0,3.0,ความถี่ 90 วันล่าสุดลดลงชัดเจน,ไม่ต้องดำเนินการเป็นพิเศษ
C12326,0.0046920306,ต่ำ,1,ลูกค้าชั้นยอด (Champions),7.0,43.0,84561.2,1966.5395348837208,6.0,0.46153846153846156,0.004867208262591765,0.0,,ความถี่ 90 วันล่าสุดลดลงชัดเจน,ไม่ต้องดำเนินการเป็นพิเศษ
C11754,0.0046588564,ต่ำ,1,ลูกค้าชั้นยอด (Champions),0.0,53.0,99863.76,1884.2218867924528,16.0,1.3333333333333333,0.014758434000426401,0.0,3.0,ความเสี่ยงมาจากรูปแบบรวมหลายปัจจัย,ไม่ต้องดำเนินการเป็นพิเศษ
C10247,0.0046497644,ต่ำ,1,ลูกค้าชั้นยอด (Champions),4.0,80.0,305597.78,3819.9722500000003,19.0,1.1176470588235294,0.0,1.0,4.5,มีเรื่องร้องเรียนค้าง 1 เรื่อง,ไม่ต้องดำเนินการเป็นพิเศษ
C11328,0.0045759054,ต่ำ,0,ลูกค้าคุณค่าสูงที่กำลังห่างหาย (At-Risk High-Value),1.0,14.0,9980.21,712.8721428571428,6.0,3.0,0.05820954113688136,0.0,,ความเสี่ยงมาจากรูปแบบรวมหลายปัจจัย,ไม่ต้องดำเนินการเป็นพิเศษ
C12734,0.0045653293,ต่ำ,0,ลูกค้าคุณค่าสูงที่กำลังห่างหาย (At-Risk High-Value),7.0,18.0,27539.45,1529.9694444444444,8.0,1.1428571428571428,0.008143899080768017,0.0,,ความเสี่ยงมาจากรูปแบบรวมหลายปัจจัย,ไม่ต้องดำเนินการเป็นพิเศษ
C12054,0.004553368,ต่ำ,1,ลูกค้าชั้นยอด (Champions),0.0,86.0,303388.13,3527.768953488372,9.0,0.75,0.0007682594431176275,0.0,,ความเสี่ยงมาจากรูปแบบรวมหลายปัจจัย,ไม่ต้องดำเนินการเป็นพิเศษ
C10099,0.0045427918,ต่ำ,3,ลูกค้าใหม่กำลังก่อตัว (New / Developing),7.0,2.0,2505.56,1252.78,2.0,2.0,0.02616901616470195,0.0,,ความเสี่ยงมาจากรูปแบบรวมหลายปัจจัย,ไม่ต้องดำเนินการเป็นพิเศษ
C10498,0.004512887,ต่ำ,1,ลูกค้าชั้นยอด (Champions),17.0,72.0,212561.83,2952.2476388888886,15.0,1.0,0.02459387184441213,0.0,,ความเสี่ยงมาจากรูปแบบรวมหลายปัจจัย,ไม่ต้องดำเนินการเป็นพิเศษ
C12019,0.0045062685,ต่ำ,3,ลูกค้าใหม่กำลังก่อตัว (New / Developing),0.0,1.0,831.35,831.35,1.0,1.0,0.0,0.0,,ความเสี่ยงมาจากรูปแบบรวมหลายปัจจัย,ไม่ต้องดำเนินการเป็นพิเศษ
C12330,0.0044856328,ต่ำ,1,ลูกค้าชั้นยอด (Champions),3.0,49.0,151285.92,3087.467755102041,10.0,1.0,0.026790831323423255,0.0,5.0,ความเสี่ยงมาจากรูปแบบรวมหลายปัจจัย,ไม่ต้องดำเนินการเป็นพิเศษ
C11183,0.004475855,ต่ำ,3,ลูกค้าใหม่กำลังก่อตัว (New / Developing),5.0,2.0,3744.9700000000003,1872.4850000000001,2.0,2.0,0.005066364863285194,0.0,,ความเสี่ยงมาจากรูปแบบรวมหลายปัจจัย,ไม่ต้องดำเนินการเป็นพิเศษ
C12560,0.004455916,ต่ำ,1,ลูกค้าชั้นยอด (Champions),5.0,61.0,136923.19,2244.6424590163933,12.0,1.2,0.012303788136452116,0.0,,ความเสี่ยงมาจากรูปแบบรวมหลายปัจจัย,ไม่ต้องดำเนินการเป็นพิเศษ
C11174,0.0044232663,ต่ำ,1,ลูกค้าชั้นยอด (Champions),0.0,81.0,159701.3,1971.6209876543207,4.0,0.2222222222222222,0.015549931092138291,0.0,,ความถี่ 90 วันล่าสุดลดลงชัดเจน,ไม่ต้องดำเนินการเป็นพิเศษ
C12238,0.004405832,ต่ำ,3,ลูกค้าใหม่กำลังก่อตัว (New / Developing),0.0,1.0,620.46,620.46,1.0,1.0,0.0,0.0,,ความเสี่ยงมาจากรูปแบบรวมหลายปัจจัย,ไม่ต้องดำเนินการเป็นพิเศษ
C12747,0.0044013998,ต่ำ,0,ลูกค้าคุณค่าสูงที่กำลังห่างหาย (At-Risk High-Value),6.0,21.0,23947.56,1140.3600000000001,7.0,1.1666666666666667,0.020018218469403038,1.0,4.0,มีเรื่องร้องเรียนค้าง 1 เรื่อง,ไม่ต้องดำเนินการเป็นพิเศษ
C11571,0.0043844176,ต่ำ,0,ลูกค้าคุณค่าสูงที่กำลังห่างหาย (At-Risk High-Value),3.0,30.0,29622.18,987.4060000000001,7.0,1.0,0.030150855774859642,0.0,,ความเสี่ยงมาจากรูปแบบรวมหลายปัจจัย,ไม่ต้องดำเนินการเป็นพิเศษ
C10705,0.004373522,ต่ำ,1,ลูกค้าชั้นยอด (Champions),15.0,39.0,97538.6,2500.9897435897437,7.0,0.7777777777777778,0.0053622898002283195,0.0,5.0,ความเสี่ยงมาจากรูปแบบรวมหลายปัจจัย,ไม่ต้องดำเนินการเป็นพิเศษ
C12744,0.0043509235,ต่ำ,1,ลูกค้าชั้นยอด (Champions),6.0,31.0,51184.89,1651.1254838709676,8.0,0.8888888888888888,0.03404888287423586,0.0,3.0,ความเสี่ยงมาจากรูปแบบรวมหลายปัจจัย,ไม่ต้องดำเนินการเป็นพิเศษ
C10044,0.0043438375,ต่ำ,1,ลูกค้าชั้นยอด (Champions),4.0,79.0,245727.25,3110.471518987342,12.0,0.8571428571428571,0.018918519338916237,0.0,,ความเสี่ยงมาจากรูปแบบรวมหลายปัจจัย,ไม่ต้องดำเนินการเป็นพิเศษ
C11944,0.0043420726,ต่ำ,1,ลูกค้าชั้นยอด (Champions),2.0,27.0,36836.12,1364.3007407407408,5.0,0.625,0.02980400977567517,0.0,,ความเสี่ยงมาจากรูปแบบรวมหลายปัจจัย,ไม่ต้องดำเนินการเป็นพิเศษ
C10689,0.004332041,ต่ำ,1,ลูกค้าชั้นยอด (Champions),8.0,50.0,85179.8,1703.596,15.0,1.1538461538461537,0.007050795218025603,0.0,,ความเสี่ยงมาจากรูปแบบรวมหลายปัจจัย,ไม่ต้องดำเนินการเป็นพิเศษ
C11084,0.0043242383,ต่ำ,1,ลูกค้าชั้นยอด (Champions),3.0,26.0,40371.5,1552.75,6.0,1.5,0.017442964160026483,0.0,5.0,ความเสี่ยงมาจากรูปแบบรวมหลายปัจจัย,ไม่ต้องดำเนินการเป็นพิเศษ
C11492,0.004316024,ต่ำ,1,ลูกค้าชั้นยอด (Champions),2.0,46.0,70620.7,1535.232608695652,12.0,1.0909090909090908,0.03271147789729284,1.0,2.0,คะแนนความพึงพอใจต่ำ (2.0/5) · มีเรื่องร้องเรียนค้าง 1 เรื่อง,ไม่ต้องดำเนินการเป็นพิเศษ
C11200,0.004305839,ต่ำ,1,ลูกค้าชั้นยอด (Champions),0.0,78.0,184855.44,2369.9415384615386,15.0,0.7142857142857143,0.0,0.0,,ความเสี่ยงมาจากรูปแบบรวมหลายปัจจัย,ไม่ต้องดำเนินการเป็นพิเศษ
C12845,0.0043049706,ต่ำ,1,ลูกค้าชั้นยอด (Champions),14.0,39.0,54588.33,1399.7007692307693,8.0,1.0,0.02677684624333106,0.0,,ความเสี่ยงมาจากรูปแบบรวมหลายปัจจัย,ไม่ต้องดำเนินการเป็นพิเศษ
C11157,0.004294514,ต่ำ,1,ลูกค้าชั้นยอด (Champions),5.0,63.0,144607.49,2295.356984126984,13.0,1.0,0.022574586335921958,1.0,3.0,มีเรื่องร้องเรียนค้าง 1 เรื่อง,ไม่ต้องดำเนินการเป็นพิเศษ
C11031,0.004225223,ต่ำ,1,ลูกค้าชั้นยอด (Champions),0.0,36.0,70438.02,1956.6116666666667,7.0,0.875,0.012696679531592422,0.0,4.0,ความเสี่ยงมาจากรูปแบบรวมหลายปัจจัย,ไม่ต้องดำเนินการเป็นพิเศษ
C12155,0.004209693,ต่ำ,1,ลูกค้าชั้นยอด (Champions),5.0,25.0,58254.11,2330.1644,9.0,1.5,0.018949691753005635,0.0,5.0,ความเสี่ยงมาจากรูปแบบรวมหลายปัจจัย,ไม่ต้องดำเนินการเป็นพิเศษ
C10811,0.00417657,ต่ำ,1,ลูกค้าชั้นยอด (Champions),3.0,66.0,159109.8,2410.754545454545,11.0,0.7333333333333333,0.009138407054250909,0.0,,ความเสี่ยงมาจากรูปแบบรวมหลายปัจจัย,ไม่ต้องดำเนินการเป็นพิเศษ
C10899,0.0041207033,ต่ำ,1,ลูกค้าชั้นยอด (Champions),11.0,71.0,141675.24,1995.4259154929575,12.0,1.7142857142857142,0.003762035701507852,0.0,3.0,ความเสี่ยงมาจากรูปแบบรวมหลายปัจจัย,ไม่ต้องดำเนินการเป็นพิเศษ
C11292,0.0041157026,ต่ำ,1,ลูกค้าชั้นยอด (Champions),1.0,34.0,55518.96,1632.9105882352942,7.0,0.7,0.015593524711068982,0.0,,ความเสี่ยงมาจากรูปแบบรวมหลายปัจจัย,ไม่ต้องดำเนินการเป็นพิเศษ
C10726,0.0040752417,ต่ำ,1,ลูกค้าชั้นยอด (Champions),1.0,73.0,173764.15,2380.330821917808,22.0,1.2222222222222223,0.0,0.0,,ความเสี่ยงมาจากรูปแบบรวมหลายปัจจัย,ไม่ต้องดำเนินการเป็นพิเศษ
C10157,0.004062234,ต่ำ,0,ลูกค้าคุณค่าสูงที่กำลังห่างหาย (At-Risk High-Value),1.0,20.0,21422.5,1071.125,7.0,1.0,0.02041702867072111,0.0,,ความเสี่ยงมาจากรูปแบบรวมหลายปัจจัย,ไม่ต้องดำเนินการเป็นพิเศษ
C12277,0.0040567685,ต่ำ,1,ลูกค้าชั้นยอด (Champions),1.0,21.0,37951.02,1807.1914285714283,5.0,1.0,0.0,0.0,,ความเสี่ยงมาจากรูปแบบรวมหลายปัจจัย,ไม่ต้องดำเนินการเป็นพิเศษ
C10066,0.0040390617,ต่ำ,1,ลูกค้าชั้นยอด (Champions),3.0,83.0,162541.33,1958.3292771084336,11.0,1.1,0.007878130294676218,0.0,4.0,ความเสี่ยงมาจากรูปแบบรวมหลายปัจจัย,ไม่ต้องดำเนินการเป็นพิเศษ
C11871,0.0040267077,ต่ำ,1,ลูกค้าชั้นยอด (Champions),0.0,86.0,231050.48,2686.6334883720933,15.0,0.8823529411764706,0.0339379142601924,0.0,,ความเสี่ยงมาจากรูปแบบรวมหลายปัจจัย,ไม่ต้องดำเนินการเป็นพิเศษ
C11007,0.0039899447,ต่ำ,0,ลูกค้าคุณค่าสูงที่กำลังห่างหาย (At-Risk High-Value),1.0,21.0,24389.31,1161.3957142857143,11.0,5.5,0.025273662460983864,0.0,,ความเสี่ยงมาจากรูปแบบรวมหลายปัจจัย,ไม่ต้องดำเนินการเป็นพิเศษ
C12111,0.003967296,ต่ำ,1,ลูกค้าชั้นยอด (Champions),7.0,20.0,46765.84,2338.292,3.0,0.75,0.004330705727683538,0.0,,ความเสี่ยงมาจากรูปแบบรวมหลายปัจจัย,ไม่ต้องดำเนินการเป็นพิเศษ
C11132,0.003959505,ต่ำ,3,ลูกค้าใหม่กำลังก่อตัว (New / Developing),0.0,2.0,2590.8900000000003,1295.4450000000002,2.0,2.0,0.0,0.0,,ความเสี่ยงมาจากรูปแบบรวมหลายปัจจัย,ไม่ต้องดำเนินการเป็นพิเศษ
C10774,0.0039444906,ต่ำ,1,ลูกค้าชั้นยอด (Champions),3.0,39.0,97808.95,2507.9217948717946,12.0,1.5,0.0,0.0,,ความเสี่ยงมาจากรูปแบบรวมหลายปัจจัย,ไม่ต้องดำเนินการเป็นพิเศษ
C11685,0.003928751,ต่ำ,1,ลูกค้าชั้นยอด (Champions),4.0,58.0,156963.05,2706.2594827586204,12.0,0.9230769230769231,0.0,0.0,,ความเสี่ยงมาจากรูปแบบรวมหลายปัจจัย,ไม่ต้องดำเนินการเป็นพิเศษ
C10401,0.0038912059,ต่ำ,1,ลูกค้าชั้นยอด (Champions),1.0,26.0,40522.36,1558.5523076923077,7.0,1.75,0.0346449834955823,0.0,,ความเสี่ยงมาจากรูปแบบรวมหลายปัจจัย,ไม่ต้องดำเนินการเป็นพิเศษ
C10298,0.0038846517,ต่ำ,1,ลูกค้าชั้นยอด (Champions),1.0,74.0,165795.49,2240.4795945945943,13.0,0.6190476190476191,0.013595850897565924,2.0,3.6666666666666665,มีเรื่องร้องเรียนค้าง 2 เรื่อง,ไม่ต้องดำเนินการเป็นพิเศษ
C12536,0.0038572666,ต่ำ,1,ลูกค้าชั้นยอด (Champions),6.0,63.0,129800.94,2060.332380952381,16.0,1.1428571428571428,0.012230672146286209,0.0,,ความเสี่ยงมาจากรูปแบบรวมหลายปัจจัย,ไม่ต้องดำเนินการเป็นพิเศษ
C10370,0.0038436882,ต่ำ,1,ลูกค้าชั้นยอด (Champions),3.0,54.0,153955.09,2851.0201851851853,15.0,1.1538461538461537,0.04376932118375643,0.0,,ความเสี่ยงมาจากรูปแบบรวมหลายปัจจัย,ไม่ต้องดำเนินการเป็นพิเศษ
C12562,0.003808038,ต่ำ,1,ลูกค้าชั้นยอด (Champions),15.0,90.0,327228.43,3635.8714444444445,11.0,0.8461538461538461,0.0,0.0,2.0,คะแนนความพึงพอใจต่ำ (2.0/5),ไม่ต้องดำเนินการเป็นพิเศษ
C12098,0.0037752218,ต่ำ,1,ลูกค้าชั้นยอด (Champions),8.0,68.0,143888.03,2116.0004411764708,13.0,1.625,0.006034542309562757,0.0,,ความเสี่ยงมาจากรูปแบบรวมหลายปัจจัย,ไม่ต้องดำเนินการเป็นพิเศษ
C11252,0.003739271,ต่ำ,3,ลูกค้าใหม่กำลังก่อตัว (New / Developing),14.0,2.0,3828.57,1914.285,1.0,0.5,0.03541816257888968,0.0,,ความถี่ 90 วันล่าสุดลดลงชัดเจน,ไม่ต้องดำเนินการเป็นพิเศษ
C10949,0.0036917727,ต่ำ,1,ลูกค้าชั้นยอด (Champions),0.0,20.0,29718.87,1485.9434999999999,6.0,2.0,0.01642845370187117,0.0,,ความเสี่ยงมาจากรูปแบบรวมหลายปัจจัย,ไม่ต้องดำเนินการเป็นพิเศษ
C11494,0.0036789372,ต่ำ,3,ลูกค้าใหม่กำลังก่อตัว (New / Developing),10.0,1.0,663.54,663.54,1.0,1.0,0.0,0.0,,ความเสี่ยงมาจากรูปแบบรวมหลายปัจจัย,ไม่ต้องดำเนินการเป็นพิเศษ
C12588,0.0036532779,ต่ำ,1,ลูกค้าชั้นยอด (Champions),14.0,93.0,301260.82,3239.3636559139786,11.0,1.1,0.009673946405709044,0.0,,ความเสี่ยงมาจากรูปแบบรวมหลายปัจจัย,ไม่ต้องดำเนินการเป็นพิเศษ
C11629,0.0036248597,ต่ำ,1,ลูกค้าชั้นยอด (Champions),5.0,44.0,91209.88,2072.9518181818185,13.0,1.625,0.010440672905567426,0.0,5.0,ความเสี่ยงมาจากรูปแบบรวมหลายปัจจัย,ไม่ต้องดำเนินการเป็นพิเศษ
C12012,0.003608618,ต่ำ,1,ลูกค้าชั้นยอด (Champions),1.0,88.0,167474.2,1903.1159090909093,15.0,0.9375,0.022568717438863926,0.0,,ความเสี่ยงมาจากรูปแบบรวมหลายปัจจัย,ไม่ต้องดำเนินการเป็นพิเศษ
C11504,0.0036030004,ต่ำ,1,ลูกค้าชั้นยอด (Champions),4.0,35.0,38502.16,1100.0617142857143,5.0,0.45454545454545453,0.020608796118470694,0.0,,ความถี่ 90 วันล่าสุดลดลงชัดเจน,ไม่ต้องดำเนินการเป็นพิเศษ
C12784,0.0035887193,ต่ำ,1,ลูกค้าชั้นยอด (Champions),0.0,78.0,186216.04,2387.3851282051282,12.0,0.7058823529411765,0.015296854757850784,0.0,,ความเสี่ยงมาจากรูปแบบรวมหลายปัจจัย,ไม่ต้องดำเนินการเป็นพิเศษ
C10310,0.0035813083,ต่ำ,1,ลูกค้าชั้นยอด (Champions),2.0,30.0,37132.73,1237.7576666666669,5.0,0.8333333333333334,0.013186662496116686,0.0,,ความเสี่ยงมาจากรูปแบบรวมหลายปัจจัย,ไม่ต้องดำเนินการเป็นพิเศษ
C11037,0.0035654604,ต่ำ,1,ลูกค้าชั้นยอด (Champions),6.0,34.0,76863.33,2260.686176470588,8.0,1.6,0.03799263819652086,0.0,4.0,ความเสี่ยงมาจากรูปแบบรวมหลายปัจจัย,ไม่ต้องดำเนินการเป็นพิเศษ
C12767,0.0035371063,ต่ำ,1,ลูกค้าชั้นยอด (Champions),0.0,6.0,13713.46,2285.5766666666664,4.0,1.3333333333333333,0.015201990642829701,0.0,,ความเสี่ยงมาจากรูปแบบรวมหลายปัจจัย,ไม่ต้องดำเนินการเป็นพิเศษ
C10431,0.0034510824,ต่ำ,1,ลูกค้าชั้นยอด (Champions),3.0,69.0,118118.84,1711.8672463768116,12.0,1.0,0.02775773974007656,0.0,,ความเสี่ยงมาจากรูปแบบรวมหลายปัจจัย,ไม่ต้องดำเนินการเป็นพิเศษ
C11744,0.0034403347,ต่ำ,1,ลูกค้าชั้นยอด (Champions),9.0,66.0,236621.29,3585.1710606060606,15.0,1.1538461538461537,0.025923339325053606,0.0,3.5,ความเสี่ยงมาจากรูปแบบรวมหลายปัจจัย,ไม่ต้องดำเนินการเป็นพิเศษ
C10418,0.00343929,ต่ำ,1,ลูกค้าชั้นยอด (Champions),3.0,17.0,32820.8,1930.6352941176472,7.0,1.1666666666666667,0.010985567129601729,0.0,,ความเสี่ยงมาจากรูปแบบรวมหลายปัจจัย,ไม่ต้องดำเนินการเป็นพิเศษ
C10716,0.0034381414,ต่ำ,1,ลูกค้าชั้นยอด (Champions),0.0,78.0,164021.47,2102.839358974359,13.0,0.9285714285714286,0.028705745720735684,0.0,,ความเสี่ยงมาจากรูปแบบรวมหลายปัจจัย,ไม่ต้องดำเนินการเป็นพิเศษ
C11296,0.0034257893,ต่ำ,1,ลูกค้าชั้นยอด (Champions),21.0,37.0,115681.47,3126.526216216216,10.0,0.8333333333333334,0.0362209042262526,0.0,,ความเสี่ยงมาจากรูปแบบรวมหลายปัจจัย,ไม่ต้องดำเนินการเป็นพิเศษ
C10378,0.003423807,ต่ำ,1,ลูกค้าชั้นยอด (Champions),3.0,27.0,46890.2,1736.674074074074,8.0,1.6,0.02645623483710496,0.0,1.0,คะแนนความพึงพอใจต่ำ (1.0/5),ไม่ต้องดำเนินการเป็นพิเศษ
C11420,0.0034220146,ต่ำ,1,ลูกค้าชั้นยอด (Champions),6.0,18.0,36511.99,2028.4438888888888,3.0,0.6,0.01342117216253804,0.0,,ความเสี่ยงมาจากรูปแบบรวมหลายปัจจัย,ไม่ต้องดำเนินการเป็นพิเศษ
C10950,0.0034102614,ต่ำ,1,ลูกค้าชั้นยอด (Champions),2.0,38.0,38221.04,1005.8168421052632,11.0,1.8333333333333333,0.03558304004618579,0.0,,ความเสี่ยงมาจากรูปแบบรวมหลายปัจจัย,ไม่ต้องดำเนินการเป็นพิเศษ
C12586,0.003396078,ต่ำ,1,ลูกค้าชั้นยอด (Champions),4.0,59.0,214430.78,3634.42,17.0,2.8333333333333335,0.0,0.0,,ความเสี่ยงมาจากรูปแบบรวมหลายปัจจัย,ไม่ต้องดำเนินการเป็นพิเศษ
C10594,0.0033890293,ต่ำ,3,ลูกค้าใหม่กำลังก่อตัว (New / Developing),3.0,1.0,991.38,991.38,1.0,1.0,0.0,0.0,,ความเสี่ยงมาจากรูปแบบรวมหลายปัจจัย,ไม่ต้องดำเนินการเป็นพิเศษ
C10632,0.0033814022,ต่ำ,1,ลูกค้าชั้นยอด (Champions),2.0,74.0,144815.73,1956.9693243243244,9.0,0.75,0.0,0.0,,ความเสี่ยงมาจากรูปแบบรวมหลายปัจจัย,ไม่ต้องดำเนินการเป็นพิเศษ
C11366,0.003357038,ต่ำ,1,ลูกค้าชั้นยอด (Champions),16.0,43.0,116132.59,2700.757906976744,11.0,1.2222222222222223,0.026411795068654754,0.0,,ความเสี่ยงมาจากรูปแบบรวมหลายปัจจัย,ไม่ต้องดำเนินการเป็นพิเศษ
C11509,0.0033010256,ต่ำ,3,ลูกค้าใหม่กำลังก่อตัว (New / Developing),3.0,15.0,12774.62,851.6413333333334,7.0,1.4,0.019365328178866947,0.0,,ความเสี่ยงมาจากรูปแบบรวมหลายปัจจัย,ไม่ต้องดำเนินการเป็นพิเศษ
C12423,0.0032762787,ต่ำ,1,ลูกค้าชั้นยอด (Champions),6.0,77.0,183955.5,2389.0324675324673,9.0,0.75,0.0,0.0,,ความเสี่ยงมาจากรูปแบบรวมหลายปัจจัย,ไม่ต้องดำเนินการเป็นพิเศษ
C10067,0.0032693103,ต่ำ,1,ลูกค้าชั้นยอด (Champions),1.0,39.0,75636.92,1939.408205128205,8.0,1.1428571428571428,0.0,0.0,,ความเสี่ยงมาจากรูปแบบรวมหลายปัจจัย,ไม่ต้องดำเนินการเป็นพิเศษ
C12189,0.0032486322,ต่ำ,1,ลูกค้าชั้นยอด (Champions),3.0,33.0,61917.54,1876.2890909090909,6.0,0.6666666666666666,0.0051730805721317535,0.0,,ความเสี่ยงมาจากรูปแบบรวมหลายปัจจัย,ไม่ต้องดำเนินการเป็นพิเศษ
C11689,0.0032424263,ต่ำ,1,ลูกค้าชั้นยอด (Champions),1.0,64.0,147200.8,2300.0125,13.0,1.1818181818181819,0.03910018488081969,0.0,,ความเสี่ยงมาจากรูปแบบรวมหลายปัจจัย,ไม่ต้องดำเนินการเป็นพิเศษ
C11103,0.0032381604,ต่ำ,1,ลูกค้าชั้นยอด (Champions),7.0,48.0,89492.69,1864.4310416666667,16.0,0.8888888888888888,0.0019215972700158668,0.0,,ความเสี่ยงมาจากรูปแบบรวมหลายปัจจัย,ไม่ต้องดำเนินการเป็นพิเศษ
C11490,0.0032362032,ต่ำ,1,ลูกค้าชั้นยอด (Champions),16.0,18.0,38952.090000000004,2164.005,4.0,1.3333333333333333,0.02625495752124563,0.0,,ความเสี่ยงมาจากรูปแบบรวมหลายปัจจัย,ไม่ต้องดำเนินการเป็นพิเศษ
C12693,0.0032169323,ต่ำ,3,ลูกค้าใหม่กำลังก่อตัว (New / Developing),7.0,2.0,3344.9900000000002,1672.4950000000001,2.0,2.0,0.012228325064965745,0.0,,ความเสี่ยงมาจากรูปแบบรวมหลายปัจจัย,ไม่ต้องดำเนินการเป็นพิเศษ
C11763,0.0032133898,ต่ำ,1,ลูกค้าชั้นยอด (Champions),3.0,77.0,236010.26,3065.068311688312,9.0,0.6428571428571429,0.04200935161181211,0.0,,ความเสี่ยงมาจากรูปแบบรวมหลายปัจจัย,ไม่ต้องดำเนินการเป็นพิเศษ
C11322,0.0031787783,ต่ำ,0,ลูกค้าคุณค่าสูงที่กำลังห่างหาย (At-Risk High-Value),0.0,34.0,35699.14,1049.974705882353,5.0,0.8333333333333334,0.019362427380939625,0.0,5.0,ความเสี่ยงมาจากรูปแบบรวมหลายปัจจัย,ไม่ต้องดำเนินการเป็นพิเศษ
C10777,0.0031732498,ต่ำ,3,ลูกค้าใหม่กำลังก่อตัว (New / Developing),6.0,2.0,4429.95,2214.975,2.0,2.0,0.0,0.0,,ความเสี่ยงมาจากรูปแบบรวมหลายปัจจัย,ไม่ต้องดำเนินการเป็นพิเศษ
C10101,0.0031338434,ต่ำ,1,ลูกค้าชั้นยอด (Champions),0.0,20.0,24223.27,1211.1635,5.0,1.25,0.010282358315222964,0.0,,ความเสี่ยงมาจากรูปแบบรวมหลายปัจจัย,ไม่ต้องดำเนินการเป็นพิเศษ
C12697,0.0031122202,ต่ำ,0,ลูกค้าคุณค่าสูงที่กำลังห่างหาย (At-Risk High-Value),3.0,21.0,24982.88,1189.6609523809525,6.0,1.5,0.016171829528297356,0.0,,ความเสี่ยงมาจากรูปแบบรวมหลายปัจจัย,ไม่ต้องดำเนินการเป็นพิเศษ
C12820,0.0031078397,ต่ำ,0,ลูกค้าคุณค่าสูงที่กำลังห่างหาย (At-Risk High-Value),1.0,29.0,36597.9,1261.996551724138,9.0,2.25,0.02803819232350445,0.0,2.0,คะแนนความพึงพอใจต่ำ (2.0/5),ไม่ต้องดำเนินการเป็นพิเศษ
C10524,0.0030965218,ต่ำ,3,ลูกค้าใหม่กำลังก่อตัว (New / Developing),2.0,1.0,343.95,343.95,1.0,1.0,0.0,0.0,,ความเสี่ยงมาจากรูปแบบรวมหลายปัจจัย,ไม่ต้องดำเนินการเป็นพิเศษ
C12515,0.0030720325,ต่ำ,1,ลูกค้าชั้นยอด (Champions),3.0,46.0,60555.07,1316.4145652173913,10.0,1.4285714285714286,0.004219584826399276,0.0,,ความเสี่ยงมาจากรูปแบบรวมหลายปัจจัย,ไม่ต้องดำเนินการเป็นพิเศษ
C12089,0.0030293195,ต่ำ,1,ลูกค้าชั้นยอด (Champions),4.0,71.0,193875.0,2730.6338028169016,18.0,1.2,0.02547865020386157,0.0,4.0,ความเสี่ยงมาจากรูปแบบรวมหลายปัจจัย,ไม่ต้องดำเนินการเป็นพิเศษ
C12008,0.0030069635,ต่ำ,1,ลูกค้าชั้นยอด (Champions),18.0,61.0,100402.64,1645.944918032787,13.0,1.8571428571428572,0.022662250591960052,0.0,,ความเสี่ยงมาจากรูปแบบรวมหลายปัจจัย,ไม่ต้องดำเนินการเป็นพิเศษ
C11589,0.0029643083,ต่ำ,1,ลูกค้าชั้นยอด (Champions),5.0,58.0,145772.48,2513.3186206896553,25.0,1.9230769230769231,0.004451583514484959,0.0,,ความเสี่ยงมาจากรูปแบบรวมหลายปัจจัย,ไม่ต้องดำเนินการเป็นพิเศษ
C12199,0.0029161228,ต่ำ,1,ลูกค้าชั้นยอด (Champions),14.0,94.0,280766.11,2986.873510638298,7.0,0.5,0.0,0.0,,ความถี่ 90 วันล่าสุดลดลงชัดเจน,ไม่ต้องดำเนินการเป็นพิเศษ
C11840,0.002899323,ต่ำ,1,ลูกค้าชั้นยอด (Champions),9.0,78.0,194558.97,2494.3457692307693,9.0,0.6,0.0,0.0,,ความเสี่ยงมาจากรูปแบบรวมหลายปัจจัย,ไม่ต้องดำเนินการเป็นพิเศษ
C12825,0.0028734377,ต่ำ,3,ลูกค้าใหม่กำลังก่อตัว (New / Developing),7.0,2.0,5043.7,2521.85,2.0,2.0,0.004712308439136629,0.0,,ความเสี่ยงมาจากรูปแบบรวมหลายปัจจัย,ไม่ต้องดำเนินการเป็นพิเศษ
C10861,0.0028531149,ต่ำ,1,ลูกค้าชั้นยอด (Champions),1.0,14.0,20822.84,1487.3457142857144,4.0,0.8,0.0061389516530112945,0.0,5.0,ความเสี่ยงมาจากรูปแบบรวมหลายปัจจัย,ไม่ต้องดำเนินการเป็นพิเศษ
C10575,0.0028276972,ต่ำ,1,ลูกค้าชั้นยอด (Champions),10.0,88.0,208325.66,2367.3370454545457,15.0,0.8823529411764706,0.020666147052159203,0.0,,ความเสี่ยงมาจากรูปแบบรวมหลายปัจจัย,ไม่ต้องดำเนินการเป็นพิเศษ
C11855,0.0028084551,ต่ำ,1,ลูกค้าชั้นยอด (Champions),13.0,71.0,243986.34,3436.427323943662,11.0,0.6875,0.010967925839844692,0.0,,ความเสี่ยงมาจากรูปแบบรวมหลายปัจจัย,ไม่ต้องดำเนินการเป็นพิเศษ
C11777,0.0028023073,ต่ำ,1,ลูกค้าชั้นยอด (Champions),1.0,34.0,38013.93,1118.0567647058824,5.0,0.625,0.013281554789138965,0.0,,ความเสี่ยงมาจากรูปแบบรวมหลายปัจจัย,ไม่ต้องดำเนินการเป็นพิเศษ
C12229,0.0027644075,ต่ำ,1,ลูกค้าชั้นยอด (Champions),1.0,56.0,114259.08,2040.3407142857143,11.0,1.2222222222222223,0.020675434260573573,0.0,,ความเสี่ยงมาจากรูปแบบรวมหลายปัจจัย,ไม่ต้องดำเนินการเป็นพิเศษ
C12508,0.0027353743,ต่ำ,1,ลูกค้าชั้นยอด (Champions),6.0,51.0,179726.17,3524.042549019608,8.0,0.6666666666666666,0.0072219746622712395,0.0,,ความเสี่ยงมาจากรูปแบบรวมหลายปัจจัย,ไม่ต้องดำเนินการเป็นพิเศษ
C11674,0.0027214293,ต่ำ,1,ลูกค้าชั้นยอด (Champions),5.0,41.0,141571.13,3452.9543902439027,9.0,0.9,0.01011725230823963,1.0,2.0,คะแนนความพึงพอใจต่ำ (2.0/5) · มีเรื่องร้องเรียนค้าง 1 เรื่อง,ไม่ต้องดำเนินการเป็นพิเศษ
C11051,0.0027177692,ต่ำ,3,ลูกค้าใหม่กำลังก่อตัว (New / Developing),3.0,1.0,1757.03,1757.03,1.0,1.0,0.0,0.0,,ความเสี่ยงมาจากรูปแบบรวมหลายปัจจัย,ไม่ต้องดำเนินการเป็นพิเศษ
C12432,0.0027121052,ต่ำ,1,ลูกค้าชั้นยอด (Champions),17.0,37.0,95472.68,2580.3427027027024,10.0,1.0,0.0,0.0,,ความเสี่ยงมาจากรูปแบบรวมหลายปัจจัย,ไม่ต้องดำเนินการเป็นพิเศษ
C10569,0.0026597993,ต่ำ,0,ลูกค้าคุณค่าสูงที่กำลังห่างหาย (At-Risk High-Value),1.0,31.0,37219.43,1200.6267741935485,7.0,0.875,0.028088464627832082,0.0,,ความเสี่ยงมาจากรูปแบบรวมหลายปัจจัย,ไม่ต้องดำเนินการเป็นพิเศษ
C12618,0.0026230633,ต่ำ,1,ลูกค้าชั้นยอด (Champions),5.0,99.0,222389.39,2246.357474747475,13.0,1.4444444444444444,0.0016898462389855753,0.0,,ความเสี่ยงมาจากรูปแบบรวมหลายปัจจัย,ไม่ต้องดำเนินการเป็นพิเศษ
C12135,0.0026105486,ต่ำ,1,ลูกค้าชั้นยอด (Champions),1.0,64.0,149627.28,2337.92625,12.0,0.6,0.00559153093904025,0.0,,ความเสี่ยงมาจากรูปแบบรวมหลายปัจจัย,ไม่ต้องดำเนินการเป็นพิเศษ
C10671,0.0026095754,ต่ำ,1,ลูกค้าชั้นยอด (Champions),9.0,34.0,75730.86,2227.3782352941175,4.0,0.8,0.0029363867999387524,0.0,,ความเสี่ยงมาจากรูปแบบรวมหลายปัจจัย,ไม่ต้องดำเนินการเป็นพิเศษ
C12886,0.002596281,ต่ำ,1,ลูกค้าชั้นยอด (Champions),6.0,77.0,246631.86,3203.0111688311686,8.0,0.5714285714285714,0.005783287948997546,0.0,,ความถี่ 90 วันล่าสุดลดลงชัดเจน,ไม่ต้องดำเนินการเป็นพิเศษ
C11256,0.0025937695,ต่ำ,1,ลูกค้าชั้นยอด (Champions),9.0,21.0,40930.15,1949.054761904762,5.0,0.5555555555555556,0.0,0.0,,ความถี่ 90 วันล่าสุดลดลงชัดเจน,ไม่ต้องดำเนินการเป็นพิเศษ
C10106,0.002585803,ต่ำ,1,ลูกค้าชั้นยอด (Champions),10.0,28.0,52191.21,1863.9717857142857,10.0,1.6666666666666667,0.008952263330412857,0.0,4.5,ความเสี่ยงมาจากรูปแบบรวมหลายปัจจัย,ไม่ต้องดำเนินการเป็นพิเศษ
C12757,0.0025851547,ต่ำ,1,ลูกค้าชั้นยอด (Champions),23.0,56.0,166834.7,2979.191071428572,10.0,1.0,0.01992205066266336,0.0,,ความเสี่ยงมาจากรูปแบบรวมหลายปัจจัย,ไม่ต้องดำเนินการเป็นพิเศษ
C11759,0.002494583,ต่ำ,1,ลูกค้าชั้นยอด (Champions),1.0,66.0,142431.98,2158.060303030303,7.0,0.875,0.0028447548248957282,0.0,,ความเสี่ยงมาจากรูปแบบรวมหลายปัจจัย,ไม่ต้องดำเนินการเป็นพิเศษ
C10947,0.002487694,ต่ำ,1,ลูกค้าชั้นยอด (Champions),5.0,71.0,268592.71,3782.995915492958,10.0,0.8333333333333334,0.0,0.0,,ความเสี่ยงมาจากรูปแบบรวมหลายปัจจัย,ไม่ต้องดำเนินการเป็นพิเศษ
C10663,0.00248074,ต่ำ,1,ลูกค้าชั้นยอด (Champions),9.0,53.0,150516.13,2839.9269811320755,16.0,1.3333333333333333,0.013068523079263416,0.0,,ความเสี่ยงมาจากรูปแบบรวมหลายปัจจัย,ไม่ต้องดำเนินการเป็นพิเศษ
C12807,0.002466305,ต่ำ,1,ลูกค้าชั้นยอด (Champions),0.0,46.0,113763.57,2473.121086956522,15.0,1.1538461538461537,0.012364159840927556,0.0,,ความเสี่ยงมาจากรูปแบบรวมหลายปัจจัย,ไม่ต้องดำเนินการเป็นพิเศษ
C11765,0.0024650746,ต่ำ,0,ลูกค้าคุณค่าสูงที่กำลังห่างหาย (At-Risk High-Value),0.0,23.0,28980.96,1260.0417391304347,7.0,1.75,0.024750264584093996,0.0,,ความเสี่ยงมาจากรูปแบบรวมหลายปัจจัย,ไม่ต้องดำเนินการเป็นพิเศษ
C10593,0.002459474,ต่ำ,1,ลูกค้าชั้นยอด (Champions),16.0,54.0,175954.79,3258.422037037037,14.0,4.666666666666667,0.009118173533796682,0.0,,ความเสี่ยงมาจากรูปแบบรวมหลายปัจจัย,ไม่ต้องดำเนินการเป็นพิเศษ
C10154,0.0024501686,ต่ำ,1,ลูกค้าชั้นยอด (Champions),8.0,58.0,143586.2,2475.6241379310345,13.0,1.3,0.005439301446518384,0.0,,ความเสี่ยงมาจากรูปแบบรวมหลายปัจจัย,ไม่ต้องดำเนินการเป็นพิเศษ
C12431,0.002444218,ต่ำ,1,ลูกค้าชั้นยอด (Champions),1.0,83.0,144444.35,1740.2933734939759,17.0,1.4166666666666667,0.01134299848091992,0.0,,ความเสี่ยงมาจากรูปแบบรวมหลายปัจจัย,ไม่ต้องดำเนินการเป็นพิเศษ
C12580,0.0024393073,ต่ำ,1,ลูกค้าชั้นยอด (Champions),10.0,53.0,185879.55,3507.1613207547166,11.0,1.0,0.007963794326721842,0.0,,ความเสี่ยงมาจากรูปแบบรวมหลายปัจจัย,ไม่ต้องดำเนินการเป็นพิเศษ
C12916,0.0024204026,ต่ำ,1,ลูกค้าชั้นยอด (Champions),1.0,65.0,154910.26,2383.2347692307694,18.0,1.2,0.0017208059246298214,0.0,,ความเสี่ยงมาจากรูปแบบรวมหลายปัจจัย,ไม่ต้องดำเนินการเป็นพิเศษ
C10666,0.0024069955,ต่ำ,1,ลูกค้าชั้นยอด (Champions),14.0,39.0,110178.98,2825.102051282051,14.0,2.8,0.018950074532169396,0.0,4.0,ความเสี่ยงมาจากรูปแบบรวมหลายปัจจัย,ไม่ต้องดำเนินการเป็นพิเศษ
C12307,0.002405496,ต่ำ,1,ลูกค้าชั้นยอด (Champions),10.0,72.0,152406.44,2116.7561111111113,17.0,1.8888888888888888,0.00034855139965622365,0.0,,ความเสี่ยงมาจากรูปแบบรวมหลายปัจจัย,ไม่ต้องดำเนินการเป็นพิเศษ
C11911,0.0023981244,ต่ำ,1,ลูกค้าชั้นยอด (Champions),3.0,64.0,216357.36,3380.58375,12.0,0.7058823529411765,0.010361870016242595,0.0,5.0,ความเสี่ยงมาจากรูปแบบรวมหลายปัจจัย,ไม่ต้องดำเนินการเป็นพิเศษ
C11842,0.0023971847,ต่ำ,1,ลูกค้าชั้นยอด (Champions),3.0,63.0,232575.27,3691.6709523809523,12.0,1.2,0.025160777553411444,0.0,2.0,คะแนนความพึงพอใจต่ำ (2.0/5),ไม่ต้องดำเนินการเป็นพิเศษ
C10760,0.0023825057,ต่ำ,1,ลูกค้าชั้นยอด (Champions),0.0,17.0,31173.39,1833.7288235294118,4.0,1.0,0.019916760147490102,0.0,,ความเสี่ยงมาจากรูปแบบรวมหลายปัจจัย,ไม่ต้องดำเนินการเป็นพิเศษ
C12575,0.002376042,ต่ำ,1,ลูกค้าชั้นยอด (Champions),0.0,27.0,38201.53,1414.8714814814814,12.0,3.0,0.014188663314010141,0.0,,ความเสี่ยงมาจากรูปแบบรวมหลายปัจจัย,ไม่ต้องดำเนินการเป็นพิเศษ
C11985,0.0023275907,ต่ำ,1,ลูกค้าชั้นยอด (Champions),3.0,85.0,276578.48,3253.8644705882352,12.0,0.8,0.0,0.0,,ความเสี่ยงมาจากรูปแบบรวมหลายปัจจัย,ไม่ต้องดำเนินการเป็นพิเศษ
C11374,0.0023090313,ต่ำ,1,ลูกค้าชั้นยอด (Champions),2.0,78.0,147263.14,1887.9889743589745,10.0,1.25,0.0296269157804497,0.0,,ความเสี่ยงมาจากรูปแบบรวมหลายปัจจัย,ไม่ต้องดำเนินการเป็นพิเศษ
C10596,0.0023034862,ต่ำ,1,ลูกค้าชั้นยอด (Champions),1.0,62.0,155251.15,2504.050806451613,14.0,1.75,0.0,0.0,,ความเสี่ยงมาจากรูปแบบรวมหลายปัจจัย,ไม่ต้องดำเนินการเป็นพิเศษ
C11040,0.0022754408,ต่ำ,0,ลูกค้าคุณค่าสูงที่กำลังห่างหาย (At-Risk High-Value),1.0,20.0,21152.37,1057.6185,7.0,3.5,0.017070389391683535,0.0,,ความเสี่ยงมาจากรูปแบบรวมหลายปัจจัย,ไม่ต้องดำเนินการเป็นพิเศษ
C12329,0.002264835,ต่ำ,1,ลูกค้าชั้นยอด (Champions),5.0,63.0,157435.67,2498.9788888888893,11.0,0.8461538461538461,0.032499068207803336,0.0,,ความเสี่ยงมาจากรูปแบบรวมหลายปัจจัย,ไม่ต้องดำเนินการเป็นพิเศษ
C12932,0.002255699,ต่ำ,1,ลูกค้าชั้นยอด (Champions),8.0,71.0,251710.8,3545.2225352112673,9.0,0.5,0.0,0.0,,ความถี่ 90 วันล่าสุดลดลงชัดเจน,ไม่ต้องดำเนินการเป็นพิเศษ
C11011,0.0022451207,ต่ำ,1,ลูกค้าชั้นยอด (Champions),4.0,64.0,194348.63,3036.69734375,11.0,1.375,0.0,0.0,,ความเสี่ยงมาจากรูปแบบรวมหลายปัจจัย,ไม่ต้องดำเนินการเป็นพิเศษ
C10788,0.0022434145,ต่ำ,0,ลูกค้าคุณค่าสูงที่กำลังห่างหาย (At-Risk High-Value),1.0,19.0,15749.19,828.9047368421053,6.0,0.75,0.0,0.0,4.0,ความเสี่ยงมาจากรูปแบบรวมหลายปัจจัย,ไม่ต้องดำเนินการเป็นพิเศษ
C10530,0.0022368631,ต่ำ,1,ลูกค้าชั้นยอด (Champions),5.0,54.0,197235.72,3652.5133333333333,10.0,0.7142857142857143,0.0,0.0,,ความเสี่ยงมาจากรูปแบบรวมหลายปัจจัย,ไม่ต้องดำเนินการเป็นพิเศษ
C10988,0.002232503,ต่ำ,1,ลูกค้าชั้นยอด (Champions),12.0,71.0,210368.55,2962.937323943662,15.0,1.3636363636363635,0.009272504685348721,0.0,,ความเสี่ยงมาจากรูปแบบรวมหลายปัจจัย,ไม่ต้องดำเนินการเป็นพิเศษ
C12604,0.0022083488,ต่ำ,1,ลูกค้าชั้นยอด (Champions),3.0,42.0,94260.18,2244.29,11.0,0.7333333333333333,0.012723959151610368,0.0,2.0,คะแนนความพึงพอใจต่ำ (2.0/5),ไม่ต้องดำเนินการเป็นพิเศษ
C12407,0.0021947653,ต่ำ,1,ลูกค้าชั้นยอด (Champions),11.0,95.0,342963.61,3610.1432631578946,8.0,0.5,0.003171674608617626,0.0,3.0,ความถี่ 90 วันล่าสุดลดลงชัดเจน,ไม่ต้องดำเนินการเป็นพิเศษ
C12441,0.0021915575,ต่ำ,1,ลูกค้าชั้นยอด (Champions),0.0,24.0,21459.54,894.1475,8.0,0.8888888888888888,0.02226958600931643,0.0,,ความเสี่ยงมาจากรูปแบบรวมหลายปัจจัย,ไม่ต้องดำเนินการเป็นพิเศษ
C11736,0.0021809463,ต่ำ,1,ลูกค้าชั้นยอด (Champions),2.0,51.0,72243.53,1416.5398039215686,12.0,1.2,0.03776661413090024,0.0,,ความเสี่ยงมาจากรูปแบบรวมหลายปัจจัย,ไม่ต้องดำเนินการเป็นพิเศษ
C10068,0.0021731777,ต่ำ,1,ลูกค้าชั้นยอด (Champions),0.0,53.0,126410.59,2385.105471698113,12.0,1.0,0.006248631642748011,0.0,,ความเสี่ยงมาจากรูปแบบรวมหลายปัจจัย,ไม่ต้องดำเนินการเป็นพิเศษ
C12323,0.0021589685,ต่ำ,1,ลูกค้าชั้นยอด (Champions),15.0,73.0,183476.84,2513.381369863014,13.0,0.8125,0.004367498474753514,0.0,,ความเสี่ยงมาจากรูปแบบรวมหลายปัจจัย,ไม่ต้องดำเนินการเป็นพิเศษ
C11393,0.002145882,ต่ำ,1,ลูกค้าชั้นยอด (Champions),2.0,59.0,103189.67,1748.9774576271186,9.0,0.9,0.03203260950828619,0.0,,ความเสี่ยงมาจากรูปแบบรวมหลายปัจจัย,ไม่ต้องดำเนินการเป็นพิเศษ
C10120,0.0021332654,ต่ำ,1,ลูกค้าชั้นยอด (Champions),6.0,54.0,188911.44,3498.36,16.0,0.8888888888888888,0.026484711582254586,0.0,,ความเสี่ยงมาจากรูปแบบรวมหลายปัจจัย,ไม่ต้องดำเนินการเป็นพิเศษ
C10836,0.0021205351,ต่ำ,0,ลูกค้าคุณค่าสูงที่กำลังห่างหาย (At-Risk High-Value),4.0,50.0,46365.01,927.3002,7.0,0.5833333333333334,0.010841591963337676,0.0,5.0,ความถี่ 90 วันล่าสุดลดลงชัดเจน,ไม่ต้องดำเนินการเป็นพิเศษ
C10812,0.0021189041,ต่ำ,1,ลูกค้าชั้นยอด (Champions),0.0,55.0,125158.2,2275.6036363636363,10.0,2.0,0.03663295141392081,0.0,,ความเสี่ยงมาจากรูปแบบรวมหลายปัจจัย,ไม่ต้องดำเนินการเป็นพิเศษ
C10627,0.002113162,ต่ำ,1,ลูกค้าชั้นยอด (Champions),1.0,78.0,206274.52,2644.545128205128,9.0,0.5625,0.002168073357784445,0.0,,ความถี่ 90 วันล่าสุดลดลงชัดเจน,ไม่ต้องดำเนินการเป็นพิเศษ
C10600,0.0021123637,ต่ำ,1,ลูกค้าชั้นยอด (Champions),0.0,77.0,217432.15,2823.7941558441557,10.0,0.5882352941176471,0.005941160692459395,0.0,5.0,ความถี่ 90 วันล่าสุดลดลงชัดเจน,ไม่ต้องดำเนินการเป็นพิเศษ
C12478,0.0021118622,ต่ำ,1,ลูกค้าชั้นยอด (Champions),4.0,82.0,243300.88,2967.0839024390243,12.0,0.8,0.019992128547244085,0.0,,ความเสี่ยงมาจากรูปแบบรวมหลายปัจจัย,ไม่ต้องดำเนินการเป็นพิเศษ
C11986,0.0020921035,ต่ำ,1,ลูกค้าชั้นยอด (Champions),9.0,64.0,178741.93,2792.84265625,14.0,1.0,0.012648338677517659,0.0,,ความเสี่ยงมาจากรูปแบบรวมหลายปัจจัย,ไม่ต้องดำเนินการเป็นพิเศษ
C12402,0.0020916597,ต่ำ,0,ลูกค้าคุณค่าสูงที่กำลังห่างหาย (At-Risk High-Value),3.0,16.0,20109.35,1256.834375,6.0,0.8571428571428571,0.015018634921583446,0.0,,ความเสี่ยงมาจากรูปแบบรวมหลายปัจจัย,ไม่ต้องดำเนินการเป็นพิเศษ
C10123,0.0020836073,ต่ำ,1,ลูกค้าชั้นยอด (Champions),2.0,38.0,47778.52,1257.3294736842104,7.0,0.875,0.02545103861621999,0.0,5.0,ความเสี่ยงมาจากรูปแบบรวมหลายปัจจัย,ไม่ต้องดำเนินการเป็นพิเศษ
C10368,0.0020830978,ต่ำ,1,ลูกค้าชั้นยอด (Champions),5.0,24.0,46402.590000000004,1933.44125,7.0,1.1666666666666667,0.014653032830607924,0.0,,ความเสี่ยงมาจากรูปแบบรวมหลายปัจจัย,ไม่ต้องดำเนินการเป็นพิเศษ
C11053,0.0020800587,ต่ำ,1,ลูกค้าชั้นยอด (Champions),2.0,41.0,58382.99,1423.9753658536586,8.0,1.3333333333333333,0.016654705322273314,0.0,,ความเสี่ยงมาจากรูปแบบรวมหลายปัจจัย,ไม่ต้องดำเนินการเป็นพิเศษ
C11285,0.0020745667,ต่ำ,1,ลูกค้าชั้นยอด (Champions),4.0,28.0,44515.61,1589.8432142857143,6.0,0.75,0.011329082872874187,0.0,,ความเสี่ยงมาจากรูปแบบรวมหลายปัจจัย,ไม่ต้องดำเนินการเป็นพิเศษ
C11405,0.0020681196,ต่ำ,1,ลูกค้าชั้นยอด (Champions),0.0,29.0,35839.32,1235.8386206896553,7.0,1.0,0.021648618871402223,0.0,,ความเสี่ยงมาจากรูปแบบรวมหลายปัจจัย,ไม่ต้องดำเนินการเป็นพิเศษ
C11545,0.0020618122,ต่ำ,1,ลูกค้าชั้นยอด (Champions),15.0,53.0,174763.45,3297.4235849056604,10.0,1.25,0.012680667651066452,0.0,,ความเสี่ยงมาจากรูปแบบรวมหลายปัจจัย,ไม่ต้องดำเนินการเป็นพิเศษ
C11865,0.0020518163,ต่ำ,0,ลูกค้าคุณค่าสูงที่กำลังห่างหาย (At-Risk High-Value),2.0,26.0,28175.9,1083.6884615384615,5.0,0.8333333333333334,0.020936180977336828,0.0,4.0,ความเสี่ยงมาจากรูปแบบรวมหลายปัจจัย,ไม่ต้องดำเนินการเป็นพิเศษ
C11086,0.0020268692,ต่ำ,1,ลูกค้าชั้นยอด (Champions),6.0,76.0,275340.21,3622.8975000000005,10.0,0.5555555555555556,0.028561141522699434,0.0,4.0,ความถี่ 90 วันล่าสุดลดลงชัดเจน,ไม่ต้องดำเนินการเป็นพิเศษ
C11493,0.0020241782,ต่ำ,1,ลูกค้าชั้นยอด (Champions),7.0,73.0,207227.23,2838.729178082192,8.0,0.8888888888888888,0.020125917134067133,1.0,4.0,มีเรื่องร้องเรียนค้าง 1 เรื่อง,ไม่ต้องดำเนินการเป็นพิเศษ
C11515,0.0019987654,ต่ำ,1,ลูกค้าชั้นยอด (Champions),5.0,55.0,151686.44,2757.9352727272726,17.0,1.1333333333333333,0.007086449393571458,0.0,,ความเสี่ยงมาจากรูปแบบรวมหลายปัจจัย,ไม่ต้องดำเนินการเป็นพิเศษ
C12610,0.0019843103,ต่ำ,1,ลูกค้าชั้นยอด (Champions),7.0,62.0,186792.46,3012.781612903226,15.0,1.0,0.027343376956417913,0.0,3.0,ความเสี่ยงมาจากรูปแบบรวมหลายปัจจัย,ไม่ต้องดำเนินการเป็นพิเศษ
C11807,0.0019775566,ต่ำ,1,ลูกค้าชั้นยอด (Champions),17.0,61.0,174259.55,2856.713934426229,12.0,1.0909090909090908,0.02239301372170824,0.0,,ความเสี่ยงมาจากรูปแบบรวมหลายปัจจัย,ไม่ต้องดำเนินการเป็นพิเศษ
C12038,0.0019601507,ต่ำ,1,ลูกค้าชั้นยอด (Champions),11.0,58.0,181508.84,3129.46275862069,14.0,1.1666666666666667,0.004754301157428083,0.0,,ความเสี่ยงมาจากรูปแบบรวมหลายปัจจัย,ไม่ต้องดำเนินการเป็นพิเศษ
C12392,0.001955424,ต่ำ,1,ลูกค้าชั้นยอด (Champions),2.0,51.0,153354.07,3006.942549019608,17.0,1.5454545454545454,0.05663816294708382,0.0,,ความเสี่ยงมาจากรูปแบบรวมหลายปัจจัย,ไม่ต้องดำเนินการเป็นพิเศษ
C10208,0.001950306,ต่ำ,0,ลูกค้าคุณค่าสูงที่กำลังห่างหาย (At-Risk High-Value),4.0,10.0,22486.77,2248.677,2.0,0.6666666666666666,0.011022373280310537,0.0,,ความเสี่ยงมาจากรูปแบบรวมหลายปัจจัย,ไม่ต้องดำเนินการเป็นพิเศษ
C11973,0.0019464293,ต่ำ,1,ลูกค้าชั้นยอด (Champions),10.0,71.0,166709.04,2348.014647887324,13.0,1.625,0.013042583275122581,0.0,,ความเสี่ยงมาจากรูปแบบรวมหลายปัจจัย,ไม่ต้องดำเนินการเป็นพิเศษ
C11991,0.0019427597,ต่ำ,0,ลูกค้าคุณค่าสูงที่กำลังห่างหาย (At-Risk High-Value),1.0,30.0,40096.09,1336.5363333333332,7.0,0.875,0.01964040032890482,0.0,,ความเสี่ยงมาจากรูปแบบรวมหลายปัจจัย,ไม่ต้องดำเนินการเป็นพิเศษ
C12866,0.0019411885,ต่ำ,0,ลูกค้าคุณค่าสูงที่กำลังห่างหาย (At-Risk High-Value),2.0,27.0,24524.49,908.3144444444445,7.0,0.875,0.02346247389872946,0.0,,ความเสี่ยงมาจากรูปแบบรวมหลายปัจจัย,ไม่ต้องดำเนินการเป็นพิเศษ
C12497,0.0019249466,ต่ำ,1,ลูกค้าชั้นยอด (Champions),1.0,68.0,172368.27,2534.8275,15.0,1.3636363636363635,0.023496539516183766,0.0,,ความเสี่ยงมาจากรูปแบบรวมหลายปัจจัย,ไม่ต้องดำเนินการเป็นพิเศษ
C12401,0.0019126612,ต่ำ,1,ลูกค้าชั้นยอด (Champions),19.0,68.0,181868.57,2674.537794117647,9.0,0.9,0.018566650301220976,0.0,,ความเสี่ยงมาจากรูปแบบรวมหลายปัจจัย,ไม่ต้องดำเนินการเป็นพิเศษ
C11897,0.0018996367,ต่ำ,1,ลูกค้าชั้นยอด (Champions),15.0,65.0,215335.3,3312.850769230769,17.0,1.5454545454545454,0.027985896234259157,0.0,,ความเสี่ยงมาจากรูปแบบรวมหลายปัจจัย,ไม่ต้องดำเนินการเป็นพิเศษ
C11794,0.0018781752,ต่ำ,0,ลูกค้าคุณค่าสูงที่กำลังห่างหาย (At-Risk High-Value),1.0,17.0,20723.18,1219.010588235294,11.0,3.6666666666666665,0.01444997912210099,0.0,,ความเสี่ยงมาจากรูปแบบรวมหลายปัจจัย,ไม่ต้องดำเนินการเป็นพิเศษ
C10442,0.0018662269,ต่ำ,1,ลูกค้าชั้นยอด (Champions),1.0,75.0,184398.27,2458.6436,9.0,0.6428571428571429,0.02627647164061703,0.0,,ความเสี่ยงมาจากรูปแบบรวมหลายปัจจัย,ไม่ต้องดำเนินการเป็นพิเศษ
C11821,0.0018518558,ต่ำ,1,ลูกค้าชั้นยอด (Champions),1.0,56.0,174488.98,3115.874642857143,12.0,1.0,0.03404067427222686,0.0,2.0,คะแนนความพึงพอใจต่ำ (2.0/5),ไม่ต้องดำเนินการเป็นพิเศษ
C10119,0.0018503899,ต่ำ,1,ลูกค้าชั้นยอด (Champions),4.0,55.0,156344.05,2842.6190909090906,7.0,0.5384615384615384,0.023587855081558345,0.0,,ความถี่ 90 วันล่าสุดลดลงชัดเจน,ไม่ต้องดำเนินการเป็นพิเศษ
C11229,0.0018421366,ต่ำ,3,ลูกค้าใหม่กำลังก่อตัว (New / Developing),2.0,1.0,2974.18,2974.18,1.0,1.0,0.0,0.0,,ความเสี่ยงมาจากรูปแบบรวมหลายปัจจัย,ไม่ต้องดำเนินการเป็นพิเศษ
C12125,0.0018407607,ต่ำ,1,ลูกค้าชั้นยอด (Champions),1.0,58.0,135399.82,2334.479655172414,12.0,0.9230769230769231,0.027607858289097453,0.0,,ความเสี่ยงมาจากรูปแบบรวมหลายปัจจัย,ไม่ต้องดำเนินการเป็นพิเศษ
C10478,0.001835244,ต่ำ,1,ลูกค้าชั้นยอด (Champions),5.0,61.0,196273.37,3217.5962295081968,12.0,1.0909090909090908,0.0008256143045390716,0.0,,ความเสี่ยงมาจากรูปแบบรวมหลายปัจจัย,ไม่ต้องดำเนินการเป็นพิเศษ
C10150,0.0018304121,ต่ำ,1,ลูกค้าชั้นยอด (Champions),0.0,57.0,113024.56,1982.8870175438597,16.0,1.7777777777777777,0.004212499280854048,0.0,3.0,ความเสี่ยงมาจากรูปแบบรวมหลายปัจจัย,ไม่ต้องดำเนินการเป็นพิเศษ
C11817,0.0018253061,ต่ำ,1,ลูกค้าชั้นยอด (Champions),19.0,39.0,83103.5,2130.858974358974,5.0,0.5555555555555556,0.0265519897153868,0.0,5.0,ความถี่ 90 วันล่าสุดลดลงชัดเจน,ไม่ต้องดำเนินการเป็นพิเศษ
C12232,0.0017989906,ต่ำ,1,ลูกค้าชั้นยอด (Champions),1.0,49.0,129307.56,2638.9297959183673,3.0,0.3,0.019808266603841034,0.0,,ความถี่ 90 วันล่าสุดลดลงชัดเจน,ไม่ต้องดำเนินการเป็นพิเศษ
C10727,0.0017855782,ต่ำ,1,ลูกค้าชั้นยอด (Champions),1.0,49.0,116805.51,2383.7859183673468,8.0,0.5333333333333333,0.005096679939368273,0.0,2.0,ความถี่ 90 วันล่าสุดลดลงชัดเจน · คะแนนความพึงพอใจต่ำ (2.0/5),ไม่ต้องดำเนินการเป็นพิเศษ
C10764,0.0017638121,ต่ำ,1,ลูกค้าชั้นยอด (Champions),3.0,50.0,146638.22,2932.7644,12.0,0.9230769230769231,0.0,0.0,3.0,ความเสี่ยงมาจากรูปแบบรวมหลายปัจจัย,ไม่ต้องดำเนินการเป็นพิเศษ
C12368,0.0017616265,ต่ำ,1,ลูกค้าชั้นยอด (Champions),1.0,50.0,170484.59,3409.6918,7.0,0.5384615384615384,0.026114375811132972,0.0,2.5,ความถี่ 90 วันล่าสุดลดลงชัดเจน,ไม่ต้องดำเนินการเป็นพิเศษ
C12800,0.0017569403,ต่ำ,1,ลูกค้าชั้นยอด (Champions),9.0,61.0,139378.53,2284.8939344262294,14.0,0.7777777777777778,0.0071213331470746065,0.0,,ความเสี่ยงมาจากรูปแบบรวมหลายปัจจัย,ไม่ต้องดำเนินการเป็นพิเศษ
C12583,0.0017540308,ต่ำ,1,ลูกค้าชั้นยอด (Champions),1.0,89.0,206466.27,2319.8457303370787,17.0,1.0625,0.010134427486877824,0.0,4.0,ความเสี่ยงมาจากรูปแบบรวมหลายปัจจัย,ไม่ต้องดำเนินการเป็นพิเศษ
C10149,0.0017237138,ต่ำ,1,ลูกค้าชั้นยอด (Champions),17.0,83.0,254778.0,3069.614457831325,10.0,0.7142857142857143,0.017400455768095124,0.0,,ความเสี่ยงมาจากรูปแบบรวมหลายปัจจัย,ไม่ต้องดำเนินการเป็นพิเศษ
C11693,0.0017234907,ต่ำ,1,ลูกค้าชั้นยอด (Champions),16.0,75.0,216699.92,2889.332266666667,12.0,1.0,0.0,0.0,3.0,ความเสี่ยงมาจากรูปแบบรวมหลายปัจจัย,ไม่ต้องดำเนินการเป็นพิเศษ
C10825,0.0017101754,ต่ำ,1,ลูกค้าชั้นยอด (Champions),15.0,41.0,105264.08,2567.4165853658537,12.0,2.0,0.028755151522532912,0.0,4.0,ความเสี่ยงมาจากรูปแบบรวมหลายปัจจัย,ไม่ต้องดำเนินการเป็นพิเศษ
C10856,0.0017037393,ต่ำ,1,ลูกค้าชั้นยอด (Champions),0.0,93.0,244256.01,2626.4087096774197,15.0,1.25,0.03959390507670163,0.0,,ความเสี่ยงมาจากรูปแบบรวมหลายปัจจัย,ไม่ต้องดำเนินการเป็นพิเศษ
C12920,0.0017016261,ต่ำ,1,ลูกค้าชั้นยอด (Champions),1.0,75.0,175217.4,2336.232,8.0,0.5333333333333333,0.012379874030063959,0.0,,ความถี่ 90 วันล่าสุดลดลงชัดเจน,ไม่ต้องดำเนินการเป็นพิเศษ
C12537,0.0016968343,ต่ำ,0,ลูกค้าคุณค่าสูงที่กำลังห่างหาย (At-Risk High-Value),1.0,22.0,18762.62,852.8463636363635,7.0,0.875,0.025639853866386935,0.0,,ความเสี่ยงมาจากรูปแบบรวมหลายปัจจัย,ไม่ต้องดำเนินการเป็นพิเศษ
C11899,0.0016966139,ต่ำ,1,ลูกค้าชั้นยอด (Champions),12.0,61.0,159862.84,2620.7022950819673,11.0,1.375,0.015966590978815774,0.0,,ความเสี่ยงมาจากรูปแบบรวมหลายปัจจัย,ไม่ต้องดำเนินการเป็นพิเศษ
C11486,0.0016931591,ต่ำ,1,ลูกค้าชั้นยอด (Champions),0.0,55.0,135380.17,2461.4576363636365,12.0,0.75,0.014130152279487997,0.0,,ความเสี่ยงมาจากรูปแบบรวมหลายปัจจัย,ไม่ต้องดำเนินการเป็นพิเศษ
C10574,0.0016912612,ต่ำ,1,ลูกค้าชั้นยอด (Champions),0.0,54.0,140917.88,2609.5903703703702,12.0,1.5,0.014240907561169993,0.0,,ความเสี่ยงมาจากรูปแบบรวมหลายปัจจัย,ไม่ต้องดำเนินการเป็นพิเศษ
C11138,0.0016890414,ต่ำ,1,ลูกค้าชั้นยอด (Champions),0.0,31.0,77754.91,2508.2229032258065,8.0,1.0,0.01757438956053918,0.0,,ความเสี่ยงมาจากรูปแบบรวมหลายปัจจัย,ไม่ต้องดำเนินการเป็นพิเศษ
C12551,0.0016879209,ต่ำ,1,ลูกค้าชั้นยอด (Champions),7.0,80.0,208932.07,2611.6508750000003,17.0,1.4166666666666667,0.0,0.0,,ความเสี่ยงมาจากรูปแบบรวมหลายปัจจัย,ไม่ต้องดำเนินการเป็นพิเศษ
C10052,0.001677304,ต่ำ,1,ลูกค้าชั้นยอด (Champions),11.0,65.0,195800.3,3012.3123076923075,9.0,0.6428571428571429,0.011110844557014447,0.0,,ความเสี่ยงมาจากรูปแบบรวมหลายปัจจัย,ไม่ต้องดำเนินการเป็นพิเศษ
C10131,0.0016754031,ต่ำ,1,ลูกค้าชั้นยอด (Champions),2.0,41.0,75184.91,1833.7782926829268,6.0,1.0,0.017977235748571043,0.0,3.0,ความเสี่ยงมาจากรูปแบบรวมหลายปัจจัย,ไม่ต้องดำเนินการเป็นพิเศษ
C12363,0.0016680292,ต่ำ,1,ลูกค้าชั้นยอด (Champions),9.0,36.0,118013.3,3278.1472222222224,17.0,2.125,0.01938686345852856,0.0,3.5,ความเสี่ยงมาจากรูปแบบรวมหลายปัจจัย,ไม่ต้องดำเนินการเป็นพิเศษ
C10124,0.001665123,ต่ำ,1,ลูกค้าชั้นยอด (Champions),6.0,67.0,206851.85,3087.3410447761194,16.0,1.6,0.0,0.0,,ความเสี่ยงมาจากรูปแบบรวมหลายปัจจัย,ไม่ต้องดำเนินการเป็นพิเศษ
C10829,0.0016563509,ต่ำ,1,ลูกค้าชั้นยอด (Champions),7.0,74.0,251150.67,3393.9279729729733,13.0,0.65,0.017254099847264906,0.0,,ความเสี่ยงมาจากรูปแบบรวมหลายปัจจัย,ไม่ต้องดำเนินการเป็นพิเศษ
C11124,0.0016483566,ต่ำ,1,ลูกค้าชั้นยอด (Champions),0.0,63.0,132511.08,2103.350476190476,11.0,1.2222222222222223,0.023875698275667746,0.0,,ความเสี่ยงมาจากรูปแบบรวมหลายปัจจัย,ไม่ต้องดำเนินการเป็นพิเศษ
C10084,0.0016420534,ต่ำ,1,ลูกค้าชั้นยอด (Champions),0.0,68.0,170312.41,2504.5942647058823,9.0,0.6428571428571429,0.024279295426300158,0.0,,ความเสี่ยงมาจากรูปแบบรวมหลายปัจจัย,ไม่ต้องดำเนินการเป็นพิเศษ
C12797,0.0016374002,ต่ำ,1,ลูกค้าชั้นยอด (Champions),0.0,56.0,147656.83,2636.7291071428567,8.0,0.5333333333333333,0.0,0.0,,ความถี่ 90 วันล่าสุดลดลงชัดเจน,ไม่ต้องดำเนินการเป็นพิเศษ
C12738,0.0016346992,ต่ำ,1,ลูกค้าชั้นยอด (Champions),3.0,57.0,203830.03,3575.9654385964914,11.0,1.2222222222222223,0.0,0.0,,ความเสี่ยงมาจากรูปแบบรวมหลายปัจจัย,ไม่ต้องดำเนินการเป็นพิเศษ
C11258,0.001624626,ต่ำ,1,ลูกค้าชั้นยอด (Champions),3.0,58.0,152891.27,2636.0563793103447,17.0,1.4166666666666667,0.015198626584185968,0.0,,ความเสี่ยงมาจากรูปแบบรวมหลายปัจจัย,ไม่ต้องดำเนินการเป็นพิเศษ
C11967,0.0015769957,ต่ำ,1,ลูกค้าชั้นยอด (Champions),0.0,55.0,114043.65,2073.520909090909,14.0,1.1666666666666667,0.0035722242851838094,0.0,4.0,ความเสี่ยงมาจากรูปแบบรวมหลายปัจจัย,ไม่ต้องดำเนินการเป็นพิเศษ
C10765,0.001559273,ต่ำ,1,ลูกค้าชั้นยอด (Champions),4.0,72.0,213740.39,2968.616527777778,13.0,1.4444444444444444,0.02206982245845909,0.0,,ความเสี่ยงมาจากรูปแบบรวมหลายปัจจัย,ไม่ต้องดำเนินการเป็นพิเศษ
C11141,0.0015490502,ต่ำ,1,ลูกค้าชั้นยอด (Champions),0.0,83.0,167841.13,2022.1822891566267,14.0,0.7,0.01245606712335167,0.0,,ความเสี่ยงมาจากรูปแบบรวมหลายปัจจัย,ไม่ต้องดำเนินการเป็นพิเศษ
C10275,0.0015403751,ต่ำ,1,ลูกค้าชั้นยอด (Champions),3.0,55.0,146859.45,2670.1718181818183,15.0,1.3636363636363635,0.017893123420521337,0.0,,ความเสี่ยงมาจากรูปแบบรวมหลายปัจจัย,ไม่ต้องดำเนินการเป็นพิเศษ
C12490,0.0015362325,ต่ำ,1,ลูกค้าชั้นยอด (Champions),4.0,47.0,143505.01,3053.298085106383,12.0,1.2,0.02874529304777141,0.0,,ความเสี่ยงมาจากรูปแบบรวมหลายปัจจัย,ไม่ต้องดำเนินการเป็นพิเศษ
C11375,0.001518438,ต่ำ,1,ลูกค้าชั้นยอด (Champions),7.0,46.0,125984.98999999999,2738.8041304347826,9.0,0.5625,0.020461117664177644,0.0,,ความถี่ 90 วันล่าสุดลดลงชัดเจน,ไม่ต้องดำเนินการเป็นพิเศษ
C12606,0.0015127474,ต่ำ,1,ลูกค้าชั้นยอด (Champions),2.0,63.0,113304.68000000001,1798.4869841269842,7.0,0.5,0.016101489671967197,1.0,5.0,ความถี่ 90 วันล่าสุดลดลงชัดเจน · มีเรื่องร้องเรียนค้าง 1 เรื่อง,ไม่ต้องดำเนินการเป็นพิเศษ
C12620,0.0015091728,ต่ำ,1,ลูกค้าชั้นยอด (Champions),1.0,33.0,45148.12,1368.1248484848486,7.0,1.4,0.023362826192012052,0.0,,ความเสี่ยงมาจากรูปแบบรวมหลายปัจจัย,ไม่ต้องดำเนินการเป็นพิเศษ
C11719,0.0014978045,ต่ำ,1,ลูกค้าชั้นยอด (Champions),1.0,81.0,115335.89,1423.8998765432098,13.0,0.7647058823529411,0.0,0.0,5.0,ความเสี่ยงมาจากรูปแบบรวมหลายปัจจัย,ไม่ต้องดำเนินการเป็นพิเศษ
C10202,0.0014955428,ต่ำ,1,ลูกค้าชั้นยอด (Champions),16.0,71.0,246828.69,3476.4604225352114,14.0,1.1666666666666667,0.0,0.0,,ความเสี่ยงมาจากรูปแบบรวมหลายปัจจัย,ไม่ต้องดำเนินการเป็นพิเศษ
C10756,0.0014750395,ต่ำ,1,ลูกค้าชั้นยอด (Champions),19.0,45.0,145601.82,3235.596,8.0,0.8,0.011544151041769207,0.0,,ความเสี่ยงมาจากรูปแบบรวมหลายปัจจัย,ไม่ต้องดำเนินการเป็นพิเศษ
C12839,0.0014661428,ต่ำ,1,ลูกค้าชั้นยอด (Champions),4.0,66.0,189215.47,2866.9010606060606,12.0,1.0,0.015476003409129933,0.0,,ความเสี่ยงมาจากรูปแบบรวมหลายปัจจัย,ไม่ต้องดำเนินการเป็นพิเศษ
C10747,0.0014641136,ต่ำ,1,ลูกค้าชั้นยอด (Champions),2.0,39.0,59393.16,1522.9015384615386,4.0,0.4444444444444444,0.0,0.0,,ความถี่ 90 วันล่าสุดลดลงชัดเจน,ไม่ต้องดำเนินการเป็นพิเศษ
C10174,0.0014589062,ต่ำ,1,ลูกค้าชั้นยอด (Champions),2.0,16.0,28196.48,1762.28,6.0,1.5,0.02083417979242566,0.0,,ความเสี่ยงมาจากรูปแบบรวมหลายปัจจัย,ไม่ต้องดำเนินการเป็นพิเศษ
C11572,0.0014471277,ต่ำ,1,ลูกค้าชั้นยอด (Champions),1.0,44.0,107627.89,2446.088409090909,7.0,0.5384615384615384,0.02071764615322744,0.0,,ความถี่ 90 วันล่าสุดลดลงชัดเจน,ไม่ต้องดำเนินการเป็นพิเศษ
C10059,0.001441371,ต่ำ,1,ลูกค้าชั้นยอด (Champions),1.0,56.0,130778.63,2335.3326785714285,17.0,1.0625,0.025119354803842166,0.0,4.0,ความเสี่ยงมาจากรูปแบบรวมหลายปัจจัย,ไม่ต้องดำเนินการเป็นพิเศษ
C11134,0.0014374274,ต่ำ,1,ลูกค้าชั้นยอด (Champions),5.0,20.0,35996.58,1799.8290000000002,9.0,1.5,0.009765193020602143,0.0,,ความเสี่ยงมาจากรูปแบบรวมหลายปัจจัย,ไม่ต้องดำเนินการเป็นพิเศษ
C10342,0.0014204591,ต่ำ,1,ลูกค้าชั้นยอด (Champions),8.0,46.0,146897.51,3193.424130434783,12.0,1.3333333333333333,0.010395869919216216,0.0,,ความเสี่ยงมาจากรูปแบบรวมหลายปัจจัย,ไม่ต้องดำเนินการเป็นพิเศษ
C10598,0.0014153632,ต่ำ,1,ลูกค้าชั้นยอด (Champions),19.0,86.0,210750.47,2450.5868604651164,13.0,1.0833333333333333,0.008251097180070048,0.0,,ความเสี่ยงมาจากรูปแบบรวมหลายปัจจัย,ไม่ต้องดำเนินการเป็นพิเศษ
C10492,0.0013809234,ต่ำ,1,ลูกค้าชั้นยอด (Champions),6.0,60.0,195335.51,3255.5918333333334,14.0,1.75,0.02267340740986089,0.0,,ความเสี่ยงมาจากรูปแบบรวมหลายปัจจัย,ไม่ต้องดำเนินการเป็นพิเศษ
C11127,0.0013694031,ต่ำ,1,ลูกค้าชั้นยอด (Champions),2.0,41.0,53614.090000000004,1307.6607317073172,8.0,0.8,0.0,0.0,,ความเสี่ยงมาจากรูปแบบรวมหลายปัจจัย,ไม่ต้องดำเนินการเป็นพิเศษ
C10497,0.0013688488,ต่ำ,1,ลูกค้าชั้นยอด (Champions),10.0,62.0,182151.02,2937.9196774193547,9.0,0.6428571428571429,0.018519990316189977,0.0,,ความเสี่ยงมาจากรูปแบบรวมหลายปัจจัย,ไม่ต้องดำเนินการเป็นพิเศษ
C10216,0.0013474636,ต่ำ,1,ลูกค้าชั้นยอด (Champions),0.0,26.0,42776.89,1645.2649999999999,11.0,3.6666666666666665,0.015204660322202052,0.0,,ความเสี่ยงมาจากรูปแบบรวมหลายปัจจัย,ไม่ต้องดำเนินการเป็นพิเศษ
C10236,0.0013457983,ต่ำ,1,ลูกค้าชั้นยอด (Champions),1.0,73.0,174645.37,2392.4023287671234,13.0,0.6190476190476191,0.00569725243496766,0.0,5.0,ความเสี่ยงมาจากรูปแบบรวมหลายปัจจัย,ไม่ต้องดำเนินการเป็นพิเศษ
C10402,0.0013450818,ต่ำ,1,ลูกค้าชั้นยอด (Champions),1.0,78.0,147579.31,1892.0424358974358,11.0,0.5,0.0,0.0,,ความถี่ 90 วันล่าสุดลดลงชัดเจน,ไม่ต้องดำเนินการเป็นพิเศษ
C11566,0.0013409076,ต่ำ,1,ลูกค้าชั้นยอด (Champions),1.0,76.0,187916.76,2472.588947368421,11.0,0.5789473684210527,0.022352471110204712,0.0,,ความถี่ 90 วันล่าสุดลดลงชัดเจน,ไม่ต้องดำเนินการเป็นพิเศษ
C10970,0.0013315888,ต่ำ,1,ลูกค้าชั้นยอด (Champions),0.0,55.0,142430.84,2589.6516363636365,12.0,1.0,0.031795240754117146,0.0,3.0,ความเสี่ยงมาจากรูปแบบรวมหลายปัจจัย,ไม่ต้องดำเนินการเป็นพิเศษ
C12359,0.0013287182,ต่ำ,0,ลูกค้าคุณค่าสูงที่กำลังห่างหาย (At-Risk High-Value),2.0,19.0,18861.94,992.7336842105262,7.0,0.875,0.03217507311816922,0.0,5.0,ความเสี่ยงมาจากรูปแบบรวมหลายปัจจัย,ไม่ต้องดำเนินการเป็นพิเศษ
C12608,0.0013076252,ต่ำ,1,ลูกค้าชั้นยอด (Champions),9.0,44.0,136532.53,3103.0120454545454,10.0,1.1111111111111112,0.005756427436565261,0.0,,ความเสี่ยงมาจากรูปแบบรวมหลายปัจจัย,ไม่ต้องดำเนินการเป็นพิเศษ
C10092,0.0012949816,ต่ำ,1,ลูกค้าชั้นยอด (Champions),5.0,35.0,106949.77,3055.7077142857142,7.0,0.7,0.020574033681336323,0.0,,ความเสี่ยงมาจากรูปแบบรวมหลายปัจจัย,ไม่ต้องดำเนินการเป็นพิเศษ
C12741,0.0012841901,ต่ำ,1,ลูกค้าชั้นยอด (Champions),8.0,70.0,172791.84,2468.4548571428572,11.0,0.7857142857142857,0.0318000891032527,0.0,,ความเสี่ยงมาจากรูปแบบรวมหลายปัจจัย,ไม่ต้องดำเนินการเป็นพิเศษ
C12340,0.0012623125,ต่ำ,1,ลูกค้าชั้นยอด (Champions),10.0,21.0,44910.31,2138.5861904761905,7.0,1.1666666666666667,0.02971480596158466,0.0,,ความเสี่ยงมาจากรูปแบบรวมหลายปัจจัย,ไม่ต้องดำเนินการเป็นพิเศษ
C10802,0.0012496142,ต่ำ,1,ลูกค้าชั้นยอด (Champions),1.0,63.0,182994.43,2904.673492063492,8.0,0.8,0.017843166247984973,0.0,,ความเสี่ยงมาจากรูปแบบรวมหลายปัจจัย,ไม่ต้องดำเนินการเป็นพิเศษ
C12681,0.0012467478,ต่ำ,1,ลูกค้าชั้นยอด (Champions),1.0,65.0,96009.95,1477.0761538461538,13.0,0.9285714285714286,0.024265625096864626,0.0,3.0,ความเสี่ยงมาจากรูปแบบรวมหลายปัจจัย,ไม่ต้องดำเนินการเป็นพิเศษ
C11432,0.0012441357,ต่ำ,1,ลูกค้าชั้นยอด (Champions),2.0,34.0,68626.23,2018.4185294117647,9.0,1.5,0.012732607897220723,0.0,,ความเสี่ยงมาจากรูปแบบรวมหลายปัจจัย,ไม่ต้องดำเนินการเป็นพิเศษ
C10734,0.0012394158,ต่ำ,1,ลูกค้าชั้นยอด (Champions),3.0,47.0,115445.08,2456.2782978723403,13.0,1.0,0.024758257300094802,0.0,5.0,ความเสี่ยงมาจากรูปแบบรวมหลายปัจจัย,ไม่ต้องดำเนินการเป็นพิเศษ
C11989,0.001238687,ต่ำ,1,ลูกค้าชั้นยอด (Champions),6.0,54.0,145178.6,2688.4925925925927,10.0,1.25,0.0219776895856057,0.0,,ความเสี่ยงมาจากรูปแบบรวมหลายปัจจัย,ไม่ต้องดำเนินการเป็นพิเศษ
C10936,0.0012313888,ต่ำ,1,ลูกค้าชั้นยอด (Champions),0.0,42.0,63669.63,1515.9435714285714,11.0,3.6666666666666665,0.020161521163833882,0.0,,ความเสี่ยงมาจากรูปแบบรวมหลายปัจจัย,ไม่ต้องดำเนินการเป็นพิเศษ
C12244,0.0012241366,ต่ำ,1,ลูกค้าชั้นยอด (Champions),0.0,25.0,27002.78,1080.1112,8.0,2.0,0.010543950593850687,0.0,,ความเสี่ยงมาจากรูปแบบรวมหลายปัจจัย,ไม่ต้องดำเนินการเป็นพิเศษ
C12131,0.0012156889,ต่ำ,1,ลูกค้าชั้นยอด (Champions),3.0,69.0,213282.11,3091.045072463768,13.0,1.625,0.0,0.0,,ความเสี่ยงมาจากรูปแบบรวมหลายปัจจัย,ไม่ต้องดำเนินการเป็นพิเศษ
C10239,0.0011976138,ต่ำ,1,ลูกค้าชั้นยอด (Champions),0.0,44.0,114378.18,2599.504090909091,11.0,0.8461538461538461,0.012385784242320418,0.0,,ความเสี่ยงมาจากรูปแบบรวมหลายปัจจัย,ไม่ต้องดำเนินการเป็นพิเศษ
C10653,0.0011905205,ต่ำ,1,ลูกค้าชั้นยอด (Champions),2.0,43.0,67030.03,1558.837906976744,9.0,1.125,0.02553708103782944,0.0,,ความเสี่ยงมาจากรูปแบบรวมหลายปัจจัย,ไม่ต้องดำเนินการเป็นพิเศษ
C10871,0.0011886825,ต่ำ,1,ลูกค้าชั้นยอด (Champions),8.0,63.0,187414.54,2974.8339682539686,10.0,1.1111111111111112,0.02824421864426527,0.0,,ความเสี่ยงมาจากรูปแบบรวมหลายปัจจัย,ไม่ต้องดำเนินการเป็นพิเศษ
C10769,0.0011870792,ต่ำ,1,ลูกค้าชั้นยอด (Champions),15.0,53.0,154505.39,2915.196037735849,6.0,0.46153846153846156,0.008969062312183739,0.0,,ความถี่ 90 วันล่าสุดลดลงชัดเจน,ไม่ต้องดำเนินการเป็นพิเศษ
C12958,0.0011792734,ต่ำ,1,ลูกค้าชั้นยอด (Champions),2.0,46.0,136940.53,2976.968043478261,12.0,0.9230769230769231,0.023446325447553873,0.0,3.0,ความเสี่ยงมาจากรูปแบบรวมหลายปัจจัย,ไม่ต้องดำเนินการเป็นพิเศษ
C12459,0.001165249,ต่ำ,1,ลูกค้าชั้นยอด (Champions),16.0,81.0,213325.48,2633.647901234568,9.0,0.6923076923076923,0.009019217156441335,0.0,5.0,ความเสี่ยงมาจากรูปแบบรวมหลายปัจจัย,ไม่ต้องดำเนินการเป็นพิเศษ
C11444,0.0011300936,ต่ำ,1,ลูกค้าชั้นยอด (Champions),1.0,47.0,74859.44,1592.7540425531915,11.0,1.1,0.003235315186914084,0.0,,ความเสี่ยงมาจากรูปแบบรวมหลายปัจจัย,ไม่ต้องดำเนินการเป็นพิเศษ
C11365,0.0010941327,ต่ำ,0,ลูกค้าคุณค่าสูงที่กำลังห่างหาย (At-Risk High-Value),1.0,29.0,35931.41,1239.0141379310346,10.0,2.5,0.020443920774933948,0.0,,ความเสี่ยงมาจากรูปแบบรวมหลายปัจจัย,ไม่ต้องดำเนินการเป็นพิเศษ
C10619,0.0010927838,ต่ำ,1,ลูกค้าชั้นยอด (Champions),2.0,52.0,95068.76000000001,1828.2453846153849,7.0,0.4666666666666667,0.005259105811802655,1.0,3.0,ความถี่ 90 วันล่าสุดลดลงชัดเจน · มีเรื่องร้องเรียนค้าง 1 เรื่อง,ไม่ต้องดำเนินการเป็นพิเศษ
C12501,0.0010809565,ต่ำ,1,ลูกค้าชั้นยอด (Champions),1.0,22.0,38562.36,1752.8345454545454,8.0,2.0,0.006046096946330547,0.0,,ความเสี่ยงมาจากรูปแบบรวมหลายปัจจัย,ไม่ต้องดำเนินการเป็นพิเศษ
C11217,0.001056319,ต่ำ,1,ลูกค้าชั้นยอด (Champions),0.0,35.0,52102.12,1488.632,6.0,2.0,0.015940547851390784,0.0,,ความเสี่ยงมาจากรูปแบบรวมหลายปัจจัย,ไม่ต้องดำเนินการเป็นพิเศษ
C12175,0.0010483454,ต่ำ,1,ลูกค้าชั้นยอด (Champions),1.0,52.0,81654.09,1570.2709615384615,11.0,0.8461538461538461,0.006802665649475949,0.0,,ความเสี่ยงมาจากรูปแบบรวมหลายปัจจัย,ไม่ต้องดำเนินการเป็นพิเศษ
C11832,0.0010364604,ต่ำ,1,ลูกค้าชั้นยอด (Champions),3.0,69.0,175869.34,2548.8310144927536,9.0,1.0,0.01984586883296014,0.0,,ความเสี่ยงมาจากรูปแบบรวมหลายปัจจัย,ไม่ต้องดำเนินการเป็นพิเศษ
C12922,0.0010305209,ต่ำ,1,ลูกค้าชั้นยอด (Champions),0.0,47.0,131895.61,2806.289574468085,11.0,1.0,0.016048125278027875,0.0,2.0,คะแนนความพึงพอใจต่ำ (2.0/5),ไม่ต้องดำเนินการเป็นพิเศษ
C11839,0.001024423,ต่ำ,1,ลูกค้าชั้นยอด (Champions),0.0,67.0,185643.16,2770.793432835821,21.0,1.9090909090909092,0.006372137701717501,0.0,3.0,ความเสี่ยงมาจากรูปแบบรวมหลายปัจจัย,ไม่ต้องดำเนินการเป็นพิเศษ
C12043,0.0010215027,ต่ำ,1,ลูกค้าชั้นยอด (Champions),0.0,32.0,50379.21,1574.3503125,10.0,1.6666666666666667,0.014497366213670024,0.0,,ความเสี่ยงมาจากรูปแบบรวมหลายปัจจัย,ไม่ต้องดำเนินการเป็นพิเศษ
C11301,0.0009889262,ต่ำ,1,ลูกค้าชั้นยอด (Champions),2.0,69.0,241774.01,3503.97115942029,19.0,1.7272727272727273,0.004088044291128366,0.0,,ความเสี่ยงมาจากรูปแบบรวมหลายปัจจัย,ไม่ต้องดำเนินการเป็นพิเศษ
C10230,0.0009859509,ต่ำ,1,ลูกค้าชั้นยอด (Champions),2.0,23.0,34040.74,1480.0321739130434,9.0,1.8,0.027987581126579023,0.0,,ความเสี่ยงมาจากรูปแบบรวมหลายปัจจัย,ไม่ต้องดำเนินการเป็นพิเศษ
C10692,0.0009779731,ต่ำ,1,ลูกค้าชั้นยอด (Champions),1.0,85.0,260055.82,3059.480235294118,10.0,0.7692307692307693,0.0240278917991843,1.0,3.0,มีเรื่องร้องเรียนค้าง 1 เรื่อง,ไม่ต้องดำเนินการเป็นพิเศษ
C11627,0.00097255036,ต่ำ,1,ลูกค้าชั้นยอด (Champions),1.0,75.0,198079.33,2641.057733333333,18.0,2.5714285714285716,0.0,0.0,,ความเสี่ยงมาจากรูปแบบรวมหลายปัจจัย,ไม่ต้องดำเนินการเป็นพิเศษ
C10846,0.0009614341,ต่ำ,1,ลูกค้าชั้นยอด (Champions),2.0,83.0,240693.96,2899.9272289156625,6.0,0.5,0.03466246308503951,0.0,,ความถี่ 90 วันล่าสุดลดลงชัดเจน,ไม่ต้องดำเนินการเป็นพิเศษ
C10127,0.0009542702,ต่ำ,1,ลูกค้าชั้นยอด (Champions),1.0,67.0,218962.17,3268.092089552239,10.0,0.625,0.0,0.0,,ความเสี่ยงมาจากรูปแบบรวมหลายปัจจัย,ไม่ต้องดำเนินการเป็นพิเศษ
C12312,0.0009383891,ต่ำ,1,ลูกค้าชั้นยอด (Champions),14.0,46.0,102778.38,2234.312608695652,8.0,0.6153846153846154,0.0,0.0,,ความเสี่ยงมาจากรูปแบบรวมหลายปัจจัย,ไม่ต้องดำเนินการเป็นพิเศษ
C12901,0.0009312672,ต่ำ,1,ลูกค้าชั้นยอด (Champions),4.0,19.0,37198.27,1957.8036842105262,8.0,1.1428571428571428,0.0,0.0,,ความเสี่ยงมาจากรูปแบบรวมหลายปัจจัย,ไม่ต้องดำเนินการเป็นพิเศษ
C10386,0.0009112127,ต่ำ,1,ลูกค้าชั้นยอด (Champions),2.0,67.0,206147.39,3076.8267164179106,10.0,0.8333333333333334,0.023791194082570175,1.0,4.0,มีเรื่องร้องเรียนค้าง 1 เรื่อง,ไม่ต้องดำเนินการเป็นพิเศษ
C12269,0.00090724835,ต่ำ,1,ลูกค้าชั้นยอด (Champions),6.0,26.0,52786.479999999996,2030.2492307692305,6.0,0.8571428571428571,0.021435495433400988,0.0,,ความเสี่ยงมาจากรูปแบบรวมหลายปัจจัย,ไม่ต้องดำเนินการเป็นพิเศษ
C10824,0.0009045541,ต่ำ,1,ลูกค้าชั้นยอด (Champions),1.0,92.0,328073.77,3566.019239130435,20.0,1.8181818181818181,0.009643421090087301,0.0,,ความเสี่ยงมาจากรูปแบบรวมหลายปัจจัย,ไม่ต้องดำเนินการเป็นพิเศษ
C11231,0.0008954565,ต่ำ,1,ลูกค้าชั้นยอด (Champions),0.0,73.0,188068.16,2576.2761643835615,5.0,0.35714285714285715,0.023236976651255674,0.0,4.0,ความถี่ 90 วันล่าสุดลดลงชัดเจน,ไม่ต้องดำเนินการเป็นพิเศษ
C10946,0.00088154903,ต่ำ,1,ลูกค้าชั้นยอด (Champions),1.0,71.0,182098.9,2564.77323943662,14.0,1.0,0.0,1.0,4.0,มีเรื่องร้องเรียนค้าง 1 เรื่อง,ไม่ต้องดำเนินการเป็นพิเศษ
C11892,0.00088060123,ต่ำ,1,ลูกค้าชั้นยอด (Champions),2.0,36.0,113826.39,3161.8441666666668,5.0,0.5555555555555556,0.01475107155602685,0.0,3.0,ความถี่ 90 วันล่าสุดลดลงชัดเจน,ไม่ต้องดำเนินการเป็นพิเศษ
C10806,0.00086543366,ต่ำ,1,ลูกค้าชั้นยอด (Champions),10.0,54.0,176050.58000000002,3260.195925925926,13.0,1.0833333333333333,0.0217386677786006,0.0,,ความเสี่ยงมาจากรูปแบบรวมหลายปัจจัย,ไม่ต้องดำเนินการเป็นพิเศษ
C11041,0.0008345274,ต่ำ,1,ลูกค้าชั้นยอด (Champions),3.0,24.0,32330.5,1347.1041666666667,7.0,0.7,0.0032301257242501762,0.0,,ความเสี่ยงมาจากรูปแบบรวมหลายปัจจัย,ไม่ต้องดำเนินการเป็นพิเศษ
C11343,0.00080711354,ต่ำ,1,ลูกค้าชั้นยอด (Champions),2.0,68.0,190188.53,2796.8901470588235,13.0,1.1818181818181819,0.012560448625722628,0.0,,ความเสี่ยงมาจากรูปแบบรวมหลายปัจจัย,ไม่ต้องดำเนินการเป็นพิเศษ
C11094,0.0008039136,ต่ำ,0,ลูกค้าคุณค่าสูงที่กำลังห่างหาย (At-Risk High-Value),1.0,18.0,25781.47,1432.3038888888889,7.0,1.75,0.019692859679581797,0.0,,ความเสี่ยงมาจากรูปแบบรวมหลายปัจจัย,ไม่ต้องดำเนินการเป็นพิเศษ
C11369,0.0007987113,ต่ำ,1,ลูกค้าชั้นยอด (Champions),1.0,66.0,175099.86,2653.0281818181816,12.0,0.8571428571428571,0.023950740633013324,0.0,,ความเสี่ยงมาจากรูปแบบรวมหลายปัจจัย,ไม่ต้องดำเนินการเป็นพิเศษ
C11013,0.00077749236,ต่ำ,1,ลูกค้าชั้นยอด (Champions),4.0,51.0,137548.81,2697.035490196078,13.0,1.625,0.022987030440166086,0.0,4.0,ความเสี่ยงมาจากรูปแบบรวมหลายปัจจัย,ไม่ต้องดำเนินการเป็นพิเศษ
C11421,0.00076847523,ต่ำ,1,ลูกค้าชั้นยอด (Champions),0.0,67.0,282664.33,4218.870597014926,11.0,0.6111111111111112,0.0,0.0,,ความเสี่ยงมาจากรูปแบบรวมหลายปัจจัย,ไม่ต้องดำเนินการเป็นพิเศษ
C10132,0.00076502835,ต่ำ,1,ลูกค้าชั้นยอด (Champions),4.0,26.0,45725.770000000004,1758.6834615384616,8.0,1.6,0.03524640731601103,0.0,,ความเสี่ยงมาจากรูปแบบรวมหลายปัจจัย,ไม่ต้องดำเนินการเป็นพิเศษ
C11463,0.00076449383,ต่ำ,1,ลูกค้าชั้นยอด (Champions),0.0,76.0,252028.09,3316.1590789473685,11.0,0.7857142857142857,0.0006562418973456066,0.0,,ความเสี่ยงมาจากรูปแบบรวมหลายปัจจัย,ไม่ต้องดำเนินการเป็นพิเศษ
C12421,0.0007609911,ต่ำ,1,ลูกค้าชั้นยอด (Champions),1.0,49.0,63357.35,1293.0071428571428,13.0,1.1818181818181819,0.0,0.0,4.0,ความเสี่ยงมาจากรูปแบบรวมหลายปัจจัย,ไม่ต้องดำเนินการเป็นพิเศษ
C12084,0.0007285015,ต่ำ,1,ลูกค้าชั้นยอด (Champions),0.0,55.0,159981.7,2908.758181818182,8.0,0.6153846153846154,0.03147192424469174,0.0,4.0,ความเสี่ยงมาจากรูปแบบรวมหลายปัจจัย,ไม่ต้องดำเนินการเป็นพิเศษ
C10018,0.00072589616,ต่ำ,1,ลูกค้าชั้นยอด (Champions),1.0,91.0,239675.1,2633.7923076923075,11.0,0.7857142857142857,0.023165766509592088,0.0,,ความเสี่ยงมาจากรูปแบบรวมหลายปัจจัย,ไม่ต้องดำเนินการเป็นพิเศษ
C11501,0.0007237559,ต่ำ,1,ลูกค้าชั้นยอด (Champions),1.0,66.0,228925.63999999998,3468.570303030303,11.0,0.8461538461538461,0.013276049698076461,0.0,,ความเสี่ยงมาจากรูปแบบรวมหลายปัจจัย,ไม่ต้องดำเนินการเป็นพิเศษ
C11870,0.0007139566,ต่ำ,1,ลูกค้าชั้นยอด (Champions),1.0,57.0,163042.25,2860.3903508771928,14.0,1.75,0.014570364894046018,0.0,,ความเสี่ยงมาจากรูปแบบรวมหลายปัจจัย,ไม่ต้องดำเนินการเป็นพิเศษ
C11953,0.0007085172,ต่ำ,1,ลูกค้าชั้นยอด (Champions),2.0,71.0,183858.85,2589.561267605634,12.0,1.0,0.034204888416243175,0.0,3.0,ความเสี่ยงมาจากรูปแบบรวมหลายปัจจัย,ไม่ต้องดำเนินการเป็นพิเศษ
C12766,0.0006978615,ต่ำ,1,ลูกค้าชั้นยอด (Champions),0.0,46.0,133005.63999999998,2891.4269565217387,7.0,1.0,0.00810049231179971,0.0,,ความเสี่ยงมาจากรูปแบบรวมหลายปัจจัย,ไม่ต้องดำเนินการเป็นพิเศษ
C10299,0.0006780502,ต่ำ,1,ลูกค้าชั้นยอด (Champions),0.0,66.0,165729.43,2511.0519696969695,13.0,1.0833333333333333,0.0013078916351760904,0.0,4.0,ความเสี่ยงมาจากรูปแบบรวมหลายปัจจัย,ไม่ต้องดำเนินการเป็นพิเศษ
C11008,0.0006747208,ต่ำ,1,ลูกค้าชั้นยอด (Champions),0.0,61.0,222035.65,3639.92868852459,17.0,2.125,0.00464933441680628,0.0,,ความเสี่ยงมาจากรูปแบบรวมหลายปัจจัย,ไม่ต้องดำเนินการเป็นพิเศษ
C10111,0.0006693495,ต่ำ,1,ลูกค้าชั้นยอด (Champions),0.0,67.0,236100.34,3523.885671641791,14.0,0.8235294117647058,0.0,0.0,,ความเสี่ยงมาจากรูปแบบรวมหลายปัจจัย,ไม่ต้องดำเนินการเป็นพิเศษ
C10058,0.0006597869,ต่ำ,1,ลูกค้าชั้นยอด (Champions),2.0,30.0,61660.94,2055.364666666667,6.0,3.0,0.01610540372651977,0.0,,ความเสี่ยงมาจากรูปแบบรวมหลายปัจจัย,ไม่ต้องดำเนินการเป็นพิเศษ
C12509,0.0006561599,ต่ำ,1,ลูกค้าชั้นยอด (Champions),1.0,22.0,39675.020000000004,1803.41,9.0,2.25,0.03583859642471878,0.0,5.0,ความเสี่ยงมาจากรูปแบบรวมหลายปัจจัย,ไม่ต้องดำเนินการเป็นพิเศษ
C11649,0.0006556654,ต่ำ,0,ลูกค้าคุณค่าสูงที่กำลังห่างหาย (At-Risk High-Value),2.0,32.0,38503.18,1203.224375,9.0,0.8181818181818182,0.014467951353036546,0.0,,ความเสี่ยงมาจากรูปแบบรวมหลายปัจจัย,ไม่ต้องดำเนินการเป็นพิเศษ
C12953,0.000651082,ต่ำ,1,ลูกค้าชั้นยอด (Champions),1.0,61.0,193896.43,3178.63,11.0,0.8461538461538461,0.024115314549933476,0.0,4.0,ความเสี่ยงมาจากรูปแบบรวมหลายปัจจัย,ไม่ต้องดำเนินการเป็นพิเศษ
C11398,0.0006358299,ต่ำ,1,ลูกค้าชั้นยอด (Champions),5.0,19.0,41183.31,2167.5426315789473,7.0,1.0,0.008199398031682088,0.0,,ความเสี่ยงมาจากรูปแบบรวมหลายปัจจัย,ไม่ต้องดำเนินการเป็นพิเศษ
C10803,0.0006320354,ต่ำ,1,ลูกค้าชั้นยอด (Champions),1.0,72.0,224301.08000000002,3115.292777777778,8.0,0.6666666666666666,0.014225410360208125,0.0,,ความเสี่ยงมาจากรูปแบบรวมหลายปัจจัย,ไม่ต้องดำเนินการเป็นพิเศษ
C10990,0.0006273671,ต่ำ,1,ลูกค้าชั้นยอด (Champions),2.0,47.0,139553.59,2969.2253191489363,10.0,0.8333333333333334,0.014712703828492829,0.0,,ความเสี่ยงมาจากรูปแบบรวมหลายปัจจัย,ไม่ต้องดำเนินการเป็นพิเศษ
C10510,0.00062105,ต่ำ,1,ลูกค้าชั้นยอด (Champions),2.0,59.0,203511.21,3449.3425423728813,13.0,1.3,0.0025571359920052127,0.0,4.0,ความเสี่ยงมาจากรูปแบบรวมหลายปัจจัย,ไม่ต้องดำเนินการเป็นพิเศษ
C12044,0.0006065429,ต่ำ,1,ลูกค้าชั้นยอด (Champions),3.0,30.0,58669.56,1955.6519999999998,4.0,0.4,0.027930917131773262,0.0,,ความถี่ 90 วันล่าสุดลดลงชัดเจน,ไม่ต้องดำเนินการเป็นพิเศษ
C10156,0.000603069,ต่ำ,1,ลูกค้าชั้นยอด (Champions),1.0,65.0,152658.13,2348.5866153846155,16.0,1.6,0.0,0.0,,ความเสี่ยงมาจากรูปแบบรวมหลายปัจจัย,ไม่ต้องดำเนินการเป็นพิเศษ
C11109,0.0005962396,ต่ำ,1,ลูกค้าชั้นยอด (Champions),2.0,73.0,216085.07,2960.0694520547945,11.0,1.0,0.011332803110000967,0.0,,ความเสี่ยงมาจากรูปแบบรวมหลายปัจจัย,ไม่ต้องดำเนินการเป็นพิเศษ
C10238,0.0005743938,ต่ำ,1,ลูกค้าชั้นยอด (Champions),0.0,73.0,216535.39,2966.2382191780825,13.0,1.3,0.01594289166070421,0.0,,ความเสี่ยงมาจากรูปแบบรวมหลายปัจจัย,ไม่ต้องดำเนินการเป็นพิเศษ
C12568,0.00057365163,ต่ำ,1,ลูกค้าชั้นยอด (Champions),0.0,57.0,158801.41,2785.989649122807,19.0,1.5833333333333333,0.005712033469890184,0.0,,ความเสี่ยงมาจากรูปแบบรวมหลายปัจจัย,ไม่ต้องดำเนินการเป็นพิเศษ
C10103,0.0005666242,ต่ำ,1,ลูกค้าชั้นยอด (Champions),1.0,99.0,239938.58,2423.62202020202,11.0,0.7333333333333333,0.016807350426825084,0.0,4.0,ความเสี่ยงมาจากรูปแบบรวมหลายปัจจัย,ไม่ต้องดำเนินการเป็นพิเศษ
C12587,0.00055777375,ต่ำ,1,ลูกค้าชั้นยอด (Champions),1.0,59.0,157566.05,2670.611016949152,13.0,0.9285714285714286,0.02093512763673589,0.0,,ความเสี่ยงมาจากรูปแบบรวมหลายปัจจัย,ไม่ต้องดำเนินการเป็นพิเศษ
C12006,0.00055375445,ต่ำ,1,ลูกค้าชั้นยอด (Champions),0.0,52.0,166209.31,3196.3328846153845,13.0,1.8571428571428572,0.02284584263596262,0.0,,ความเสี่ยงมาจากรูปแบบรวมหลายปัจจัย,ไม่ต้องดำเนินการเป็นพิเศษ
C12126,0.0005515992,ต่ำ,1,ลูกค้าชั้นยอด (Champions),2.0,70.0,248834.82,3554.783142857143,10.0,0.7142857142857143,0.019261716192143258,0.0,,ความเสี่ยงมาจากรูปแบบรวมหลายปัจจัย,ไม่ต้องดำเนินการเป็นพิเศษ
C11943,0.0005431833,ต่ำ,1,ลูกค้าชั้นยอด (Champions),2.0,59.0,181212.2,3071.393220338983,10.0,0.7692307692307693,0.0038909949727916194,0.0,,ความเสี่ยงมาจากรูปแบบรวมหลายปัจจัย,ไม่ต้องดำเนินการเป็นพิเศษ
C11339,0.00053216156,ต่ำ,1,ลูกค้าชั้นยอด (Champions),1.0,99.0,235595.13,2379.748787878788,13.0,1.625,0.01296292199849478,0.0,3.0,ความเสี่ยงมาจากรูปแบบรวมหลายปัจจัย,ไม่ต้องดำเนินการเป็นพิเศษ
C10805,0.00052233035,ต่ำ,1,ลูกค้าชั้นยอด (Champions),1.0,74.0,210022.4,2838.1405405405403,13.0,0.7222222222222222,0.022390502075080684,0.0,,ความเสี่ยงมาจากรูปแบบรวมหลายปัจจัย,ไม่ต้องดำเนินการเป็นพิเศษ
C10023,0.0005213448,ต่ำ,1,ลูกค้าชั้นยอด (Champions),1.0,46.0,105212.12,2287.22,13.0,1.0833333333333333,0.040472616765681764,0.0,,ความเสี่ยงมาจากรูปแบบรวมหลายปัจจัย,ไม่ต้องดำเนินการเป็นพิเศษ
C12030,0.00051070045,ต่ำ,1,ลูกค้าชั้นยอด (Champions),1.0,42.0,120456.32,2868.0076190476193,11.0,0.7857142857142857,0.029243502437845025,0.0,,ความเสี่ยงมาจากรูปแบบรวมหลายปัจจัย,ไม่ต้องดำเนินการเป็นพิเศษ
C10204,0.0005017715,ต่ำ,1,ลูกค้าชั้นยอด (Champions),1.0,64.0,194508.7,3039.1984375,10.0,1.0,0.01113533820022785,0.0,,ความเสี่ยงมาจากรูปแบบรวมหลายปัจจัย,ไม่ต้องดำเนินการเป็นพิเศษ
C10813,0.000492013,ต่ำ,1,ลูกค้าชั้นยอด (Champions),1.0,57.0,135280.82,2373.347719298246,17.0,1.8888888888888888,0.0194530976265951,0.0,,ความเสี่ยงมาจากรูปแบบรวมหลายปัจจัย,ไม่ต้องดำเนินการเป็นพิเศษ
C12758,0.00048557893,ต่ำ,1,ลูกค้าชั้นยอด (Champions),0.0,63.0,204630.66,3248.1057142857144,14.0,1.1666666666666667,0.0,0.0,,ความเสี่ยงมาจากรูปแบบรวมหลายปัจจัย,ไม่ต้องดำเนินการเป็นพิเศษ
C11927,0.00048211066,ต่ำ,1,ลูกค้าชั้นยอด (Champions),1.0,70.0,198045.62,2829.2231428571426,9.0,0.5625,0.0,0.0,,ความถี่ 90 วันล่าสุดลดลงชัดเจน,ไม่ต้องดำเนินการเป็นพิเศษ
C10290,0.00045616893,ต่ำ,1,ลูกค้าชั้นยอด (Champions),1.0,56.0,138381.02,2471.0896428571427,15.0,1.5,0.021035484690686845,1.0,3.0,มีเรื่องร้องเรียนค้าง 1 เรื่อง,ไม่ต้องดำเนินการเป็นพิเศษ
C11475,0.00045286832,ต่ำ,1,ลูกค้าชั้นยอด (Champions),0.0,80.0,225625.52,2820.319,13.0,0.8666666666666667,0.003973062284549662,0.0,,ความเสี่ยงมาจากรูปแบบรวมหลายปัจจัย,ไม่ต้องดำเนินการเป็นพิเศษ
C10187,0.00044388944,ต่ำ,1,ลูกค้าชั้นยอด (Champions),1.0,66.0,209908.62,3180.433636363636,12.0,1.2,0.024049564901595547,0.0,,ความเสี่ยงมาจากรูปแบบรวมหลายปัจจัย,ไม่ต้องดำเนินการเป็นพิเศษ
C11880,0.00043463858,ต่ำ,1,ลูกค้าชั้นยอด (Champions),0.0,61.0,157319.72,2579.0118032786886,12.0,1.2,0.0007896773488740922,0.0,3.0,ความเสี่ยงมาจากรูปแบบรวมหลายปัจจัย,ไม่ต้องดำเนินการเป็นพิเศษ
C11294,0.00040113367,ต่ำ,1,ลูกค้าชั้นยอด (Champions),0.0,54.0,152233.81,2819.1446296296294,14.0,1.5555555555555556,0.012034793312896124,0.0,,ความเสี่ยงมาจากรูปแบบรวมหลายปัจจัย,ไม่ต้องดำเนินการเป็นพิเศษ
C12900,0.00036200118,ต่ำ,1,ลูกค้าชั้นยอด (Champions),1.0,60.0,153180.62,2553.010333333333,13.0,1.3,0.011136834274356968,0.0,,ความเสี่ยงมาจากรูปแบบรวมหลายปัจจัย,ไม่ต้องดำเนินการเป็นพิเศษ
C10192,0.00033587407,ต่ำ,1,ลูกค้าชั้นยอด (Champions),0.0,43.0,133917.67,3114.3644186046513,6.0,0.75,0.0,0.0,5.0,ความเสี่ยงมาจากรูปแบบรวมหลายปัจจัย,ไม่ต้องดำเนินการเป็นพิเศษ
